chave_elemento_item,ano,elemento_item_cod,elemento_item_desc
2008|0,2008,0,SEM INFORMACAO
2008|101,2008,101,PROVENTOS DE APOSENTADOS
2008|102,2008,102,ENCARGOS SOCIAIS DE APOSENTADOS
2008|103,2008,103,PROVENTOS DE MILITARES INATIVOS
2008|104,2008,104,ENCARGOS SOCIAIS DE MILITARES INATIVOS
2008|105,2008,105,APOSENTADORIA IPSEMG - LEI N  1.195 DE 23/12/1954
2008|106,2008,106,OBRIGACAO PATRONAL - INATIVO CIVIL
2008|301,2008,301,PENSAO ACIDENTARIA LEI N.  9.683/88 E LEI DELEGADA N  037/89
2008|302,2008,302,PENSAO ESPECIAL LEI N.  552/49
2008|303,2008,303,PENSAO ESPECIFICA DOS INSTITUTOS DE PREVIDENCIA
2008|304,2008,304,CONTRIBUICAO PATRONAL
2008|305,2008,305,PENSOES DECORRENTES DE SENTENCA JUDICIAIS
2008|399,2008,399,OUTRAS PENSOES
2008|401,2008,401,CONTRATACAO POR TEMPO DETERMINADO
2008|501,2008,501,AUXILIO-RECLUSAO
2008|502,2008,502,AUXILIO-NATALIDADE
2008|503,2008,503,AUXILIO-FUNERAL
2008|504,2008,504,AUXILIO-DOENCA
2008|505,2008,505,PECULIO E SEGURO COLETIVO
2008|599,2008,599,AUXILIOS DIVERSOS
2008|701,2008,701,CONTRIBUICAO A ENTIDADES FECHADAS DE PREVIDENCIA
2008|801,2008,801,AUXILIO-DOENCA
2008|802,2008,802,AUXILIO-FUNERAL
2008|803,2008,803,AUXILIO-CRECHE
2008|804,2008,804,INDENIZACAO SECURITARIA
2008|805,2008,805,AUXILIO-NATALIDADE
2008|899,2008,899,AUXILIOS DIVERSOS
2008|901,2008,901,SALARIO / ABONO-FAMILIA
2008|1100,2008,1100,VENCIMENTOS E VANTAGENS FIXAS - PESSOAL CIVIL
2008|1101,2008,1101,VENCIMENTOS
2008|1102,2008,1102,DESIGNADOS DO MAGISTERIO
2008|1103,2008,1103,ADICIONAL POR TEMPO DE SERVICO
2008|1104,2008,1104,GRATIFICACAO DE ENSINO ESPECIAL
2008|1105,2008,1105,GRATIFICACAO DE REGIME ESPECIAL DE TRABALHO
2008|1106,2008,1106,GRATIFICACAO DE COORDENADOR DE ESCOLA
2008|1107,2008,1107,GRATIFICACAO DE INCENTIVO A DOCENCIA
2008|1108,2008,1108,VERBA DE REPRESENTACAO
2008|1109,2008,1109,GRATIFICACAO DE RISCO DE CONTAGIO E RAIO X
2008|1112,2008,1112,GRATIFICACAO DE ESTIMULO A PRODUCAO INDIVIDUAL - GEPI
2008|1113,2008,1113,GRATIFICACAO DE EXERCICIO DO PODER JUDICIARIO
2008|1117,2008,1117,GRATIFICACAO DE CARGO EM COMISSAO
2008|1118,2008,1118,GRATIFICACAO POR PLANTAO
2008|1119,2008,1119,VANTAGEM PESSOAL
2008|1120,2008,1120,SUBSIDIOS VARIAVEIS
2008|1121,2008,1121,ABONO DE FERIAS
2008|1122,2008,1122,GRATIFICACAO DE NATAL
2008|1123,2008,1123,"GRATIFICACAO DE RISCO DE VIDA, SAUDE E CONTAGIO"
2008|1127,2008,1127,GRATIFICACAO DE INCENTIVO AO MERITO FUNCIONAL
2008|1128,2008,1128,GRATIFICACAO DE FUNCAO DE AGENTES DE SEGURANCA
2008|1129,2008,1129,GRATIFICACAO DE ASSESSORAMENTO
2008|1130,2008,1130,GRATIFICACAO ESPECIAL-GABINETE MILITAR
2008|1131,2008,1131,GRATIFICACAO DE SAUDE
2008|1132,2008,1132,GRATIFICACAO PRO-LABORE
2008|1133,2008,1133,GRATIFICACAO DE INCENTIVO A EFICIENTIZACAO DOS SERVICOS - GIEFS
2008|1134,2008,1134,HONORARIOS
2008|1135,2008,1135,GRATIFICACAO DE DEDICACAO EXCLUSIVA
2008|1137,2008,1137,PARCELA REMUNERATORIA COMPLEMENTAR-PRC
2008|1139,2008,1139,ADICIONAL DE LOCAL DE TRABALHO
2008|1140,2008,1140,GRATIFICACAO DE FUNCAO
2008|1141,2008,1141,GRATIFICACAO POR CURSO
2008|1142,2008,1142,GRATIFICACAO POR FUNCAO DE COORDENACAO DE ENSINO
2008|1143,2008,1143,GRATIFICACAO DE ORGAO DE DELIBERACAO COLETIVA
2008|1144,2008,1144,ABONO DE PERMANENCIA
2008|1145,2008,1145,VANTAGEM TEMPORARIA INCORPORAVEL
2008|1146,2008,1146,GRATIFICACAO DE DESEMPENHO DE PRODUTIVIDADE INDIVIDUAL E INSTITUCIONAL
2008|1147,2008,1147,GRATIFICACAO DE ESCOLARIDADE DESEMPENHO E PROD INDIVID E INSTITUCIONAL
2008|1199,2008,1199,OUTROS
2008|1201,2008,1201,REMUNERACAO BASICA
2008|1202,2008,1202,ADICIONAL POR TEMPO DE SERVICO
2008|1203,2008,1203,GRATIFICACOES ESPECIAIS
2008|1204,2008,1204,FERIAS-PREMIO
2008|1205,2008,1205,ABONO DE FERIAS
2008|1206,2008,1206,SUBSTITUICAO TEMPORARIA
2008|1207,2008,1207,GRATIFICACAO DE NATAL
2008|1208,2008,1208,ADICIONAL DE DESEMPENHO - PESSOAL MILITAR
2008|1299,2008,1299,OUTRAS
2008|1300,2008,1300,OBRIGACOES PATRONAIS
2008|1301,2008,1301,OBRIGACAO PATRONAL - PESSOAL CIVIL
2008|1302,2008,1302,OBRIGACAO PATRONAL - PESSOAL MILITAR
2008|1304,2008,1304,INSS
2008|1400,2008,1400,DIARIAS - CIVIL
2008|1401,2008,1401,DIARIAS - CIVIL
2008|1501,2008,1501,DIARIAS - MILITAR
2008|1601,2008,1601,SERVICO EXTRAORDINARIO
2008|1602,2008,1602,SUBSTITUICAO EM CARGOS EM COMISSAO
2008|1603,2008,1603,AULAS FACULTATIVAS
2008|1604,2008,1604,GRATIFICACAO POR ENCARGOS EXTRAORDINARIOS
2008|1605,2008,1605,FERIAS-PREMIO
2008|1606,2008,1606,JORNADA COMPLEMENTAR DE TRABALHO
2008|1607,2008,1607,PREMIO DE PRODUTIVIDADE
2008|1701,2008,1701,OUTRAS DESPESAS VARIAVEIS - PESSOAL MILITAR
2008|1702,2008,1702,PREMIO DE PRODUTIVIDADE - PESSOAL MILITAR
2008|1801,2008,1801,AUXILIO FINANCEIRO A ESTUDANTES
2008|1901,2008,1901,AUXILIO-FARDAMENTO
2008|2001,2008,2001,AUXILIO FINANCEIRO A PESQUISADORES
2008|2101,2008,2101,JUROS SOBRE A DIVIDA INTERNA POR CONTRATOS
2008|2102,2008,2102,JUROS SOBRE A DIVIDA EXTERNA POR CONTRATOS
2008|2103,2008,2103,JUROS DE OUTRAS DIVIDAS RENEGOCIADAS
2008|2201,2008,2201,OUTROS ENCARGOS SOBRE A DIVIDA INTERNA POR CONTRATOS
2008|2202,2008,2202,OUTROS ENCARGOS SOBRE A DIVIDA EXTERNA POR CONTRATOS
2008|2701,2008,2701,"ENCARGOS PELA HONRA DE AVAIS, GARANTIAS, SEGUROS E SIMILARES"
2008|3000,2008,3000,MATERIAL DE CONSUMO
2008|3001,2008,3001,"ARTIGOS PARA CONFECCAO, VESTUARIO, CAMA, MESA, BANHO E COZINHA"
2008|3002,2008,3002,ARTIGOS PARA ESPORTE
2008|3003,2008,3003,UTENSILIOS PARA REFEITORIO E COZINHA
2008|3004,2008,3004,MATERIAL GRAFICO E IMPRESSOS
2008|3005,2008,3005,MATERIAL PARA ESCRITORIO
2008|3006,2008,3006,MATERIAL DE DESENHO
2008|3007,2008,3007,MATERIAL DE ENSINO
2008|3008,2008,3008,PRODUTOS ALIMENTICIOS
2008|3009,2008,3009,FORRAGENS E OUTROS ALIMENTOS PARA ANIMAIS
2008|3010,2008,3010,MATERIAL MEDICO E HOSPITALAR
2008|3011,2008,3011,MATERIAL ODONTOLOGICO
2008|3012,2008,3012,MEDICAMENTOS
2008|3013,2008,3013,MATERIAIS DE LABORATORIO E PRODUTOS QUIMICOS EM GERAL
2008|3014,2008,3014,MATERIAL RADIOLOGICO
2008|3015,2008,3015,"MATERIAL FOTOGRAFICO, CINEMATOGRAFICO E DE COMUNICACAO"
2008|3016,2008,3016,MATERIAL DE INFORMATICA
2008|3017,2008,3017,ARTIGOS PARA LIMPEZA E HIGIENE
2008|3018,2008,3018,MATERIA-PRIMA E PROD. P/ MANIPULACAO E INDUSTRIAS DE TRANSFORMACAO
2008|3019,2008,3019,MATERIAL P/ MANUT. E REPAROS DE IMOVEIS DE PROPRIEDADE DA ADM. PUBLICA
2008|3020,2008,3020,MATERIAL ELETRICO
2008|3021,2008,3021,MATERIAL P/ MANUT. E REPAROS DE BENS DE DOMINIO PUB. OU DE TERCEIROS
2008|3022,2008,3022,"FERRAMENTAS, FERRAGENS E UTENSILIOS"
2008|3023,2008,3023,MATERIAL PARA MANUTENCAO DE VEICULOS AUTOMOTORES
2008|3024,2008,3024,PECAS E ACESSORIOS P/ EQUIP.  E OUTROS MATERIAIS PERMANENTES
2008|3025,2008,3025,"MATERIAL DE SEGURANCA, APETRECHOS OPERACIONAIS E POLICIAIS"
2008|3026,2008,3026,COMBUSTIVEIS E LUBRIFICANTES PARA VEICULOS AUTOMOTORES
2008|3027,2008,3027,COMBUSTIVEIS E LUBRIFICANTES P/ EQUIP. E OUTROS MAT.  PERMANENTES
2008|3028,2008,3028,"ANIMAIS DESTINADOS A ESTUDOS, A PREPARACAO DE PRODUTOS E AO ABATE"
2008|3029,2008,3029,"SEMENTES, MUDAS DE PLANTAS E INSUMOS"
2008|3030,2008,3030,MATERIAIS PARA ACONDICIONAMENTO E EMBALAGEM
2008|3031,2008,3031,LIVROS TECNICOS
2008|3032,2008,3032,MATERIAL CIVICO E EDUCATIVO
2008|3033,2008,3033,COMBUSTIVEIS E LUBRIFICANTES PARA AERONAVES
2008|3034,2008,3034,PECAS E ACESSORIOS PARA AERONAVES
2008|3035,2008,3035,HORTIFRUTIGRANJEIROS
2008|3036,2008,3036,MATERIAL BIBLIOGRAFICO PARA BIBLIOTECAS PUBLICAS
2008|3037,2008,3037,MEDICAMENTOS - DECISAO JUDICIAL
2008|3038,2008,3038,LEITE - PROGRAMA LEITE PELA VIDA
2008|3099,2008,3099,OUTROS MATERIAIS
2008|3101,2008,3101,"PREMIOS, DIPLOMAS, CONDECORACOES E MEDALHAS"
2008|3102,2008,3102,PREMIOS LOTERICOS
2008|3103,2008,3103,COMISSOES LOTERICAS
2008|3104,2008,3104,PREMIAÇOES
2008|3201,2008,3201,MATERIAL DE DISTRIBUICAO GRATUITA
2008|3300,2008,3300,PASSAGENS E DESPESAS COM LOCOMOCAO
2008|3301,2008,3301,PASSAGENS
2008|3302,2008,3302,"DESPESAS COM TAXI, PASSES E PEDAGIOS"
2008|3303,2008,3303,FRETAMENTO E LOCACAO
2008|3401,2008,3401,OUTRAS DESPESAS DE PESSOAL DECORRENTES DE CONT. DE TERCEIRIZACAO
2008|3402,2008,3402,AGENTES PENITENCIARIOS
2008|3500,2008,3500,SERVICOS DE CONSULTORIA
2008|3501,2008,3501,SERVICOS DE CONSULTORIA - PESSOA FISICA
2008|3502,2008,3502,SERVICOS DE CONSULTORIA - PESSOA JURIDICA
2008|3600,2008,3600,OUTROS SERVICOS DE TERCEIROS - PESSOA FISICA
2008|3601,2008,3601,ESTAGIARIOS
2008|3602,2008,3602,MEDICOS RESIDENTES
2008|3603,2008,3603,SALARIOS DE INTERNOS
2008|3604,2008,3604,DIARIAS A COLABORADORES EVENTUAIS
2008|3605,2008,3605,LOCACAO DE SERVICOS TECNICOS E ESPECIALIZADOS - PESSOA FISICA
2008|3606,2008,3606,FORNECIMENTO DE ALIMENTACAO
2008|3607,2008,3607,CONFECCAO EM GERAL
2008|3608,2008,3608,MEDICOS
2008|3609,2008,3609,DENTISTAS
2008|3610,2008,3610,EVENTUAL DE GABINETE
2008|3611,2008,3611,LOCACAO DE BENS IMOVEIS
2008|3612,2008,3612,DESPESAS MIUDAS DE PRONTO PAGAMENTO
2008|3613,2008,3613,PESSOAL DE ENFERMAGEM
2008|3614,2008,3614,"MONITORES, FISCAIS E EXAMINADORES"
2008|3615,2008,3615,ENCARGOS FINANCEIROS
2008|3616,2008,3616,REPARO E MANUTENCAO DE VEICULOS
2008|3617,2008,3617,"REPAROS DE EQUIPAMENTOS, INSTALACOES E MATERIAL PERMANENTE"
2008|3618,2008,3618,REPAROS DE BENS IMOVEIS
2008|3619,2008,3619,CONFERENCIAS E EXPOSICOES
2008|3620,2008,3620,JETONS A CONSELHEIROS
2008|3621,2008,3621,ADVOGADOS DATIVOS
2008|3699,2008,3699,OUTRAS DESPESAS PAGAS A PESSOAS FISICAS
2008|3700,2008,3700,LOCACAO DE MAO-DE-OBRA
2008|3701,2008,3701,LOCACAO DE SERVICOS DE CONSERVACAO E LIMPEZA
2008|3702,2008,3702,LOCACAO DE SERVICOS DE APOIO ADMINISTRATIVO
2008|3900,2008,3900,OUTROS SERVICOS DE TERCEIROS - PESSOA JURIDICA
2008|3901,2008,3901,VALE-TRANSPORTE
2008|3902,2008,3902,VALE-REFEICAO
2008|3903,2008,3903,FORNECIMENTO DE ALIMENTACAO
2008|3904,2008,3904,CONFECCAO EM GERAL
2008|3906,2008,3906,TRANSPORTE E ACONDICIONAMENTO DE ANIMAIS
2008|3907,2008,3907,IMPRESSAO E ENCADERNACAO
2008|3908,2008,3908,PUBLICACAO E DIVULGACAO
2008|3909,2008,3909,PUBLICIDADE
2008|3910,2008,3910,PREMIOS DE SEGUROS
2008|3911,2008,3911,"ASSINATURAS DE JORNAIS, REVISTAS E PERIODICOS"
2008|3912,2008,3912,TARIFA DE ENERGIA ELETRICA
2008|3913,2008,3913,TARIFA DE AGUA E ESGOTO
2008|3914,2008,3914,SERVICO DE TELEFONIA
2008|3915,2008,3915,SERVICO POSTAL-TELEGRAFICO
2008|3916,2008,3916,LOCACAO DE TV POR ASSINATURA
2008|3917,2008,3917,LOCACAO DE VEICULOS
2008|3918,2008,3918,REPAROS DE VEICULOS
2008|3919,2008,3919,LOCACAO DE MAQUINAS E EQUIPAMENTOS
2008|3920,2008,3920,LOCACAO DE BENS IMOVEIS
2008|3921,2008,3921,"REPAROS DE EQUIPAMENTOS, INSTALACOES E MATERIAL PERMANENTE"
2008|3922,2008,3922,REPAROS DE BENS IMOVEIS
2008|3923,2008,3923,"RECEPCOES, HOSPEDAGENS, HOMENAGENS E FESTIVIDADES"
2008|3924,2008,3924,"CURSOS, EXPOSICOES, CONGRESSOS E CONFERENCIAS"
2008|3925,2008,3925,ENCARGOS JUDICIAIS
2008|3926,2008,3926,ENCARGOS FINANCEIROS
2008|3927,2008,3927,SERVICOS DE INFORMATICA
2008|3928,2008,3928,SERVICOS DE SAUDE EXECUTADOS COM RECURSOS DO SUS
2008|3929,2008,3929,"SERVICOS MEDICOS, ODONTOLOGICOS E LABORATORIAIS"
2008|3930,2008,3930,MULTAS DE TRANSITO
2008|3931,2008,3931,LOCACAO DE SERVICOS GRAFICOS
2008|3932,2008,3932,LOCACAO DE SERVICOS TECNICOS E ESPECIALIZADOS
2008|3933,2008,3933,TAXA DE ADMINISTRACAO - LEI COMPLEMENTAR 64/2002
2008|3934,2008,3934,SEGUROS DE AERONAVES
2008|3935,2008,3935,"REPARO, MANUTENCAO, E SERVICOS AEROPORTUARIOS PARA AERONAVES"
2008|3936,2008,3936,SERVICOS DE INFORMATICA EXECUTADOS PELA PRODEMGE
2008|3937,2008,3937,TAXA DE CONDOMINIO
2008|3938,2008,3938,SERVICOS DE IMPRESSAO E ENCADERNACAO EXECUTADOS PELA IMPRENSA OFICIAL
2008|3939,2008,3939,SERVICOS DE PUBLICACAO E DIVULGACAO EXECUTADOS PELA IMPRENSA OFICIAL
2008|3940,2008,3940,SERVICOS DE TELECOMUNICACAO
2008|3941,2008,3941,ANUIDADES
2008|3942,2008,3942,SERVICOS GRAFICOS DE SEGURANCA
2008|3943,2008,3943,SERVICO DE ADMINISTRACAO E GERENCIAMENTO DE FROTA DE VEICULOS
2008|3944,2008,3944,SERVICO DE SEGURANCA FAZENDARIA
2008|3945,2008,3945,SERVICOS DE TRANSPORTE DE PASSAGEIROS
2008|3946,2008,3946,TERMO DE PARCERIA COM ORGANIZACAO DA SOCIEDADE CIVIL DE INTERESSE PUBL
2008|3947,2008,3947,TAXA DE ADMINISTRACAO DE CREDITO DE FINANCIAMENTOS HABITACIONAIS
2008|3948,2008,3948,"CURSOS DE FORMACAO, CAPACITACAO E POS-GRADUACAO PARA SERVIDORES"
2008|3949,2008,3949,CURSOS DE FORMACAO E CAPACITACAO PARA O CIDADAO
2008|3950,2008,3950,SERVICOS DE AGENCIAMENTO DE VIAGENS
2008|3951,2008,3951,"SERVICOS DE GERENCIAMENTO, SUPERVISAO E FISCALIZACAO DE OBRAS"
2008|3952,2008,3952,CONTRATACAO DE ESTAGIARIOS
2008|3953,2008,3953,CURSOS DE FORMACAO E CAPACITACAO PROMOVIDOS PELO ESTADO
2008|3954,2008,3954,CONTRATO DE PARCERIA PUBLICO PRIVADA
2008|3955,2008,3955,EVENTOS DE COMUNICACAO INSTITUCIONAL
2008|3956,2008,3956,SERVICOS DE PESQUISAS DE OPINIAO
2008|3999,2008,3999,OUTROS SERVICOS PESSOA JURIDICA
2008|4101,2008,4101,CONTRIBUICOES
2008|4102,2008,4102,TRANSFERENCIAS AO FUNDHAB
2008|4103,2008,4103,CONTRIBUICOES AO IPLEMG
2008|4201,2008,4201,AUXILIOS
2008|4301,2008,4301,SUBVENCOES SOCIAIS
2008|4601,2008,4601,AUXILIO ALIMENTACAO
2008|4700,2008,4700,OBRIGACOES TRIBUTARIAS E CONTRIBUTIVAS
2008|4701,2008,4701,OBRIGACOES TRIBUTARIAS E CONTRIBUTIVAS
2008|4801,2008,4801,OUTROS AUXILIOS FINANCEIROS A PESSOAS FISICAS
2008|4901,2008,4901,AUXILIO - TRANSPORTE
2008|5100,2008,5100,OBRAS E INSTALACOES
2008|5101,2008,5101,ESTUDOS E PROJETOS DE BENS PATRIMONIAVEIS
2008|5102,2008,5102,EXECUCAO DIRETA DE OBRAS DE BENS PATRIMONIAVEIS
2008|5103,2008,5103,EXECUCAO DE OBRAS POR CONTRATO DE BENS PATRIMONIAVEIS
2008|5104,2008,5104,INSTALACOES PARA OBRAS EM ANDAMENTO
2008|5106,2008,5106,ESTUDOS E PROJETOS DE BENS NAO PATRIMONIAVEIS
2008|5107,2008,5107,EXECUCAO DE OBRAS POR CONTRATO DE BENS NAO PATRIMONIAVEIS
2008|5108,2008,5108,DESAPROPRIACAO PARA BENS NAO PATRIMONIAVEIS
2008|5110,2008,5110,MATERIAL PARA OBRAS - BENS PATRIMONIAVEIS
2008|5111,2008,5111,CONSTRUCAO DE UNIDADES HABITACIONAIS
2008|5112,2008,5112,MATERIAL PARA OBRAS - BENS NAO PATRIMONIAVEIS
2008|5113,2008,5113,INSTALACAO PARA INCORPORACAO A BENS IMOVEIS
2008|5200,2008,5200,EQUIPAMENTOS E MATERIAL PERMANENTE
2008|5201,2008,5201,AERONAVES E COMPONENTES ESTRUTURAIS
2008|5202,2008,5202,"ANIMAIS DE TRABALHO, PRODUCAO E / OU REPRODUCAO"
2008|5203,2008,5203,ARMAMENTO E EQUIPAMENTO DE USO POLICIAL
2008|5204,2008,5204,"MAQUINAS, APARELHOS, UTENSILIOS E EQUIPAMENTOS DE USO INDUSTRIAL"
2008|5205,2008,5205,"EMBARCACOES, PONTOES, DIQUES, FLUTUANTES E COMP. ESTRUTURAIS"
2008|5206,2008,5206,EQUIPAMENTOS DE COMUNICACAO E TELEFONIA
2008|5207,2008,5207,EQUIPAMENTOS DE INFORMATICA
2008|5208,2008,5208,"EQUIPAMENTOS DE SOM, VIDEO, FOTOGRAFICO E CINEMATOGRAFICO"
2008|5209,2008,5209,"EQUIPAMENTOS HOSPITALARES, ODONTOLOGICOS E DE LABORATORIO"
2008|5210,2008,5210,"FERRAMENTAS, EQUIP. E INSTRUMENTOS P/ OFICINA, MEDICAO E INSPECAO"
2008|5211,2008,5211,"INSTRUMENTOS DE LABORATORIO, MEDICOS E ODONTOLOGICOS"
2008|5212,2008,5212,"MAQUINAS, APARELHOS, UTENSILIOS E EQUIPAMENTOS  USO ADMINISTRATIVO"
2008|5213,2008,5213,MATERIAL ESPORTIVO E RECREATIVO
2008|5214,2008,5214,MOBILIARIO
2008|5215,2008,5215,OBJETOS DE ARTE E ANTIGÜIDADES
2008|5216,2008,5216,"TRATORES, SIMILARES E IMPLEMENTOS"
2008|5217,2008,5217,VEICULOS
2008|5218,2008,5218,COLECAO E MATERIAIS BIBLIOGRAFICOS
2008|5219,2008,5219,INSTRUMENTOS MUSICAIS E ARTISTICOS
2008|5220,2008,5220,EQUIPAMENTOS DE SEGURANCA ELETRONICA
2008|5221,2008,5221,MATERIAL DIDATICO
2008|5299,2008,5299,OUTROS MATERIAIS PERMANENTES
2008|6101,2008,6101,TERRENOS
2008|6102,2008,6102,SALAS E ESCRITORIOS
2008|6104,2008,6104,EDIFICIOS
2008|6106,2008,6106,IMOVEIS NECESSARIOS A REALIZACAO DE OBRAS DE BENS PATRIMONIAVEIS
2008|6107,2008,6107,IMOVEIS NECESSARIOS A REALIZACAO DE OBRAS DE BENS NAO-PATRIMONIAVEIS
2008|6301,2008,6301,AQUISICAO DE TITULOS DE CREDITO
2008|6501,2008,6501,CONSTITUICAO OU AUMENTO DE CAPITAL DE EMPRESAS
2008|6601,2008,6601,CONCESSAO DE EMPRESTIMOS E FINANCIAMENTOS
2008|6602,2008,6602,CONCESSAO DE EMPRESTIMO OU FINANCIAMENTO PELOS FUNDOS ESTADUAIS
2008|6603,2008,6603,CONCESSAO DE FINANCIAMENTOS HABITACIONAIS
2008|6701,2008,6701,DEPOSITOS COMPULSORIOS
2008|7101,2008,7101,PRINCIPAL DA DIVIDA INTERNA POR CONTRATOS
2008|7102,2008,7102,PRINCIPAL DA DIVIDA EXTERNA POR CONTRATOS
2008|7103,2008,7103,OUTRAS DESPESAS DO PRINCIPAL DA DIVIDA
2008|8102,2008,8102,COTA PARTE DO IPVA
2008|8103,2008,8103,COTA PARTE DO ICMS
2008|8104,2008,8104,COTA PARTE DO IPI
2008|8105,2008,8105,COTA PARTE DA CIDE
2008|9100,2008,9100,SENTENCAS JUDICIAIS
2008|9102,2008,9102,PRECATORIOS
2008|9103,2008,9103,OUTRAS SENTENCAS JUDICIAIS
2008|9105,2008,9105,CONTRIBUICAO PATRONAL INCIDENTE SOBRE PRECATORIOS
2008|9106,2008,9106,CONTRIBUICAO PATRONAL INCIDENTE SOBRE OUTRAS SENTENCAS JUDICIAIS
2008|9201,2008,9201,DESPESAS DE EXERCICIOS ANTERIORES
2008|9301,2008,9301,AJUDA DE CUSTO
2008|9302,2008,9302,AJUDA DE CUSTO ESPECIAL
2008|9303,2008,9303,PERDAS DECORRENTES DE APLICACOES FINANCEIRAS
2008|9305,2008,9305,DESPESAS DECORRENTES DE CONTRATOS DE CONCESSAO OU PERMISSAO
2008|9306,2008,9306,RESTITUICAO DE RECURSOS DE CONVENIO E DE CONTRAPARTIDA
2008|9307,2008,9307,RESSARCIMENTO REFERENTE A PESSOAL REQUISITADO DA ADMINITRACAO ESTADUAL
2008|9308,2008,9308,DESPESAS DE CARATER INDENIZATORIO RELATIVAS AO MANDATO PARLAMENTAR
2008|9399,2008,9399,OUTRAS INDENIZACOES E RESTITUICOES
2008|9401,2008,9401,INDENIZACOES E RESTITUICOES TRABALHISTAS
2008|9601,2008,9601,RESSARCIMENTO DE DESPESAS DE PESSOAL REQUISITADO
2009|0,2009,0,SEM INFORMACAO
2009|100,2009,100,APOSENTADORIAS E REFORMAS
2009|101,2009,101,PROVENTOS DE APOSENTADOS
2009|103,2009,103,PROVENTOS DE MILITARES INATIVOS
2009|105,2009,105,APOSENTADORIA IPSEMG - LEI N  1.195 DE 23/12/1954
2009|300,2009,300,PENSOES
2009|301,2009,301,PENSAO ACIDENTARIA LEI N.  9.683/88 E LEI DELEGADA N  037/89
2009|302,2009,302,PENSAO ESPECIAL LEI N.  552/49
2009|303,2009,303,PENSAO ESPECIFICA DOS INSTITUTOS DE PREVIDENCIA
2009|305,2009,305,PENSOES DECORRENTES DE SENTENCA JUDICIAIS
2009|399,2009,399,OUTRAS PENSOES
2009|400,2009,400,CONTRATACAO POR TEMPO DETERMINADO
2009|401,2009,401,CONTRATACAO POR TEMPO DETERMINADO
2009|500,2009,500,OUTROS BENEFICIOS PREVIDENCIARIOS
2009|501,2009,501,AUXILIO-RECLUSAO
2009|502,2009,502,AUXILIO-NATALIDADE
2009|503,2009,503,AUXILIO-FUNERAL
2009|504,2009,504,AUXILIO-DOENCA
2009|505,2009,505,PECULIO E SEGURO COLETIVO
2009|599,2009,599,AUXILIOS DIVERSOS
2009|600,2009,600,BENEFICIO MENSAL AO DEFICIENTE E AO IDOSO
2009|700,2009,700,CONTRIBUICAO A ENTIDADES FECHADAS DE PREVIDENCIA
2009|701,2009,701,CONTRIBUICAO A ENTIDADES FECHADAS DE PREVIDENCIA
2009|800,2009,800,OUTROS BENEFICIOS ASSISTENCIAIS
2009|801,2009,801,AUXILIO-DOENCA
2009|802,2009,802,AUXILIO-FUNERAL
2009|803,2009,803,AUXILIO-CRECHE
2009|804,2009,804,INDENIZACAO SECURITARIA
2009|805,2009,805,AUXILIO-NATALIDADE
2009|899,2009,899,AUXILIOS DIVERSOS
2009|900,2009,900,SALARIO-FAMILIA
2009|901,2009,901,SALARIO / ABONO-FAMILIA
2009|1100,2009,1100,VENCIMENTOS E VANTAGENS FIXAS - PESSOAL CIVIL
2009|1101,2009,1101,VENCIMENTOS
2009|1102,2009,1102,DESIGNADOS DO MAGISTERIO
2009|1103,2009,1103,ADICIONAL POR TEMPO DE SERVICO
2009|1104,2009,1104,GRATIFICACAO DE ENSINO ESPECIAL
2009|1105,2009,1105,GRATIFICACAO DE REGIME ESPECIAL DE TRABALHO
2009|1106,2009,1106,GRATIFICACAO DE COORDENADOR DE ESCOLA
2009|1107,2009,1107,GRATIFICACAO DE INCENTIVO A DOCENCIA
2009|1108,2009,1108,VERBA DE REPRESENTACAO
2009|1109,2009,1109,GRATIFICACAO DE RISCO DE CONTAGIO E RAIO X
2009|1112,2009,1112,GRATIFICACAO DE ESTIMULO A PRODUCAO INDIVIDUAL - GEPI
2009|1113,2009,1113,GRATIFICACAO DE EXERCICIO DO PODER JUDICIARIO
2009|1117,2009,1117,GRATIFICACAO DE CARGO EM COMISSAO
2009|1118,2009,1118,GRATIFICACAO POR PLANTAO
2009|1119,2009,1119,VANTAGEM PESSOAL
2009|1120,2009,1120,SUBSIDIOS VARIAVEIS
2009|1121,2009,1121,ABONO DE FERIAS
2009|1122,2009,1122,GRATIFICACAO DE NATAL
2009|1123,2009,1123,"GRATIFICACAO DE RISCO DE VIDA, SAUDE E CONTAGIO"
2009|1127,2009,1127,GRATIFICACAO DE INCENTIVO AO MERITO FUNCIONAL
2009|1128,2009,1128,GRATIFICACAO DE FUNCAO DE AGENTES DE SEGURANCA
2009|1129,2009,1129,GRATIFICACAO DE ASSESSORAMENTO
2009|1130,2009,1130,GRATIFICACAO ESPECIAL-GABINETE MILITAR
2009|1132,2009,1132,GRATIFICACAO PRO-LABORE
2009|1133,2009,1133,GRATIFICACAO DE INCENTIVO A EFICIENTIZACAO DOS SERVICOS - GIEFS
2009|1134,2009,1134,HONORARIOS
2009|1135,2009,1135,GRATIFICACAO DE DEDICACAO EXCLUSIVA
2009|1137,2009,1137,PARCELA REMUNERATORIA COMPLEMENTAR-PRC
2009|1139,2009,1139,ADICIONAL DE LOCAL DE TRABALHO
2009|1140,2009,1140,GRATIFICACAO DE FUNCAO
2009|1141,2009,1141,GRATIFICACAO POR CURSO
2009|1142,2009,1142,GRATIFICACAO POR FUNCAO DE COORDENACAO DE ENSINO
2009|1143,2009,1143,GRATIFICACAO DE ORGAO DE DELIBERACAO COLETIVA
2009|1144,2009,1144,ABONO DE PERMANENCIA
2009|1145,2009,1145,VANTAGEM TEMPORARIA INCORPORAVEL
2009|1146,2009,1146,GRATIFICACAO DE DESEMPENHO DE PRODUTIVIDADE INDIVIDUAL E INSTITUCIONAL
2009|1147,2009,1147,GRATIFICACAO DE ESCOLARIDADE DESEMPENHO E PROD INDIVID E INSTITUCIONAL
2009|1148,2009,1148,ADICIONAL DE DESEMPENHO - PESSOAL CIVIL
2009|1199,2009,1199,OUTROS
2009|1200,2009,1200,VENCIMENTOS E VANTAGENS FIXAS - PESSOAL MILITAR
2009|1201,2009,1201,REMUNERACAO BASICA
2009|1202,2009,1202,ADICIONAL POR TEMPO DE SERVICO
2009|1203,2009,1203,GRATIFICACOES ESPECIAIS
2009|1204,2009,1204,FERIAS-PREMIO
2009|1205,2009,1205,ABONO DE FERIAS
2009|1206,2009,1206,SUBSTITUICAO TEMPORARIA
2009|1207,2009,1207,GRATIFICACAO DE NATAL
2009|1208,2009,1208,ADICIONAL DE DESEMPENHO - PESSOAL MILITAR
2009|1299,2009,1299,OUTRAS
2009|1300,2009,1300,OBRIGACOES PATRONAIS
2009|1303,2009,1303,A DEFINIR
2009|1304,2009,1304,INSS
2009|1305,2009,1305,OBRIGACAO PATRONAL - PESSOAL ATIVO
2009|1306,2009,1306,OBRIGACAO PATRONAL - PESSOAL INATIVO
2009|1307,2009,1307,OBRIGACAO PATRONAL - CONTRATOS DE TERCEIRIZACAO
2009|1308,2009,1308,OBRIGACAO PATRONAL - PENSIONISTAS
2009|1309,2009,1309,OBRIGACAO PATRONAL - PRECATORIOS
2009|1310,2009,1310,OBRIGACAO PATRONAL - OUTRAS SENTENCAS JUDICIAIS
2009|1400,2009,1400,DIARIAS - CIVIL
2009|1401,2009,1401,DIARIAS - CIVIL
2009|1500,2009,1500,DIARIAS - MILITAR
2009|1501,2009,1501,DIARIAS - MILITAR
2009|1600,2009,1600,OUTRAS DESPESAS VARIAVEIS - PESSOAL CIVIL
2009|1601,2009,1601,SERVICO EXTRAORDINARIO
2009|1602,2009,1602,SUBSTITUICAO EM CARGOS EM COMISSAO
2009|1603,2009,1603,AULAS FACULTATIVAS
2009|1604,2009,1604,GRATIFICACAO POR ENCARGOS EXTRAORDINARIOS
2009|1605,2009,1605,FERIAS-PREMIO
2009|1606,2009,1606,JORNADA COMPLEMENTAR DE TRABALHO
2009|1607,2009,1607,PREMIO DE PRODUTIVIDADE
2009|1700,2009,1700,OUTRAS DESPESAS VARIAVEIS - PESSOAL MILITAR
2009|1701,2009,1701,OUTRAS DESPESAS VARIAVEIS - PESSOAL MILITAR
2009|1702,2009,1702,PREMIO DE PRODUTIVIDADE - PESSOAL MILITAR
2009|1800,2009,1800,AUXILIO FINANCEIRO A ESTUDANTES
2009|1801,2009,1801,AUXILIO FINANCEIRO A ESTUDANTES
2009|1900,2009,1900,AUXILIO-FARDAMENTO
2009|1901,2009,1901,AUXILIO-FARDAMENTO
2009|2000,2009,2000,AUXILIO FINANCEIRO A PESQUISADORES
2009|2001,2009,2001,AUXILIO FINANCEIRO A PESQUISADORES
2009|2101,2009,2101,JUROS SOBRE A DIVIDA INTERNA POR CONTRATOS
2009|2102,2009,2102,JUROS SOBRE A DIVIDA EXTERNA POR CONTRATOS
2009|2103,2009,2103,JUROS DE OUTRAS DIVIDAS RENEGOCIADAS
2009|2201,2009,2201,OUTROS ENCARGOS SOBRE A DIVIDA INTERNA POR CONTRATOS
2009|2202,2009,2202,OUTROS ENCARGOS SOBRE A DIVIDA EXTERNA POR CONTRATOS
2009|2700,2009,2700,"ENCARGOS PELA HONRA DE AVAIS, GARANTIAS, SEGUROS E SIMILARES"
2009|3000,2009,3000,MATERIAL DE CONSUMO
2009|3001,2009,3001,"ARTIGOS PARA CONFECCAO, VESTUARIO, CAMA, MESA, BANHO E COZINHA"
2009|3002,2009,3002,ARTIGOS PARA ESPORTE
2009|3003,2009,3003,UTENSILIOS PARA REFEITORIO E COZINHA
2009|3004,2009,3004,MATERIAL GRAFICO E IMPRESSOS
2009|3005,2009,3005,MATERIAL PARA ESCRITORIO
2009|3006,2009,3006,MATERIAL DE DESENHO
2009|3007,2009,3007,MATERIAL DE ENSINO
2009|3008,2009,3008,PRODUTOS ALIMENTICIOS
2009|3009,2009,3009,FORRAGENS E OUTROS ALIMENTOS PARA ANIMAIS
2009|3010,2009,3010,MATERIAL MEDICO E HOSPITALAR
2009|3011,2009,3011,MATERIAL ODONTOLOGICO
2009|3012,2009,3012,MEDICAMENTOS
2009|3013,2009,3013,MATERIAIS DE LABORATORIO E PRODUTOS QUIMICOS EM GERAL
2009|3014,2009,3014,MATERIAL RADIOLOGICO
2009|3015,2009,3015,"MATERIAL FOTOGRAFICO, CINEMATOGRAFICO E DE COMUNICACAO"
2009|3016,2009,3016,MATERIAL DE INFORMATICA
2009|3017,2009,3017,ARTIGOS PARA LIMPEZA E HIGIENE
2009|3018,2009,3018,MATERIA-PRIMA E PROD. P/ MANIPULACAO E INDUSTRIAS DE TRANSFORMACAO
2009|3019,2009,3019,MATERIAL P/ MANUT. E REPAROS DE IMOVEIS DE PROPRIEDADE DA ADM. PUBLICA
2009|3020,2009,3020,MATERIAL ELETRICO
2009|3021,2009,3021,MATERIAL P/ MANUT. E REPAROS DE BENS DE DOMINIO PUB. OU DE TERCEIROS
2009|3022,2009,3022,"FERRAMENTAS, FERRAGENS E UTENSILIOS"
2009|3023,2009,3023,MATERIAL PARA MANUTENCAO DE VEICULOS AUTOMOTORES
2009|3024,2009,3024,PECAS E ACESSORIOS P/ EQUIP.  E OUTROS MATERIAIS PERMANENTES
2009|3025,2009,3025,"MATERIAL DE SEGURANCA, APETRECHOS OPERACIONAIS E POLICIAIS"
2009|3026,2009,3026,COMBUSTIVEIS E LUBRIFICANTES PARA VEICULOS AUTOMOTORES
2009|3027,2009,3027,COMBUSTIVEIS E LUBRIFICANTES P/ EQUIP. E OUTROS MAT.  PERMANENTES
2009|3028,2009,3028,"ANIMAIS DESTINADOS A ESTUDOS, A PREPARACAO DE PRODUTOS E AO ABATE"
2009|3029,2009,3029,"SEMENTES, MUDAS DE PLANTAS E INSUMOS"
2009|3030,2009,3030,MATERIAIS PARA ACONDICIONAMENTO E EMBALAGEM
2009|3031,2009,3031,LIVROS TECNICOS
2009|3032,2009,3032,MATERIAL CIVICO E EDUCATIVO
2009|3033,2009,3033,COMBUSTIVEIS E LUBRIFICANTES PARA AERONAVES
2009|3034,2009,3034,PECAS E ACESSORIOS PARA AERONAVES
2009|3035,2009,3035,HORTIFRUTIGRANJEIROS
2009|3036,2009,3036,MATERIAL BIBLIOGRAFICO PARA BIBLIOTECAS PUBLICAS
2009|3037,2009,3037,MEDICAMENTOS - DECISAO JUDICIAL
2009|3038,2009,3038,LEITE - PROGRAMA LEITE PELA VIDA
2009|3099,2009,3099,OUTROS MATERIAIS
2009|3100,2009,3100,"PREMIACOES CULTURAIS, ARTISTICAS, CIENTIFICAS, DESPORTIVAS E OUTRAS."
2009|3101,2009,3101,"PREMIOS, DIPLOMAS, CONDECORACOES E MEDALHAS"
2009|3102,2009,3102,PREMIOS LOTERICOS
2009|3103,2009,3103,COMISSOES LOTERICAS
2009|3104,2009,3104,PREMIAÇOES
2009|3200,2009,3200,MATERIAL DE DISTRIBUICAO GRATUITA
2009|3201,2009,3201,MATERIAL DE DISTRIBUICAO GRATUITA
2009|3300,2009,3300,PASSAGENS E DESPESAS COM LOCOMOCAO
2009|3301,2009,3301,PASSAGENS
2009|3302,2009,3302,"DESPESAS COM TAXI, PASSES E PEDAGIOS"
2009|3303,2009,3303,FRETAMENTO E LOCACAO
2009|3400,2009,3400,OUTRAS DESPESAS DE PESSOAL DECORRENTES DE CONTRATOS DE TERCEIRIZACAO
2009|3401,2009,3401,OUTRAS DESPESAS DE PESSOAL DECORRENTES DE CONT. DE TERCEIRIZACAO
2009|3402,2009,3402,AGENTES PENITENCIARIOS
2009|3500,2009,3500,SERVICOS DE CONSULTORIA
2009|3501,2009,3501,SERVICOS DE CONSULTORIA - PESSOA FISICA
2009|3502,2009,3502,SERVICOS DE CONSULTORIA - PESSOA JURIDICA
2009|3600,2009,3600,OUTROS SERVICOS DE TERCEIROS - PESSOA FISICA
2009|3601,2009,3601,ESTAGIARIOS
2009|3602,2009,3602,MEDICOS RESIDENTES
2009|3603,2009,3603,SALARIOS DE INTERNOS
2009|3604,2009,3604,DIARIAS A COLABORADORES EVENTUAIS
2009|3605,2009,3605,LOCACAO DE SERVICOS TECNICOS E ESPECIALIZADOS - PESSOA FISICA
2009|3606,2009,3606,FORNECIMENTO DE ALIMENTACAO
2009|3607,2009,3607,CONFECCAO EM GERAL
2009|3608,2009,3608,MEDICOS
2009|3609,2009,3609,DENTISTAS
2009|3610,2009,3610,EVENTUAL DE GABINETE
2009|3611,2009,3611,LOCACAO DE BENS IMOVEIS
2009|3612,2009,3612,DESPESAS MIUDAS DE PRONTO PAGAMENTO
2009|3613,2009,3613,PESSOAL DE ENFERMAGEM
2009|3614,2009,3614,"MONITORES, FISCAIS E EXAMINADORES"
2009|3615,2009,3615,ENCARGOS FINANCEIROS
2009|3616,2009,3616,REPARO E MANUTENCAO DE VEICULOS
2009|3617,2009,3617,"REPAROS DE EQUIPAMENTOS, INSTALACOES E MATERIAL PERMANENTE"
2009|3618,2009,3618,REPAROS DE BENS IMOVEIS
2009|3619,2009,3619,CONFERENCIAS E EXPOSICOES
2009|3620,2009,3620,JETONS A CONSELHEIROS
2009|3621,2009,3621,ADVOGADOS DATIVOS
2009|3699,2009,3699,OUTRAS DESPESAS PAGAS A PESSOAS FISICAS
2009|3700,2009,3700,LOCACAO DE MAO-DE-OBRA
2009|3701,2009,3701,LOCACAO DE SERVICOS DE CONSERVACAO E LIMPEZA
2009|3702,2009,3702,LOCACAO DE SERVICOS DE APOIO ADMINISTRATIVO
2009|3800,2009,3800,ARRENDAMENTO MERCANTIL
2009|3900,2009,3900,OUTROS SERVICOS DE TERCEIROS - PESSOA JURIDICA
2009|3901,2009,3901,VALE-TRANSPORTE
2009|3902,2009,3902,VALE-REFEICAO
2009|3903,2009,3903,FORNECIMENTO DE ALIMENTACAO
2009|3904,2009,3904,CONFECCAO EM GERAL
2009|3906,2009,3906,TRANSPORTE E ACONDICIONAMENTO DE ANIMAIS
2009|3907,2009,3907,IMPRESSAO E ENCADERNACAO
2009|3908,2009,3908,PUBLICACAO E DIVULGACAO
2009|3909,2009,3909,PUBLICIDADE
2009|3910,2009,3910,PREMIOS DE SEGUROS
2009|3911,2009,3911,"ASSINATURAS DE JORNAIS, REVISTAS E PERIODICOS"
2009|3912,2009,3912,TARIFA DE ENERGIA ELETRICA
2009|3913,2009,3913,TARIFA DE AGUA E ESGOTO
2009|3914,2009,3914,SERVICO DE TELEFONIA
2009|3915,2009,3915,SERVICO POSTAL-TELEGRAFICO
2009|3916,2009,3916,LOCACAO DE TV POR ASSINATURA
2009|3917,2009,3917,LOCACAO DE VEICULOS
2009|3918,2009,3918,REPAROS DE VEICULOS
2009|3919,2009,3919,LOCACAO DE MAQUINAS E EQUIPAMENTOS
2009|3920,2009,3920,LOCACAO DE BENS IMOVEIS
2009|3921,2009,3921,"REPAROS DE EQUIPAMENTOS, INSTALACOES E MATERIAL PERMANENTE"
2009|3922,2009,3922,REPAROS DE BENS IMOVEIS
2009|3923,2009,3923,"RECEPCOES, HOSPEDAGENS, HOMENAGENS E FESTIVIDADES"
2009|3924,2009,3924,"CURSOS, EXPOSICOES, CONGRESSOS E CONFERENCIAS"
2009|3925,2009,3925,ENCARGOS JUDICIAIS
2009|3926,2009,3926,ENCARGOS FINANCEIROS
2009|3927,2009,3927,SERVICOS DE TECNOLOGIA DA INFORMACAO
2009|3928,2009,3928,SERVICOS DE SAUDE EXECUTADOS COM RECURSOS DO SUS
2009|3929,2009,3929,"SERVICOS MEDICOS, ODONTOLOGICOS E LABORATORIAIS"
2009|3930,2009,3930,MULTAS DE TRANSITO
2009|3931,2009,3931,LOCACAO DE SERVICOS GRAFICOS
2009|3932,2009,3932,LOCACAO DE SERVICOS TECNICOS E ESPECIALIZADOS
2009|3933,2009,3933,TAXA DE ADMINISTRACAO - LEI COMPLEMENTAR 64/2002
2009|3934,2009,3934,SEGUROS DE AERONAVES
2009|3935,2009,3935,"REPARO, MANUTENCAO, E SERVICOS AEROPORTUARIOS PARA AERONAVES"
2009|3936,2009,3936,SERVICOS DE INFORMATICA EXECUTADOS PELA PRODEMGE
2009|3937,2009,3937,TAXA DE CONDOMINIO
2009|3938,2009,3938,SERVICOS DE IMPRESSAO E ENCADERNACAO EXECUTADOS PELA IMPRENSA OFICIAL
2009|3939,2009,3939,SERVICOS DE PUBLICACAO E DIVULGACAO EXECUTADOS PELA IMPRENSA OFICIAL
2009|3940,2009,3940,SERVICOS DE TELECOMUNICACAO
2009|3941,2009,3941,ANUIDADES
2009|3942,2009,3942,SERVICOS GRAFICOS DE SEGURANCA
2009|3943,2009,3943,SERVICO DE ADMINISTRACAO E GERENCIAMENTO DE FROTA DE VEICULOS
2009|3945,2009,3945,SERVICOS DE TRANSPORTE DE PASSAGEIROS
2009|3946,2009,3946,TERMO DE PARCERIA COM ORGANIZACAO DA SOCIEDADE CIVIL DE INTERESSE PUBL
2009|3947,2009,3947,TAXA DE ADMINISTRACAO DE CREDITO DE FINANCIAMENTOS HABITACIONAIS
2009|3948,2009,3948,"CURSOS DE FORMACAO, CAPACITACAO E POS-GRADUACAO PARA SERVIDORES"
2009|3949,2009,3949,CURSOS DE FORMACAO E CAPACITACAO PARA O CIDADAO
2009|3950,2009,3950,SERVICOS DE AGENCIAMENTO DE VIAGENS
2009|3951,2009,3951,"SERVICOS DE GERENCIAMENTO, SUPERVISAO E FISCALIZACAO DE OBRAS"
2009|3952,2009,3952,CONTRATACAO DE ESTAGIARIOS
2009|3953,2009,3953,CURSOS DE FORMACAO E CAPACITACAO PROMOVIDOS PELO ESTADO
2009|3954,2009,3954,CONTRATO DE PARCERIA PUBLICO PRIVADA
2009|3955,2009,3955,EVENTOS DE COMUNICACAO INSTITUCIONAL
2009|3956,2009,3956,SERVICOS DE PESQUISAS DE OPINIAO
2009|3957,2009,3957,COMISSAO PELA CONSTRUCAO DE UNIDADES HABITACIONAIS
2009|3980,2009,3980,ADESAO AO PARCELAMENTO DECORRENTE DA LEI FEDERAL N.11941/2009
2009|3999,2009,3999,OUTROS SERVICOS PESSOA JURIDICA
2009|4100,2009,4100,CONTRIBUICOES
2009|4101,2009,4101,CONTRIBUICOES
2009|4102,2009,4102,TRANSFERENCIAS AO FUNDHAB
2009|4103,2009,4103,CONTRIBUICOES AO IPLEMG
2009|4200,2009,4200,AUXILIOS
2009|4201,2009,4201,AUXILIOS
2009|4300,2009,4300,SUBVENCOES SOCIAIS
2009|4301,2009,4301,SUBVENCOES SOCIAIS
2009|4500,2009,4500,EQUALIZACAO DE PRECOS E TAXAS
2009|4600,2009,4600,AUXILIO-ALIMENTACAO
2009|4601,2009,4601,AUXILIO ALIMENTACAO
2009|4700,2009,4700,OBRIGACOES TRIBUTARIAS E CONTRIBUTIVAS
2009|4701,2009,4701,OBRIGACOES TRIBUTARIAS E CONTRIBUTIVAS
2009|4800,2009,4800,OUTROS AUXILIOS FINANCEIROS A PESSOAS FISICAS
2009|4801,2009,4801,OUTROS AUXILIOS FINANCEIROS A PESSOAS FISICAS
2009|4900,2009,4900,AUXILIO-TRANSPORTE
2009|4901,2009,4901,AUXILIO - TRANSPORTE
2009|5100,2009,5100,OBRAS E INSTALACOES
2009|5101,2009,5101,ESTUDOS E PROJETOS DE BENS PATRIMONIAVEIS
2009|5102,2009,5102,EXECUCAO DIRETA DE OBRAS DE BENS PATRIMONIAVEIS
2009|5103,2009,5103,EXECUCAO DE OBRAS POR CONTRATO DE BENS PATRIMONIAVEIS
2009|5106,2009,5106,ESTUDOS E PROJETOS DE BENS NAO PATRIMONIAVEIS
2009|5107,2009,5107,EXECUCAO DE OBRAS POR CONTRATO DE BENS NAO PATRIMONIAVEIS
2009|5110,2009,5110,MATERIAL PARA OBRAS - BENS PATRIMONIAVEIS
2009|5111,2009,5111,CONSTRUCAO DE UNIDADES HABITACIONAIS
2009|5112,2009,5112,MATERIAL PARA OBRAS - BENS NAO PATRIMONIAVEIS
2009|5113,2009,5113,INSTALACAO PARA INCORPORACAO A BENS IMOVEIS
2009|5200,2009,5200,EQUIPAMENTOS E MATERIAL PERMANENTE
2009|5201,2009,5201,AERONAVES E COMPONENTES ESTRUTURAIS
2009|5202,2009,5202,"ANIMAIS DE TRABALHO, PRODUCAO E / OU REPRODUCAO"
2009|5203,2009,5203,ARMAMENTO E EQUIPAMENTO DE USO POLICIAL
2009|5204,2009,5204,"MAQUINAS, APARELHOS, UTENSILIOS E EQUIPAMENTOS DE USO INDUSTRIAL"
2009|5205,2009,5205,"EMBARCACOES, PONTOES, DIQUES, FLUTUANTES E COMP. ESTRUTURAIS"
2009|5206,2009,5206,EQUIPAMENTOS DE COMUNICACAO E TELEFONIA
2009|5207,2009,5207,EQUIPAMENTOS DE INFORMATICA
2009|5208,2009,5208,"EQUIPAMENTOS DE SOM, VIDEO, FOTOGRAFICO E CINEMATOGRAFICO"
2009|5209,2009,5209,"EQUIPAMENTOS HOSPITALARES, ODONTOLOGICOS E DE LABORATORIO"
2009|5210,2009,5210,"FERRAMENTAS, EQUIP. E INSTRUMENTOS P/ OFICINA, MEDICAO E INSPECAO"
2009|5211,2009,5211,"INSTRUMENTOS DE LABORATORIO, MEDICOS E ODONTOLOGICOS"
2009|5212,2009,5212,"MAQUINAS, APARELHOS, UTENSILIOS E EQUIPAMENTOS  USO ADMINISTRATIVO"
2009|5213,2009,5213,MATERIAL ESPORTIVO E RECREATIVO
2009|5214,2009,5214,MOBILIARIO
2009|5215,2009,5215,OBJETOS DE ARTE E ANTIGÜIDADES
2009|5216,2009,5216,"TRATORES, SIMILARES E IMPLEMENTOS"
2009|5217,2009,5217,VEICULOS
2009|5218,2009,5218,COLECAO E MATERIAIS BIBLIOGRAFICOS
2009|5219,2009,5219,INSTRUMENTOS MUSICAIS E ARTISTICOS
2009|5220,2009,5220,EQUIPAMENTOS DE SEGURANCA ELETRONICA
2009|5221,2009,5221,MATERIAL DIDATICO
2009|5299,2009,5299,OUTROS MATERIAIS PERMANENTES
2009|6100,2009,6100,AQUISICAO DE IMOVEIS
2009|6101,2009,6101,TERRENOS
2009|6103,2009,6103,FAZENDAS
2009|6104,2009,6104,EDIFICIOS
2009|6106,2009,6106,IMOVEIS NECESSARIOS A REALIZACAO DE OBRAS DE BENS PATRIMONIAVEIS
2009|6107,2009,6107,IMOVEIS NECESSARIOS A REALIZACAO DE OBRAS DE BENS NAO-PATRIMONIAVEIS
2009|6300,2009,6300,AQUISICAO DE TITULOS DE CREDITO
2009|6301,2009,6301,AQUISICAO DE TITULOS DE CREDITO
2009|6400,2009,6400,AQUISICAO DE TITULOS REPRESENTATIVOS DE CAPITAL JA INTEGRALIZADO
2009|6500,2009,6500,CONSTITUICAO OU AUMENTO DE CAPITAL DE EMPRESAS
2009|6501,2009,6501,CONSTITUICAO OU AUMENTO DE CAPITAL DE EMPRESAS
2009|6600,2009,6600,CONCESSAO DE EMPRESTIMOS E FINANCIAMENTOS
2009|6601,2009,6601,CONCESSAO DE EMPRESTIMOS E FINANCIAMENTOS
2009|6602,2009,6602,CONCESSAO DE EMPRESTIMO OU FINANCIAMENTO PELOS FUNDOS ESTADUAIS
2009|6603,2009,6603,CONCESSAO DE FINANCIAMENTOS HABITACIONAIS
2009|7101,2009,7101,PRINCIPAL DA DIVIDA INTERNA POR CONTRATOS
2009|7102,2009,7102,PRINCIPAL DA DIVIDA EXTERNA POR CONTRATOS
2009|7103,2009,7103,PRINCIPAL DE OUTRAS DIVIDAS RENEGOCIADAS
2009|8100,2009,8100,DISTRIBUICAO CONSTITUCIONAL OU LEGAL DE RECEITAS
2009|8102,2009,8102,COTA PARTE DO IPVA
2009|8103,2009,8103,COTA PARTE DO ICMS
2009|8104,2009,8104,COTA PARTE DO IPI
2009|8105,2009,8105,COTA PARTE DA CIDE
2009|9100,2009,9100,SENTENCAS JUDICIAIS
2009|9102,2009,9102,PRECATORIOS
2009|9103,2009,9103,OUTRAS SENTENCAS JUDICIAIS
2009|9200,2009,9200,DESPESAS DE EXERCICIOS ANTERIORES
2009|9201,2009,9201,DESPESAS DE EXERCICIOS ANTERIORES
2009|9300,2009,9300,INDENIZACOES E RESTITUICOES
2009|9301,2009,9301,AJUDA DE CUSTO
2009|9302,2009,9302,AJUDA DE CUSTO ESPECIAL
2009|9303,2009,9303,PERDAS DECORRENTES DE APLICACOES FINANCEIRAS
2009|9305,2009,9305,DESPESAS DECORRENTES DE CONTRATOS DE CONCESSAO OU PERMISSAO
2009|9306,2009,9306,RESTITUICAO DE RECURSOS DE CONVENIO E DE CONTRAPARTIDA
2009|9307,2009,9307,RESSARCIMENTO REFERENTE A PESSOAL REQUISITADO DA ADMINITRACAO ESTADUAL
2009|9308,2009,9308,DESPESAS DE CARATER INDENIZATORIO RELATIVAS AO MANDATO PARLAMENTAR
2009|9309,2009,9309,PREMIO DE PRODUTIVIDADE
2009|9399,2009,9399,OUTRAS INDENIZACOES E RESTITUICOES
2009|9400,2009,9400,INDENIZACOES E RESTITUICOES TRABALHISTAS
2009|9401,2009,9401,INDENIZACOES E RESTITUICOES TRABALHISTAS
2009|9500,2009,9500,INDENIZACAO PELA EXECUCAO DE TRABALHOS DE CAMPO
2009|9501,2009,9501,INDENIZACAO PELA EXECUCAO DE TRABALHOS DE CAMPO
2009|9601,2009,9601,RESSARCIMENTO DE DESPESAS DE PESSOAL REQUISITADO
2009|9900,2009,9900,A CLASSIFICAR
2010|0,2010,0,SEM INFORMACAO
2010|100,2010,100,APOSENTADORIAS E REFORMAS
2010|101,2010,101,PROVENTOS DE APOSENTADOS
2010|103,2010,103,PROVENTOS DE MILITARES INATIVOS
2010|105,2010,105,APOSENTADORIA IPSEMG - LEI N  1.195 DE 23/12/1954
2010|300,2010,300,PENSOES
2010|301,2010,301,PENSAO ACIDENTARIA LEI N.  9.683/88 E LEI DELEGADA N  037/89
2010|302,2010,302,PENSAO ESPECIAL LEI N.  552/49
2010|303,2010,303,PENSAO ESPECIFICA DOS INSTITUTOS DE PREVIDENCIA
2010|305,2010,305,PENSOES DECORRENTES DE SENTENCA JUDICIAIS
2010|399,2010,399,OUTRAS PENSOES
2010|400,2010,400,CONTRATACAO POR TEMPO DETERMINADO
2010|401,2010,401,CONTRATACAO POR TEMPO DETERMINADO
2010|500,2010,500,OUTROS BENEFICIOS PREVIDENCIARIOS
2010|501,2010,501,AUXILIO-RECLUSAO
2010|502,2010,502,AUXILIO-NATALIDADE
2010|503,2010,503,AUXILIO-FUNERAL
2010|504,2010,504,AUXILIO-DOENCA
2010|505,2010,505,PECULIO E SEGURO COLETIVO
2010|599,2010,599,AUXILIOS DIVERSOS
2010|700,2010,700,CONTRIBUICAO A ENTIDADES FECHADAS DE PREVIDENCIA
2010|701,2010,701,CONTRIBUICAO A ENTIDADES FECHADAS DE PREVIDENCIA
2010|800,2010,800,OUTROS BENEFICIOS ASSISTENCIAIS
2010|802,2010,802,AUXILIO-FUNERAL
2010|803,2010,803,AUXILIO-CRECHE
2010|804,2010,804,INDENIZACAO SECURITARIA
2010|805,2010,805,AUXILIO-NATALIDADE
2010|899,2010,899,AUXILIOS DIVERSOS
2010|900,2010,900,SALARIO-FAMILIA
2010|901,2010,901,SALARIO / ABONO-FAMILIA
2010|1000,2010,1000,OUTROS BENEFICIOS DE NATUREZA SOCIAL
2010|1100,2010,1100,VENCIMENTOS E VANTAGENS FIXAS - PESSOAL CIVIL
2010|1101,2010,1101,VENCIMENTOS
2010|1102,2010,1102,DESIGNADOS DO MAGISTERIO
2010|1103,2010,1103,ADICIONAL POR TEMPO DE SERVICO
2010|1104,2010,1104,GRATIFICACAO DE ENSINO ESPECIAL
2010|1105,2010,1105,GRATIFICACAO DE REGIME ESPECIAL DE TRABALHO
2010|1106,2010,1106,GRATIFICACAO DE COORDENADOR DE ESCOLA
2010|1107,2010,1107,GRATIFICACAO DE INCENTIVO A DOCENCIA
2010|1108,2010,1108,VERBA DE REPRESENTACAO
2010|1109,2010,1109,GRATIFICACAO DE RISCO DE CONTAGIO E RAIO X
2010|1112,2010,1112,GRATIFICACAO DE ESTIMULO A PRODUCAO INDIVIDUAL - GEPI
2010|1113,2010,1113,GRATIFICACAO DE EXERCICIO DO PODER JUDICIARIO
2010|1114,2010,1114,GRATIFICACAO DE REPRESENTACAO DO MINISTERIO PUBLICO
2010|1117,2010,1117,GRATIFICACAO DE CARGO EM COMISSAO
2010|1118,2010,1118,GRATIFICACAO POR PLANTAO
2010|1119,2010,1119,VANTAGEM PESSOAL
2010|1120,2010,1120,SUBSIDIOS VARIAVEIS
2010|1121,2010,1121,ABONO DE FERIAS
2010|1122,2010,1122,GRATIFICACAO DE NATAL
2010|1123,2010,1123,"GRATIFICACAO DE RISCO DE VIDA, SAUDE E CONTAGIO"
2010|1127,2010,1127,GRATIFICACAO DE INCENTIVO AO MERITO FUNCIONAL
2010|1128,2010,1128,GRATIFICACAO DE FUNCAO DE AGENTES DE SEGURANCA
2010|1129,2010,1129,GRATIFICACAO DE ASSESSORAMENTO
2010|1130,2010,1130,GRATIFICACAO ESPECIAL-GABINETE MILITAR
2010|1132,2010,1132,GRATIFICACAO PRO-LABORE
2010|1133,2010,1133,GRATIFICACAO DE INCENTIVO A EFICIENTIZACAO DOS SERVICOS - GIEFS
2010|1134,2010,1134,HONORARIOS
2010|1135,2010,1135,GRATIFICACAO DE DEDICACAO EXCLUSIVA
2010|1136,2010,1136,GRATIFICACAO DE ATIVIDADE INSTITUCIONAL AUTONOMA
2010|1137,2010,1137,PARCELA REMUNERATORIA COMPLEMENTAR-PRC
2010|1138,2010,1138,ADICIONAL DE ATIVIDADE EPECIFICA
2010|1139,2010,1139,ADICIONAL DE LOCAL DE TRABALHO
2010|1140,2010,1140,GRATIFICACAO DE FUNCAO
2010|1141,2010,1141,GRATIFICACAO POR CURSO
2010|1143,2010,1143,GRATIFICACAO DE ORGAO DE DELIBERACAO COLETIVA
2010|1144,2010,1144,ABONO DE PERMANENCIA
2010|1145,2010,1145,VANTAGEM TEMPORARIA INCORPORAVEL
2010|1146,2010,1146,GRATIFICACAO DE DESEMPENHO DE PRODUTIVIDADE INDIVIDUAL E INSTITUCIONAL
2010|1147,2010,1147,GRATIFICACAO DE ESCOLARIDADE DESEMPENHO E PROD INDIVID E INSTITUCIONAL
2010|1148,2010,1148,ADICIONAL DE DESEMPENHO - PESSOAL CIVIL
2010|1149,2010,1149,GRATIFICACAO COMPLEMENTAR DE PRODUTIVIDADE
2010|1199,2010,1199,OUTROS
2010|1200,2010,1200,VENCIMENTOS E VANTAGENS FIXAS ¿ PESSOAL  MILITAR
2010|1201,2010,1201,REMUNERACAO BASICA
2010|1202,2010,1202,ADICIONAL POR TEMPO DE SERVICO
2010|1203,2010,1203,GRATIFICACOES ESPECIAIS
2010|1204,2010,1204,FERIAS-PREMIO
2010|1205,2010,1205,ABONO DE FERIAS
2010|1206,2010,1206,SUBSTITUICAO TEMPORARIA
2010|1207,2010,1207,GRATIFICACAO DE NATAL
2010|1208,2010,1208,ADICIONAL DE DESEMPENHO - PESSOAL MILITAR
2010|1299,2010,1299,OUTRAS
2010|1300,2010,1300,OBRIGACOES PATRONAIS
2010|1304,2010,1304,INSS
2010|1305,2010,1305,OBRIGACAO PATRONAL - PESSOAL ATIVO
2010|1306,2010,1306,OBRIGACAO PATRONAL - PESSOAL INATIVO
2010|1307,2010,1307,OBRIGACAO PATRONAL - CONTRATOS DE TERCEIRIZACAO
2010|1308,2010,1308,OBRIGACAO PATRONAL - PENSIONISTAS
2010|1309,2010,1309,OBRIGACAO PATRONAL - PRECATORIOS
2010|1310,2010,1310,OBRIGACAO PATRONAL - OUTRAS SENTENCAS JUDICIAIS
2010|1311,2010,1311,OBRIGACAO PATRONAL - CONTRATOS POR TEMPO DETERMINADO
2010|1400,2010,1400,DIARIAS - CIVIL
2010|1401,2010,1401,DIARIAS - CIVIL
2010|1500,2010,1500,DIARIAS - MILITAR
2010|1501,2010,1501,DIARIAS - MILITAR
2010|1600,2010,1600,OUTRAS DESPESAS VARIAVEIS - PESSOAL CIVIL
2010|1601,2010,1601,SERVICO EXTRAORDINARIO
2010|1602,2010,1602,SUBSTITUICAO EM CARGOS EM COMISSAO
2010|1603,2010,1603,AULAS FACULTATIVAS
2010|1604,2010,1604,GRATIFICACAO POR ENCARGOS EXTRAORDINARIOS
2010|1605,2010,1605,FERIAS-PREMIO
2010|1606,2010,1606,JORNADA COMPLEMENTAR DE TRABALHO
2010|1607,2010,1607,PREMIO DE PRODUTIVIDADE
2010|1700,2010,1700,OUTRAS DESPESAS VARIAVEIS - PESSOAL MILITAR
2010|1701,2010,1701,OUTRAS DESPESAS VARIAVEIS - PESSOAL MILITAR
2010|1800,2010,1800,AUXILIO FINANCEIRO A ESTUDANTES
2010|1801,2010,1801,AUXILIO FINANCEIRO A ESTUDANTES
2010|1900,2010,1900,AUXILIO-FARDAMENTO
2010|1901,2010,1901,AUXILIO-FARDAMENTO
2010|2000,2010,2000,AUXILIO FINANCEIRO A PESQUISADORES
2010|2001,2010,2001,AUXILIO FINANCEIRO A PESQUISADORES
2010|2101,2010,2101,JUROS SOBRE A DIVIDA INTERNA POR CONTRATOS
2010|2102,2010,2102,JUROS SOBRE A DIVIDA EXTERNA POR CONTRATOS
2010|2103,2010,2103,JUROS DE OUTRAS DIVIDAS RENEGOCIADAS
2010|2201,2010,2201,OUTROS ENCARGOS SOBRE A DIVIDA INTERNA POR CONTRATOS
2010|2202,2010,2202,OUTROS ENCARGOS SOBRE A DIVIDA EXTERNA POR CONTRATOS
2010|2700,2010,2700,"ENCARGOS PELA HONRA DE AVAIS, GARANTIAS, SEGUROS E SIMILARES"
2010|2701,2010,2701,"ENCARGOS PELA HONRA DE AVAIS, GARANTIAS, SEGUROS E SIMILARES"
2010|3000,2010,3000,MATERIAL DE CONSUMO
2010|3001,2010,3001,"ARTIGOS PARA CONFECCAO, VESTUARIO, CAMA, MESA, BANHO E COZINHA"
2010|3002,2010,3002,ARTIGOS PARA ESPORTE
2010|3003,2010,3003,UTENSILIOS PARA REFEITORIO E COZINHA
2010|3004,2010,3004,MATERIAL GRAFICO E IMPRESSOS
2010|3005,2010,3005,MATERIAL PARA ESCRITORIO
2010|3006,2010,3006,MATERIAL DE DESENHO
2010|3007,2010,3007,MATERIAL DE ENSINO
2010|3008,2010,3008,PRODUTOS ALIMENTICIOS
2010|3009,2010,3009,FORRAGENS E OUTROS ALIMENTOS PARA ANIMAIS
2010|3010,2010,3010,MATERIAL MEDICO E HOSPITALAR
2010|3011,2010,3011,MATERIAL ODONTOLOGICO
2010|3012,2010,3012,MEDICAMENTOS
2010|3013,2010,3013,MATERIAIS DE LABORATORIO E PRODUTOS QUIMICOS EM GERAL
2010|3014,2010,3014,MATERIAL RADIOLOGICO
2010|3015,2010,3015,"MATERIAL FOTOGRAFICO, CINEMATOGRAFICO E DE COMUNICACAO"
2010|3016,2010,3016,MATERIAL DE INFORMATICA
2010|3017,2010,3017,ARTIGOS PARA LIMPEZA E HIGIENE
2010|3018,2010,3018,MATERIA-PRIMA E PROD. P/ MANIPULACAO E INDUSTRIAS DE TRANSFORMACAO
2010|3019,2010,3019,MATERIAL P/ MANUT. E REPAROS DE IMOVEIS DE PROPRIEDADE DA ADM. PUBLICA
2010|3020,2010,3020,MATERIAL ELETRICO
2010|3021,2010,3021,MATERIAL P/ MANUT. E REPAROS DE BENS DE DOMINIO PUB. OU DE TERCEIROS
2010|3022,2010,3022,"FERRAMENTAS, FERRAGENS E UTENSILIOS"
2010|3023,2010,3023,MATERIAL PARA MANUTENCAO DE VEICULOS AUTOMOTORES
2010|3024,2010,3024,PECAS E ACESSORIOS P/ EQUIP.  E OUTROS MATERIAIS PERMANENTES
2010|3025,2010,3025,"MATERIAL DE SEGURANCA, APETRECHOS OPERACIONAIS E POLICIAIS"
2010|3026,2010,3026,COMBUSTIVEIS E LUBRIFICANTES PARA VEICULOS AUTOMOTORES
2010|3027,2010,3027,COMBUSTIVEIS E LUBRIFICANTES P/ EQUIP. E OUTROS MAT.  PERMANENTES
2010|3028,2010,3028,"ANIMAIS DESTINADOS A ESTUDOS, A PREPARACAO DE PRODUTOS E AO ABATE"
2010|3029,2010,3029,"SEMENTES, MUDAS DE PLANTAS E INSUMOS"
2010|3030,2010,3030,MATERIAIS PARA ACONDICIONAMENTO E EMBALAGEM
2010|3031,2010,3031,LIVROS TECNICOS
2010|3032,2010,3032,MATERIAL CIVICO E EDUCATIVO
2010|3033,2010,3033,COMBUSTIVEIS E LUBRIFICANTES PARA AERONAVES
2010|3034,2010,3034,PECAS E ACESSORIOS PARA AERONAVES
2010|3035,2010,3035,HORTIFRUTIGRANJEIROS
2010|3036,2010,3036,MATERIAL BIBLIOGRAFICO PARA BIBLIOTECAS PUBLICAS
2010|3038,2010,3038,LEITE - PROGRAMA LEITE PELA VIDA
2010|3099,2010,3099,OUTROS MATERIAIS
2010|3100,2010,3100,"PREMIACOES CULTURAIS, ARTISTICAS, CIENTIFICAS, DESPORTIVAS E OUTRAS."
2010|3101,2010,3101,"PREMIOS, DIPLOMAS, CONDECORACOES E MEDALHAS"
2010|3102,2010,3102,PREMIOS LOTERICOS
2010|3103,2010,3103,COMISSOES LOTERICAS
2010|3104,2010,3104,PREMIAÇOES
2010|3200,2010,3200,MATERIAL DE DISTRIBUICAO GRATUITA
2010|3201,2010,3201,MATERIAL DE DISTRIBUICAO GRATUITA
2010|3300,2010,3300,PASSAGENS E DESPESAS COM LOCOMOCAO
2010|3301,2010,3301,PASSAGENS
2010|3302,2010,3302,"DESPESAS COM TAXI, PASSES E PEDAGIOS"
2010|3303,2010,3303,FRETAMENTO E LOCACAO
2010|3400,2010,3400,OUTRAS DESPESAS DE PESSOAL DECORRENTES DE CONTRATOS DE TERCEIRIZACAO
2010|3401,2010,3401,OUTRAS DESPESAS DE PESSOAL DECORRENTES DE CONT. DE TERCEIRIZACAO
2010|3402,2010,3402,AGENTES PENITENCIARIOS
2010|3500,2010,3500,SERVICOS DE CONSULTORIA
2010|3501,2010,3501,SERVICOS DE CONSULTORIA - PESSOA FISICA
2010|3502,2010,3502,SERVICOS DE CONSULTORIA - PESSOA JURIDICA
2010|3503,2010,3503,SERVICOS DE CONSULTORIA-ORGANISMO INTERNACIONAL
2010|3600,2010,3600,OUTROS SERVICOS DE TERCEIROS - PESSOA FISICA
2010|3601,2010,3601,ESTAGIARIOS
2010|3602,2010,3602,MEDICOS RESIDENTES
2010|3603,2010,3603,SALARIOS DE INTERNOS
2010|3604,2010,3604,DIARIAS A COLABORADORES EVENTUAIS
2010|3605,2010,3605,LOCACAO DE SERVICOS TECNICOS E ESPECIALIZADOS - PESSOA FISICA
2010|3606,2010,3606,FORNECIMENTO DE ALIMENTACAO
2010|3607,2010,3607,CONFECCAO EM GERAL
2010|3608,2010,3608,MEDICOS
2010|3609,2010,3609,DENTISTAS
2010|3610,2010,3610,EVENTUAL DE GABINETE
2010|3611,2010,3611,LOCACAO DE BENS IMOVEIS
2010|3612,2010,3612,DESPESAS MIUDAS DE PRONTO PAGAMENTO
2010|3613,2010,3613,PESSOAL DE ENFERMAGEM
2010|3614,2010,3614,"MONITORES, FISCAIS E EXAMINADORES"
2010|3615,2010,3615,ENCARGOS FINANCEIROS
2010|3616,2010,3616,REPARO E MANUTENCAO DE VEICULOS
2010|3617,2010,3617,"REPAROS DE EQUIPAMENTOS, INSTALACOES E MATERIAL PERMANENTE"
2010|3618,2010,3618,REPAROS DE BENS IMOVEIS
2010|3619,2010,3619,CONFERENCIAS E EXPOSICOES
2010|3620,2010,3620,JETONS A CONSELHEIROS
2010|3621,2010,3621,ADVOGADOS DATIVOS
2010|3622,2010,3622,TAXA DE CONDOMINIO
2010|3699,2010,3699,OUTRAS DESPESAS PAGAS A PESSOAS FISICAS
2010|3700,2010,3700,LOCACAO DE MAO-DE-OBRA
2010|3701,2010,3701,LOCACAO DE SERVICOS DE CONSERVACAO E LIMPEZA
2010|3702,2010,3702,LOCACAO DE SERVICOS DE APOIO ADMINISTRATIVO
2010|3800,2010,3800,ARRENDAMENTO MERCANTIL
2010|3900,2010,3900,OUTROS SERVICOS DE TERCEIROS - PESSOA JURIDICA
2010|3901,2010,3901,VALE-TRANSPORTE
2010|3902,2010,3902,VALE-REFEICAO
2010|3903,2010,3903,FORNECIMENTO DE ALIMENTACAO
2010|3904,2010,3904,CONFECCAO EM GERAL
2010|3906,2010,3906,TRANSPORTE E ACONDICIONAMENTO DE ANIMAIS
2010|3907,2010,3907,IMPRESSAO E ENCADERNACAO
2010|3908,2010,3908,PUBLICACAO E DIVULGACAO
2010|3909,2010,3909,PUBLICIDADE
2010|3910,2010,3910,PREMIOS DE SEGUROS
2010|3911,2010,3911,"ASSINATURAS DE JORNAIS, REVISTAS E PERIODICOS"
2010|3912,2010,3912,TARIFA DE ENERGIA ELETRICA
2010|3913,2010,3913,TARIFA DE AGUA E ESGOTO
2010|3914,2010,3914,SERVICO DE TELEFONIA
2010|3915,2010,3915,SERVICO POSTAL-TELEGRAFICO
2010|3916,2010,3916,LOCACAO DE TV POR ASSINATURA
2010|3917,2010,3917,LOCACAO DE VEICULOS
2010|3918,2010,3918,REPAROS DE VEICULOS
2010|3919,2010,3919,LOCACAO DE MAQUINAS E EQUIPAMENTOS
2010|3920,2010,3920,LOCACAO DE BENS IMOVEIS
2010|3921,2010,3921,"REPAROS DE EQUIPAMENTOS, INSTALACOES E MATERIAL PERMANENTE"
2010|3922,2010,3922,REPAROS DE BENS IMOVEIS
2010|3923,2010,3923,"RECEPCOES, HOSPEDAGENS, HOMENAGENS E FESTIVIDADES"
2010|3924,2010,3924,"CURSOS, EXPOSICOES, CONGRESSOS E CONFERENCIAS"
2010|3925,2010,3925,ENCARGOS JUDICIAIS
2010|3926,2010,3926,ENCARGOS FINANCEIROS
2010|3927,2010,3927,SERVICOS DE TECNOLOGIA DA INFORMACAO
2010|3928,2010,3928,SERVICOS DE SAUDE EXECUTADOS COM RECURSOS DO SUS
2010|3929,2010,3929,SERVICOS DE SAUDE PRESTADOS POR PESSOA JURIDICA
2010|3930,2010,3930,MULTAS DE TRANSITO
2010|3931,2010,3931,LOCACAO DE SERVICOS GRAFICOS
2010|3933,2010,3933,TAXA DE ADMINISTRACAO - LEI COMPLEMENTAR 64/2002
2010|3934,2010,3934,SEGUROS DE AERONAVES
2010|3935,2010,3935,"REPARO, MANUTENCAO, E SERVICOS AEROPORTUARIOS PARA AERONAVES"
2010|3936,2010,3936,SERVICOS DE INFORMATICA EXECUTADOS PELA PRODEMGE
2010|3937,2010,3937,TAXA DE CONDOMINIO
2010|3938,2010,3938,SERVICOS DE IMPRESSAO E ENCADERNACAO EXECUTADOS PELA IMPRENSA OFICIAL
2010|3939,2010,3939,SERVICOS DE PUBLICACAO E DIVULGACAO EXECUTADOS PELA IMPRENSA OFICIAL
2010|3940,2010,3940,SERVICOS DE TELECOMUNICACAO
2010|3941,2010,3941,ANUIDADES
2010|3942,2010,3942,SERVICOS GRAFICOS DE SEGURANCA
2010|3943,2010,3943,SERVICO DE ADMINISTRACAO E GERENCIAMENTO DE FROTA DE VEICULOS
2010|3945,2010,3945,SERVICOS DE TRANSPORTE DE PASSAGEIROS
2010|3946,2010,3946,TERMO DE PARCERIA COM ORGANIZACAO DA SOCIEDADE CIVIL DE INTERESSE PUBL
2010|3947,2010,3947,TAXA DE ADMINISTRACAO DE CREDITO DE FINANCIAMENTOS HABITACIONAIS
2010|3948,2010,3948,"CURSOS DE FORMACAO, CAPACITACAO E POS-GRADUACAO PARA SERVIDORES"
2010|3949,2010,3949,CURSOS DE FORMACAO E CAPACITACAO PARA O CIDADAO
2010|3950,2010,3950,SERVICOS DE AGENCIAMENTO DE VIAGENS
2010|3951,2010,3951,"SERVICOS DE GERENCIAMENTO, SUPERVISAO E FISCALIZACAO DE OBRAS"
2010|3952,2010,3952,CONTRATACAO DE ESTAGIARIOS
2010|3953,2010,3953,CURSOS DE FORMACAO E CAPACITACAO PROMOVIDOS PELO ESTADO
2010|3954,2010,3954,CONTRATO DE PARCERIA PUBLICO PRIVADA
2010|3955,2010,3955,EVENTOS DE COMUNICACAO INSTITUCIONAL
2010|3956,2010,3956,SERVICOS DE PESQUISAS DE OPINIAO
2010|3957,2010,3957,COMISSAO PELA CONSTRUCAO DE UNIDADES HABITACIONAIS
2010|3958,2010,3958,"CONTRATACAO DE PROJETOS EM PESQUISA DE CIENCIA, INOVACAO E TECNOLOGIA"
2010|3959,2010,3959,SERVICOS SANITARIOS E TRATAMENTO DE RESIDUOS
2010|3960,2010,3960,SERVICOS DE ATENDIMENTO AO CIDADAO
2010|3961,2010,3961,SERVICOS DE CONSERVACAO E LIMPEZA
2010|3962,2010,3962,SERVICOS DE VIGILANCIA OSTENSIVA
2010|3964,2010,3964,SERVICOS DE MAPEAMENTO E GEORREFERENCIAMENTO
2010|3965,2010,3965,SERVICOS DE PRODUCAO E LOGISTICA DE MEDICAMENTOS
2010|3966,2010,3966,SERVICOS DE ABASTECIMENTO E DISTRIBUICAO DE AGUA
2010|3967,2010,3967,ADMINISTRACAO DE BENS E DIREITOS DO ESTADO POR TERCEIROS
2010|3980,2010,3980,ADESAO AO PARCELAMENTO DECORRENTE DA LEI FEDERAL N.11941/2009
2010|3999,2010,3999,OUTROS SERVICOS PESSOA JURIDICA
2010|4100,2010,4100,CONTRIBUICOES
2010|4101,2010,4101,CONTRIBUICOES
2010|4102,2010,4102,TRANSFERENCIAS AO FUNDHAB
2010|4103,2010,4103,CONTRIBUICOES AO IPLEMG
2010|4200,2010,4200,AUXILIOS
2010|4201,2010,4201,AUXILIOS
2010|4300,2010,4300,SUBVENCOES SOCIAIS
2010|4301,2010,4301,SUBVENCOES SOCIAIS
2010|4500,2010,4500,EQUALIZACAO DE PRECOS E TAXAS
2010|4600,2010,4600,AUXILIO-ALIMENTACAO
2010|4601,2010,4601,AUXILIO ALIMENTACAO
2010|4700,2010,4700,OBRIGACOES TRIBUTARIAS E CONTRIBUTIVAS
2010|4701,2010,4701,OBRIGACOES TRIBUTARIAS E CONTRIBUTIVAS
2010|4800,2010,4800,OUTROS AUXILIOS FINANCEIROS A PESSOAS FISICAS
2010|4801,2010,4801,OUTROS AUXILIOS FINANCEIROS A PESSOAS FISICAS
2010|4900,2010,4900,AUXILIO-TRANSPORTE
2010|4901,2010,4901,AUXILIO - TRANSPORTE
2010|4902,2010,4902,AUXILIO TRANSPORTE - PODER LEGISLATIVO
2010|4903,2010,4903,DESPESA DE TRANSPORTE DEVIDA A SERVIDORES DOS PODERES DO ESTADO
2010|5100,2010,5100,OBRAS E INSTALACOES
2010|5101,2010,5101,ESTUDOS E PROJETOS DE BENS PATRIMONIAVEIS
2010|5102,2010,5102,EXECUCAO DIRETA DE OBRAS DE BENS PATRIMONIAVEIS
2010|5103,2010,5103,EXECUCAO DE OBRAS POR CONTRATO DE BENS PATRIMONIAVEIS
2010|5104,2010,5104,INSTALACOES PARA OBRAS EM ANDAMENTO
2010|5106,2010,5106,ESTUDOS E PROJETOS DE BENS NAO PATRIMONIAVEIS
2010|5107,2010,5107,EXECUCAO DE OBRAS POR CONTRATO DE BENS NAO PATRIMONIAVEIS
2010|5110,2010,5110,MATERIAL PARA OBRAS - BENS PATRIMONIAVEIS
2010|5111,2010,5111,CONSTRUCAO DE UNIDADES HABITACIONAIS
2010|5112,2010,5112,MATERIAL PARA OBRAS - BENS NAO PATRIMONIAVEIS
2010|5113,2010,5113,INSTALACAO PARA INCORPORACAO A BENS IMOVEIS
2010|5200,2010,5200,EQUIPAMENTOS E MATERIAL PERMANENTE
2010|5201,2010,5201,AERONAVES E COMPONENTES ESTRUTURAIS
2010|5203,2010,5203,ARMAMENTO E EQUIPAMENTO DE USO POLICIAL
2010|5204,2010,5204,"MAQUINAS, APARELHOS, UTENSILIOS E EQUIPAMENTOS DE USO INDUSTRIAL"
2010|5205,2010,5205,"EMBARCACOES, PONTOES, DIQUES, FLUTUANTES E COMP. ESTRUTURAIS"
2010|5206,2010,5206,EQUIPAMENTOS DE COMUNICACAO E TELEFONIA
2010|5207,2010,5207,EQUIPAMENTOS DE INFORMATICA
2010|5208,2010,5208,"EQUIPAMENTOS DE SOM, VIDEO, FOTOGRAFICO E CINEMATOGRAFICO"
2010|5209,2010,5209,"EQUIPAMENTOS HOSPITALARES, ODONTOLOGICOS E DE LABORATORIO"
2010|5210,2010,5210,"FERRAMENTAS, EQUIP. E INSTRUMENTOS P/ OFICINA, MEDICAO E INSPECAO"
2010|5211,2010,5211,"INSTRUMENTOS DE LABORATORIO, MEDICOS E ODONTOLOGICOS"
2010|5212,2010,5212,"MAQUINAS, APARELHOS, UTENSILIOS E EQUIPAMENTOS  USO ADMINISTRATIVO"
2010|5213,2010,5213,MATERIAL ESPORTIVO E RECREATIVO
2010|5214,2010,5214,MOBILIARIO
2010|5216,2010,5216,"TRATORES, SIMILARES E IMPLEMENTOS"
2010|5217,2010,5217,VEICULOS
2010|5218,2010,5218,COLECAO E MATERIAIS BIBLIOGRAFICOS
2010|5219,2010,5219,INSTRUMENTOS MUSICAIS E ARTISTICOS
2010|5220,2010,5220,EQUIPAMENTOS DE SEGURANCA ELETRONICA
2010|5221,2010,5221,MATERIAL DIDATICO
2010|5299,2010,5299,OUTROS MATERIAIS PERMANENTES
2010|6100,2010,6100,AQUISICAO DE IMOVEIS
2010|6101,2010,6101,TERRENOS
2010|6103,2010,6103,FAZENDAS
2010|6104,2010,6104,EDIFICIOS
2010|6106,2010,6106,IMOVEIS NECESSARIOS A REALIZACAO DE OBRAS DE BENS PATRIMONIAVEIS
2010|6107,2010,6107,IMOVEIS NECESSARIOS A REALIZACAO DE OBRAS DE BENS NAO-PATRIMONIAVEIS
2010|6500,2010,6500,CONSTITUICAO OU AUMENTO DE CAPITAL DE EMPRESAS
2010|6501,2010,6501,CONSTITUICAO OU AUMENTO DE CAPITAL DE EMPRESAS
2010|6600,2010,6600,CONCESSAO DE EMPRESTIMOS E FINANCIAMENTOS
2010|6602,2010,6602,CONCESSAO DE EMPRESTIMO OU FINANCIAMENTO PELOS FUNDOS ESTADUAIS
2010|6603,2010,6603,CONCESSAO DE FINANCIAMENTOS HABITACIONAIS
2010|6700,2010,6700,DEPOSITOS COMPULSORIOS
2010|6701,2010,6701,DEPOSITOS COMPULSORIOS
2010|7101,2010,7101,PRINCIPAL DA DIVIDA INTERNA POR CONTRATOS
2010|7102,2010,7102,PRINCIPAL DA DIVIDA EXTERNA POR CONTRATOS
2010|7103,2010,7103,PRINCIPAL DE OUTRAS DIVIDAS RENEGOCIADAS
2010|8100,2010,8100,DISTRIBUICAO CONSTITUCIONAL OU LEGAL DE RECEITAS
2010|8102,2010,8102,COTA PARTE DO IPVA
2010|8103,2010,8103,COTA PARTE DO ICMS
2010|8104,2010,8104,COTA PARTE DO IPI
2010|8105,2010,8105,COTA PARTE DA CIDE
2010|8199,2010,8199,OUTRAS TRANSFERENCIAS
2010|9100,2010,9100,SENTENCAS JUDICIAIS
2010|9102,2010,9102,PRECATORIOS
2010|9103,2010,9103,OUTRAS SENTENCAS JUDICIAIS
2010|9200,2010,9200,DESPESAS DE EXERCICIOS ANTERIORES
2010|9201,2010,9201,DESPESAS DE EXERCICIOS ANTERIORES
2010|9300,2010,9300,INDENIZACOES E RESTITUICOES
2010|9301,2010,9301,AJUDA DE CUSTO
2010|9302,2010,9302,AJUDA DE CUSTO ESPECIAL
2010|9303,2010,9303,PERDAS DECORRENTES DE APLICACOES FINANCEIRAS
2010|9305,2010,9305,DESPESAS DECORRENTES DE CONTRATOS DE CONCESSAO OU PERMISSAO
2010|9306,2010,9306,RESTITUICAO DE RECURSOS DE CONVENIO E DE CONTRAPARTIDA
2010|9307,2010,9307,RESSARCIMENTO REFERENTE A PESSOAL REQUISITADO DA ADMINITRACAO ESTADUAL
2010|9308,2010,9308,DESPESAS DE CARATER INDENIZATORIO RELATIVAS AO MANDATO PARLAMENTAR
2010|9309,2010,9309,PREMIO DE PRODUTIVIDADE
2010|9310,2010,9310,RESTITUICAO DE RECEITA - EXERCICIO ANTERIOR
2010|9311,2010,9311,COMPENSACAO FINANCEIRA DOS REGIMES DE PREVIDENCIA
2010|9312,2010,9312,INDENIZACAO POR UTILIZACAO DE BENS DE TERCEIROS
2010|9313,2010,9313,REEMBOLSO DE DESPESAS MEDICO-HOSPITALARES
2010|9314,2010,9314,INDENIZACOES DETERMINADAS POR DECISOES JUDICIAIS
2010|9315,2010,9315,INDENIZACAO DECORRENTE DE RESCISAO UNILATERAL
2010|9399,2010,9399,OUTRAS INDENIZACOES E RESTITUICOES
2010|9400,2010,9400,INDENIZACOES E RESTITUICOES TRABALHISTAS
2010|9401,2010,9401,INDENIZACOES E RESTITUICOES TRABALHISTAS
2010|9600,2010,9600,RESSARCIMENTO DE DESPESAS DE PESSOAL REQUISITADO
2010|9601,2010,9601,RESSARCIMENTO DE DESPESAS DE PESSOAL REQUISITADO
2010|9900,2010,9900,A CLASSIFICAR
2011|0,2011,0,SEM INFORMACAO
2011|100,2011,100,"APOSENTADORIAS, RESERVA REMUNERADA E REFORMAS"
2011|101,2011,101,PROVENTOS DE APOSENTADOS
2011|103,2011,103,PROVENTOS DE MILITARES INATIVOS
2011|105,2011,105,APOSENTADORIA IPSEMG - LEI N. 1.195 DE 23/12/1954
2011|300,2011,300,PENSOES
2011|301,2011,301,PENSAO ACIDENTARIA - LEI N. 9.683/88 E LEI DELEGADA N. 037/89
2011|302,2011,302,PENSAO ESPECIAL - LEI N. 552/49
2011|303,2011,303,PENSAO ESPECIFICA DOS INSTITUTOS DE PREVIDENCIA
2011|305,2011,305,PENSOES DECORRENTES DE SENTENCA JUDICIAIS
2011|399,2011,399,OUTRAS PENSOES
2011|400,2011,400,CONTRATACAO POR TEMPO DETERMINADO
2011|401,2011,401,CONTRATACAO POR TEMPO DETERMINADO
2011|500,2011,500,OUTROS BENEFICIOS PREVIDENCIARIOS
2011|501,2011,501,AUXILIO-RECLUSAO
2011|502,2011,502,AUXILIO-NATALIDADE
2011|503,2011,503,AUXILIO-FUNERAL
2011|504,2011,504,AUXILIO-DOENCA
2011|505,2011,505,PECULIO E SEGURO COLETIVO
2011|599,2011,599,AUXILIOS DIVERSOS
2011|700,2011,700,CONTRIBUICAO A ENTIDADES FECHADAS DE PREVIDENCIA
2011|701,2011,701,CONTRIBUICAO A ENTIDADES FECHADAS DE PREVIDENCIA
2011|800,2011,800,OUTROS BENEFICIOS ASSISTENCIAIS
2011|802,2011,802,AUXILIO-FUNERAL
2011|803,2011,803,AUXILIO-CRECHE
2011|804,2011,804,INDENIZACAO SECURITARIA
2011|805,2011,805,AUXILIO-NATALIDADE
2011|899,2011,899,AUXILIOS DIVERSOS
2011|900,2011,900,SALARIO-FAMILIA
2011|901,2011,901,SALARIO / ABONO-FAMILIA
2011|1000,2011,1000,OUTROS BENEFICIOS DE NATUREZA SOCIAL
2011|1100,2011,1100,VENCIMENTOS E VANTAGENS FIXAS-PESSOAL CIVIL
2011|1101,2011,1101,VENCIMENTOS
2011|1102,2011,1102,DESIGNADOS DO MAGISTERIO
2011|1103,2011,1103,ADICIONAL POR TEMPO DE SERVICO
2011|1104,2011,1104,GRATIFICACAO DE ENSINO ESPECIAL
2011|1105,2011,1105,GRATIFICACAO DE REGIME ESPECIAL DE TRABALHO
2011|1106,2011,1106,GRATIFICACAO DE COORDENADOR DE ESCOLA
2011|1107,2011,1107,GRATIFICACAO DE INCENTIVO A DOCENCIA
2011|1108,2011,1108,VERBA DE REPRESENTACAO
2011|1109,2011,1109,GRATIFICACAO DE RISCO DE CONTAGIO E RAIO X
2011|1112,2011,1112,GRATIFICACAO DE ESTIMULO A PRODUCAO INDIVIDUAL - GEPI
2011|1113,2011,1113,GRATIFICACAO DE EXERCICIO DO PODER JUDICIARIO
2011|1114,2011,1114,GRATIFICACAO DE REPRESENTACAO DO MINISTERIO PUBLICO
2011|1117,2011,1117,GRATIFICACAO DE CARGO EM COMISSAO
2011|1118,2011,1118,GRATIFICACAO POR PLANTAO
2011|1119,2011,1119,VANTAGEM PESSOAL
2011|1120,2011,1120,SUBSIDIOS VARIAVEIS
2011|1121,2011,1121,ABONO DE FERIAS
2011|1122,2011,1122,GRATIFICACAO DE NATAL
2011|1123,2011,1123,"GRATIFICACAO DE RISCO DE VIDA, SAUDE E CONTAGIO"
2011|1127,2011,1127,GRATIFICACAO DE INCENTIVO AO MERITO FUNCIONAL
2011|1128,2011,1128,GRATIFICACAO DE FUNCAO DE AGENTES DE SEGURANCA
2011|1129,2011,1129,GRATIFICACAO DE ASSESSORAMENTO
2011|1130,2011,1130,GRATIFICACAO ESPECIAL-GABINETE MILITAR
2011|1132,2011,1132,GRATIFICACAO PRO-LABORE
2011|1133,2011,1133,GRATIFICACAO DE INCENTIVO A EFICIENTIZACAO DOS SERVICOS - GIEFS
2011|1134,2011,1134,HONORARIOS
2011|1135,2011,1135,GRATIFICACAO DE DEDICACAO EXCLUSIVA
2011|1137,2011,1137,PARCELA REMUNERATORIA COMPLEMENTAR-PRC
2011|1139,2011,1139,ADICIONAL DE LOCAL DE TRABALHO
2011|1140,2011,1140,GRATIFICACAO DE FUNCAO
2011|1141,2011,1141,GRATIFICACAO POR CURSO
2011|1143,2011,1143,GRATIFICACAO DE ORGAO DE DELIBERACAO COLETIVA
2011|1144,2011,1144,ABONO DE PERMANENCIA
2011|1145,2011,1145,VANTAGEM TEMPORARIA INCORPORAVEL
2011|1146,2011,1146,GRATIFICACAO DE DESEMPENHO DE PRODUTIVIDADE INDIVIDUAL E INSTITUCIONAL
2011|1147,2011,1147,GRATIFICACAO DE ESCOLARIDADE DESEMPENHO E PROD INDIVID E INSTITUCIONAL
2011|1148,2011,1148,ADICIONAL DE DESEMPENHO - PESSOAL CIVIL
2011|1149,2011,1149,GRATIFICACAO COMPLEMENTAR DE PRODUTIVIDADE
2011|1150,2011,1150,SUBSIDIO - SERVIDORES DA EDUCACAO EFETIVOS
2011|1151,2011,1151,SUBSIDIO - SERVIDORES DA EDUCACAO DESIGNADOS
2011|1152,2011,1152,SUBSIDIO - SERVIDORES DA EDUCACAO DE EXTENSAO CARGA HORARIA
2011|1199,2011,1199,OUTROS
2011|1200,2011,1200,VENCIMENTOS E VANTAGENS FIXAS ¿ PESSOAL  MILITAR
2011|1201,2011,1201,REMUNERACAO BASICA
2011|1202,2011,1202,ADICIONAL POR TEMPO DE SERVICO
2011|1203,2011,1203,GRATIFICACOES ESPECIAIS
2011|1204,2011,1204,FERIAS-PREMIO
2011|1205,2011,1205,ABONO DE FERIAS
2011|1206,2011,1206,SUBSTITUICAO TEMPORARIA
2011|1207,2011,1207,GRATIFICACAO DE NATAL
2011|1208,2011,1208,ADICIONAL DE DESEMPENHO - PESSOAL MILITAR
2011|1299,2011,1299,OUTRAS
2011|1300,2011,1300,OBRIGACOES PATRONAIS
2011|1304,2011,1304,INSS
2011|1305,2011,1305,OBRIGACAO PATRONAL - PESSOAL ATIVO
2011|1306,2011,1306,OBRIGACAO PATRONAL - PESSOAL INATIVO
2011|1307,2011,1307,OBRIGACAO PATRONAL - CONTRATOS DE TERCEIRIZACAO
2011|1308,2011,1308,OBRIGACAO PATRONAL - PENSIONISTAS
2011|1309,2011,1309,OBRIGACAO PATRONAL - PRECATORIOS
2011|1310,2011,1310,OBRIGACAO PATRONAL - OUTRAS SENTENCAS JUDICIAIS
2011|1311,2011,1311,OBRIGACAO PATRONAL - CONTRATOS POR TEMPO DETERMINADO
2011|1400,2011,1400,DIARIAS - CIVIL
2011|1401,2011,1401,DIARIAS - CIVIL
2011|1500,2011,1500,DIARIAS - MILITAR
2011|1501,2011,1501,DIARIAS - MILITAR
2011|1600,2011,1600,OUTRAS DESPESAS VARIAVEIS - PESSOAL CIVIL
2011|1601,2011,1601,SERVICO EXTRAORDINARIO
2011|1602,2011,1602,SUBSTITUICAO EM CARGOS EM COMISSAO
2011|1603,2011,1603,AULAS FACULTATIVAS
2011|1604,2011,1604,GRATIFICACAO POR ENCARGOS EXTRAORDINARIOS
2011|1605,2011,1605,FERIAS-PREMIO
2011|1606,2011,1606,JORNADA COMPLEMENTAR DE TRABALHO
2011|1700,2011,1700,OUTRAS DESPESAS VARIAVEIS - PESSOAL MILITAR
2011|1701,2011,1701,OUTRAS DESPESAS VARIAVEIS - PESSOAL MILITAR
2011|1800,2011,1800,AUXILIO FINANCEIRO A ESTUDANTES
2011|1801,2011,1801,AUXILIO FINANCEIRO A ESTUDANTES
2011|1900,2011,1900,AUXILIO-FARDAMENTO
2011|1901,2011,1901,AUXILIO-FARDAMENTO
2011|2000,2011,2000,AUXILIO FINANCEIRO A PESQUISADORES
2011|2001,2011,2001,AUXILIO FINANCEIRO A PESQUISADORES
2011|2101,2011,2101,JUROS SOBRE A DIVIDA INTERNA POR CONTRATOS
2011|2102,2011,2102,JUROS SOBRE A DIVIDA EXTERNA POR CONTRATOS
2011|2103,2011,2103,JUROS DE OUTRAS DIVIDAS RENEGOCIADAS
2011|2201,2011,2201,OUTROS ENCARGOS SOBRE A DIVIDA INTERNA POR CONTRATOS
2011|2202,2011,2202,OUTROS ENCARGOS SOBRE A DIVIDA EXTERNA POR CONTRATOS
2011|2700,2011,2700,"ENCARGOS PELA HONRA DE AVAIS, GARANTIAS, SEGUROS E SIMILARES"
2011|2701,2011,2701,"ENCARGOS PELA HONRA DE AVAIS, GARANTIAS, SEGUROS E SIMILARES"
2011|3000,2011,3000,MATERIAL DE CONSUMO
2011|3001,2011,3001,"ARTIGOS PARA CONFECCAO, VESTUARIO, CAMA, MESA, BANHO E COZINHA"
2011|3002,2011,3002,ARTIGOS PARA ESPORTE
2011|3003,2011,3003,UTENSILIOS PARA REFEITORIO E COZINHA
2011|3004,2011,3004,MATERIAL GRAFICO E IMPRESSOS
2011|3005,2011,3005,MATERIAL PARA ESCRITORIO
2011|3006,2011,3006,MATERIAL DE DESENHO
2011|3007,2011,3007,MATERIAL DE ENSINO
2011|3008,2011,3008,PRODUTOS ALIMENTICIOS
2011|3009,2011,3009,FORRAGENS E OUTROS ALIMENTOS PARA ANIMAIS
2011|3010,2011,3010,MATERIAL MEDICO E HOSPITALAR
2011|3011,2011,3011,MATERIAL ODONTOLOGICO
2011|3012,2011,3012,MEDICAMENTOS
2011|3013,2011,3013,MATERIAIS DE LABORATORIO E PRODUTOS QUIMICOS EM GERAL
2011|3014,2011,3014,MATERIAL RADIOLOGICO
2011|3015,2011,3015,"MATERIAL FOTOGRAFICO, CINEMATOGRAFICO E DE COMUNICACAO"
2011|3016,2011,3016,MATERIAL DE INFORMATICA
2011|3017,2011,3017,ARTIGOS PARA LIMPEZA E HIGIENE
2011|3018,2011,3018,MATERIA-PRIMA E PROD. P/ MANIPULACAO E INDUSTRIAS DE TRANSFORMACAO
2011|3019,2011,3019,MATERIAL P/ MANUT. E REPAROS DE IMOVEIS DE PROPRIEDADE DA ADM. PUBLICA
2011|3020,2011,3020,MATERIAL ELETRICO
2011|3021,2011,3021,MATERIAL P/ MANUT. E REPAROS DE BENS DE DOMINIO PUB. OU DE TERCEIROS
2011|3022,2011,3022,"FERRAMENTAS, FERRAGENS E UTENSILIOS"
2011|3023,2011,3023,MATERIAL PARA MANUTENCAO DE VEICULOS AUTOMOTORES
2011|3024,2011,3024,PECAS E ACESSORIOS P/ EQUIP.  E OUTROS MATERIAIS PERMANENTES
2011|3025,2011,3025,"MATERIAL DE SEGURANCA, APETRECHOS OPERACIONAIS E POLICIAIS"
2011|3026,2011,3026,COMBUSTIVEIS E LUBRIFICANTES PARA VEICULOS AUTOMOTORES
2011|3027,2011,3027,COMBUSTIVEIS E LUBRIFICANTES P/ EQUIP. E OUTROS MAT.  PERMANENTES
2011|3028,2011,3028,"ANIMAIS DESTINADOS A ESTUDOS, A PREPARACAO DE PRODUTOS E AO ABATE"
2011|3029,2011,3029,"SEMENTES, MUDAS DE PLANTAS E INSUMOS"
2011|3030,2011,3030,MATERIAIS PARA ACONDICIONAMENTO E EMBALAGEM
2011|3031,2011,3031,LIVROS TECNICOS
2011|3032,2011,3032,MATERIAL CIVICO E EDUCATIVO
2011|3033,2011,3033,COMBUSTIVEIS E LUBRIFICANTES PARA AERONAVES
2011|3034,2011,3034,PECAS E ACESSORIOS PARA AERONAVES
2011|3036,2011,3036,MATERIAL BIBLIOGRAFICO PARA BIBLIOTECAS PUBLICAS
2011|3037,2011,3037,MEDICAMENTOS - DECISAO JUDICIAL
2011|3038,2011,3038,LEITE - PROGRAMA LEITE PELA VIDA
2011|3099,2011,3099,OUTROS MATERIAIS
2011|3100,2011,3100,"PREMIACOES CULTURAIS, ARTISTICAS, CIENTIFICAS, DESPORTIVAS E OUTRAS."
2011|3101,2011,3101,"PREMIOS, DIPLOMAS, CONDECORACOES E MEDALHAS"
2011|3102,2011,3102,PREMIOS LOTERICOS
2011|3103,2011,3103,COMISSOES LOTERICAS
2011|3104,2011,3104,PREMIAÇOES
2011|3200,2011,3200,"MATERIAL, BEM OU SERVICO PARA DISTRIBUICAO GRATUITA"
2011|3201,2011,3201,MATERIAL DE DISTRIBUICAO GRATUITA
2011|3300,2011,3300,PASSAGENS E DESPESAS COM LOCOMOCAO
2011|3301,2011,3301,PASSAGENS
2011|3302,2011,3302,"DESPESAS COM TAXI, PASSES E PEDAGIOS"
2011|3303,2011,3303,FRETAMENTO E LOCACAO
2011|3400,2011,3400,OUTRAS DESPESAS DE PESSOAL DECORRENTES DE CONTRATOS DE TERCEIRIZACAO
2011|3401,2011,3401,OUTRAS DESPESAS DE PESSOAL DECORRENTES DE CONT. DE TERCEIRIZACAO
2011|3402,2011,3402,AGENTES PENITENCIARIOS
2011|3500,2011,3500,SERVICOS DE CONSULTORIA
2011|3501,2011,3501,SERVICOS DE CONSULTORIA - PESSOA FISICA
2011|3502,2011,3502,SERVICOS DE CONSULTORIA - PESSOA JURIDICA
2011|3503,2011,3503,SERVICOS DE CONSULTORIA-ORGANISMO INTERNACIONAL
2011|3600,2011,3600,OUTROS SERVICOS DE TERCEIROS - PESSOA FISICA
2011|3601,2011,3601,ESTAGIARIOS
2011|3602,2011,3602,MEDICOS RESIDENTES
2011|3603,2011,3603,SALARIOS DE INTERNOS
2011|3604,2011,3604,DIARIAS A COLABORADORES EVENTUAIS
2011|3605,2011,3605,LOCACAO DE SERVICOS TECNICOS E ESPECIALIZADOS - PESSOA FISICA
2011|3606,2011,3606,FORNECIMENTO DE ALIMENTACAO
2011|3607,2011,3607,CONFECCAO EM GERAL
2011|3608,2011,3608,MEDICOS
2011|3609,2011,3609,DENTISTAS
2011|3610,2011,3610,EVENTUAL DE GABINETE
2011|3611,2011,3611,LOCACAO DE BENS IMOVEIS
2011|3612,2011,3612,DESPESAS MIUDAS DE PRONTO PAGAMENTO
2011|3613,2011,3613,PESSOAL DE ENFERMAGEM
2011|3614,2011,3614,"MONITORES, FISCAIS E EXAMINADORES"
2011|3615,2011,3615,ENCARGOS FINANCEIROS
2011|3616,2011,3616,REPARO E MANUTENCAO DE VEICULOS
2011|3617,2011,3617,"REPAROS DE EQUIPAMENTOS, INSTALACOES E MATERIAL PERMANENTE"
2011|3618,2011,3618,REPAROS DE BENS IMOVEIS
2011|3619,2011,3619,CONFERENCIAS E EXPOSICOES
2011|3620,2011,3620,JETONS A CONSELHEIROS
2011|3622,2011,3622,TAXA DE CONDOMINIO
2011|3699,2011,3699,OUTRAS DESPESAS PAGAS A PESSOAS FISICAS
2011|3700,2011,3700,LOCACAO DE MAO-DE-OBRA
2011|3701,2011,3701,LOCACAO DE SERVICOS DE CONSERVACAO E LIMPEZA
2011|3702,2011,3702,LOCACAO DE SERVICOS DE APOIO ADMINISTRATIVO
2011|3800,2011,3800,ARRENDAMENTO MERCANTIL
2011|3900,2011,3900,OUTROS SERVICOS DE TERCEIROS - PESSOA JURIDICA
2011|3901,2011,3901,VALE-TRANSPORTE
2011|3902,2011,3902,VALE-REFEICAO
2011|3903,2011,3903,FORNECIMENTO DE ALIMENTACAO
2011|3904,2011,3904,CONFECCAO EM GERAL
2011|3906,2011,3906,TRANSPORTE E ACONDICIONAMENTO DE MATERIAIS
2011|3908,2011,3908,PUBLICACAO E DIVULGACAO
2011|3909,2011,3909,PUBLICIDADE
2011|3910,2011,3910,PREMIOS DE SEGUROS
2011|3911,2011,3911,"ASSINATURAS DE JORNAIS, REVISTAS E PERIODICOS"
2011|3912,2011,3912,TARIFA DE ENERGIA ELETRICA
2011|3913,2011,3913,TARIFA DE AGUA E ESGOTO
2011|3914,2011,3914,SERVICO DE TELEFONIA
2011|3915,2011,3915,SERVICO POSTAL-TELEGRAFICO
2011|3916,2011,3916,LOCACAO DE TV POR ASSINATURA
2011|3917,2011,3917,LOCACAO DE VEICULOS
2011|3918,2011,3918,REPAROS DE VEICULOS
2011|3919,2011,3919,LOCACAO DE MAQUINAS E EQUIPAMENTOS
2011|3920,2011,3920,LOCACAO DE BENS IMOVEIS
2011|3921,2011,3921,"REPAROS DE EQUIPAMENTOS, INSTALACOES E MATERIAL PERMANENTE"
2011|3922,2011,3922,REPAROS DE BENS IMOVEIS
2011|3923,2011,3923,"RECEPCOES, HOSPEDAGENS, HOMENAGENS E FESTIVIDADES"
2011|3924,2011,3924,"CURSOS, EXPOSICOES, CONGRESSOS E CONFERENCIAS"
2011|3925,2011,3925,ENCARGOS JUDICIAIS
2011|3926,2011,3926,ENCARGOS FINANCEIROS
2011|3927,2011,3927,SERVICOS DE TECNOLOGIA DA INFORMACAO
2011|3928,2011,3928,SERVICOS DE SAUDE EXECUTADOS COM RECURSOS DO SUS
2011|3929,2011,3929,SERVICOS DE SAUDE PRESTADOS POR PESSOA JURIDICA
2011|3930,2011,3930,MULTAS DE TRANSITO
2011|3931,2011,3931,LOCACAO DE SERVICOS GRAFICOS
2011|3933,2011,3933,TAXA DE ADMINISTRACAO
2011|3934,2011,3934,SEGUROS DE AERONAVES
2011|3935,2011,3935,"REPARO, MANUTENCAO, E SERVICOS AEROPORTUARIOS PARA AERONAVES"
2011|3936,2011,3936,SERVICOS DE INFORMATICA EXECUTADOS PELA PRODEMGE
2011|3937,2011,3937,TAXA DE CONDOMINIO
2011|3938,2011,3938,SERVICOS DE IMPRESSAO E ENCADERNACAO EXECUTADOS PELA IMPRENSA OFICIAL
2011|3939,2011,3939,SERVICOS DE PUBLICACAO E DIVULGACAO EXECUTADOS PELA IMPRENSA OFICIAL
2011|3940,2011,3940,SERVICOS DE TELECOMUNICACAO
2011|3941,2011,3941,ANUIDADES
2011|3942,2011,3942,SERVICOS GRAFICOS DE SEGURANCA
2011|3943,2011,3943,SERVICO DE ADMINISTRACAO E GERENCIAMENTO DE FROTA DE VEICULOS
2011|3945,2011,3945,SERVICOS DE TRANSPORTE DE PASSAGEIROS
2011|3946,2011,3946,TERMO DE PARCERIA COM ORGANIZACAO DA SOCIEDADE CIVIL DE INTERESSE PUBL
2011|3947,2011,3947,TAXA DE ADMINISTRACAO DE CREDITO DE FINANCIAMENTOS HABITACIONAIS
2011|3948,2011,3948,"CURSOS DE FORMACAO, CAPACITACAO E POS-GRADUACAO PARA SERVIDORES"
2011|3949,2011,3949,CURSOS DE FORMACAO E CAPACITACAO PARA O CIDADAO
2011|3950,2011,3950,SERVICOS DE AGENCIAMENTO DE VIAGENS
2011|3951,2011,3951,"SERVICOS DE GERENCIAMENTO, SUPERVISAO E FISCALIZACAO DE OBRAS"
2011|3952,2011,3952,CONTRATACAO DE ESTAGIARIOS
2011|3953,2011,3953,CURSOS DE FORMACAO E CAPACITACAO PROMOVIDOS PELO ESTADO
2011|3954,2011,3954,CONTRATO DE PARCERIA PUBLICO PRIVADA
2011|3955,2011,3955,EVENTOS DE COMUNICACAO INSTITUCIONAL
2011|3956,2011,3956,SERVICOS DE PESQUISAS DE OPINIAO
2011|3957,2011,3957,COMISSAO PELA CONSTRUCAO DE UNIDADES HABITACIONAIS
2011|3958,2011,3958,"CONTRATACAO DE PROJETOS EM PESQUISA DE CIENCIA, INOVACAO E TECNOLOGIA"
2011|3959,2011,3959,SERVICOS SANITARIOS E TRATAMENTO DE RESIDUOS
2011|3960,2011,3960,SERVICOS DE ATENDIMENTO AO CIDADAO
2011|3961,2011,3961,SERVICOS DE CONSERVACAO E LIMPEZA
2011|3962,2011,3962,SERVICOS DE VIGILANCIA OSTENSIVA
2011|3964,2011,3964,SERVICOS DE MAPEAMENTO E GEORREFERENCIAMENTO
2011|3965,2011,3965,SERVICOS DE PRODUCAO E LOGISTICA DE MEDICAMENTOS
2011|3966,2011,3966,SERVICOS DE ABASTECIMENTO E DISTRIBUICAO DE AGUA
2011|3968,2011,3968,SERVICO DE IMPRENSA
2011|3969,2011,3969,CONTRATOS DE ENERGIA ELETRICA
2011|3970,2011,3970,REDE IP MULTISSERVICOS
2011|3971,2011,3971,SERVICOS TECN DE IMPLANTACAO GESTAO E ADM DO SIST DE OBSERV ELETRONICA
2011|3980,2011,3980,ADESAO AO PARCELAMENTO DECORRENTE DA LEI FEDERAL N.11941/2009
2011|3999,2011,3999,OUTROS SERVICOS PESSOA JURIDICA
2011|4100,2011,4100,CONTRIBUICOES
2011|4101,2011,4101,CONTRIBUICOES
2011|4102,2011,4102,TRANSFERENCIAS AO FUNDHAB
2011|4103,2011,4103,CONTRIBUICOES AO IPLEMG
2011|4200,2011,4200,AUXILIOS
2011|4201,2011,4201,AUXILIOS
2011|4300,2011,4300,SUBVENCOES SOCIAIS
2011|4301,2011,4301,SUBVENCOES SOCIAIS
2011|4500,2011,4500,EQUALIZACAO DE PRECOS E TAXAS
2011|4600,2011,4600,AUXILIO-ALIMENTACAO
2011|4601,2011,4601,AUXILIO-ALIMENTACAO
2011|4700,2011,4700,OBRIGACOES TRIBUTARIAS E CONTRIBUTIVAS
2011|4701,2011,4701,OBRIGACOES TRIBUTARIAS E CONTRIBUTIVAS
2011|4800,2011,4800,OUTROS AUXILIOS FINANCEIROS A PESSOAS FISICAS
2011|4801,2011,4801,OUTROS AUXILIOS FINANCEIROS A PESSOAS FISICAS
2011|4900,2011,4900,AUXILIO-TRANSPORTE
2011|4901,2011,4901,AUXILIO-TRANSPORTE
2011|4902,2011,4902,AUXILIO-TRANSPORTE - PODER LEGISLATIVO
2011|4903,2011,4903,DESPESA DE TRANSPORTE DEVIDA A SERVIDORES DOS PODERES DO ESTADO
2011|5100,2011,5100,OBRAS E INSTALACOES
2011|5101,2011,5101,ESTUDOS E PROJETOS DE BENS PATRIMONIAVEIS
2011|5102,2011,5102,EXECUCAO DIRETA DE OBRAS DE BENS PATRIMONIAVEIS
2011|5103,2011,5103,EXECUCAO DE OBRAS POR CONTRATO DE BENS PATRIMONIAVEIS
2011|5104,2011,5104,INSTALACOES PARA OBRAS EM ANDAMENTO
2011|5106,2011,5106,ESTUDOS E PROJETOS DE BENS NAO PATRIMONIAVEIS
2011|5107,2011,5107,EXECUCAO DE OBRAS POR CONTRATO DE BENS NAO PATRIMONIAVEIS
2011|5109,2011,5109,EXECUCAO DIRETA DE OBRAS DE BENS NAO PATRIMONIAVEIS
2011|5110,2011,5110,MATERIAL PARA OBRAS - BENS PATRIMONIAVEIS
2011|5111,2011,5111,CONSTRUCAO DE UNIDADES HABITACIONAIS
2011|5112,2011,5112,MATERIAL PARA OBRAS - BENS NAO PATRIMONIAVEIS
2011|5113,2011,5113,INSTALACAO PARA INCORPORACAO A BENS IMOVEIS
2011|5200,2011,5200,EQUIPAMENTOS E MATERIAL PERMANENTE
2011|5201,2011,5201,AERONAVES E COMPONENTES ESTRUTURAIS
2011|5203,2011,5203,ARMAMENTO E EQUIPAMENTO DE USO POLICIAL
2011|5204,2011,5204,"MAQUINAS, APARELHOS, UTENSILIOS E EQUIPAMENTOS DE USO INDUSTRIAL"
2011|5205,2011,5205,"EMBARCACOES, PONTOES, DIQUES, FLUTUANTES E COMP. ESTRUTURAIS"
2011|5206,2011,5206,EQUIPAMENTOS DE COMUNICACAO E TELEFONIA
2011|5207,2011,5207,EQUIPAMENTOS DE INFORMATICA
2011|5208,2011,5208,"EQUIPAMENTOS DE SOM, VIDEO, FOTOGRAFICO E CINEMATOGRAFICO"
2011|5209,2011,5209,"EQUIPAMENTOS HOSPITALARES, ODONTOLOGICOS E DE LABORATORIO"
2011|5210,2011,5210,"FERRAMENTAS, EQUIP. E INSTRUMENTOS P/ OFICINA, MEDICAO E INSPECAO"
2011|5211,2011,5211,"INSTRUMENTOS DE LABORATORIO, MEDICOS E ODONTOLOGICOS"
2011|5212,2011,5212,"MAQUINAS, APARELHOS, UTENSILIOS E EQUIPAMENTOS  USO ADMINISTRATIVO"
2011|5213,2011,5213,MATERIAL ESPORTIVO E RECREATIVO
2011|5214,2011,5214,MOBILIARIO
2011|5215,2011,5215,OBJETOS DE ARTE E ANTIGUIDADES
2011|5216,2011,5216,"TRATORES, SIMILARES E IMPLEMENTOS"
2011|5217,2011,5217,VEICULOS
2011|5218,2011,5218,COLECAO E MATERIAIS BIBLIOGRAFICOS
2011|5219,2011,5219,INSTRUMENTOS MUSICAIS E ARTISTICOS
2011|5220,2011,5220,EQUIPAMENTOS DE SEGURANCA ELETRONICA
2011|5221,2011,5221,MATERIAL DIDATICO
2011|5299,2011,5299,OUTROS MATERIAIS PERMANENTES
2011|6100,2011,6100,AQUISICAO DE IMOVEIS
2011|6101,2011,6101,TERRENOS
2011|6103,2011,6103,FAZENDAS
2011|6104,2011,6104,EDIFICIOS
2011|6106,2011,6106,IMOVEIS NECESSARIOS A REALIZACAO DE OBRAS DE BENS PATRIMONIAVEIS
2011|6107,2011,6107,IMOVEIS NECESSARIOS A REALIZACAO DE OBRAS DE BENS NAO-PATRIMONIAVEIS
2011|6500,2011,6500,CONSTITUICAO OU AUMENTO DE CAPITAL DE EMPRESAS
2011|6501,2011,6501,CONSTITUICAO OU AUMENTO DE CAPITAL DE EMPRESAS
2011|6600,2011,6600,CONCESSAO DE EMPRESTIMOS E FINANCIAMENTOS
2011|6602,2011,6602,CONCESSAO DE EMPRESTIMO OU FINANCIAMENTO PELOS FUNDOS ESTADUAIS
2011|6603,2011,6603,CONCESSAO DE FINANCIAMENTOS HABITACIONAIS
2011|6700,2011,6700,DEPOSITOS COMPULSORIOS
2011|6701,2011,6701,DEPOSITOS COMPULSORIOS
2011|7101,2011,7101,PRINCIPAL DA DIVIDA INTERNA POR CONTRATOS
2011|7102,2011,7102,PRINCIPAL DA DIVIDA EXTERNA POR CONTRATOS
2011|7103,2011,7103,PRINCIPAL DE OUTRAS DIVIDAS RENEGOCIADAS
2011|8100,2011,8100,DISTRIBUICAO CONSTITUCIONAL OU LEGAL DE RECEITAS
2011|8102,2011,8102,COTA PARTE DO IPVA
2011|8103,2011,8103,COTA PARTE DO ICMS
2011|8104,2011,8104,COTA PARTE DO IPI
2011|8105,2011,8105,COTA PARTE DA CIDE
2011|8199,2011,8199,OUTRAS TRANSFERENCIAS
2011|9100,2011,9100,SENTENCAS JUDICIAIS
2011|9102,2011,9102,PRECATORIOS
2011|9103,2011,9103,OUTRAS SENTENCAS JUDICIAIS
2011|9200,2011,9200,DESPESAS DE EXERCICIOS ANTERIORES
2011|9201,2011,9201,DESPESAS DE EXERCICIOS ANTERIORES
2011|9300,2011,9300,INDENIZACOES E RESTITUICOES
2011|9301,2011,9301,AJUDA DE CUSTO
2011|9303,2011,9303,PERDAS DECORRENTES DE APLICACOES FINANCEIRAS
2011|9305,2011,9305,DESPESAS DECORRENTES DE CONTRATOS DE CONCESSAO OU PERMISSAO
2011|9306,2011,9306,RESTITUICAO DE RECURSOS DE CONVENIO E DE CONTRAPARTIDA
2011|9307,2011,9307,RESSARCIMENTO REFERENTE A PESSOAL REQUISITADO DA ADMINITRACAO ESTADUAL
2011|9308,2011,9308,DESPESAS DE CARATER INDENIZATORIO RELATIVAS AO MANDATO PARLAMENTAR
2011|9309,2011,9309,PREMIO DE PRODUTIVIDADE
2011|9310,2011,9310,RESTITUICAO DE RECEITA - EXERCICIO ANTERIOR
2011|9311,2011,9311,COMPENSACAO FINANCEIRA DOS REGIMES DE PREVIDENCIA
2011|9312,2011,9312,INDENIZACAO POR UTILIZACAO DE BENS DE TERCEIROS
2011|9313,2011,9313,REEMBOLSO DE DESPESAS MEDICO-HOSPITALARES
2011|9314,2011,9314,INDENIZACOES DETERMINADAS POR DECISOES JUDICIAIS
2011|9315,2011,9315,INDENIZACAO DECORRENTE DE RESCISAO UNILATERAL
2011|9316,2011,9316,INDENIZACOES DETERMINADAS POR LEI ESPECIFICA
2011|9399,2011,9399,OUTRAS INDENIZACOES E RESTITUICOES
2011|9400,2011,9400,INDENIZACOES E RESTITUICOES TRABALHISTAS
2011|9401,2011,9401,INDENIZACOES E RESTITUICOES TRABALHISTAS
2011|9500,2011,9500,INDENIZACAO PELA EXECUCAO DE TRABALHOS DE CAMPO
2011|9600,2011,9600,RESSARCIMENTO DE DESPESAS DE PESSOAL REQUISITADO
2011|9601,2011,9601,RESSARCIMENTO DE DESPESAS DE PESSOAL REQUISITADO
2011|9700,2011,9700,APORTE PARA COBERTURA DO DEFICT ATUARIAL DO RPPS
2011|9701,2011,9701,APORTE PARA COBERTURA DO DEFICIT ATUARIAL DO RPPS
2011|9900,2011,9900,A CLASSIFICAR
2012|None,2012,,SEM INFORMACAO
2012|0,2012,0,SEM INFORMACAO
2012|100,2012,100,"APOSENTADORIAS, RESERVA REMUNERADA E REFORMAS"
2012|101,2012,101,PROVENTOS DE APOSENTADOS
2012|103,2012,103,PROVENTOS DE MILITARES INATIVOS
2012|105,2012,105,APOSENTADORIA IPSEMG - LEI N. 1.195 DE 23/12/1954
2012|108,2012,108,SUBSIDIO APOSENTADOS DA EDUCACAO
2012|300,2012,300,PENSOES
2012|301,2012,301,PENSAO ACIDENTARIA - LEI N. 9.683/88 E LEI DELEGADA N. 037/89
2012|302,2012,302,PENSAO ESPECIAL - LEI N. 552/49
2012|303,2012,303,PENSAO ESPECIFICA DOS INSTITUTOS DE PREVIDENCIA
2012|305,2012,305,PENSOES DECORRENTES DE SENTENCA JUDICIAIS
2012|399,2012,399,OUTRAS PENSOES
2012|400,2012,400,CONTRATACAO POR TEMPO DETERMINADO
2012|401,2012,401,CONTRATACAO POR TEMPO DETERMINADO
2012|500,2012,500,OUTROS BENEFICIOS PREVIDENCIARIOS
2012|501,2012,501,AUXILIO-RECLUSAO
2012|502,2012,502,AUXILIO-NATALIDADE
2012|503,2012,503,AUXILIO-FUNERAL
2012|505,2012,505,PECULIO E SEGURO COLETIVO
2012|599,2012,599,AUXILIOS DIVERSOS
2012|700,2012,700,CONTRIBUICAO A ENTIDADES FECHADAS DE PREVIDENCIA
2012|701,2012,701,CONTRIBUICAO A ENTIDADES FECHADAS DE PREVIDENCIA
2012|800,2012,800,OUTROS BENEFICIOS ASSISTENCIAIS
2012|801,2012,801,AUXILIO-DOENCA
2012|802,2012,802,AUXILIO-FUNERAL
2012|803,2012,803,AUXILIO-CRECHE
2012|804,2012,804,INDENIZACAO SECURITARIA
2012|805,2012,805,AUXILIO-NATALIDADE
2012|899,2012,899,AUXILIOS DIVERSOS
2012|900,2012,900,SALARIO-FAMILIA
2012|901,2012,901,SALARIO / ABONO-FAMILIA
2012|1000,2012,1000,OUTROS BENEFICIOS DE NATUREZA SOCIAL
2012|1100,2012,1100,VENCIMENTOS E VANTAGENS FIXAS-PESSOAL CIVIL
2012|1101,2012,1101,VENCIMENTOS
2012|1102,2012,1102,DESIGNADOS DO MAGISTERIO
2012|1103,2012,1103,ADICIONAL POR TEMPO DE SERVICO
2012|1104,2012,1104,GRATIFICACAO DE ENSINO ESPECIAL
2012|1105,2012,1105,GRATIFICACAO DE REGIME ESPECIAL DE TRABALHO
2012|1106,2012,1106,GRATIFICACAO DE COORDENADOR DE ESCOLA
2012|1107,2012,1107,GRATIFICACAO DE INCENTIVO A DOCENCIA
2012|1108,2012,1108,VERBA DE REPRESENTACAO
2012|1109,2012,1109,GRATIFICACAO DE RISCO DE CONTAGIO E RAIO X
2012|1112,2012,1112,GRATIFICACAO DE ESTIMULO A PRODUCAO INDIVIDUAL - GEPI
2012|1113,2012,1113,GRATIFICACAO DE EXERCICIO DO PODER JUDICIARIO
2012|1114,2012,1114,GRATIFICACAO DE REPRESENTACAO DO MINISTERIO PUBLICO
2012|1116,2012,1116,GRATIFICACAO DE FUNCAO AUXILIAR DE ATIVIDADE PARLAMENTAR
2012|1117,2012,1117,GRATIFICACAO DE CARGO EM COMISSAO
2012|1118,2012,1118,GRATIFICACAO POR PLANTAO
2012|1119,2012,1119,VANTAGEM PESSOAL
2012|1120,2012,1120,SUBSIDIOS VARIAVEIS
2012|1121,2012,1121,ABONO DE FERIAS
2012|1122,2012,1122,GRATIFICACAO DE NATAL
2012|1123,2012,1123,"GRATIFICACAO DE RISCO DE VIDA, SAUDE E CONTAGIO"
2012|1127,2012,1127,GRATIFICACAO DE INCENTIVO AO MERITO FUNCIONAL
2012|1128,2012,1128,GRATIFICACAO DE FUNCAO DE AGENTES DE SEGURANCA
2012|1129,2012,1129,GRATIFICACAO DE ASSESSORAMENTO
2012|1130,2012,1130,GRATIFICACAO ESPECIAL-GABINETE MILITAR
2012|1133,2012,1133,GRATIFICACAO DE INCENTIVO A EFICIENTIZACAO DOS SERVICOS - GIEFS
2012|1134,2012,1134,HONORARIOS
2012|1135,2012,1135,GRATIFICACAO DE DEDICACAO EXCLUSIVA
2012|1137,2012,1137,PARCELA REMUNERATORIA COMPLEMENTAR-PRC
2012|1138,2012,1138,ADICIONAL DE ATIVIDADE EPECIFICA
2012|1139,2012,1139,ADICIONAL DE LOCAL DE TRABALHO
2012|1140,2012,1140,GRATIFICACAO DE FUNCAO
2012|1141,2012,1141,GRATIFICACAO POR CURSO
2012|1143,2012,1143,GRATIFICACAO DE ORGAO DE DELIBERACAO COLETIVA
2012|1144,2012,1144,ABONO DE PERMANENCIA
2012|1145,2012,1145,VANTAGEM TEMPORARIA INCORPORAVEL
2012|1146,2012,1146,GRATIFICACAO DE DESEMPENHO DE PRODUTIVIDADE INDIVIDUAL E INSTITUCIONAL
2012|1147,2012,1147,GRATIFICACAO DE ESCOLARIDADE DESEMPENHO E PROD INDIVID E INSTITUCIONAL
2012|1148,2012,1148,ADICIONAL DE DESEMPENHO - PESSOAL CIVIL
2012|1149,2012,1149,GRATIFICACAO COMPLEMENTAR DE PRODUTIVIDADE
2012|1150,2012,1150,SUBSIDIO - SERVIDORES DA EDUCACAO EFETIVOS
2012|1151,2012,1151,SUBSIDIO - SERVIDORES DA EDUCACAO DESIGNADOS
2012|1152,2012,1152,SUBSIDIO - SERVIDORES DA EDUCACAO DE EXTENSAO CARGA HORARIA
2012|1199,2012,1199,OUTROS
2012|1200,2012,1200,VENCIMENTOS E VANTAGENS FIXAS ¿ PESSOAL  MILITAR
2012|1201,2012,1201,REMUNERACAO BASICA
2012|1202,2012,1202,ADICIONAL POR TEMPO DE SERVICO
2012|1203,2012,1203,GRATIFICACOES ESPECIAIS
2012|1204,2012,1204,FERIAS-PREMIO
2012|1205,2012,1205,ABONO DE FERIAS
2012|1206,2012,1206,SUBSTITUICAO TEMPORARIA
2012|1207,2012,1207,GRATIFICACAO DE NATAL
2012|1208,2012,1208,ADICIONAL DE DESEMPENHO - PESSOAL MILITAR
2012|1299,2012,1299,OUTRAS
2012|1300,2012,1300,OBRIGACOES PATRONAIS
2012|1304,2012,1304,INSS
2012|1305,2012,1305,OBRIGACAO PATRONAL - PESSOAL ATIVO
2012|1306,2012,1306,OBRIGACAO PATRONAL - PESSOAL INATIVO
2012|1307,2012,1307,OBRIGACAO PATRONAL - CONTRATOS DE TERCEIRIZACAO
2012|1308,2012,1308,OBRIGACAO PATRONAL - PENSIONISTAS
2012|1309,2012,1309,OBRIGACAO PATRONAL - PRECATORIOS
2012|1310,2012,1310,OBRIGACAO PATRONAL - OUTRAS SENTENCAS JUDICIAIS
2012|1311,2012,1311,OBRIGACAO PATRONAL - CONTRATOS POR TEMPO DETERMINADO
2012|1312,2012,1312,OBRIGACAO PATRONAL - ENTIDADES CONVENIADAS
2012|1313,2012,1313,OBRIGACAO PATRONAL - MEDICOS RESIDENTES
2012|1314,2012,1314,OBRIGACAO PATRONAL - ENCARGOS POR PAGAMENTO EM ATRASO
2012|1315,2012,1315,OBRIGAÇÃO PATRONAL - PREMIO DE PRODUTIVIDADE
2012|1316,2012,1316,OBRIGACAO PATRONAL ADVOGADOS DATIVOS
2012|1400,2012,1400,DIARIAS - CIVIL
2012|1401,2012,1401,DIARIAS - CIVIL
2012|1500,2012,1500,DIARIAS - MILITAR
2012|1501,2012,1501,DIARIAS - MILITAR
2012|1600,2012,1600,OUTRAS DESPESAS VARIAVEIS - PESSOAL CIVIL
2012|1601,2012,1601,SERVICO EXTRAORDINARIO
2012|1602,2012,1602,SUBSTITUICAO EM CARGOS EM COMISSAO
2012|1603,2012,1603,AULAS FACULTATIVAS
2012|1604,2012,1604,GRATIFICACAO POR ENCARGOS EXTRAORDINARIOS
2012|1605,2012,1605,FERIAS-PREMIO
2012|1606,2012,1606,JORNADA COMPLEMENTAR DE TRABALHO
2012|1700,2012,1700,OUTRAS DESPESAS VARIAVEIS - PESSOAL MILITAR
2012|1701,2012,1701,OUTRAS DESPESAS VARIAVEIS - PESSOAL MILITAR
2012|1800,2012,1800,AUXILIO FINANCEIRO A ESTUDANTES
2012|1801,2012,1801,AUXILIO FINANCEIRO A ESTUDANTES
2012|1900,2012,1900,AUXILIO-FARDAMENTO
2012|1901,2012,1901,AUXILIO-FARDAMENTO
2012|2000,2012,2000,AUXILIO FINANCEIRO A PESQUISADORES
2012|2001,2012,2001,AUXILIO FINANCEIRO A PESQUISADORES
2012|2100,2012,2100,JUROS SOBRE A DIVIDA POR CONTRATO
2012|2101,2012,2101,JUROS SOBRE A DIVIDA INTERNA POR CONTRATOS
2012|2102,2012,2102,JUROS SOBRE A DIVIDA EXTERNA POR CONTRATOS
2012|2103,2012,2103,JUROS DE OUTRAS DIVIDAS RENEGOCIADAS
2012|2104,2012,2104,JUROS SOBRE O PARCELAMENTO DA DIVIDA PREVIDENCIARIA
2012|2200,2012,2200,OUTROS ENCARGOS SOBRE A DIVIDA POR CONTRATO
2012|2201,2012,2201,OUTROS ENCARGOS SOBRE A DIVIDA INTERNA POR CONTRATOS
2012|2202,2012,2202,OUTROS ENCARGOS SOBRE A DIVIDA EXTERNA POR CONTRATOS
2012|2700,2012,2700,"ENCARGOS PELA HONRA DE AVAIS, GARANTIAS, SEGUROS E SIMILARES"
2012|2701,2012,2701,"ENCARGOS PELA HONRA DE AVAIS, GARANTIAS, SEGUROS E SIMILARES"
2012|2900,2012,2900,DISTRIBUICAO DE RESULTADO DE EMPRESAS ESTATAIS DEPENDENTES
2012|3000,2012,3000,MATERIAL DE CONSUMO
2012|3001,2012,3001,"ARTIGOS PARA CONFECCAO, VESTUARIO, CAMA, MESA, BANHO E COZINHA"
2012|3002,2012,3002,ARTIGOS PARA ESPORTE
2012|3003,2012,3003,UTENSILIOS PARA REFEITORIO E COZINHA
2012|3004,2012,3004,MATERIAL GRAFICO E IMPRESSOS
2012|3005,2012,3005,MATERIAL PARA ESCRITORIO
2012|3006,2012,3006,MATERIAL DE DESENHO
2012|3007,2012,3007,MATERIAL DE ENSINO
2012|3008,2012,3008,PRODUTOS ALIMENTICIOS
2012|3009,2012,3009,FORRAGENS E OUTROS ALIMENTOS PARA ANIMAIS
2012|3010,2012,3010,MATERIAL MEDICO E HOSPITALAR
2012|3011,2012,3011,MATERIAL ODONTOLOGICO
2012|3012,2012,3012,MEDICAMENTOS
2012|3013,2012,3013,MATERIAIS DE LABORATORIO E PRODUTOS QUIMICOS EM GERAL
2012|3014,2012,3014,MATERIAL RADIOLOGICO
2012|3015,2012,3015,"MATERIAL FOTOGRAFICO, CINEMATOGRAFICO E DE COMUNICACAO"
2012|3016,2012,3016,MATERIAL DE INFORMATICA
2012|3017,2012,3017,ARTIGOS PARA LIMPEZA E HIGIENE
2012|3018,2012,3018,MATERIA-PRIMA E PROD. P/ MANIPULACAO E INDUSTRIAS DE TRANSFORMACAO
2012|3019,2012,3019,MATERIAL P/ MANUT. E REPAROS DE IMOVEIS DE PROPRIEDADE DA ADM. PUBLICA
2012|3020,2012,3020,MATERIAL ELETRICO
2012|3021,2012,3021,MATERIAL P/ MANUT. E REPAROS DE BENS DE DOMINIO PUB. OU DE TERCEIROS
2012|3022,2012,3022,"FERRAMENTAS, FERRAGENS E UTENSILIOS"
2012|3023,2012,3023,MATERIAL PARA MANUTENCAO DE VEICULOS AUTOMOTORES
2012|3024,2012,3024,PECAS E ACESSORIOS P/ EQUIP.  E OUTROS MATERIAIS PERMANENTES
2012|3025,2012,3025,"MATERIAL DE SEGURANCA, APETRECHOS OPERACIONAIS E POLICIAIS"
2012|3026,2012,3026,COMBUSTIVEIS E LUBRIFICANTES PARA VEICULOS AUTOMOTORES
2012|3027,2012,3027,COMBUSTIVEIS E LUBRIFICANTES P/ EQUIP. E OUTROS MAT.  PERMANENTES
2012|3028,2012,3028,"ANIMAIS DESTINADOS A ESTUDOS, A PREPARACAO DE PRODUTOS E AO ABATE"
2012|3029,2012,3029,"SEMENTES, MUDAS DE PLANTAS E INSUMOS"
2012|3030,2012,3030,MATERIAIS PARA ACONDICIONAMENTO E EMBALAGEM
2012|3031,2012,3031,LIVROS TECNICOS
2012|3032,2012,3032,MATERIAL CIVICO E EDUCATIVO
2012|3033,2012,3033,COMBUSTIVEIS E LUBRIFICANTES PARA AERONAVES
2012|3034,2012,3034,PECAS E ACESSORIOS PARA AERONAVES
2012|3036,2012,3036,MATERIAL BIBLIOGRAFICO PARA BIBLIOTECAS PUBLICAS
2012|3037,2012,3037,MEDICAMENTOS - DECISAO JUDICIAL
2012|3038,2012,3038,LEITE - PROGRAMA LEITE PELA VIDA
2012|3099,2012,3099,OUTROS MATERIAIS
2012|3100,2012,3100,"PREMIACOES CULTURAIS, ARTISTICAS, CIENTIFICAS, DESPORTIVAS E OUTRAS."
2012|3101,2012,3101,"PREMIOS, DIPLOMAS, CONDECORACOES E MEDALHAS"
2012|3102,2012,3102,PREMIOS LOTERICOS
2012|3103,2012,3103,COMISSOES LOTERICAS
2012|3104,2012,3104,PREMIAÇOES
2012|3200,2012,3200,"MATERIAL, BEM OU SERVICO PARA DISTRIBUICAO GRATUITA"
2012|3201,2012,3201,MATERIAL DE DISTRIBUICAO GRATUITA
2012|3300,2012,3300,PASSAGENS E DESPESAS COM LOCOMOCAO
2012|3301,2012,3301,PASSAGENS
2012|3302,2012,3302,"DESPESAS COM TAXI, PASSES E PEDAGIOS"
2012|3303,2012,3303,FRETAMENTO E LOCACAO
2012|3400,2012,3400,OUTRAS DESPESAS DE PESSOAL DECORRENTES DE CONTRATOS DE TERCEIRIZACAO
2012|3401,2012,3401,OUTRAS DESPESAS DE PESSOAL DECORRENTES DE CONT. DE TERCEIRIZACAO
2012|3402,2012,3402,AGENTES PENITENCIARIOS
2012|3500,2012,3500,SERVICOS DE CONSULTORIA
2012|3501,2012,3501,SERVICOS DE CONSULTORIA - PESSOA FISICA
2012|3502,2012,3502,SERVICOS DE CONSULTORIA - PESSOA JURIDICA
2012|3503,2012,3503,SERVICOS DE CONSULTORIA-ORGANISMO INTERNACIONAL
2012|3600,2012,3600,OUTROS SERVICOS DE TERCEIROS ¿ PESSOA FISICA
2012|3601,2012,3601,ESTAGIARIOS
2012|3602,2012,3602,MEDICOS RESIDENTES
2012|3603,2012,3603,SALARIOS DE INTERNOS
2012|3604,2012,3604,DIARIAS A COLABORADORES EVENTUAIS
2012|3605,2012,3605,LOCACAO DE SERVICOS TECNICOS E ESPECIALIZADOS - PESSOA FISICA
2012|3606,2012,3606,FORNECIMENTO DE ALIMENTACAO
2012|3607,2012,3607,CONFECCAO EM GERAL
2012|3608,2012,3608,MEDICOS
2012|3609,2012,3609,DENTISTAS
2012|3610,2012,3610,EVENTUAL DE GABINETE
2012|3611,2012,3611,LOCACAO DE BENS IMOVEIS
2012|3612,2012,3612,DESPESAS MIUDAS DE PRONTO PAGAMENTO
2012|3613,2012,3613,PESSOAL DE ENFERMAGEM
2012|3614,2012,3614,"MONITORES, FISCAIS E EXAMINADORES"
2012|3615,2012,3615,ENCARGOS FINANCEIROS
2012|3616,2012,3616,REPARO E MANUTENCAO DE VEICULOS
2012|3617,2012,3617,"REPAROS DE EQUIPAMENTOS, INSTALACOES E MATERIAL PERMANENTE"
2012|3618,2012,3618,REPAROS DE BENS IMOVEIS
2012|3619,2012,3619,CONFERENCIAS E EXPOSICOES
2012|3620,2012,3620,JETONS A CONSELHEIROS
2012|3621,2012,3621,ADVOGADOS DATIVOS
2012|3622,2012,3622,TAXA DE CONDOMINIO
2012|3699,2012,3699,OUTRAS DESPESAS PAGAS A PESSOAS FISICAS
2012|3700,2012,3700,LOCACAO DE MAO-DE-OBRA
2012|3701,2012,3701,LOCACAO DE SERVICOS DE CONSERVACAO E LIMPEZA
2012|3702,2012,3702,LOCACAO DE SERVICOS DE APOIO ADMINISTRATIVO
2012|3800,2012,3800,ARRENDAMENTO MERCANTIL
2012|3900,2012,3900,OUTROS SERVICOS DE TERCEIROS - PESSOA JURIDICA
2012|3901,2012,3901,VALE-TRANSPORTE
2012|3902,2012,3902,VALE-REFEICAO
2012|3903,2012,3903,FORNECIMENTO DE ALIMENTACAO
2012|3904,2012,3904,CONFECCAO EM GERAL
2012|3906,2012,3906,TRANSPORTE E ACONDICIONAMENTO DE MATERIAIS
2012|3908,2012,3908,PUBLICACAO E DIVULGACAO
2012|3909,2012,3909,PUBLICIDADE
2012|3910,2012,3910,PREMIOS DE SEGUROS
2012|3911,2012,3911,"ASSINATURAS DE JORNAIS, REVISTAS E PERIODICOS"
2012|3912,2012,3912,TARIFA DE ENERGIA ELETRICA
2012|3913,2012,3913,TARIFA DE AGUA E ESGOTO
2012|3914,2012,3914,SERVICO DE TELEFONIA
2012|3915,2012,3915,SERVICO POSTAL-TELEGRAFICO
2012|3916,2012,3916,LOCACAO DE TV POR ASSINATURA
2012|3917,2012,3917,LOCACAO DE VEICULOS
2012|3918,2012,3918,REPAROS DE VEICULOS
2012|3919,2012,3919,LOCACAO DE MAQUINAS E EQUIPAMENTOS
2012|3920,2012,3920,LOCACAO DE BENS IMOVEIS
2012|3921,2012,3921,"REPAROS DE EQUIPAMENTOS, INSTALACOES E MATERIAL PERMANENTE"
2012|3922,2012,3922,REPAROS DE BENS IMOVEIS
2012|3923,2012,3923,"RECEPCOES, HOSPEDAGENS, HOMENAGENS E FESTIVIDADES"
2012|3924,2012,3924,"CURSOS, EXPOSICOES, CONGRESSOS E CONFERENCIAS"
2012|3925,2012,3925,ENCARGOS JUDICIAIS
2012|3926,2012,3926,ENCARGOS FINANCEIROS
2012|3927,2012,3927,SERVICOS DE TECNOLOGIA DA INFORMACAO
2012|3928,2012,3928,SERVICOS DE SAUDE EXECUTADOS COM RECURSOS DO SUS
2012|3929,2012,3929,SERVICOS DE SAUDE PRESTADOS POR PESSOA JURIDICA
2012|3930,2012,3930,MULTAS DE TRANSITO
2012|3931,2012,3931,LOCACAO DE SERVICOS GRAFICOS
2012|3933,2012,3933,TAXA DE ADMINISTRACAO
2012|3934,2012,3934,SEGUROS DE AERONAVES
2012|3935,2012,3935,"REPARO, MANUTENCAO, E SERVICOS AEROPORTUARIOS PARA AERONAVES"
2012|3936,2012,3936,SERVICOS DE INFORMATICA EXECUTADOS PELA PRODEMGE
2012|3937,2012,3937,TAXA DE CONDOMINIO
2012|3938,2012,3938,SERVICOS DE IMPRESSAO E ENCADERNACAO EXECUTADOS PELA IMPRENSA OFICIAL
2012|3939,2012,3939,SERVICOS DE PUBLICACAO E DIVULGACAO EXECUTADOS PELA IMPRENSA OFICIAL
2012|3940,2012,3940,SERVICOS DE TELECOMUNICACAO
2012|3941,2012,3941,ANUIDADES
2012|3942,2012,3942,SERVICOS GRAFICOS DE SEGURANCA
2012|3943,2012,3943,SERVICO DE ADMINISTRACAO E GERENCIAMENTO DE FROTA DE VEICULOS
2012|3945,2012,3945,SERVICOS DE TRANSPORTE DE PASSAGEIROS
2012|3946,2012,3946,TERMO DE PARCERIA COM ORGANIZACAO DA SOCIEDADE CIVIL DE INTERESSE PUBL
2012|3947,2012,3947,TAXA DE ADMINISTRACAO DE CREDITO DE FINANCIAMENTOS HABITACIONAIS
2012|3948,2012,3948,"CURSOS DE FORMACAO, CAPACITACAO E POS-GRADUACAO PARA SERVIDORES"
2012|3949,2012,3949,CURSOS DE FORMACAO E CAPACITACAO PARA O CIDADAO
2012|3950,2012,3950,SERVICOS DE AGENCIAMENTO DE VIAGENS
2012|3951,2012,3951,"SERVICOS DE GERENCIAMENTO, SUPERVISAO E FISCALIZACAO DE OBRAS"
2012|3952,2012,3952,CONTRATACAO DE ESTAGIARIOS
2012|3953,2012,3953,CURSOS DE FORMACAO E CAPACITACAO PROMOVIDOS PELO ESTADO
2012|3954,2012,3954,CONTRATO DE PARCERIA PUBLICO PRIVADA
2012|3955,2012,3955,EVENTOS DE COMUNICACAO INSTITUCIONAL
2012|3956,2012,3956,SERVICOS DE PESQUISAS DE OPINIAO
2012|3957,2012,3957,COMISSAO PELA CONSTRUCAO DE UNIDADES HABITACIONAIS
2012|3958,2012,3958,"CONTRATACAO DE PROJETOS EM PESQUISA DE CIENCIA, INOVACAO E TECNOLOGIA"
2012|3959,2012,3959,SERVICOS SANITARIOS E TRATAMENTO DE RESIDUOS
2012|3960,2012,3960,SERVICOS DE ATENDIMENTO AO CIDADAO
2012|3961,2012,3961,SERVICOS DE CONSERVACAO E LIMPEZA
2012|3962,2012,3962,SERVICOS DE VIGILANCIA OSTENSIVA
2012|3963,2012,3963,SERVICOS DE LEVANTAMENTO E CADASTRAMENTO PARA EXECUCAO DE POL PUBLICAS
2012|3964,2012,3964,SERVICOS DE MAPEAMENTO E GEORREFERENCIAMENTO
2012|3965,2012,3965,SERVICOS DE PRODUCAO E LOGISTICA DE MEDICAMENTOS
2012|3966,2012,3966,SERVICOS DE ABASTECIMENTO E DISTRIBUICAO DE AGUA
2012|3968,2012,3968,SERVICO DE IMPRENSA
2012|3969,2012,3969,CONTRATOS DE ENERGIA ELETRICA
2012|3970,2012,3970,REDE IP MULTISSERVICOS
2012|3971,2012,3971,SERVICOS TECN DE IMPLANTACAO GESTAO E ADM DO SIST DE OBSERV ELETRONICA
2012|3972,2012,3972,CONTRATOS DE ABASTECIMENTO DE AGUA E COLETA E TRATAMENTO DE ESGOTO
2012|3980,2012,3980,ADESAO AO PARCELAMENTO DECORRENTE DA LEI FEDERAL N.11941/2009
2012|3999,2012,3999,OUTROS SERVICOS PESSOA JURIDICA
2012|4100,2012,4100,CONTRIBUICOES
2012|4101,2012,4101,CONTRIBUICOES
2012|4102,2012,4102,TRANSFERENCIAS AO FUNDHAB
2012|4103,2012,4103,CONTRIBUICOES AO IPLEMG
2012|4200,2012,4200,AUXILIOS
2012|4201,2012,4201,AUXILIOS
2012|4300,2012,4300,SUBVENCOES SOCIAIS
2012|4301,2012,4301,SUBVENCOES SOCIAIS
2012|4600,2012,4600,AUXILIO-ALIMENTACAO
2012|4601,2012,4601,AUXILIO-ALIMENTACAO
2012|4700,2012,4700,OBRIGACOES TRIBUTARIAS E CONTRIBUTIVAS
2012|4701,2012,4701,OBRIGACOES TRIBUTARIAS E CONTRIBUTIVAS
2012|4800,2012,4800,OUTROS AUXILIOS FINANCEIROS A PESSOAS FISICAS
2012|4801,2012,4801,OUTROS AUXILIOS FINANCEIROS A PESSOAS FISICAS
2012|4900,2012,4900,AUXILIO-TRANSPORTE
2012|4901,2012,4901,AUXILIO-TRANSPORTE
2012|4902,2012,4902,AUXILIO-TRANSPORTE - PODER LEGISLATIVO
2012|4903,2012,4903,DESPESA DE TRANSPORTE DEVIDA A SERVIDORES DOS PODERES DO ESTADO
2012|5100,2012,5100,OBRAS E INSTALACOES
2012|5101,2012,5101,ESTUDOS E PROJETOS DE BENS PATRIMONIAVEIS
2012|5102,2012,5102,EXECUCAO DIRETA DE OBRAS DE BENS PATRIMONIAVEIS
2012|5103,2012,5103,EXECUCAO DE OBRAS POR CONTRATO DE BENS PATRIMONIAVEIS
2012|5104,2012,5104,INSTALACOES PARA OBRAS EM ANDAMENTO
2012|5106,2012,5106,ESTUDOS E PROJETOS DE BENS NAO PATRIMONIAVEIS
2012|5107,2012,5107,EXECUCAO DE OBRAS POR CONTRATO DE BENS NAO PATRIMONIAVEIS
2012|5109,2012,5109,EXECUCAO DIRETA DE OBRAS DE BENS NAO PATRIMONIAVEIS
2012|5110,2012,5110,MATERIAL PARA OBRAS - BENS PATRIMONIAVEIS
2012|5111,2012,5111,CONSTRUCAO DE UNIDADES HABITACIONAIS
2012|5112,2012,5112,MATERIAL PARA OBRAS - BENS NAO PATRIMONIAVEIS
2012|5113,2012,5113,INSTALACAO PARA INCORPORACAO A BENS IMOVEIS
2012|5114,2012,5114,EXECUCAO DE OBRAS POR EMPRESAS CONTROLADAS
2012|5200,2012,5200,EQUIPAMENTOS E MATERIAL PERMANENTE
2012|5201,2012,5201,AERONAVES E COMPONENTES ESTRUTURAIS
2012|5203,2012,5203,ARMAMENTO E EQUIPAMENTO DE USO POLICIAL
2012|5204,2012,5204,"MAQUINAS, APARELHOS, UTENSILIOS E EQUIPAMENTOS DE USO INDUSTRIAL"
2012|5206,2012,5206,EQUIPAMENTOS DE COMUNICACAO E TELEFONIA
2012|5207,2012,5207,EQUIPAMENTOS DE INFORMATICA
2012|5208,2012,5208,"EQUIPAMENTOS DE SOM, VIDEO, FOTOGRAFICO E CINEMATOGRAFICO"
2012|5209,2012,5209,"EQUIPAMENTOS HOSPITALARES, ODONTOLOGICOS E DE LABORATORIO"
2012|5210,2012,5210,"FERRAMENTAS, EQUIP. E INSTRUMENTOS P/ OFICINA, MEDICAO E INSPECAO"
2012|5211,2012,5211,"INSTRUMENTOS DE LABORATORIO, MEDICOS E ODONTOLOGICOS"
2012|5212,2012,5212,"MAQUINAS, APARELHOS, UTENSILIOS E EQUIPAMENTOS  USO ADMINISTRATIVO"
2012|5213,2012,5213,MATERIAL ESPORTIVO E RECREATIVO
2012|5214,2012,5214,MOBILIARIO
2012|5215,2012,5215,OBJETOS DE ARTE E ANTIGUIDADES
2012|5216,2012,5216,"TRATORES, SIMILARES E IMPLEMENTOS"
2012|5217,2012,5217,VEICULOS
2012|5218,2012,5218,COLECAO E MATERIAIS BIBLIOGRAFICOS
2012|5219,2012,5219,INSTRUMENTOS MUSICAIS E ARTISTICOS
2012|5220,2012,5220,EQUIPAMENTOS DE SEGURANCA ELETRONICA
2012|5221,2012,5221,MATERIAL DIDATICO
2012|5222,2012,5222,ESTRUTURAS E COMPONENTES
2012|5299,2012,5299,OUTROS MATERIAIS PERMANENTES
2012|6100,2012,6100,AQUISICAO DE IMOVEIS
2012|6101,2012,6101,TERRENOS
2012|6103,2012,6103,FAZENDAS
2012|6104,2012,6104,EDIFICIOS
2012|6106,2012,6106,IMOVEIS NECESSARIOS A REALIZACAO DE OBRAS DE BENS PATRIMONIAVEIS
2012|6107,2012,6107,IMOVEIS NECESSARIOS A REALIZACAO DE OBRAS DE BENS NAO-PATRIMONIAVEIS
2012|6500,2012,6500,CONSTITUICAO OU AUMENTO DE CAPITAL DE EMPRESAS
2012|6501,2012,6501,CONSTITUICAO OU AUMENTO DE CAPITAL DE EMPRESAS
2012|6600,2012,6600,CONCESSAO DE EMPRESTIMOS E FINANCIAMENTOS
2012|6602,2012,6602,CONCESSAO DE EMPRESTIMO OU FINANCIAMENTO PELOS FUNDOS ESTADUAIS
2012|6603,2012,6603,CONCESSAO DE FINANCIAMENTOS HABITACIONAIS
2012|7100,2012,7100,PRINCIPAL DA DIVIDA CONTRATUAL RESGATADO
2012|7101,2012,7101,PRINCIPAL DA DIVIDA INTERNA POR CONTRATOS
2012|7102,2012,7102,PRINCIPAL DA DIVIDA EXTERNA POR CONTRATOS
2012|7103,2012,7103,PRINCIPAL DE OUTRAS DIVIDAS RENEGOCIADAS
2012|7104,2012,7104,PRINCIPAL DO PARCELAMENTO DA DIVIDA PREVIDENCIARIA
2012|8100,2012,8100,DISTRIBUICAO CONSTITUCIONAL OU LEGAL DE RECEITAS
2012|8102,2012,8102,COTA PARTE DO IPVA
2012|8103,2012,8103,COTA PARTE DO ICMS
2012|8104,2012,8104,COTA PARTE DO IPI
2012|8105,2012,8105,COTA PARTE DA CIDE
2012|8199,2012,8199,OUTRAS TRANSFERENCIAS
2012|9100,2012,9100,SENTENCAS JUDICIAIS
2012|9102,2012,9102,PRECATORIOS
2012|9103,2012,9103,OUTRAS SENTENCAS JUDICIAIS
2012|9200,2012,9200,DESPESAS DE EXERCICIOS ANTERIORES
2012|9201,2012,9201,DESPESAS DE EXERCICIOS ANTERIORES
2012|9300,2012,9300,INDENIZACOES E RESTITUICOES
2012|9301,2012,9301,AJUDA DE CUSTO
2012|9302,2012,9302,AJUDA DE CUSTO ESPECIAL
2012|9303,2012,9303,PERDAS DECORRENTES DE APLICACOES FINANCEIRAS
2012|9305,2012,9305,DESPESAS DECORRENTES DE CONTRATOS DE CONCESSAO OU PERMISSAO
2012|9306,2012,9306,RESTITUICAO DE RECURSOS DE CONVENIO E DE CONTRAPARTIDA
2012|9307,2012,9307,RESSARCIMENTO REFERENTE A PESSOAL REQUISITADO DA ADMINITRACAO ESTADUAL
2012|9308,2012,9308,DESPESAS DE CARATER INDENIZATORIO RELATIVAS AO MANDATO PARLAMENTAR
2012|9309,2012,9309,PREMIO DE PRODUTIVIDADE
2012|9310,2012,9310,RESTITUICAO DE RECEITA - EXERCICIO ANTERIOR
2012|9311,2012,9311,COMPENSACAO FINANCEIRA DOS REGIMES DE PREVIDENCIA
2012|9312,2012,9312,INDENIZACAO POR UTILIZACAO DE BENS DE TERCEIROS
2012|9313,2012,9313,REEMBOLSO DE DESPESAS MEDICO-HOSPITALARES
2012|9314,2012,9314,INDENIZACOES DETERMINADAS POR DECISOES JUDICIAIS
2012|9316,2012,9316,INDENIZACOES DETERMINADAS POR LEI ESPECIFICA
2012|9399,2012,9399,OUTRAS INDENIZACOES E RESTITUICOES
2012|9400,2012,9400,INDENIZACOES E RESTITUICOES TRABALHISTAS
2012|9401,2012,9401,INDENIZACOES E RESTITUICOES TRABALHISTAS
2012|9600,2012,9600,RESSARCIMENTO DE DESPESAS DE PESSOAL REQUISITADO
2012|9601,2012,9601,RESSARCIMENTO DE DESPESAS DE PESSOAL REQUISITADO
2012|9700,2012,9700,APORTE PARA COBERTURA DO DEFICIT ATUARIAL DO RPPS
2012|9701,2012,9701,APORTE PARA COBERTURA DO DEFICIT ATUARIAL DO RPPS
2012|9900,2012,9900,A CLASSIFICAR
2013|0,2013,0,SEM INFORMACAO
2013|51,2013,51,OBRAS E INSTALACOES
2013|93,2013,93,INDENIZACOES E RESTITUICOES
2013|100,2013,100,"APOSENTADORIAS DO RPPS, RESERVA REMUNERADA E REFORMAS DOS MILITARES"
2013|101,2013,101,PROVENTOS DE APOSENTADOS
2013|103,2013,103,PROVENTOS DE MILITARES INATIVOS
2013|105,2013,105,APOSENTADORIA IPSEMG - LEI N. 1.195 DE 23/12/1954
2013|108,2013,108,SUBSIDIO APOSENTADOS DA EDUCACAO
2013|300,2013,300,PENSOES DO RPPS E DO MILITAR
2013|303,2013,303,PENSAO ESPECIFICA DOS INSTITUTOS DE PREVIDENCIA
2013|305,2013,305,PENSOES DECORRENTES DE SENTENCA JUDICIAIS
2013|307,2013,307,PENSOES CIVIS DO RPPS
2013|308,2013,308,PENSOES DO MILITAR
2013|399,2013,399,OUTRAS PENSOES
2013|400,2013,400,CONTRATACAO POR TEMPO DETERMINADO
2013|401,2013,401,CONTRATACAO POR TEMPO DETERMINADO
2013|500,2013,500,OUTROS BENEFICIOS PREVIDENCIARIOS DO SERVIDOR OU DO MILITAR
2013|501,2013,501,AUXILIO-RECLUSAO
2013|502,2013,502,AUXILIO-NATALIDADE
2013|503,2013,503,AUXILIO-FUNERAL
2013|505,2013,505,PECULIO E SEGURO COLETIVO
2013|509,2013,509,SALARIO-FAMILIA
2013|599,2013,599,AUXILIOS DIVERSOS
2013|600,2013,600,BENEFICIO MENSAL AO DEFICIENTE E AO IDOSO
2013|700,2013,700,CONTRIBUICAO A ENTIDADES FECHADAS DE PREVIDENCIA
2013|701,2013,701,CONTRIBUICAO A ENTIDADES FECHADAS DE PREVIDENCIA
2013|800,2013,800,OUTROS BENEFICIOS ASSISTENCIAIS DO SERVIDOR E DO MILITAR
2013|802,2013,802,AUXILIO-FUNERAL
2013|803,2013,803,AUXILIO-CRECHE OU ASSISTENCIA PRE-ESCOLAR
2013|804,2013,804,INDENIZACAO SECURITARIA
2013|805,2013,805,AUXILIO-NATALIDADE
2013|899,2013,899,AUXILIOS DIVERSOS
2013|1000,2013,1000,SEGURO DESEMPREGO E ABONO SALARIAL
2013|1100,2013,1100,VENCIMENTOS E VANTAGENS FIXAS-PESSOAL CIVIL
2013|1101,2013,1101,VENCIMENTOS
2013|1102,2013,1102,DESIGNADOS DO MAGISTERIO
2013|1103,2013,1103,ADICIONAL POR TEMPO DE SERVICO
2013|1104,2013,1104,GRATIFICACAO DE ENSINO ESPECIAL
2013|1105,2013,1105,GRATIFICACAO DE REGIME ESPECIAL DE TRABALHO
2013|1106,2013,1106,GRATIFICACAO DE COORDENADOR DE ESCOLA
2013|1107,2013,1107,GRATIFICACAO DE INCENTIVO A DOCENCIA
2013|1108,2013,1108,VERBA DE REPRESENTACAO
2013|1109,2013,1109,GRATIFICACAO DE RISCO DE CONTAGIO E RAIO X
2013|1112,2013,1112,GRATIFICACAO DE ESTIMULO A PRODUCAO INDIVIDUAL - GEPI
2013|1113,2013,1113,GRATIFICACAO DE EXERCICIO DO PODER JUDICIARIO
2013|1114,2013,1114,GRATIFICACAO DE REPRESENTACAO DO MINISTERIO PUBLICO
2013|1117,2013,1117,GRATIFICACAO DE CARGO EM COMISSAO
2013|1118,2013,1118,GRATIFICACAO POR PLANTAO
2013|1119,2013,1119,VANTAGEM PESSOAL
2013|1120,2013,1120,SUBSIDIOS VARIAVEIS
2013|1121,2013,1121,ABONO DE FERIAS
2013|1122,2013,1122,GRATIFICACAO DE NATAL
2013|1123,2013,1123,"GRATIFICACAO DE RISCO DE VIDA, SAUDE E CONTAGIO"
2013|1127,2013,1127,GRATIFICACAO DE INCENTIVO AO MERITO FUNCIONAL
2013|1128,2013,1128,GRATIFICACAO DE FUNCAO DE AGENTES DE SEGURANCA
2013|1129,2013,1129,GRATIFICACAO DE ASSESSORAMENTO
2013|1130,2013,1130,GRATIFICACAO ESPECIAL-GABINETE MILITAR
2013|1133,2013,1133,GRATIFICACAO DE INCENTIVO A EFICIENTIZACAO DOS SERVICOS - GIEFS
2013|1134,2013,1134,HONORARIOS
2013|1135,2013,1135,GRATIFICACAO DE DEDICACAO EXCLUSIVA
2013|1137,2013,1137,PARCELA REMUNERATORIA COMPLEMENTAR-PRC
2013|1139,2013,1139,ADICIONAL DE LOCAL DE TRABALHO
2013|1140,2013,1140,GRATIFICACAO DE FUNCAO
2013|1141,2013,1141,GRATIFICACAO POR CURSO
2013|1143,2013,1143,GRATIFICACAO DE ORGAO DE DELIBERACAO COLETIVA
2013|1144,2013,1144,ABONO DE PERMANENCIA
2013|1145,2013,1145,VANTAGEM TEMPORARIA INCORPORAVEL
2013|1146,2013,1146,GRATIFICACAO DE DESEMPENHO DE PRODUTIVIDADE INDIVIDUAL E INSTITUCIONAL
2013|1147,2013,1147,GRATIFICACAO DE ESCOLARIDADE DESEMPENHO E PROD INDIVID E INSTITUCIONAL
2013|1148,2013,1148,ADICIONAL DE DESEMPENHO - PESSOAL CIVIL
2013|1149,2013,1149,GRATIFICACAO COMPLEMENTAR DE PRODUTIVIDADE
2013|1150,2013,1150,SUBSIDIO - SERVIDORES DA EDUCACAO EFETIVOS
2013|1151,2013,1151,SUBSIDIO - SERVIDORES DA EDUCACAO DESIGNADOS
2013|1152,2013,1152,SUBSIDIO - SERVIDORES DA EDUCACAO DE EXTENSAO CARGA HORARIA
2013|1154,2013,1154,GRATIFICACAO DE SERVICOS DE SEGURIDADE SOCIAL
2013|1155,2013,1155,GRATIFICACAO DE FUNCAO DE PESQUISA E ENSINO - GFPE / LEI 20.591/2012
2013|1157,2013,1157,GRATIFICACAO INCENTIVO PRODUTIVIDADE PROFISSIONAIS DE ENGENHARIA E ARQ
2013|1158,2013,1158,ABONO SALARIAL DO PODER JUDICIARIO
2013|1159,2013,1159,FUNÇÕES DE CONFIANÇA
2013|1160,2013,1160,GRATIFICACAO PELO CUMPRIMENTO DE METAS EXTRAORDINARIAS
2013|1199,2013,1199,OUTROS
2013|1200,2013,1200,VENCIMENTOS E VANTAGENS FIXAS ¿ PESSOAL  MILITAR
2013|1201,2013,1201,REMUNERACAO BASICA
2013|1202,2013,1202,ADICIONAL POR TEMPO DE SERVICO
2013|1203,2013,1203,GRATIFICACOES ESPECIAIS
2013|1204,2013,1204,FERIAS-PREMIO
2013|1205,2013,1205,ABONO DE FERIAS
2013|1206,2013,1206,SUBSTITUICAO TEMPORARIA
2013|1207,2013,1207,GRATIFICACAO DE NATAL
2013|1208,2013,1208,ADICIONAL DE DESEMPENHO - PESSOAL MILITAR
2013|1209,2013,1209,ABONO PERMANENCIA
2013|1299,2013,1299,OUTRAS
2013|1300,2013,1300,OBRIGACOES PATRONAIS
2013|1304,2013,1304,INSS - FOLHA
2013|1305,2013,1305,OBRIGACAO PATRONAL - PESSOAL ATIVO
2013|1306,2013,1306,OBRIGACAO PATRONAL - PESSOAL INATIVO
2013|1307,2013,1307,OBRIGACAO PATRONAL - CONTRATOS DE TERCEIRIZACAO
2013|1308,2013,1308,OBRIGACAO PATRONAL - PENSIONISTAS
2013|1309,2013,1309,OBRIGACAO PATRONAL - PRECATORIOS
2013|1310,2013,1310,OBRIGACAO PATRONAL - OUTRAS SENTENCAS JUDICIAIS
2013|1311,2013,1311,OBRIGACAO PATRONAL - CONTRATOS POR TEMPO DETERMINADO
2013|1313,2013,1313,OBRIGACAO PATRONAL - MEDICOS RESIDENTES
2013|1314,2013,1314,OBRIGACAO PATRONAL - ENCARGOS POR PAGAMENTO EM ATRASO
2013|1315,2013,1315,OBRIGAÇÃO PATRONAL - PREMIO DE PRODUTIVIDADE
2013|1316,2013,1316,OBRIGACAO PATRONAL ADVOGADOS DATIVOS
2013|1317,2013,1317,INSS - DEMAIS DESPESAS
2013|1318,2013,1318,OBRIGACAO PATRONAL PESSOAL INATIVO - ENTIDADES CONVENIADAS
2013|1400,2013,1400,DIARIAS - CIVIL
2013|1401,2013,1401,DIARIAS - CIVIL
2013|1500,2013,1500,DIARIAS - MILITAR
2013|1501,2013,1501,DIARIAS - MILITAR
2013|1600,2013,1600,OUTRAS DESPESAS VARIAVEIS - PESSOAL CIVIL
2013|1601,2013,1601,SERVICO EXTRAORDINARIO
2013|1602,2013,1602,SUBSTITUICAO EM CARGOS EM COMISSAO
2013|1603,2013,1603,AULAS FACULTATIVAS
2013|1604,2013,1604,GRATIFICACAO POR ENCARGOS EXTRAORDINARIOS
2013|1605,2013,1605,FERIAS-PREMIO
2013|1606,2013,1606,JORNADA COMPLEMENTAR DE TRABALHO
2013|1700,2013,1700,OUTRAS DESPESAS VARIAVEIS - PESSOAL MILITAR
2013|1701,2013,1701,OUTRAS DESPESAS VARIAVEIS - PESSOAL MILITAR
2013|1800,2013,1800,AUXILIO FINANCEIRO A ESTUDANTES
2013|1801,2013,1801,AUXILIO FINANCEIRO A ESTUDANTES
2013|1900,2013,1900,AUXILIO-FARDAMENTO
2013|1901,2013,1901,AUXILIO-FARDAMENTO PAGO A SERVIDOR OU MILITAR
2013|1903,2013,1903,AUXILIO-FARDAMENTO PAGO A PESSOAL CONTRATADO
2013|2000,2013,2000,AUXILIO FINANCEIRO A PESQUISADORES
2013|2001,2013,2001,AUXILIO FINANCEIRO A PESQUISADORES
2013|2100,2013,2100,JUROS SOBRE A DIVIDA POR CONTRATO
2013|2101,2013,2101,JUROS SOBRE A DIVIDA INTERNA POR CONTRATOS
2013|2102,2013,2102,JUROS SOBRE A DIVIDA EXTERNA POR CONTRATOS
2013|2103,2013,2103,JUROS DE OUTRAS DIVIDAS RENEGOCIADAS
2013|2104,2013,2104,JUROS SOBRE O PARCELAMENTO DA DIVIDA PREVIDENCIARIA
2013|2200,2013,2200,OUTROS ENCARGOS SOBRE A DIVIDA POR CONTRATO
2013|2201,2013,2201,OUTROS ENCARGOS SOBRE A DIVIDA INTERNA POR CONTRATOS
2013|2202,2013,2202,OUTROS ENCARGOS SOBRE A DIVIDA EXTERNA POR CONTRATOS
2013|2700,2013,2700,"ENCARGOS PELA HONRA DE AVAIS, GARANTIAS, SEGUROS E SIMILARES"
2013|2701,2013,2701,"ENCARGOS PELA HONRA DE AVAIS, GARANTIAS, SEGUROS E SIMILARES"
2013|2900,2013,2900,DISTRIBUICAO DE RESULTADO DE EMPRESAS ESTATAIS DEPENDENTES
2013|3000,2013,3000,MATERIAL DE CONSUMO
2013|3001,2013,3001,"ARTIGOS PARA CONFECCAO, VESTUARIO, CAMA, MESA, BANHO E COZINHA"
2013|3002,2013,3002,ARTIGOS PARA ESPORTE
2013|3003,2013,3003,UTENSILIOS PARA REFEITORIO E COZINHA
2013|3004,2013,3004,MATERIAL GRAFICO E IMPRESSOS
2013|3005,2013,3005,MATERIAL PARA ESCRITORIO
2013|3006,2013,3006,MATERIAL DE DESENHO
2013|3007,2013,3007,MATERIAL DE ENSINO
2013|3008,2013,3008,PRODUTOS ALIMENTICIOS
2013|3009,2013,3009,FORRAGENS E OUTROS ALIMENTOS PARA ANIMAIS
2013|3010,2013,3010,MATERIAL MEDICO E HOSPITALAR
2013|3011,2013,3011,MATERIAL ODONTOLOGICO
2013|3012,2013,3012,MEDICAMENTOS
2013|3013,2013,3013,MATERIAIS DE LABORATORIO E PRODUTOS QUIMICOS EM GERAL
2013|3014,2013,3014,MATERIAL RADIOLOGICO
2013|3015,2013,3015,"MATERIAL FOTOGRAFICO, CINEMATOGRAFICO E DE COMUNICACAO"
2013|3016,2013,3016,MATERIAL DE INFORMATICA
2013|3017,2013,3017,ARTIGOS PARA LIMPEZA E HIGIENE
2013|3018,2013,3018,MATERIA-PRIMA E PROD. P/ MANIPULACAO E INDUSTRIAS DE TRANSFORMACAO
2013|3019,2013,3019,MATERIAL P/ MANUT. E REPAROS DE IMOVEIS DE PROPRIEDADE DA ADM. PUBLICA
2013|3020,2013,3020,MATERIAL ELETRICO
2013|3021,2013,3021,MATERIAL P/ MANUT. E REPAROS DE BENS DE DOMINIO PUB. OU DE TERCEIROS
2013|3022,2013,3022,"FERRAMENTAS, FERRAGENS E UTENSILIOS"
2013|3023,2013,3023,MATERIAL PARA MANUTENCAO DE VEICULOS AUTOMOTORES
2013|3024,2013,3024,PECAS E ACESSORIOS P/ EQUIP.  E OUTROS MATERIAIS PERMANENTES
2013|3025,2013,3025,"MATERIAL DE SEGURANCA, APETRECHOS OPERACIONAIS E POLICIAIS"
2013|3026,2013,3026,COMBUSTIVEIS E LUBRIFICANTES PARA VEICULOS AUTOMOTORES
2013|3027,2013,3027,COMBUSTIVEIS E LUBRIFICANTES P/ EQUIP. E OUTROS MAT.  PERMANENTES
2013|3028,2013,3028,"ANIMAIS DESTINADOS A ESTUDOS, A PREPARACAO DE PRODUTOS E AO ABATE"
2013|3029,2013,3029,"SEMENTES, MUDAS DE PLANTAS E INSUMOS"
2013|3030,2013,3030,MATERIAIS PARA ACONDICIONAMENTO E EMBALAGEM
2013|3031,2013,3031,LIVROS TECNICOS
2013|3032,2013,3032,MATERIAL CIVICO E EDUCATIVO
2013|3033,2013,3033,COMBUSTIVEIS E LUBRIFICANTES PARA AERONAVES
2013|3034,2013,3034,PECAS E ACESSORIOS PARA AERONAVES
2013|3036,2013,3036,MATERIAL BIBLIOGRAFICO PARA BIBLIOTECAS PUBLICAS
2013|3037,2013,3037,MEDICAMENTOS - DECISAO JUDICIAL
2013|3038,2013,3038,LEITE - PROGRAMA LEITE PELA VIDA
2013|3099,2013,3099,OUTROS MATERIAIS
2013|3100,2013,3100,"PREMIACOES CULTURAIS, ARTISTICAS, CIENTIFICAS, DESPORTIVAS E OUTRAS."
2013|3101,2013,3101,"PREMIOS, DIPLOMAS, CONDECORACOES E MEDALHAS"
2013|3102,2013,3102,PREMIOS LOTERICOS
2013|3103,2013,3103,COMISSOES LOTERICAS
2013|3104,2013,3104,PREMIAÇOES
2013|3200,2013,3200,"MATERIAL, BEM OU SERVICO PARA DISTRIBUICAO GRATUITA"
2013|3201,2013,3201,MATERIAL DE DISTRIBUICAO GRATUITA
2013|3300,2013,3300,PASSAGENS E DESPESAS COM LOCOMOCAO
2013|3301,2013,3301,PASSAGENS
2013|3302,2013,3302,"DESPESAS COM TAXI, PASSES E PEDAGIOS"
2013|3303,2013,3303,FRETAMENTO E LOCACAO
2013|3400,2013,3400,OUTRAS DESPESAS DE PESSOAL DECORRENTES DE CONTRATOS DE TERCEIRIZACAO
2013|3401,2013,3401,OUTRAS DESPESAS DE PESSOAL DECORRENTES DE CONT. DE TERCEIRIZACAO
2013|3402,2013,3402,AGENTES PENITENCIARIOS
2013|3500,2013,3500,SERVICOS DE CONSULTORIA
2013|3501,2013,3501,SERVICOS DE CONSULTORIA - PESSOA FISICA
2013|3502,2013,3502,SERVICOS DE CONSULTORIA - PESSOA JURIDICA
2013|3503,2013,3503,SERVICOS DE CONSULTORIA-ORGANISMO INTERNACIONAL
2013|3600,2013,3600,OUTROS SERVICOS DE TERCEIROS ¿ PESSOA FISICA
2013|3601,2013,3601,ESTAGIARIOS
2013|3602,2013,3602,MEDICOS RESIDENTES
2013|3603,2013,3603,SALARIOS DE INTERNOS
2013|3604,2013,3604,DIARIAS A COLABORADORES EVENTUAIS
2013|3605,2013,3605,LOCACAO DE SERVICOS TECNICOS E ESPECIALIZADOS - PESSOA FISICA
2013|3606,2013,3606,FORNECIMENTO DE ALIMENTACAO
2013|3607,2013,3607,CONFECCAO EM GERAL
2013|3608,2013,3608,MEDICOS
2013|3609,2013,3609,DENTISTAS
2013|3610,2013,3610,EVENTUAL DE GABINETE
2013|3611,2013,3611,LOCACAO DE BENS IMOVEIS
2013|3612,2013,3612,DESPESAS MIUDAS DE PRONTO PAGAMENTO
2013|3613,2013,3613,PESSOAL DE ENFERMAGEM
2013|3614,2013,3614,"MONITORES, FISCAIS E EXAMINADORES"
2013|3615,2013,3615,ENCARGOS FINANCEIROS
2013|3616,2013,3616,REPARO E MANUTENCAO DE VEICULOS
2013|3617,2013,3617,"REPAROS DE EQUIPAMENTOS, INSTALACOES E MATERIAL PERMANENTE"
2013|3618,2013,3618,REPAROS DE BENS IMOVEIS
2013|3619,2013,3619,CONFERENCIAS E EXPOSICOES
2013|3620,2013,3620,JETONS A CONSELHEIROS
2013|3621,2013,3621,ADVOGADOS DATIVOS
2013|3622,2013,3622,TAXA DE CONDOMINIO
2013|3699,2013,3699,OUTRAS DESPESAS PAGAS A PESSOAS FISICAS
2013|3700,2013,3700,LOCACAO DE MAO-DE-OBRA
2013|3701,2013,3701,LOCACAO DE SERVICOS DE CONSERVACAO E LIMPEZA
2013|3702,2013,3702,LOCACAO DE SERVICOS DE APOIO ADMINISTRATIVO
2013|3703,2013,3703,LOCACAO DE SERVICOS DE CONSERVACAO E LIMPEZA REALIZADOS PELA MGS
2013|3704,2013,3704,LOCACAO DE SERVICOS DE APOIO ADMINISTRATIVO REALIZADOS PELA MGS
2013|3900,2013,3900,OUTROS SERVICOS DE TERCEIROS - PESSOA JURIDICA
2013|3901,2013,3901,VALE-TRANSPORTE
2013|3902,2013,3902,VALE-REFEICAO
2013|3903,2013,3903,FORNECIMENTO DE ALIMENTACAO
2013|3904,2013,3904,CONFECCAO EM GERAL
2013|3906,2013,3906,TRANSPORTE E ACONDICIONAMENTO DE MATERIAIS
2013|3908,2013,3908,PUBLICACAO E DIVULGACAO
2013|3909,2013,3909,PUBLICIDADE
2013|3910,2013,3910,PREMIOS DE SEGUROS
2013|3911,2013,3911,"ASSINATURAS DE JORNAIS, REVISTAS E PERIODICOS"
2013|3912,2013,3912,TARIFA DE ENERGIA ELETRICA
2013|3913,2013,3913,TARIFA DE AGUA E ESGOTO
2013|3914,2013,3914,SERVICO DE TELEFONIA
2013|3915,2013,3915,SERVICO POSTAL-TELEGRAFICO
2013|3916,2013,3916,LOCACAO DE TV POR ASSINATURA
2013|3917,2013,3917,LOCACAO DE VEICULOS
2013|3918,2013,3918,REPAROS DE VEICULOS
2013|3919,2013,3919,LOCACAO DE MAQUINAS E EQUIPAMENTOS
2013|3920,2013,3920,LOCACAO DE BENS IMOVEIS
2013|3921,2013,3921,"REPAROS DE EQUIPAMENTOS, INSTALACOES E MATERIAL PERMANENTE"
2013|3922,2013,3922,REPAROS DE BENS IMOVEIS
2013|3923,2013,3923,"RECEPCOES, HOSPEDAGENS, HOMENAGENS E FESTIVIDADES"
2013|3924,2013,3924,"CURSOS, EXPOSICOES, CONGRESSOS E CONFERENCIAS"
2013|3925,2013,3925,ENCARGOS JUDICIAIS
2013|3926,2013,3926,ENCARGOS FINANCEIROS
2013|3927,2013,3927,SERVICOS DE TECNOLOGIA DA INFORMACAO
2013|3928,2013,3928,SERVICOS DE SAUDE EXECUTADOS COM RECURSOS DO SUS
2013|3929,2013,3929,SERVICOS DE SAUDE PRESTADOS POR PESSOA JURIDICA
2013|3930,2013,3930,MULTAS DE TRANSITO
2013|3931,2013,3931,LOCACAO DE SERVICOS GRAFICOS
2013|3933,2013,3933,TAXA DE ADMINISTRACAO
2013|3934,2013,3934,SEGUROS DE AERONAVES
2013|3935,2013,3935,"REPARO, MANUTENCAO, E SERVICOS AEROPORTUARIOS PARA AERONAVES"
2013|3936,2013,3936,SERVICOS DE INFORMATICA EXECUTADOS PELA PRODEMGE
2013|3937,2013,3937,TAXA DE CONDOMINIO
2013|3938,2013,3938,SERVICOS DE IMPRESSAO E ENCADERNACAO EXECUTADOS PELA IMPRENSA OFICIAL
2013|3939,2013,3939,SERVICOS DE PUBLICACAO E DIVULGACAO EXECUTADOS PELA IMPRENSA OFICIAL
2013|3940,2013,3940,SERVICOS DE TELECOMUNICACAO
2013|3941,2013,3941,ANUIDADES
2013|3942,2013,3942,SERVICOS GRAFICOS DE SEGURANCA
2013|3943,2013,3943,SERVICO DE ADMINISTRACAO E GERENCIAMENTO DE FROTA DE VEICULOS
2013|3945,2013,3945,SERVICOS DE TRANSPORTE DE PASSAGEIROS
2013|3946,2013,3946,TERMO DE PARCERIA COM ORGANIZACAO DA SOCIEDADE CIVIL DE INTERESSE PUBL
2013|3947,2013,3947,TAXA DE ADMINISTRACAO DE CREDITO DE FINANCIAMENTOS HABITACIONAIS
2013|3948,2013,3948,"CURSOS DE FORMACAO, CAPACITACAO E POS-GRADUACAO PARA SERVIDORES"
2013|3949,2013,3949,CURSOS DE FORMACAO E CAPACITACAO PARA O CIDADAO
2013|3950,2013,3950,SERVICOS DE AGENCIAMENTO DE VIAGENS
2013|3951,2013,3951,"SERVICOS DE GERENCIAMENTO, SUPERVISAO E FISCALIZACAO DE OBRAS"
2013|3952,2013,3952,CONTRATACAO DE ESTAGIARIOS
2013|3953,2013,3953,CURSOS DE FORMACAO E CAPACITACAO PROMOVIDOS PELO ESTADO
2013|3954,2013,3954,CONTRATO DE PARCERIA PUBLICO PRIVADA
2013|3955,2013,3955,EVENTOS DE COMUNICACAO INSTITUCIONAL
2013|3956,2013,3956,SERVICOS DE PESQUISAS
2013|3957,2013,3957,COMISSAO PELA CONSTRUCAO DE UNIDADES HABITACIONAIS
2013|3958,2013,3958,"CONTRATACAO DE PROJETOS EM PESQUISA DE CIENCIA, INOVACAO E TECNOLOGIA"
2013|3959,2013,3959,SERVICOS SANITARIOS E TRATAMENTO DE RESIDUOS
2013|3960,2013,3960,SERVICOS DE ATENDIMENTO AO CIDADAO
2013|3961,2013,3961,SERVICOS DE CONSERVACAO E LIMPEZA
2013|3962,2013,3962,SERVICOS DE VIGILANCIA OSTENSIVA
2013|3963,2013,3963,SERVICOS DE LEVANTAMENTO E CADASTRAMENTO PARA EXECUCAO DE POL PUBLICAS
2013|3964,2013,3964,SERVICOS DE MAPEAMENTO E GEORREFERENCIAMENTO
2013|3965,2013,3965,SERVICOS DE PRODUCAO E LOGISTICA DE MEDICAMENTOS
2013|3966,2013,3966,SERVICOS DE ABASTECIMENTO E DISTRIBUICAO DE AGUA
2013|3968,2013,3968,SERVICO DE IMPRENSA
2013|3969,2013,3969,CONTRATOS DE ENERGIA ELETRICA
2013|3970,2013,3970,REDE IP MULTISSERVICOS
2013|3971,2013,3971,SERVICOS TECN DE IMPLANTACAO GESTAO E ADM DO SIST DE OBSERV ELETRONICA
2013|3972,2013,3972,CONTRATOS DE ABASTECIMENTO DE AGUA E COLETA E TRATAMENTO DE ESGOTO
2013|3973,2013,3973,SERVICO DE ENGENHARIA PARA OPERACAO DE BENS DE DOMINIO PUBLICO
2013|3974,2013,3974,SERVICO DE REALIZACAO DE CONCURSO PUBLICO
2013|3975,2013,3975,"SERVICO DE GERENCIAMENTO, SUPERVISAO E FISCALIZACAO DE SERVICOS"
2013|3976,2013,3976,SERVICO DE REMOCAO E TRANSPORTE DE CADAVERES
2013|3977,2013,3977,PATROCINIO
2013|3980,2013,3980,ADESAO AO PARCELAMENTO DECORRENTE DA LEI FEDERAL N.11941/2009
2013|3999,2013,3999,OUTROS SERVICOS PESSOA JURIDICA
2013|4100,2013,4100,CONTRIBUICOES
2013|4101,2013,4101,CONTRIBUICOES
2013|4102,2013,4102,TRANSFERENCIAS AO FUNDHAB
2013|4103,2013,4103,CONTRIBUICOES AO IPLEMG
2013|4200,2013,4200,AUXILIOS
2013|4201,2013,4201,AUXILIOS
2013|4300,2013,4300,SUBVENCOES SOCIAIS
2013|4301,2013,4301,SUBVENCOES SOCIAIS
2013|4500,2013,4500,SUBVENCOES ECONOMICAS
2013|4501,2013,4501,SUBVENCOES ECONOMICAS
2013|4600,2013,4600,AUXILIO-ALIMENTACAO
2013|4601,2013,4601,AUXILIO-ALIMENTACAO
2013|4700,2013,4700,OBRIGACOES TRIBUTARIAS E CONTRIBUTIVAS
2013|4701,2013,4701,OBRIGACOES TRIBUTARIAS E CONTRIBUTIVAS
2013|4800,2013,4800,OUTROS AUXILIOS FINANCEIROS A PESSOAS FISICAS
2013|4801,2013,4801,OUTROS AUXILIOS FINANCEIROS A PESSOAS FISICAS
2013|4802,2013,4802,AUXILIO FINANCEIRO - PROGRAMA POUPANÇA JOVEM
2013|4900,2013,4900,AUXILIO-TRANSPORTE
2013|4901,2013,4901,AUXILIO-TRANSPORTE
2013|4902,2013,4902,AUXILIO-TRANSPORTE - PODER LEGISLATIVO
2013|4903,2013,4903,DESPESA DE TRANSPORTE DEVIDA A SERVIDORES DOS PODERES DO ESTADO
2013|4904,2013,4904,REEMBOLSO DE DESPESA DE TRANSPORTE DEVIDA A SERVIDORES
2013|5100,2013,5100,OBRAS E INSTALACOES
2013|5101,2013,5101,ESTUDOS E PROJETOS DE BENS PATRIMONIAVEIS
2013|5102,2013,5102,EXECUCAO DIRETA DE OBRAS DE BENS PATRIMONIAVEIS
2013|5103,2013,5103,EXECUCAO DE OBRAS POR CONTRATO DE BENS PATRIMONIAVEIS
2013|5104,2013,5104,INSTALACOES PARA OBRAS EM ANDAMENTO
2013|5106,2013,5106,ESTUDOS E PROJETOS DE BENS NAO PATRIMONIAVEIS
2013|5107,2013,5107,EXECUCAO DE OBRAS POR CONTRATO DE BENS NAO PATRIMONIAVEIS
2013|5110,2013,5110,MATERIAL PARA OBRAS - BENS PATRIMONIAVEIS
2013|5111,2013,5111,CONSTRUCAO DE UNIDADES HABITACIONAIS
2013|5112,2013,5112,MATERIAL PARA OBRAS - BENS NAO PATRIMONIAVEIS
2013|5113,2013,5113,INSTALACAO PARA INCORPORACAO A BENS IMOVEIS
2013|5114,2013,5114,EXECUCAO DE OBRAS POR EMPRESAS CONTROLADAS
2013|5200,2013,5200,EQUIPAMENTOS E MATERIAL PERMANENTE
2013|5201,2013,5201,AERONAVES E COMPONENTES ESTRUTURAIS
2013|5203,2013,5203,ARMAMENTO E EQUIPAMENTO DE USO POLICIAL
2013|5204,2013,5204,"MAQUINAS, APARELHOS, UTENSILIOS E EQUIPAMENTOS DE USO INDUSTRIAL"
2013|5205,2013,5205,"EMBARCACOES, PONTOES, DIQUES, FLUTUANTES E COMP. ESTRUTURAIS"
2013|5206,2013,5206,EQUIPAMENTOS DE COMUNICACAO E TELEFONIA
2013|5207,2013,5207,EQUIPAMENTOS DE INFORMATICA
2013|5208,2013,5208,"EQUIPAMENTOS DE SOM, VIDEO, FOTOGRAFICO E CINEMATOGRAFICO"
2013|5209,2013,5209,"EQUIPAMENTOS HOSPITALARES, ODONTOLOGICOS E DE LABORATORIO"
2013|5210,2013,5210,"FERRAMENTAS, EQUIP. E INSTRUMENTOS P/ OFICINA, MEDICAO E INSPECAO"
2013|5211,2013,5211,"INSTRUMENTOS DE LABORATORIO, MEDICOS E ODONTOLOGICOS"
2013|5212,2013,5212,"MAQUINAS, APARELHOS, UTENSILIOS E EQUIPAMENTOS  USO ADMINISTRATIVO"
2013|5213,2013,5213,MATERIAL ESPORTIVO E RECREATIVO
2013|5214,2013,5214,MOBILIARIO
2013|5216,2013,5216,"TRATORES, SIMILARES E IMPLEMENTOS"
2013|5217,2013,5217,VEICULOS
2013|5218,2013,5218,COLECAO E MATERIAIS BIBLIOGRAFICOS
2013|5219,2013,5219,INSTRUMENTOS MUSICAIS E ARTISTICOS
2013|5220,2013,5220,EQUIPAMENTOS DE SEGURANCA ELETRONICA
2013|5221,2013,5221,MATERIAL DIDATICO
2013|5222,2013,5222,ESTRUTURAS E COMPONENTES
2013|5299,2013,5299,OUTROS MATERIAIS PERMANENTES
2013|5901,2013,5901,PENSAO ACIDENTARIA - LEI N. 9.683/88 E LEI DELEGADA N 037/89
2013|5902,2013,5902,PENSAO ESPECIAL - LEI N 552/49
2013|5903,2013,5903,PENSAO ESPECIFICA DOS INSTITUTOS DE PREVIDENCIA
2013|5904,2013,5904,PENSAO DECORRENTE DE SENTENCA JUDICIAL - SERVIDOR
2013|5905,2013,5905,PENSAO DECORRENTE DE SENTENCA JUDICIAL - TERCEIROS
2013|5907,2013,5907,PENSAO ESPECIAL PARA AGENTES POLITICOS SERVIDORES PUBLICOS E ESTATAIS
2013|6100,2013,6100,AQUISICAO DE IMOVEIS
2013|6101,2013,6101,TERRENOS
2013|6103,2013,6103,FAZENDAS
2013|6104,2013,6104,EDIFICIOS
2013|6106,2013,6106,IMOVEIS NECESSARIOS A REALIZACAO DE OBRAS DE BENS PATRIMONIAVEIS
2013|6107,2013,6107,IMOVEIS NECESSARIOS A REALIZACAO DE OBRAS DE BENS NAO-PATRIMONIAVEIS
2013|6500,2013,6500,CONSTITUICAO OU AUMENTO DE CAPITAL DE EMPRESAS
2013|6501,2013,6501,CONSTITUICAO OU AUMENTO DE CAPITAL DE EMPRESAS
2013|6600,2013,6600,CONCESSAO DE EMPRESTIMOS E FINANCIAMENTOS
2013|6601,2013,6601,CONCESSAO DE EMPRESTIMOS E FINANCIAMENTOS
2013|6602,2013,6602,CONCESSAO DE EMPRESTIMO OU FINANCIAMENTO PELOS FUNDOS ESTADUAIS
2013|6603,2013,6603,CONCESSAO DE FINANCIAMENTOS HABITACIONAIS
2013|6700,2013,6700,DEPOSITOS COMPULSORIOS
2013|6701,2013,6701,DEPOSITOS COMPULSORIOS
2013|7100,2013,7100,PRINCIPAL DA DIVIDA CONTRATUAL RESGATADO
2013|7101,2013,7101,PRINCIPAL DA DIVIDA INTERNA POR CONTRATOS
2013|7102,2013,7102,PRINCIPAL DA DIVIDA EXTERNA POR CONTRATOS
2013|7103,2013,7103,PRINCIPAL DE OUTRAS DIVIDAS RENEGOCIADAS
2013|7104,2013,7104,PRINCIPAL DO PARCELAMENTO DA DIVIDA PREVIDENCIARIA - INSS
2013|7105,2013,7105,PRINCIPAL DO PARCELAMENTO DA DIVIDA PREVIDENCIARIA - IPSEMG IPSM
2013|8100,2013,8100,DISTRIBUICAO CONSTITUCIONAL OU LEGAL DE RECEITAS
2013|8102,2013,8102,COTA PARTE DO IPVA
2013|8103,2013,8103,COTA PARTE DO ICMS
2013|8104,2013,8104,COTA PARTE DO IPI
2013|8105,2013,8105,COTA PARTE DA CIDE
2013|9100,2013,9100,SENTENCAS JUDICIAIS
2013|9102,2013,9102,PRECATORIOS - PESSOAL
2013|9103,2013,9103,OUTRAS SENTENCAS JUDICIAIS
2013|9107,2013,9107,PRECATORIOS - OUTROS
2013|9200,2013,9200,DESPESAS DE EXERCICIOS ANTERIORES
2013|9201,2013,9201,DESPESAS DE EXERCICIOS ANTERIORES - PESSOAL
2013|9202,2013,9202,DESPESAS DE EXERCICIOS ANTERIORES - OUTRAS DESPESAS
2013|9300,2013,9300,INDENIZACOES E RESTITUICOES
2013|9301,2013,9301,AJUDA DE CUSTO
2013|9303,2013,9303,PERDAS DECORRENTES DE APLICACOES FINANCEIRAS
2013|9305,2013,9305,DESPESAS DECORRENTES DE CONTRATOS DE CONCESSAO OU PERMISSAO
2013|9306,2013,9306,RESTITUICAO DE RECURSOS DE CONVENIO E DE CONTRAPARTIDA
2013|9307,2013,9307,RESSARCIMENTO REFERENTE A PESSOAL REQUISITADO DA ADMINITRACAO ESTADUAL
2013|9308,2013,9308,DESPESAS DE CARATER INDENIZATORIO RELATIVAS AO MANDATO PARLAMENTAR
2013|9309,2013,9309,PREMIO DE PRODUTIVIDADE
2013|9310,2013,9310,RESTITUICAO DE RECEITA - EXERCICIO ANTERIOR
2013|9311,2013,9311,COMPENSACAO FINANCEIRA DOS REGIMES DE PREVIDENCIA
2013|9312,2013,9312,INDENIZACAO POR UTILIZACAO DE BENS DE TERCEIROS
2013|9313,2013,9313,REEMBOLSO DE DESPESAS MEDICO-HOSPITALARES
2013|9314,2013,9314,INDENIZACOES DETERMINADAS POR DECISOES JUDICIAIS
2013|9315,2013,9315,INDENIZACAO DECORRENTE DE RESCISAO UNILATERAL
2013|9316,2013,9316,INDENIZACOES DETERMINADAS POR LEI ESPECIFICA
2013|9399,2013,9399,OUTRAS INDENIZACOES E RESTITUICOES
2013|9400,2013,9400,INDENIZACOES E RESTITUICOES TRABALHISTAS
2013|9401,2013,9401,INDENIZACOES E RESTITUICOES TRABALHISTAS
2013|9600,2013,9600,RESSARCIMENTO DE DESPESAS DE PESSOAL REQUISITADO
2013|9601,2013,9601,RESSARCIMENTO DE DESPESAS DE PESSOAL REQUISITADO
2013|9700,2013,9700,APORTE PARA COBERTURA DO DEFICIT ATUARIAL DO RPPS
2013|9701,2013,9701,APORTE PARA COBERTURA DO DEFICIT ATUARIAL DO RPPS
2013|9900,2013,9900,A CLASSIFICAR
2014|0,2014,0,SEM INFORMACAO
2014|1,2014,1,"APOSENTADORIAS DO RPPS, RESERVA REMUNERADA E REFORMAS DOS MILITARES"
2014|3,2014,3,PENSOES DO RPPS E DO MILITAR
2014|4,2014,4,CONTRATACAO POR TEMPO DETERMINADO
2014|5,2014,5,OUTROS BENEFICIOS PREVIDENCIARIOS DO SERVIDOR OU DO MILITAR
2014|6,2014,6,BENEFICIO MENSAL AO DEFICIENTE E AO IDOSO
2014|8,2014,8,OUTROS BENEFICIOS ASSISTENCIAIS DO SERVIDOR E DO MILITAR
2014|10,2014,10,SEGURO DESEMPREGO E ABONO SALARIAL
2014|11,2014,11,VENCIMENTOS E VANTAGENS FIXAS-PESSOAL CIVIL
2014|12,2014,12,VENCIMENTOS E VANTAGENS FIXAS ¿ PESSOAL  MILITAR
2014|13,2014,13,OBRIGACOES PATRONAIS
2014|14,2014,14,DIARIAS - CIVIL
2014|15,2014,15,DIARIAS - MILITAR
2014|16,2014,16,OUTRAS DESPESAS VARIAVEIS - PESSOAL CIVIL
2014|17,2014,17,OUTRAS DESPESAS VARIAVEIS - PESSOAL MILITAR
2014|18,2014,18,AUXILIO FINANCEIRO A ESTUDANTES
2014|19,2014,19,AUXILIO-FARDAMENTO
2014|20,2014,20,AUXILIO FINANCEIRO A PESQUISADORES
2014|21,2014,21,JUROS SOBRE A DIVIDA POR CONTRATO
2014|22,2014,22,OUTROS ENCARGOS SOBRE A DIVIDA POR CONTRATO
2014|27,2014,27,"ENCARGOS PELA HONRA DE AVAIS, GARANTIAS, SEGUROS E SIMILARES"
2014|30,2014,30,MATERIAL DE CONSUMO
2014|31,2014,31,"PREMIACOES CULTURAIS, ARTISTICAS, CIENTIFICAS, DESPORTIVAS E OUTRAS."
2014|32,2014,32,"MATERIAL, BEM OU SERVICO PARA DISTRIBUICAO GRATUITA"
2014|33,2014,33,PASSAGENS E DESPESAS COM LOCOMOCAO
2014|34,2014,34,OUTRAS DESPESAS DE PESSOAL DECORRENTES DE CONTRATOS DE TERCEIRIZACAO
2014|35,2014,35,SERVICOS DE CONSULTORIA
2014|36,2014,36,OUTROS SERVICOS DE TERCEIROS ¿ PESSOA FISICA
2014|37,2014,37,LOCACAO DE MAO-DE-OBRA
2014|38,2014,38,ARRENDAMENTO MERCANTIL
2014|39,2014,39,OUTROS SERVICOS DE TERCEIROS - PESSOA JURIDICA
2014|41,2014,41,CONTRIBUICOES
2014|42,2014,42,AUXILIOS
2014|43,2014,43,SUBVENCOES SOCIAIS
2014|45,2014,45,SUBVENCOES ECONOMICAS
2014|46,2014,46,AUXILIO-ALIMENTACAO
2014|47,2014,47,OBRIGACOES TRIBUTARIAS E CONTRIBUTIVAS
2014|48,2014,48,OUTROS AUXILIOS FINANCEIROS A PESSOAS FISICAS
2014|49,2014,49,AUXILIO-TRANSPORTE
2014|51,2014,51,OBRAS E INSTALACOES
2014|52,2014,52,EQUIPAMENTOS E MATERIAL PERMANENTE
2014|59,2014,59,PENSOES ESPECIAIS
2014|61,2014,61,AQUISICAO DE IMOVEIS
2014|65,2014,65,CONSTITUICAO OU AUMENTO DE CAPITAL DE EMPRESAS
2014|66,2014,66,CONCESSAO DE EMPRESTIMOS E FINANCIAMENTOS
2014|71,2014,71,PRINCIPAL DA DIVIDA CONTRATUAL RESGATADO
2014|81,2014,81,DISTRIBUICAO CONSTITUCIONAL OU LEGAL DE RECEITAS
2014|91,2014,91,SENTENCAS JUDICIAIS
2014|92,2014,92,DESPESAS DE EXERCICIOS ANTERIORES
2014|93,2014,93,INDENIZACOES E RESTITUICOES
2014|94,2014,94,INDENIZACOES E RESTITUICOES TRABALHISTAS
2014|96,2014,96,RESSARCIMENTO DE DESPESAS DE PESSOAL REQUISITADO
2014|97,2014,97,APORTE PARA COBERTURA DO DEFICIT ATUARIAL DO RPPS
2014|99,2014,99,A CLASSIFICAR
2014|101,2014,101,PROVENTOS DE APOSENTADOS
2014|103,2014,103,PROVENTOS DE MILITARES INATIVOS
2014|105,2014,105,APOSENTADORIA IPSEMG - LEI N. 1.195 DE 23/12/1954
2014|108,2014,108,SUBSIDIO APOSENTADOS DA EDUCACAO
2014|307,2014,307,PENSOES CIVIS DO RPPS
2014|308,2014,308,PENSOES DO MILITAR
2014|401,2014,401,CONTRATACAO POR TEMPO DETERMINADO
2014|501,2014,501,AUXILIO-RECLUSAO
2014|505,2014,505,PECULIO E SEGURO COLETIVO
2014|509,2014,509,SALARIO-FAMILIA
2014|599,2014,599,AUXILIOS DIVERSOS
2014|801,2014,801,AUXILIO-DOENCA
2014|802,2014,802,AUXILIO-FUNERAL
2014|803,2014,803,AUXILIO-CRECHE OU ASSISTENCIA PRE-ESCOLAR
2014|804,2014,804,INDENIZACAO SECURITARIA
2014|805,2014,805,AUXILIO-NATALIDADE
2014|807,2014,807,AUXILIO INVALIDEZ
2014|899,2014,899,AUXILIOS DIVERSOS
2014|1101,2014,1101,VENCIMENTOS
2014|1102,2014,1102,DESIGNADOS DO MAGISTERIO
2014|1103,2014,1103,ADICIONAL POR TEMPO DE SERVICO
2014|1104,2014,1104,GRATIFICACAO DE ENSINO ESPECIAL
2014|1105,2014,1105,GRATIFICACAO DE REGIME ESPECIAL DE TRABALHO
2014|1106,2014,1106,GRATIFICACAO DE COORDENADOR DE ESCOLA
2014|1107,2014,1107,GRATIFICACAO DE INCENTIVO A DOCENCIA
2014|1108,2014,1108,VERBA DE REPRESENTACAO
2014|1109,2014,1109,GRATIFICACAO DE RISCO DE CONTAGIO E RAIO X
2014|1112,2014,1112,GRATIFICACAO DE ESTIMULO A PRODUCAO INDIVIDUAL - GEPI
2014|1113,2014,1113,GRATIFICACAO DE EXERCICIO DO PODER JUDICIARIO
2014|1114,2014,1114,GRATIFICACAO DE REPRESENTACAO DO MINISTERIO PUBLICO
2014|1117,2014,1117,GRATIFICACAO DE CARGO EM COMISSAO
2014|1118,2014,1118,GRATIFICACAO POR PLANTAO
2014|1119,2014,1119,VANTAGEM PESSOAL
2014|1120,2014,1120,SUBSIDIOS VARIAVEIS
2014|1121,2014,1121,ABONO DE FERIAS
2014|1122,2014,1122,GRATIFICACAO DE NATAL
2014|1123,2014,1123,"GRATIFICACAO DE RISCO DE VIDA, SAUDE E CONTAGIO"
2014|1127,2014,1127,GRATIFICACAO DE INCENTIVO AO MERITO FUNCIONAL
2014|1128,2014,1128,GRATIFICACAO DE FUNCAO DE AGENTES DE SEGURANCA
2014|1129,2014,1129,GRATIFICACAO DE ASSESSORAMENTO
2014|1130,2014,1130,GRATIFICACAO ESPECIAL-GABINETE MILITAR
2014|1133,2014,1133,GRATIFICACAO DE INCENTIVO A EFICIENTIZACAO DOS SERVICOS - GIEFS
2014|1134,2014,1134,HONORARIOS
2014|1135,2014,1135,GRATIFICACAO DE DEDICACAO EXCLUSIVA
2014|1137,2014,1137,PARCELA REMUNERATORIA COMPLEMENTAR-PRC
2014|1139,2014,1139,ADICIONAL DE LOCAL DE TRABALHO
2014|1140,2014,1140,GRATIFICACAO DE FUNCAO
2014|1141,2014,1141,GRATIFICACAO POR CURSO
2014|1143,2014,1143,GRATIFICACAO DE ORGAO DE DELIBERACAO COLETIVA
2014|1144,2014,1144,ABONO DE PERMANENCIA
2014|1145,2014,1145,VANTAGEM TEMPORARIA INCORPORAVEL
2014|1146,2014,1146,GRATIFICACAO DE DESEMPENHO DE PRODUTIVIDADE INDIVIDUAL E INSTITUCIONAL
2014|1147,2014,1147,GRATIFICACAO DE ESCOLARIDADE DESEMPENHO E PROD INDIVID E INSTITUCIONAL
2014|1148,2014,1148,ADICIONAL DE DESEMPENHO - PESSOAL CIVIL
2014|1149,2014,1149,GRATIFICACAO COMPLEMENTAR DE PRODUTIVIDADE
2014|1150,2014,1150,SUBSIDIO - SERVIDORES DA EDUCACAO EFETIVOS
2014|1151,2014,1151,SUBSIDIO - SERVIDORES DA EDUCACAO DESIGNADOS
2014|1152,2014,1152,SUBSIDIO - SERVIDORES DA EDUCACAO DE EXTENSAO CARGA HORARIA
2014|1154,2014,1154,GRATIFICACAO DE SERVICOS DE SEGURIDADE SOCIAL
2014|1155,2014,1155,GRATIFICACAO DE FUNCAO DE PESQUISA E ENSINO - GFPE / LEI 20.591/2012
2014|1157,2014,1157,GRATIFICACAO INCENTIVO PRODUTIVIDADE PROFISSIONAIS DE ENGENHARIA E ARQ
2014|1158,2014,1158,ABONO SALARIAL DO PODER JUDICIARIO
2014|1159,2014,1159,FUNÇÕES DE CONFIANÇA
2014|1160,2014,1160,GRATIFICACAO PELO CUMPRIMENTO DE METAS EXTRAORDINARIAS
2014|1199,2014,1199,OUTROS
2014|1201,2014,1201,REMUNERACAO BASICA
2014|1202,2014,1202,ADICIONAL POR TEMPO DE SERVICO
2014|1203,2014,1203,GRATIFICACOES ESPECIAIS
2014|1204,2014,1204,FERIAS-PREMIO
2014|1205,2014,1205,ABONO DE FERIAS
2014|1206,2014,1206,SUBSTITUICAO TEMPORARIA
2014|1207,2014,1207,GRATIFICACAO DE NATAL
2014|1208,2014,1208,ADICIONAL DE DESEMPENHO - PESSOAL MILITAR
2014|1209,2014,1209,ABONO PERMANENCIA
2014|1299,2014,1299,OUTRAS
2014|1304,2014,1304,INSS - FOLHA
2014|1305,2014,1305,OBRIGACAO PATRONAL - PESSOAL ATIVO
2014|1306,2014,1306,OBRIGACAO PATRONAL - PESSOAL INATIVO
2014|1307,2014,1307,OBRIGACAO PATRONAL - CONTRATOS DE TERCEIRIZACAO
2014|1308,2014,1308,OBRIGACAO PATRONAL - PENSIONISTAS
2014|1309,2014,1309,OBRIGACAO PATRONAL - PRECATORIOS
2014|1310,2014,1310,OBRIGACAO PATRONAL - OUTRAS SENTENCAS JUDICIAIS
2014|1311,2014,1311,OBRIGACAO PATRONAL - CONTRATOS POR TEMPO DETERMINADO
2014|1313,2014,1313,OBRIGACAO PATRONAL - MEDICOS RESIDENTES
2014|1314,2014,1314,OBRIGACAO PATRONAL - ENCARGOS POR PAGAMENTO EM ATRASO
2014|1315,2014,1315,OBRIGAÇÃO PATRONAL - PREMIO DE PRODUTIVIDADE
2014|1316,2014,1316,OBRIGACAO PATRONAL ADVOGADOS DATIVOS
2014|1317,2014,1317,INSS - DEMAIS DESPESAS
2014|1318,2014,1318,OBRIGACAO PATRONAL PESSOAL INATIVO - ENTIDADES CONVENIADAS
2014|1401,2014,1401,DIARIAS - CIVIL
2014|1501,2014,1501,DIARIAS - MILITAR
2014|1601,2014,1601,SERVICO EXTRAORDINARIO
2014|1602,2014,1602,SUBSTITUICAO EM CARGOS EM COMISSAO
2014|1603,2014,1603,AULAS FACULTATIVAS
2014|1604,2014,1604,GRATIFICACAO POR ENCARGOS EXTRAORDINARIOS
2014|1605,2014,1605,FERIAS-PREMIO
2014|1606,2014,1606,JORNADA COMPLEMENTAR DE TRABALHO
2014|1701,2014,1701,OUTRAS DESPESAS VARIAVEIS - PESSOAL MILITAR
2014|1801,2014,1801,AUXILIO FINANCEIRO A ESTUDANTES
2014|1901,2014,1901,AUXILIO-FARDAMENTO PAGO A SERVIDOR OU MILITAR
2014|1903,2014,1903,AUXILIO-FARDAMENTO PAGO A PESSOAL CONTRATADO
2014|2001,2014,2001,AUXILIO FINANCEIRO A PESQUISADORES
2014|2101,2014,2101,JUROS SOBRE A DIVIDA INTERNA POR CONTRATOS
2014|2102,2014,2102,JUROS SOBRE A DIVIDA EXTERNA POR CONTRATOS
2014|2103,2014,2103,JUROS DA DIVIDA COM OS INSTITUTOS DE PREVIDÊNCIA
2014|2104,2014,2104,JUROS SOBRE O PARCELAMENTO DA DIVIDA PREVIDENCIARIA
2014|2201,2014,2201,OUTROS ENCARGOS SOBRE A DIVIDA INTERNA POR CONTRATOS
2014|2202,2014,2202,OUTROS ENCARGOS SOBRE A DIVIDA EXTERNA POR CONTRATOS
2014|3001,2014,3001,"ARTIGOS PARA CONFECCAO, VESTUARIO, CAMA, MESA, BANHO E COZINHA"
2014|3002,2014,3002,ARTIGOS PARA ESPORTE
2014|3003,2014,3003,UTENSILIOS PARA REFEITORIO E COZINHA
2014|3004,2014,3004,MATERIAL GRAFICO E IMPRESSOS
2014|3005,2014,3005,MATERIAL PARA ESCRITORIO
2014|3006,2014,3006,MATERIAL DE DESENHO
2014|3007,2014,3007,MATERIAL DE ENSINO
2014|3008,2014,3008,PRODUTOS ALIMENTICIOS
2014|3009,2014,3009,FORRAGENS E OUTROS ALIMENTOS PARA ANIMAIS
2014|3010,2014,3010,MATERIAL MEDICO E HOSPITALAR
2014|3011,2014,3011,MATERIAL ODONTOLOGICO
2014|3012,2014,3012,MEDICAMENTOS
2014|3013,2014,3013,MATERIAIS DE LABORATORIO E PRODUTOS QUIMICOS EM GERAL
2014|3014,2014,3014,MATERIAL RADIOLOGICO
2014|3015,2014,3015,"MATERIAL FOTOGRAFICO, CINEMATOGRAFICO E DE COMUNICACAO"
2014|3016,2014,3016,MATERIAL DE INFORMATICA
2014|3017,2014,3017,ARTIGOS PARA LIMPEZA E HIGIENE
2014|3018,2014,3018,MATERIA-PRIMA E PROD. P/ MANIPULACAO E INDUSTRIAS DE TRANSFORMACAO
2014|3019,2014,3019,MATERIAL P/ MANUT. E REPAROS DE IMOVEIS DE PROPRIEDADE DA ADM. PUBLICA
2014|3020,2014,3020,MATERIAL ELETRICO
2014|3021,2014,3021,MATERIAL P/ MANUT. E REPAROS DE BENS DE DOMINIO PUB. OU DE TERCEIROS
2014|3022,2014,3022,"FERRAMENTAS, FERRAGENS E UTENSILIOS"
2014|3023,2014,3023,MATERIAL PARA MANUTENCAO DE VEICULOS AUTOMOTORES
2014|3024,2014,3024,PECAS E ACESSORIOS P/ EQUIP.  E OUTROS MATERIAIS PERMANENTES
2014|3025,2014,3025,"MATERIAL DE SEGURANCA, APETRECHOS OPERACIONAIS E POLICIAIS"
2014|3026,2014,3026,COMBUSTIVEIS E LUBRIFICANTES PARA VEICULOS AUTOMOTORES
2014|3027,2014,3027,COMBUSTIVEIS E LUBRIFICANTES P/ EQUIP. E OUTROS MAT.  PERMANENTES
2014|3028,2014,3028,"ANIMAIS DESTINADOS A ESTUDOS, A PREPARACAO DE PRODUTOS E AO ABATE"
2014|3029,2014,3029,"SEMENTES, MUDAS DE PLANTAS E INSUMOS"
2014|3030,2014,3030,MATERIAIS PARA ACONDICIONAMENTO E EMBALAGEM
2014|3031,2014,3031,LIVROS TECNICOS
2014|3032,2014,3032,MATERIAL CIVICO E EDUCATIVO
2014|3033,2014,3033,COMBUSTIVEIS E LUBRIFICANTES PARA AERONAVES
2014|3034,2014,3034,PECAS E ACESSORIOS PARA AERONAVES
2014|3036,2014,3036,MATERIAL BIBLIOGRAFICO PARA BIBLIOTECAS PUBLICAS
2014|3038,2014,3038,LEITE - PROGRAMA LEITE PELA VIDA
2014|3099,2014,3099,OUTROS MATERIAIS
2014|3101,2014,3101,"PREMIOS, DIPLOMAS, CONDECORACOES E MEDALHAS"
2014|3102,2014,3102,PREMIOS LOTERICOS
2014|3103,2014,3103,COMISSOES LOTERICAS
2014|3104,2014,3104,PREMIAÇOES
2014|3201,2014,3201,MATERIAL DE DISTRIBUICAO GRATUITA
2014|3301,2014,3301,PASSAGENS - PESSOA FISICA
2014|3302,2014,3302,"DESPESAS COM TRANSPORTE URBANO, PEDAGIO E ESTACIONAMETO PESSOA FISICA"
2014|3303,2014,3303,FRETAMENTO E LOCACAO
2014|3304,2014,3304,PASSAGENS - PESSOA JURIDICA
2014|3305,2014,3305,"SERVICOS DE TRANSPORTES DE PASSAGEIROS, FRETAMENTO E LOCACAO PES JURID"
2014|3401,2014,3401,OUTRAS DESPESAS DE PESSOAL DECORRENTES DE CONT. DE TERCEIRIZACAO
2014|3402,2014,3402,AGENTES PENITENCIARIOS
2014|3501,2014,3501,SERVICOS DE CONSULTORIA - PESSOA FISICA
2014|3502,2014,3502,SERVICOS DE CONSULTORIA - PESSOA JURIDICA
2014|3503,2014,3503,SERVICOS DE CONSULTORIA-ORGANISMO INTERNACIONAL
2014|3601,2014,3601,ESTAGIARIOS
2014|3602,2014,3602,MEDICOS RESIDENTES
2014|3603,2014,3603,SALARIOS DE INTERNOS
2014|3604,2014,3604,DIARIAS A COLABORADORES EVENTUAIS
2014|3605,2014,3605,LOCACAO DE SERVICOS TECNICOS E ESPECIALIZADOS - PESSOA FISICA
2014|3606,2014,3606,FORNECIMENTO DE ALIMENTACAO
2014|3607,2014,3607,CONFECCAO EM GERAL
2014|3608,2014,3608,MEDICOS
2014|3609,2014,3609,DENTISTAS
2014|3610,2014,3610,EVENTUAL DE GABINETE
2014|3611,2014,3611,LOCACAO DE BENS IMOVEIS
2014|3612,2014,3612,DESPESAS MIUDAS DE PRONTO PAGAMENTO
2014|3613,2014,3613,PESSOAL DE ENFERMAGEM
2014|3614,2014,3614,"MONITORES, FISCAIS E EXAMINADORES"
2014|3615,2014,3615,ENCARGOS FINANCEIROS
2014|3616,2014,3616,REPARO E MANUTENCAO DE VEICULOS
2014|3617,2014,3617,"REPAROS DE EQUIPAMENTOS, INSTALACOES E MATERIAL PERMANENTE"
2014|3618,2014,3618,REPAROS DE BENS IMOVEIS
2014|3619,2014,3619,CONFERENCIAS E EXPOSICOES
2014|3620,2014,3620,JETONS A CONSELHEIROS
2014|3621,2014,3621,ADVOGADOS DATIVOS
2014|3622,2014,3622,TAXA DE CONDOMINIO
2014|3623,2014,3623,GRATIFICACAO POR ENCARGO DE CURSO OU CONCURSO
2014|3699,2014,3699,OUTRAS DESPESAS PAGAS A PESSOAS FISICAS
2014|3701,2014,3701,LOCACAO DE SERVICOS DE CONSERVACAO E LIMPEZA
2014|3702,2014,3702,LOCACAO DE SERVICOS DE APOIO ADMINISTRATIVO
2014|3703,2014,3703,LOCACAO DE SERVICOS DE CONSERVACAO E LIMPEZA REALIZADOS PELA MGS
2014|3704,2014,3704,LOCACAO DE SERVICOS DE APOIO ADMINISTRATIVO REALIZADOS PELA MGS
2014|3801,2014,3801,ARRENDAMENTO MERCANTIL
2014|3901,2014,3901,VALE-TRANSPORTE
2014|3902,2014,3902,VALE-REFEICAO
2014|3903,2014,3903,FORNECIMENTO DE ALIMENTACAO
2014|3904,2014,3904,CONFECCAO EM GERAL
2014|3906,2014,3906,TRANSPORTE E ACONDICIONAMENTO DE MATERIAIS
2014|3908,2014,3908,PUBLICACAO E DIVULGACAO
2014|3909,2014,3909,PUBLICIDADE
2014|3910,2014,3910,PREMIOS DE SEGUROS
2014|3911,2014,3911,"ASSINATURAS DE JORNAIS, REVISTAS E PERIODICOS"
2014|3912,2014,3912,TARIFA DE ENERGIA ELETRICA
2014|3913,2014,3913,TARIFA DE AGUA E ESGOTO
2014|3914,2014,3914,SERVICO DE TELEFONIA
2014|3915,2014,3915,SERVICO POSTAL-TELEGRAFICO
2014|3916,2014,3916,LOCACAO DE TV POR ASSINATURA
2014|3917,2014,3917,LOCACAO DE VEICULOS
2014|3918,2014,3918,REPAROS DE VEICULOS
2014|3919,2014,3919,LOCACAO DE MAQUINAS E EQUIPAMENTOS
2014|3920,2014,3920,LOCACAO DE BENS IMOVEIS
2014|3921,2014,3921,"REPAROS DE EQUIPAMENTOS, INSTALACOES E MATERIAL PERMANENTE"
2014|3922,2014,3922,REPAROS DE BENS IMOVEIS
2014|3923,2014,3923,"RECEPCOES, HOSPEDAGENS, HOMENAGENS E FESTIVIDADES"
2014|3924,2014,3924,"CURSOS, EXPOSICOES, CONGRESSOS E CONFERENCIAS"
2014|3925,2014,3925,ENCARGOS JUDICIAIS
2014|3926,2014,3926,ENCARGOS FINANCEIROS
2014|3927,2014,3927,SERVICOS DE TECNOLOGIA DA INFORMACAO
2014|3928,2014,3928,SERVICOS DE SAUDE EXECUTADOS COM RECURSOS DO SUS
2014|3929,2014,3929,SERVICOS DE SAUDE PRESTADOS POR PESSOA JURIDICA
2014|3930,2014,3930,MULTAS DE TRANSITO
2014|3931,2014,3931,LOCACAO DE SERVICOS GRAFICOS
2014|3933,2014,3933,TAXA DE ADMINISTRACAO
2014|3934,2014,3934,SEGUROS DE AERONAVES
2014|3935,2014,3935,"REPARO, MANUTENCAO, E SERVICOS AEROPORTUARIOS PARA AERONAVES"
2014|3936,2014,3936,SERVICOS DE INFORMATICA EXECUTADOS PELA PRODEMGE
2014|3937,2014,3937,TAXA DE CONDOMINIO
2014|3938,2014,3938,SERVICOS DE IMPRESSAO E ENCADERNACAO EXECUTADOS PELA IMPRENSA OFICIAL
2014|3939,2014,3939,SERVICOS DE PUBLICACAO E DIVULGACAO EXECUTADOS PELA IMPRENSA OFICIAL
2014|3940,2014,3940,SERVICOS DE TELECOMUNICACAO
2014|3941,2014,3941,ANUIDADES
2014|3942,2014,3942,SERVICOS GRAFICOS DE SEGURANCA
2014|3943,2014,3943,SERVICO DE ADMINISTRACAO E GERENCIAMENTO DE FROTA DE VEICULOS
2014|3946,2014,3946,TERMO DE PARCERIA COM ORGANIZACAO DA SOCIEDADE CIVIL DE INTERESSE PUBL
2014|3947,2014,3947,TAXA DE ADMINISTRACAO DE CREDITO DE FINANCIAMENTOS HABITACIONAIS
2014|3948,2014,3948,"CURSOS DE FORMACAO, CAPACITACAO E POS-GRADUACAO PARA SERVIDORES"
2014|3949,2014,3949,CURSOS DE FORMACAO E CAPACITACAO PARA O CIDADAO
2014|3950,2014,3950,SERVICOS DE AGENCIAMENTO DE VIAGENS
2014|3951,2014,3951,"SERVICOS DE GERENCIAMENTO, SUPERVISAO E FISCALIZACAO DE OBRAS"
2014|3952,2014,3952,CONTRATACAO DE ESTAGIARIOS
2014|3953,2014,3953,CURSOS DE FORMACAO E CAPACITACAO PROMOVIDOS PELO ESTADO
2014|3955,2014,3955,EVENTOS DE COMUNICACAO INSTITUCIONAL
2014|3956,2014,3956,SERVICOS DE PESQUISAS
2014|3957,2014,3957,COMISSAO PELA CONSTRUCAO DE UNIDADES HABITACIONAIS
2014|3958,2014,3958,"CONTRATACAO DE PROJETOS EM PESQUISA DE CIENCIA, INOVACAO E TECNOLOGIA"
2014|3959,2014,3959,SERVICOS SANITARIOS E TRATAMENTO DE RESIDUOS
2014|3960,2014,3960,SERVICOS DE ATENDIMENTO AO CIDADAO
2014|3961,2014,3961,SERVICOS DE CONSERVACAO E LIMPEZA
2014|3962,2014,3962,SERVICOS DE VIGILANCIA OSTENSIVA
2014|3963,2014,3963,SERVICOS DE LEVANTAMENTO E CADASTRAMENTO PARA EXECUCAO DE POL PUBLICAS
2014|3964,2014,3964,SERVICOS DE MAPEAMENTO E GEORREFERENCIAMENTO
2014|3965,2014,3965,SERVICOS DE PRODUCAO E LOGISTICA DE MEDICAMENTOS
2014|3966,2014,3966,SERVICOS DE ABASTECIMENTO E DISTRIBUICAO DE AGUA
2014|3968,2014,3968,SERVICO DE IMPRENSA
2014|3969,2014,3969,CONTRATOS DE ENERGIA ELETRICA
2014|3970,2014,3970,REDE IP MULTISSERVICOS
2014|3971,2014,3971,SERVICOS TECN DE IMPLANTACAO GESTAO E ADM DO SIST DE OBSERV ELETRONICA
2014|3972,2014,3972,CONTRATOS DE ABASTECIMENTO DE AGUA E COLETA E TRATAMENTO DE ESGOTO
2014|3973,2014,3973,SERVICO DE ENGENHARIA PARA OPERACAO DE BENS DE DOMINIO PUBLICO
2014|3974,2014,3974,SERVICO DE REALIZACAO DE CONCURSO PUBLICO
2014|3975,2014,3975,"SERVICO DE GERENCIAMENTO, SUPERVISAO E FISCALIZACAO DE SERVICOS"
2014|3976,2014,3976,SERVICO DE REMOCAO E TRANSPORTE DE CADAVERES
2014|3977,2014,3977,PATROCINIO
2014|3980,2014,3980,ADESAO AO PARCELAMENTO DECORRENTE DE LEI ESPECIFICA
2014|3999,2014,3999,OUTROS SERVICOS PESSOA JURIDICA
2014|4101,2014,4101,CONTRIBUICOES
2014|4102,2014,4102,TRANSFERENCIAS AO FUNDHAB
2014|4103,2014,4103,CONTRIBUICOES AO IPLEMG
2014|4104,2014,4104,CONTRIBUICOES DO FUNDO ESTADUAL DE SAUDE - FES - LC 141/2012
2014|4105,2014,4105,TRANSFERENCIA AO PREVCOM
2014|4201,2014,4201,AUXILIOS
2014|4301,2014,4301,SUBVENCOES SOCIAIS
2014|4601,2014,4601,AUXILIO-ALIMENTACAO - PECUNIA
2014|4602,2014,4602,AUXILIO ALIMENTACAO BILHETE OU CARTAO MAGNETICO
2014|4701,2014,4701,OBRIGACOES TRIBUTARIAS E CONTRIBUTIVAS
2014|4801,2014,4801,OUTROS AUXILIOS FINANCEIROS A PESSOAS FISICAS
2014|4802,2014,4802,AUXILIO FINANCEIRO - PROGRAMA POUPANCA JOVEM
2014|4901,2014,4901,AUXILIO-TRANSPORTE - PECUNIA
2014|4902,2014,4902,AUXILIO-TRANSPORTE - PODER LEGISLATIVO
2014|4903,2014,4903,DESPESA DE TRANSPORTE DEVIDA A SERVIDORES DOS PODERES DO ESTADO
2014|4904,2014,4904,AUXILIO TRANSPORTE BILHETE OU CARTAO MAGNETICO
2014|4905,2014,4905,AUXILIO TRANSPORTE PAGO A ESTAGIARIOS PECUNIA
2014|4906,2014,4906,AUXILIO TRANSPORTE PAGO A ESTAGIARIO BILHETE OU CARTAO MAGNETICO
2014|5101,2014,5101,ESTUDOS E PROJETOS DE BENS PATRIMONIAVEIS
2014|5102,2014,5102,EXECUCAO DIRETA DE OBRAS DE BENS PATRIMONIAVEIS
2014|5103,2014,5103,EXECUCAO DE OBRAS POR CONTRATO DE BENS PATRIMONIAVEIS
2014|5104,2014,5104,INSTALACOES PARA OBRAS EM ANDAMENTO
2014|5106,2014,5106,ESTUDOS E PROJETOS DE BENS NAO PATRIMONIAVEIS
2014|5107,2014,5107,EXECUCAO DE OBRAS POR CONTRATO DE BENS NAO PATRIMONIAVEIS
2014|5109,2014,5109,EXECUCAO DIRETA DE OBRAS DE BENS NAO PATRIMONIAVEIS
2014|5110,2014,5110,MATERIAL PARA OBRAS - BENS PATRIMONIAVEIS
2014|5111,2014,5111,CONSTRUCAO DE UNIDADES HABITACIONAIS
2014|5112,2014,5112,MATERIAL PARA OBRAS - BENS NAO PATRIMONIAVEIS
2014|5113,2014,5113,INSTALACAO PARA INCORPORACAO A BENS IMOVEIS
2014|5114,2014,5114,EXECUCAO DE OBRAS POR EMPRESAS CONTROLADAS
2014|5201,2014,5201,AERONAVES E COMPONENTES ESTRUTURAIS
2014|5203,2014,5203,ARMAMENTO E EQUIPAMENTO DE USO POLICIAL
2014|5204,2014,5204,"MAQUINAS, APARELHOS, UTENSILIOS E EQUIPAMENTOS DE USO INDUSTRIAL"
2014|5205,2014,5205,"EMBARCACOES, PONTOES, DIQUES, FLUTUANTES E COMP. ESTRUTURAIS"
2014|5206,2014,5206,EQUIPAMENTOS DE COMUNICACAO E TELEFONIA
2014|5207,2014,5207,EQUIPAMENTOS DE INFORMATICA
2014|5208,2014,5208,"EQUIPAMENTOS DE SOM, VIDEO, FOTOGRAFICO E CINEMATOGRAFICO"
2014|5209,2014,5209,"EQUIPAMENTOS HOSPITALARES, ODONTOLOGICOS E DE LABORATORIO"
2014|5210,2014,5210,"FERRAMENTAS, EQUIP. E INSTRUMENTOS P/ OFICINA, MEDICAO E INSPECAO"
2014|5211,2014,5211,"INSTRUMENTOS DE LABORATORIO, MEDICOS E ODONTOLOGICOS"
2014|5212,2014,5212,"MAQUINAS, APARELHOS, UTENSILIOS E EQUIPAMENTOS  USO ADMINISTRATIVO"
2014|5213,2014,5213,MATERIAL ESPORTIVO E RECREATIVO
2014|5214,2014,5214,MOBILIARIO
2014|5215,2014,5215,OBJETOS DE ARTE E ANTIGUIDADES
2014|5216,2014,5216,"TRATORES, SIMILARES E IMPLEMENTOS"
2014|5217,2014,5217,VEICULOS
2014|5218,2014,5218,COLECAO E MATERIAIS BIBLIOGRAFICOS
2014|5219,2014,5219,INSTRUMENTOS MUSICAIS E ARTISTICOS
2014|5220,2014,5220,EQUIPAMENTOS DE SEGURANCA ELETRONICA
2014|5221,2014,5221,MATERIAL DIDATICO
2014|5222,2014,5222,ESTRUTURAS E COMPONENTES
2014|5299,2014,5299,OUTROS MATERIAIS PERMANENTES
2014|5901,2014,5901,PENSAO ACIDENTARIA - LEI N. 9.683/88 E LEI DELEGADA N 037/89
2014|5902,2014,5902,PENSAO ESPECIAL - LEI N 552/49
2014|5903,2014,5903,PENSAO ESPECIFICA DOS INSTITUTOS DE PREVIDENCIA
2014|5904,2014,5904,PENSAO DECORRENTE DE SENTENCA JUDICIAL - SERVIDOR
2014|5905,2014,5905,PENSAO DECORRENTE DE SENTENCA JUDICIAL - TERCEIROS
2014|5907,2014,5907,PENSAO ESPECIAL PARA AGENTES POLITICOS SERVIDORES PUBLICOS E ESTATAIS
2014|5908,2014,5908,PENSOES DECORRENTES DA LEI N 21527 2014
2014|6101,2014,6101,TERRENOS
2014|6103,2014,6103,FAZENDAS
2014|6104,2014,6104,EDIFICIOS
2014|6107,2014,6107,IMOVEIS NECESSARIOS A REALIZACAO DE OBRAS DE BENS NAO-PATRIMONIAVEIS
2014|6501,2014,6501,CONSTITUICAO OU AUMENTO DE CAPITAL DE EMPRESAS
2014|6602,2014,6602,CONCESSAO DE EMPRESTIMO OU FINANCIAMENTO PELOS FUNDOS ESTADUAIS
2014|6603,2014,6603,CONCESSAO DE FINANCIAMENTOS HABITACIONAIS
2014|7101,2014,7101,PRINCIPAL DA DIVIDA INTERNA POR CONTRATOS
2014|7102,2014,7102,PRINCIPAL DA DIVIDA EXTERNA POR CONTRATOS
2014|7103,2014,7103,PRINCIPAL DA DIVIDA COM OS INSTITUTOS DE PREVIDENCIA
2014|7104,2014,7104,PRINCIPAL DO PARCELAMENTO DA DIVIDA PREVIDENCIARIA - INSS
2014|7105,2014,7105,PRINCIPAL DO PARCELAMENTO DA DIVIDA PREVIDENCIARIA - IPSEMG IPSM
2014|8102,2014,8102,COTA PARTE DO IPVA
2014|8103,2014,8103,COTA PARTE DO ICMS
2014|8104,2014,8104,COTA PARTE DO IPI
2014|8105,2014,8105,COTA PARTE DA CIDE
2014|9102,2014,9102,PRECATORIOS - PESSOAL
2014|9103,2014,9103,OUTRAS SENTENCAS JUDICIAIS
2014|9107,2014,9107,PRECATORIOS - OUTROS
2014|9201,2014,9201,DESPESAS DE EXERCICIOS ANTERIORES - PESSOAL
2014|9202,2014,9202,DESPESAS DE EXERCICIOS ANTERIORES - OUTRAS DESPESAS
2014|9301,2014,9301,AJUDA DE CUSTO
2014|9302,2014,9302,AJUDA DE CUSTO ESPECIAL
2014|9303,2014,9303,PERDAS DECORRENTES DE APLICACOES FINANCEIRAS
2014|9305,2014,9305,DESPESAS DECORRENTES DE CONTRATOS DE CONCESSAO OU PERMISSAO
2014|9306,2014,9306,RESTITUICAO DE RECURSOS DE CONVENIO E DE CONTRAPARTIDA
2014|9307,2014,9307,RESSARCIMENTO REFERENTE A PESSOAL REQUISITADO DA ADMINITRACAO ESTADUAL
2014|9308,2014,9308,DESPESAS DE CARATER INDENIZATORIO RELATIVAS AO MANDATO PARLAMENTAR
2014|9309,2014,9309,PREMIO DE PRODUTIVIDADE
2014|9310,2014,9310,RESTITUICAO DE RECEITA - EXERCICIO ANTERIOR
2014|9311,2014,9311,COMPENSACAO FINANCEIRA DOS REGIMES DE PREVIDENCIA
2014|9312,2014,9312,INDENIZACAO POR UTILIZACAO DE BENS DE TERCEIROS
2014|9313,2014,9313,REEMBOLSO DE DESPESAS MEDICO-HOSPITALARES
2014|9314,2014,9314,INDENIZACOES DETERMINADAS POR DECISOES JUDICIAIS
2014|9316,2014,9316,INDENIZACOES DETERMINADAS POR LEI ESPECIFICA
2014|9317,2014,9317,INDENIZACAO EXERCICIO DO CARGO DE CONSEL PRES E PROCURADOR JUNTO AO TC
2014|9318,2014,9318,AUXILIO MORADIA DE CARATER INDENIZATORIO RELATIVO AO MANDATO PARLAMENT
2014|9319,2014,9319,IND.DECORRENTES DA UTILZ. DE LEITOS DE INSTITUICOES DE SAUDE PRIVADAS
2014|9324,2014,9324,AUXILIO MORADIA DE CARATER INDENIZATORIO DEVIDO A MAGISTRADO
2014|9325,2014,9325,AUXILIO MORADIA DE CARATER INDENIZATORIO DEVIDO PELO TCE
2014|9399,2014,9399,OUTRAS INDENIZACOES E RESTITUICOES
2014|9401,2014,9401,INDENIZACOES E RESTITUICOES TRABALHISTAS
2014|9601,2014,9601,RESSARCIMENTO DE DESPESAS DE PESSOAL REQUISITADO
2014|9701,2014,9701,APORTE PARA COBERTURA DO DEFICIT ATUARIAL DO RPPS
2015|0,2015,0,SEM INFORMACAO
2015|1,2015,1,"APOSENTADORIAS DO RPPS, RESERVA REMUNERADA E REFORMAS DOS MILITARES"
2015|3,2015,3,PENSOES DO RPPS E DO MILITAR
2015|4,2015,4,CONTRATACAO POR TEMPO DETERMINADO
2015|5,2015,5,OUTROS BENEFICIOS PREVIDENCIARIOS DO SERVIDOR OU DO MILITAR
2015|8,2015,8,OUTROS BENEFICIOS ASSISTENCIAIS DO SERVIDOR E DO MILITAR
2015|11,2015,11,VENCIMENTOS E VANTAGENS FIXAS-PESSOAL CIVIL
2015|12,2015,12,VENCIMENTOS E VANTAGENS FIXAS - PESSOAL  MILITAR
2015|13,2015,13,OBRIGACOES PATRONAIS
2015|14,2015,14,DIARIAS - CIVIL
2015|15,2015,15,DIARIAS - MILITAR
2015|16,2015,16,OUTRAS DESPESAS VARIAVEIS - PESSOAL CIVIL
2015|17,2015,17,OUTRAS DESPESAS VARIAVEIS - PESSOAL MILITAR
2015|18,2015,18,AUXILIO FINANCEIRO A ESTUDANTES
2015|19,2015,19,AUXILIO-FARDAMENTO
2015|20,2015,20,AUXILIO FINANCEIRO A PESQUISADORES
2015|21,2015,21,JUROS SOBRE A DIVIDA POR CONTRATO
2015|22,2015,22,OUTROS ENCARGOS SOBRE A DIVIDA POR CONTRATO
2015|27,2015,27,"ENCARGOS PELA HONRA DE AVAIS, GARANTIAS, SEGUROS E SIMILARES"
2015|30,2015,30,MATERIAL DE CONSUMO
2015|31,2015,31,"PREMIACOES CULTURAIS, ARTISTICAS, CIENTIFICAS, DESPORTIVAS E OUTRAS."
2015|32,2015,32,"MATERIAL, BEM OU SERVICO PARA DISTRIBUICAO GRATUITA"
2015|33,2015,33,PASSAGENS E DESPESAS COM LOCOMOCAO
2015|34,2015,34,OUTRAS DESPESAS DE PESSOAL DECORRENTES DE CONTRATOS DE TERCEIRIZACAO
2015|35,2015,35,SERVICOS DE CONSULTORIA
2015|36,2015,36,OUTROS SERVICOS DE TERCEIROS - PESSOA FISICA
2015|37,2015,37,LOCACAO DE MAO-DE-OBRA
2015|38,2015,38,ARRENDAMENTO MERCANTIL
2015|39,2015,39,OUTROS SERVICOS DE TERCEIROS - PESSOA JURIDICA
2015|41,2015,41,CONTRIBUICOES
2015|42,2015,42,AUXILIOS
2015|43,2015,43,SUBVENCOES SOCIAIS
2015|45,2015,45,SUBVENCOES ECONOMICAS
2015|46,2015,46,AUXILIO-ALIMENTACAO
2015|47,2015,47,OBRIGACOES TRIBUTARIAS E CONTRIBUTIVAS
2015|48,2015,48,OUTROS AUXILIOS FINANCEIROS A PESSOAS FISICAS
2015|49,2015,49,AUXILIO-TRANSPORTE
2015|51,2015,51,OBRAS E INSTALACOES
2015|52,2015,52,EQUIPAMENTOS E MATERIAL PERMANENTE
2015|59,2015,59,PENSOES ESPECIAIS
2015|61,2015,61,AQUISICAO DE IMOVEIS
2015|65,2015,65,CONSTITUICAO OU AUMENTO DE CAPITAL DE EMPRESAS
2015|66,2015,66,CONCESSAO DE EMPRESTIMOS E FINANCIAMENTOS
2015|71,2015,71,PRINCIPAL DA DIVIDA CONTRATUAL RESGATADO
2015|81,2015,81,DISTRIBUICAO CONSTITUCIONAL OU LEGAL DE RECEITAS
2015|91,2015,91,SENTENCAS JUDICIAIS
2015|92,2015,92,DESPESAS DE EXERCICIOS ANTERIORES
2015|93,2015,93,INDENIZACOES E RESTITUICOES
2015|94,2015,94,INDENIZACOES E RESTITUICOES TRABALHISTAS
2015|95,2015,95,INDENIZACAO PELA EXECUCAO DE TRABALHOS DE CAMPO
2015|96,2015,96,RESSARCIMENTO DE DESPESAS DE PESSOAL REQUISITADO
2015|97,2015,97,APORTE PARA COBERTURA DO DEFICIT ATUARIAL DO RPPS
2015|99,2015,99,A CLASSIFICAR
2015|101,2015,101,PROVENTOS DE APOSENTADOS
2015|103,2015,103,PROVENTOS DE MILITARES INATIVOS
2015|105,2015,105,APOSENTADORIA IPSEMG - LEI N. 1.195 DE 23/12/1954
2015|108,2015,108,SUBSIDIO APOSENTADOS DA EDUCACAO
2015|307,2015,307,PENSOES CIVIS DO RPPS
2015|308,2015,308,PENSOES DO MILITAR
2015|401,2015,401,CONTRATACAO POR TEMPO DETERMINADO
2015|501,2015,501,AUXILIO-RECLUSAO
2015|505,2015,505,PECULIO E SEGURO COLETIVO
2015|509,2015,509,SALARIO-FAMILIA
2015|599,2015,599,AUXILIOS DIVERSOS
2015|802,2015,802,AUXILIO-FUNERAL
2015|803,2015,803,AUXILIO-CRECHE OU ASSISTENCIA PRE-ESCOLAR
2015|804,2015,804,INDENIZACAO SECURITARIA
2015|805,2015,805,AUXILIO-NATALIDADE
2015|807,2015,807,AUXILIO INVALIDEZ
2015|899,2015,899,AUXILIOS DIVERSOS
2015|1101,2015,1101,VENCIMENTOS
2015|1102,2015,1102,DESIGNADOS DO MAGISTERIO
2015|1103,2015,1103,ADICIONAL POR TEMPO DE SERVICO
2015|1104,2015,1104,GRATIFICACAO DE ENSINO ESPECIAL
2015|1106,2015,1106,GRATIFICACAO DE COORDENADOR DE ESCOLA
2015|1107,2015,1107,GRATIFICACAO DE INCENTIVO A DOCENCIA
2015|1108,2015,1108,VERBA DE REPRESENTACAO
2015|1109,2015,1109,GRATIFICACAO DE RISCO DE CONTAGIO E RAIO X
2015|1112,2015,1112,GRATIFICACAO DE ESTIMULO A PRODUCAO INDIVIDUAL - GEPI
2015|1113,2015,1113,GRATIFICACAO DE EXERCICIO DO PODER JUDICIARIO
2015|1117,2015,1117,GRATIFICACAO DE CARGO EM COMISSAO
2015|1118,2015,1118,GRATIFICACAO POR PLANTAO
2015|1119,2015,1119,VANTAGEM PESSOAL
2015|1121,2015,1121,ABONO DE FERIAS
2015|1122,2015,1122,GRATIFICACAO DE NATAL
2015|1123,2015,1123,"GRATIFICACAO DE RISCO DE VIDA, SAUDE E CONTAGIO"
2015|1127,2015,1127,GRATIFICACAO DE INCENTIVO AO MERITO FUNCIONAL
2015|1128,2015,1128,GRATIFICACAO DE FUNCAO DE AGENTES DE SEGURANCA
2015|1129,2015,1129,GRATIFICACAO DE ASSESSORAMENTO
2015|1130,2015,1130,GRATIFICACAO ESPECIAL-GABINETE MILITAR
2015|1133,2015,1133,GRATIFICACAO DE INCENTIVO A EFICIENTIZACAO DOS SERVICOS - GIEFS
2015|1134,2015,1134,HONORARIOS
2015|1135,2015,1135,GRATIFICACAO DE DEDICACAO EXCLUSIVA
2015|1137,2015,1137,PARCELA REMUNERATORIA COMPLEMENTAR-PRC
2015|1139,2015,1139,ADICIONAL DE LOCAL DE TRABALHO
2015|1140,2015,1140,GRATIFICACAO DE FUNCAO
2015|1141,2015,1141,GRATIFICACAO POR CURSO
2015|1143,2015,1143,GRATIFICACAO DE ORGAO DE DELIBERACAO COLETIVA
2015|1144,2015,1144,ABONO DE PERMANENCIA
2015|1145,2015,1145,VANTAGEM TEMPORARIA INCORPORAVEL
2015|1146,2015,1146,GRATIFICACAO DE DESEMPENHO DE PRODUTIVIDADE INDIVIDUAL E INSTITUCIONAL
2015|1147,2015,1147,GRATIFICACAO DE ESCOLARIDADE DESEMPENHO E PROD INDIVID E INSTITUCIONAL
2015|1148,2015,1148,ADICIONAL DE DESEMPENHO - PESSOAL CIVIL
2015|1149,2015,1149,GRATIFICACAO COMPLEMENTAR DE PRODUTIVIDADE
2015|1150,2015,1150,SUBSIDIO - SERVIDORES DA EDUCACAO EFETIVOS
2015|1151,2015,1151,SUBSIDIO - SERVIDORES DA EDUCACAO DESIGNADOS
2015|1152,2015,1152,SUBSIDIO - SERVIDORES DA EDUCACAO DE EXTENSAO CARGA HORARIA
2015|1154,2015,1154,GRATIFICACAO DE SERVICOS DE SEGURIDADE SOCIAL
2015|1155,2015,1155,GRATIFICACAO DE FUNCAO DE PESQUISA E ENSINO - GFPE / LEI 20.591/2012
2015|1157,2015,1157,GRATIFICACAO INCENTIVO PRODUTIVIDADE PROFISSIONAIS DE ENGENHARIA E ARQ
2015|1158,2015,1158,ABONO SALARIAL DO PODER JUDICIARIO
2015|1159,2015,1159,FUNCOES DE CONFIANCA
2015|1160,2015,1160,GRATIFICACAO PELO CUMPRIMENTO DE METAS EXTRAORDINARIAS
2015|1199,2015,1199,OUTROS
2015|1201,2015,1201,REMUNERACAO BASICA
2015|1202,2015,1202,ADICIONAL POR TEMPO DE SERVICO
2015|1203,2015,1203,GRATIFICACOES ESPECIAIS
2015|1204,2015,1204,FERIAS-PREMIO
2015|1205,2015,1205,ABONO DE FERIAS
2015|1206,2015,1206,SUBSTITUICAO TEMPORARIA
2015|1207,2015,1207,GRATIFICACAO DE NATAL
2015|1208,2015,1208,ADICIONAL DE DESEMPENHO - PESSOAL MILITAR
2015|1209,2015,1209,ABONO PERMANENCIA
2015|1299,2015,1299,OUTRAS
2015|1304,2015,1304,INSS - FOLHA
2015|1305,2015,1305,OBRIGACAO PATRONAL - PESSOAL ATIVO
2015|1306,2015,1306,OBRIGACAO PATRONAL - PESSOAL INATIVO
2015|1307,2015,1307,OBRIGACAO PATRONAL - CONTRATOS DE TERCEIRIZACAO
2015|1308,2015,1308,OBRIGACAO PATRONAL - PENSIONISTAS
2015|1309,2015,1309,OBRIGACAO PATRONAL - PRECATORIOS
2015|1310,2015,1310,OBRIGACAO PATRONAL - OUTRAS SENTENCAS JUDICIAIS
2015|1311,2015,1311,OBRIGACAO PATRONAL - CONTRATOS POR TEMPO DETERMINADO
2015|1313,2015,1313,OBRIGACAO PATRONAL - MEDICOS RESIDENTES
2015|1314,2015,1314,OBRIGACAO PATRONAL - ENCARGOS POR PAGAMENTO EM ATRASO
2015|1316,2015,1316,OBRIGACAO PATRONAL ADVOGADOS DATIVOS
2015|1317,2015,1317,INSS - DEMAIS DESPESAS
2015|1318,2015,1318,OBRIGACAO PATRONAL PESSOAL INATIVO - ENTIDADES CONVENIADAS
2015|1401,2015,1401,DIARIAS - CIVIL
2015|1501,2015,1501,DIARIAS - MILITAR
2015|1601,2015,1601,SERVICO EXTRAORDINARIO
2015|1602,2015,1602,SUBSTITUICAO EM CARGOS EM COMISSAO
2015|1603,2015,1603,AULAS FACULTATIVAS
2015|1604,2015,1604,GRATIFICACAO POR ENCARGOS EXTRAORDINARIOS
2015|1605,2015,1605,FERIAS-PREMIO
2015|1606,2015,1606,JORNADA COMPLEMENTAR DE TRABALHO
2015|1701,2015,1701,OUTRAS DESPESAS VARIAVEIS - PESSOAL MILITAR
2015|1801,2015,1801,AUXILIO FINANCEIRO A ESTUDANTES
2015|1901,2015,1901,AUXILIO-FARDAMENTO PAGO A SERVIDOR OU MILITAR
2015|1903,2015,1903,AUXILIO-FARDAMENTO PAGO A PESSOAL CONTRATADO
2015|2001,2015,2001,AUXILIO FINANCEIRO A PESQUISADORES
2015|2101,2015,2101,JUROS SOBRE A DIVIDA INTERNA POR CONTRATOS
2015|2102,2015,2102,JUROS SOBRE A DIVIDA EXTERNA POR CONTRATOS
2015|2103,2015,2103,JUROS DA DIVIDA COM OS INSTITUTOS DE PREVIDENCIA
2015|2104,2015,2104,JUROS SOBRE O PARCELAMENTO DA DIVIDA PREVIDENCIARIA
2015|2106,2015,2106,JUROS SOBRE O PARCELAMENTO DA DIVIDA COM O PASEP
2015|2201,2015,2201,OUTROS ENCARGOS SOBRE A DIVIDA INTERNA POR CONTRATOS
2015|2701,2015,2701,"ENCARGOS PELA HONRA DE AVAIS, GARANTIAS, SEGUROS E SIMILARES"
2015|3001,2015,3001,"ARTIGOS PARA CONFECCAO, VESTUARIO, CAMA, MESA, BANHO E COZINHA"
2015|3002,2015,3002,ARTIGOS PARA ESPORTE
2015|3003,2015,3003,UTENSILIOS PARA REFEITORIO E COZINHA
2015|3004,2015,3004,MATERIAL GRAFICO E IMPRESSOS
2015|3005,2015,3005,MATERIAL PARA ESCRITORIO
2015|3006,2015,3006,MATERIAL DE DESENHO
2015|3007,2015,3007,MATERIAL DE ENSINO
2015|3008,2015,3008,PRODUTOS ALIMENTICIOS
2015|3009,2015,3009,FORRAGENS E OUTROS ALIMENTOS PARA ANIMAIS
2015|3010,2015,3010,MATERIAL MEDICO E HOSPITALAR
2015|3011,2015,3011,MATERIAL ODONTOLOGICO
2015|3012,2015,3012,MEDICAMENTOS
2015|3013,2015,3013,MATERIAIS DE LABORATORIO E PRODUTOS QUIMICOS EM GERAL
2015|3014,2015,3014,MATERIAL RADIOLOGICO
2015|3015,2015,3015,"MATERIAL FOTOGRAFICO, CINEMATOGRAFICO E DE COMUNICACAO"
2015|3016,2015,3016,MATERIAL DE INFORMATICA
2015|3017,2015,3017,ARTIGOS PARA LIMPEZA E HIGIENE
2015|3018,2015,3018,MATERIA-PRIMA E PROD. P/ MANIPULACAO E INDUSTRIAS DE TRANSFORMACAO
2015|3019,2015,3019,MATERIAL P/ MANUT. E REPAROS DE IMOVEIS DE PROPRIEDADE DA ADM. PUBLICA
2015|3020,2015,3020,MATERIAL ELETRICO
2015|3021,2015,3021,MATERIAL P/ MANUT. E REPAROS DE BENS DE DOMINIO PUB. OU DE TERCEIROS
2015|3022,2015,3022,"FERRAMENTAS, FERRAGENS E UTENSILIOS"
2015|3023,2015,3023,MATERIAL PARA MANUTENCAO DE VEICULOS AUTOMOTORES
2015|3024,2015,3024,PECAS E ACESSORIOS P/ EQUIP.  E OUTROS MATERIAIS PERMANENTES
2015|3025,2015,3025,"MATERIAL DE SEGURANCA, APETRECHOS OPERACIONAIS E POLICIAIS"
2015|3026,2015,3026,COMBUSTIVEIS E LUBRIFICANTES PARA VEICULOS AUTOMOTORES
2015|3027,2015,3027,COMBUSTIVEIS E LUBRIFICANTES P/ EQUIP. E OUTROS MAT.  PERMANENTES
2015|3028,2015,3028,"ANIMAIS DESTINADOS A ESTUDOS, A PREPARACAO DE PRODUTOS E AO ABATE"
2015|3029,2015,3029,"SEMENTES, MUDAS DE PLANTAS E INSUMOS"
2015|3030,2015,3030,MATERIAIS PARA ACONDICIONAMENTO E EMBALAGEM
2015|3031,2015,3031,LIVROS TECNICOS
2015|3032,2015,3032,MATERIAL CIVICO E EDUCATIVO
2015|3033,2015,3033,COMBUSTIVEIS E LUBRIFICANTES PARA AERONAVES
2015|3034,2015,3034,PECAS E ACESSORIOS PARA AERONAVES
2015|3036,2015,3036,MATERIAL BIBLIOGRAFICO PARA BIBLIOTECAS PUBLICAS
2015|3038,2015,3038,LEITE - PROGRAMA LEITE PELA VIDA
2015|3039,2015,3039,MATERIAL PARA CONFECCAO EM GERAL
2015|3099,2015,3099,OUTROS MATERIAIS
2015|3101,2015,3101,"PREMIOS, DIPLOMAS, CONDECORACOES E MEDALHAS"
2015|3102,2015,3102,PREMIOS LOTERICOS
2015|3103,2015,3103,COMISSOES LOTERICAS
2015|3104,2015,3104,PREMIACOES
2015|3201,2015,3201,MATERIAL DE DISTRIBUICAO GRATUITA
2015|3301,2015,3301,PASSAGENS - PESSOA FISICA
2015|3302,2015,3302,"DESPESAS COM TRANSPORTE URBANO, PEDAGIO E ESTACIONAMETO PESSOA FISICA"
2015|3303,2015,3303,FRETAMENTO E LOCACAO
2015|3304,2015,3304,PASSAGENS - PESSOA JURIDICA
2015|3305,2015,3305,"SERVICOS DE TRANSPORTES DE PASSAGEIROS, FRETAMENTO E LOCACAO PES JURID"
2015|3401,2015,3401,OUTRAS DESPESAS DE PESSOAL DECORRENTES DE CONT. DE TERCEIRIZACAO
2015|3402,2015,3402,AGENTES PENITENCIARIOS
2015|3501,2015,3501,SERVICOS DE CONSULTORIA - PESSOA FISICA
2015|3502,2015,3502,SERVICOS DE CONSULTORIA - PESSOA JURIDICA
2015|3601,2015,3601,ESTAGIARIOS
2015|3602,2015,3602,MEDICOS RESIDENTES
2015|3603,2015,3603,SALARIOS DE INTERNOS
2015|3604,2015,3604,DIARIAS A COLABORADORES EVENTUAIS
2015|3605,2015,3605,LOCACAO DE SERVICOS TECNICOS E ESPECIALIZADOS - PESSOA FISICA
2015|3606,2015,3606,FORNECIMENTO DE ALIMENTACAO
2015|3608,2015,3608,MEDICOS
2015|3609,2015,3609,DENTISTAS
2015|3610,2015,3610,EVENTUAL DE GABINETE
2015|3611,2015,3611,LOCACAO DE BENS IMOVEIS
2015|3612,2015,3612,DESPESAS MIUDAS DE PRONTO PAGAMENTO
2015|3613,2015,3613,PESSOAL DE ENFERMAGEM
2015|3614,2015,3614,"MONITORES, FISCAIS E EXAMINADORES"
2015|3615,2015,3615,ENCARGOS FINANCEIROS
2015|3616,2015,3616,REPARO E MANUTENCAO DE VEICULOS
2015|3617,2015,3617,"REPAROS DE EQUIPAMENTOS, INSTALACOES E MATERIAL PERMANENTE"
2015|3618,2015,3618,REPAROS DE BENS IMOVEIS
2015|3619,2015,3619,CONFERENCIAS E EXPOSICOES
2015|3620,2015,3620,JETONS A CONSELHEIROS
2015|3621,2015,3621,ADVOGADOS DATIVOS
2015|3622,2015,3622,TAXA DE CONDOMINIO
2015|3623,2015,3623,GRATIFICACAO POR ENCARGO DE CURSO OU CONCURSO
2015|3624,2015,3624,SERVICOS TECNICOS JUDICIAIS - HONORARIOS PERICIAIS
2015|3625,2015,3625,CONTRATACAO PARA PRESTACAO DE SERVIÇO POR CREDENCIADOS
2015|3626,2015,3626,SERVICOS DE ABASTECIMENTO E DISTRIBUICAO DE AGUA
2015|3699,2015,3699,OUTRAS DESPESAS PAGAS A PESSOAS FISICAS
2015|3701,2015,3701,LOCACAO DE SERVICOS DE CONSERVACAO E LIMPEZA
2015|3702,2015,3702,LOCACAO DE SERVICOS DE APOIO ADMINISTRATIVO
2015|3703,2015,3703,LOCACAO DE SERVICOS DE CONSERVACAO E LIMPEZA REALIZADOS PELA MGS
2015|3704,2015,3704,LOCACAO DE SERVICOS DE APOIO ADMINISTRATIVO REALIZADOS PELA MGS
2015|3901,2015,3901,VALE-TRANSPORTE
2015|3902,2015,3902,VALE-REFEICAO
2015|3903,2015,3903,FORNECIMENTO DE ALIMENTACAO
2015|3904,2015,3904,CONFECCAO EM GERAL
2015|3906,2015,3906,TRANSPORTE E ACONDICIONAMENTO DE MATERIAIS
2015|3908,2015,3908,PUBLICACAO E DIVULGACAO
2015|3909,2015,3909,PUBLICIDADE
2015|3910,2015,3910,PREMIOS DE SEGUROS
2015|3911,2015,3911,"ASSINATURAS DE JORNAIS, REVISTAS E PERIODICOS"
2015|3912,2015,3912,TARIFA DE ENERGIA ELETRICA
2015|3913,2015,3913,TARIFA DE AGUA E ESGOTO
2015|3914,2015,3914,SERVICO DE TELEFONIA
2015|3915,2015,3915,SERVICO POSTAL-TELEGRAFICO
2015|3916,2015,3916,LOCACAO DE TV POR ASSINATURA
2015|3917,2015,3917,LOCACAO DE VEICULOS
2015|3918,2015,3918,REPAROS DE VEICULOS
2015|3919,2015,3919,LOCACAO DE MAQUINAS E EQUIPAMENTOS
2015|3920,2015,3920,LOCACAO DE BENS IMOVEIS
2015|3921,2015,3921,"REPAROS DE EQUIPAMENTOS, INSTALACOES E MATERIAL PERMANENTE"
2015|3922,2015,3922,REPAROS DE BENS IMOVEIS
2015|3923,2015,3923,"RECEPCOES, HOSPEDAGENS, HOMENAGENS E FESTIVIDADES"
2015|3924,2015,3924,"CURSOS, EXPOSICOES, CONGRESSOS E CONFERENCIAS"
2015|3925,2015,3925,ENCARGOS JUDICIAIS
2015|3926,2015,3926,ENCARGOS FINANCEIROS
2015|3927,2015,3927,SERVICOS DE TECNOLOGIA DA INFORMACAO
2015|3928,2015,3928,SERVICOS DE SAUDE EXECUTADOS COM RECURSOS DO SUS
2015|3929,2015,3929,SERVICOS DE SAUDE PRESTADOS POR PESSOA JURIDICA
2015|3930,2015,3930,MULTAS DE TRANSITO
2015|3931,2015,3931,LOCACAO DE SERVICOS GRAFICOS
2015|3933,2015,3933,TAXA DE ADMINISTRACAO
2015|3934,2015,3934,SEGUROS DE AERONAVES
2015|3935,2015,3935,"REPARO, MANUTENCAO, E SERVICOS AEROPORTUARIOS PARA AERONAVES"
2015|3936,2015,3936,SERVICOS DE INFORMATICA EXECUTADOS PELA PRODEMGE
2015|3937,2015,3937,TAXA DE CONDOMINIO
2015|3938,2015,3938,SERVICOS DE IMPRESSAO E ENCADERNACAO EXECUTADOS PELA IMPRENSA OFICIAL
2015|3939,2015,3939,SERVICOS DE PUBLICACAO E DIVULGACAO EXECUTADOS PELA IMPRENSA OFICIAL
2015|3940,2015,3940,SERVICOS DE TELECOMUNICACAO
2015|3941,2015,3941,ANUIDADES
2015|3942,2015,3942,SERVICOS GRAFICOS DE SEGURANCA
2015|3943,2015,3943,SERVICO DE ADMINISTRACAO E GERENCIAMENTO DE FROTA DE VEICULOS
2015|3946,2015,3946,TERMO DE PARCERIA COM ORGANIZACAO DA SOCIEDADE CIVIL DE INTERESSE PUBL
2015|3947,2015,3947,TAXA DE ADMINISTRACAO DE CREDITO DE FINANCIAMENTOS HABITACIONAIS
2015|3948,2015,3948,"CURSOS DE FORMACAO, CAPACITACAO E POS-GRADUACAO PARA SERVIDORES"
2015|3949,2015,3949,CURSOS DE FORMACAO E CAPACITACAO PARA O CIDADAO
2015|3950,2015,3950,SERVICOS DE AGENCIAMENTO DE VIAGENS
2015|3951,2015,3951,"SERVICOS DE GERENCIAMENTO, SUPERVISAO E FISCALIZACAO DE OBRAS"
2015|3952,2015,3952,CONTRATACAO DE ESTAGIARIOS
2015|3953,2015,3953,CURSOS DE FORMACAO E CAPACITACAO PROMOVIDOS PELO ESTADO
2015|3955,2015,3955,EVENTOS DE COMUNICACAO INSTITUCIONAL
2015|3956,2015,3956,SERVICOS DE PESQUISAS
2015|3957,2015,3957,COMISSAO PELA CONSTRUCAO DE UNIDADES HABITACIONAIS
2015|3958,2015,3958,"CONTRATACAO DE PROJETOS EM PESQUISA DE CIENCIA, INOVACAO E TECNOLOGIA"
2015|3959,2015,3959,SERVICOS SANITARIOS E TRATAMENTO DE RESIDUOS
2015|3960,2015,3960,SERVICOS DE ATENDIMENTO AO CIDADAO
2015|3961,2015,3961,SERVICOS DE CONSERVACAO E LIMPEZA
2015|3962,2015,3962,SERVICOS DE VIGILANCIA OSTENSIVA
2015|3963,2015,3963,SERVICOS DE LEVANTAMENTO E CADASTRAMENTO PARA EXECUCAO DE POL PUBLICAS
2015|3964,2015,3964,SERVICOS DE MAPEAMENTO E GEORREFERENCIAMENTO
2015|3965,2015,3965,SERVICOS DE PRODUCAO E LOGISTICA DE MEDICAMENTOS
2015|3966,2015,3966,SERVICOS DE ABASTECIMENTO E DISTRIBUICAO DE AGUA
2015|3968,2015,3968,SERVICO DE IMPRENSA
2015|3969,2015,3969,CONTRATOS DE ENERGIA ELETRICA
2015|3970,2015,3970,REDE IP MULTISSERVICOS
2015|3971,2015,3971,SERVICOS TECN DE IMPLANTACAO GESTAO E ADM DO SIST DE OBSERV ELETRONICA
2015|3972,2015,3972,CONTRATOS DE ABASTECIMENTO DE AGUA E COLETA E TRATAMENTO DE ESGOTO
2015|3973,2015,3973,SERVICO DE ENGENHARIA PARA OPERACAO DE BENS DE DOMINIO PUBLICO
2015|3974,2015,3974,SERVICO DE REALIZACAO DE CONCURSO PUBLICO
2015|3975,2015,3975,"SERVICO DE GERENCIAMENTO, SUPERVISAO E FISCALIZACAO DE SERVICOS"
2015|3976,2015,3976,SERVICO DE REMOCAO E TRANSPORTE DE CADAVERES
2015|3977,2015,3977,PATROCINIO
2015|3978,2015,3978,SERVICO DE APOIO ADMINISTRATIVO
2015|3980,2015,3980,ADESAO AO PARCELAMENTO DECORRENTE DE LEI ESPECIFICA
2015|3981,2015,3981,SERVICO DE ELABORACAO DE ESTUDOS PREVIOS
2015|3982,2015,3982,SERVICOS TECNICOS JUDICIAIS - HONORARIOS PERICIAIS
2015|3983,2015,3983,SERVICOS DE REALIZACAO DE PROCESSO DE CERTIFICACAO OCUPACIONAL
2015|3984,2015,3984,REMUNERACAO PAGA PELO PODER EXECUTIVO AO TJMG - DEPOSITOS JUDICIAIS
2015|3999,2015,3999,OUTROS SERVICOS PESSOA JURIDICA
2015|4101,2015,4101,CONTRIBUICOES
2015|4102,2015,4102,TRANSFERENCIAS AO FUNDHAB
2015|4103,2015,4103,CONTRIBUICOES AO IPLEMG
2015|4104,2015,4104,CONTRIBUICOES DO FUNDO ESTADUAL DE SAUDE - FES - LC 141/2012
2015|4105,2015,4105,TRANSFERENCIA AO PREVCOM
2015|4201,2015,4201,AUXILIOS
2015|4301,2015,4301,SUBVENCOES SOCIAIS
2015|4601,2015,4601,AUXILIO-ALIMENTACAO - PECUNIA
2015|4602,2015,4602,AUXILIO ALIMENTACAO BILHETE OU CARTAO MAGNETICO
2015|4701,2015,4701,OBRIGACOES TRIBUTARIAS E CONTRIBUTIVAS
2015|4801,2015,4801,OUTROS AUXILIOS FINANCEIROS A PESSOAS FISICAS
2015|4802,2015,4802,AUXILIO FINANCEIRO - PROGRAMA POUPANCA JOVEM
2015|4803,2015,4803,AUXILIO PARA PROFISSIONAIS DE PROGRAMAS DE CAPACITACAO E FORMACAO
2015|4901,2015,4901,AUXILIO-TRANSPORTE - PECUNIA
2015|4902,2015,4902,AUXILIO-TRANSPORTE - PODER LEGISLATIVO
2015|4903,2015,4903,DESPESA DE TRANSPORTE DEVIDA A SERVIDORES DOS PODERES DO ESTADO
2015|4904,2015,4904,AUXILIO TRANSPORTE BILHETE OU CARTAO MAGNETICO
2015|4905,2015,4905,AUXILIO TRANSPORTE PAGO A ESTAGIARIOS PECUNIA
2015|4906,2015,4906,AUXILIO TRANSPORTE PAGO A ESTAGIARIO BILHETE OU CARTAO MAGNETICO
2015|5101,2015,5101,ESTUDOS E PROJETOS DE BENS PATRIMONIAVEIS
2015|5102,2015,5102,EXECUCAO DIRETA DE OBRAS DE BENS PATRIMONIAVEIS
2015|5103,2015,5103,EXECUCAO DE OBRAS POR CONTRATO DE BENS PATRIMONIAVEIS
2015|5104,2015,5104,INSTALACOES PARA OBRAS EM ANDAMENTO
2015|5106,2015,5106,ESTUDOS E PROJETOS DE BENS NAO PATRIMONIAVEIS
2015|5107,2015,5107,EXECUCAO DE OBRAS POR CONTRATO DE BENS NAO PATRIMONIAVEIS
2015|5110,2015,5110,MATERIAL PARA OBRAS - BENS PATRIMONIAVEIS
2015|5111,2015,5111,CONSTRUCAO DE UNIDADES HABITACIONAIS
2015|5112,2015,5112,MATERIAL PARA OBRAS - BENS NAO PATRIMONIAVEIS
2015|5113,2015,5113,INSTALACAO PARA INCORPORACAO A BENS IMOVEIS
2015|5114,2015,5114,EXECUCAO DE OBRAS POR EMPRESAS CONTROLADAS
2015|5203,2015,5203,ARMAMENTO E EQUIPAMENTO DE USO POLICIAL
2015|5204,2015,5204,"MAQUINAS, APARELHOS, UTENSILIOS E EQUIPAMENTOS DE USO INDUSTRIAL"
2015|5205,2015,5205,"EMBARCACOES, PONTOES, DIQUES, FLUTUANTES E COMP. ESTRUTURAIS"
2015|5206,2015,5206,EQUIPAMENTOS DE COMUNICACAO E TELEFONIA
2015|5207,2015,5207,EQUIPAMENTOS DE INFORMATICA
2015|5208,2015,5208,"EQUIPAMENTOS DE SOM, VIDEO, FOTOGRAFICO E CINEMATOGRAFICO"
2015|5209,2015,5209,"EQUIPAMENTOS HOSPITALARES, ODONTOLOGICOS E DE LABORATORIO"
2015|5210,2015,5210,"FERRAMENTAS, EQUIP. E INSTRUMENTOS P/ OFICINA, MEDICAO E INSPECAO"
2015|5211,2015,5211,"INSTRUMENTOS DE LABORATORIO, MEDICOS E ODONTOLOGICOS"
2015|5212,2015,5212,"MAQUINAS, APARELHOS, UTENSILIOS E EQUIPAMENTOS  USO ADMINISTRATIVO"
2015|5213,2015,5213,MATERIAL ESPORTIVO E RECREATIVO
2015|5214,2015,5214,MOBILIARIO
2015|5215,2015,5215,OBJETOS DE ARTE E ANTIGUIDADES
2015|5216,2015,5216,"TRATORES, SIMILARES E IMPLEMENTOS"
2015|5217,2015,5217,VEICULOS
2015|5218,2015,5218,COLECAO E MATERIAIS BIBLIOGRAFICOS
2015|5219,2015,5219,INSTRUMENTOS MUSICAIS E ARTISTICOS
2015|5220,2015,5220,EQUIPAMENTOS DE SEGURANCA ELETRONICA
2015|5221,2015,5221,MATERIAL DIDATICO
2015|5222,2015,5222,ESTRUTURAS E COMPONENTES
2015|5299,2015,5299,OUTROS MATERIAIS PERMANENTES
2015|5901,2015,5901,PENSAO ACIDENTARIA - LEI N. 9.683/88 E LEI DELEGADA N 037/89
2015|5902,2015,5902,PENSAO ESPECIAL - LEI N 552/49
2015|5903,2015,5903,PENSAO ESPECIFICA DOS INSTITUTOS DE PREVIDENCIA
2015|5904,2015,5904,PENSAO DECORRENTE DE SENTENCA JUDICIAL - SERVIDOR
2015|5905,2015,5905,PENSAO DECORRENTE DE SENTENCA JUDICIAL - TERCEIROS
2015|5907,2015,5907,PENSAO ESPECIAL PARA AGENTES POLITICOS SERVIDORES PUBLICOS E ESTATAIS
2015|5908,2015,5908,PENSOES DECORRENTES DA LEI N 21527 2014
2015|6101,2015,6101,TERRENOS
2015|6106,2015,6106,IMOVEIS NECESSARIOS A REALIZACAO DE OBRAS DE BENS PATRIMONIAVEIS
2015|6107,2015,6107,IMOVEIS NECESSARIOS A REALIZACAO DE OBRAS DE BENS NAO-PATRIMONIAVEIS
2015|6501,2015,6501,CONSTITUICAO OU AUMENTO DE CAPITAL DE EMPRESAS
2015|6602,2015,6602,CONCESSAO DE EMPRESTIMO OU FINANCIAMENTO PELOS FUNDOS ESTADUAIS
2015|6603,2015,6603,CONCESSAO DE FINANCIAMENTOS HABITACIONAIS
2015|7101,2015,7101,PRINCIPAL DA DIVIDA INTERNA POR CONTRATOS
2015|7102,2015,7102,PRINCIPAL DA DIVIDA EXTERNA POR CONTRATOS
2015|7103,2015,7103,PRINCIPAL DA DIVIDA COM OS INSTITUTOS DE PREVIDENCIA
2015|7104,2015,7104,PRINCIPAL DO PARCELAMENTO DA DIVIDA PREVIDENCIARIA - INSS
2015|7107,2015,7107,PRINCIPAL DO PARCELAMENTO DA DIVIDA REFERENTE AO PASEP
2015|8102,2015,8102,COTA PARTE DO IPVA
2015|8103,2015,8103,COTA PARTE DO ICMS
2015|8104,2015,8104,COTA PARTE DO IPI
2015|8105,2015,8105,COTA PARTE DA CIDE
2015|9102,2015,9102,PRECATORIOS - PESSOAL
2015|9103,2015,9103,OUTRAS SENTENCAS JUDICIAIS
2015|9107,2015,9107,PRECATORIOS - OUTROS
2015|9201,2015,9201,DESPESAS DE EXERCICIOS ANTERIORES - PESSOAL
2015|9202,2015,9202,DESPESAS DE EXERCICIOS ANTERIORES - OUTRAS DESPESAS
2015|9301,2015,9301,AJUDA DE CUSTO
2015|9302,2015,9302,AJUDA DE CUSTO ESPECIAL
2015|9305,2015,9305,DESPESAS DECORRENTES DE CONTRATOS DE CONCESSAO OU PERMISSAO
2015|9306,2015,9306,RESTITUICAO DE RECURSOS DE CONVENIO E DE CONTRAPARTIDA
2015|9307,2015,9307,RESSARCIMENTO REFERENTE A PESSOAL REQUISITADO DA ADMINITRACAO ESTADUAL
2015|9308,2015,9308,DESPESAS DE CARATER INDENIZATORIO RELATIVAS AO MANDATO PARLAMENTAR
2015|9309,2015,9309,PREMIO DE PRODUTIVIDADE
2015|9310,2015,9310,RESTITUICAO DE RECEITA - EXERCICIO ANTERIOR
2015|9311,2015,9311,COMPENSACAO FINANCEIRA DOS REGIMES DE PREVIDENCIA
2015|9312,2015,9312,INDENIZACAO POR UTILIZACAO DE BENS DE TERCEIROS
2015|9313,2015,9313,REEMBOLSO DE DESPESAS MEDICO-HOSPITALARES
2015|9314,2015,9314,INDENIZACOES DETERMINADAS POR DECISOES JUDICIAIS
2015|9316,2015,9316,INDENIZACOES DETERMINADAS POR LEI ESPECIFICA
2015|9317,2015,9317,INDENIZACAO EXERCICIO DO CARGO DE CONSEL PRES E PROCURADOR JUNTO AO TC
2015|9318,2015,9318,AUXILIO MORADIA DE CARATER INDENIZATORIO RELATIVO AO MANDATO PARLAMENT
2015|9319,2015,9319,IND.DECORRENTES DA UTILZ. DE LEITOS DE INSTITUICOES DE SAUDE PRIVADAS
2015|9323,2015,9323,INDENIZACAO DECORRENTE DE AUXILIO SAUDE
2015|9324,2015,9324,AUXILIO MORADIA DE CARATER INDENIZATORIO
2015|9325,2015,9325,AUXILIO MORADIA DE CARATER INDENIZATORIO DEVIDO PELO TCE
2015|9326,2015,9326,"RESTITUICAO REFERENTE A TAXA DE INSCRICAO, MATERIAL E SIMILARES"
2015|9399,2015,9399,OUTRAS INDENIZACOES E RESTITUICOES
2015|9401,2015,9401,INDENIZACOES E RESTITUICOES TRABALHISTAS
2015|9601,2015,9601,RESSARCIMENTO DE DESPESAS DE PESSOAL REQUISITADO
2015|9701,2015,9701,APORTE PARA COBERTURA DO DEFICIT ATUARIAL DO RPPS
2016|0,2016,0,SEM INFORMACAO
2016|1,2016,1,"APOSENTADORIAS DO RPPS, RESERVA REMUNERADA E REFORMAS DOS MILITARES"
2016|3,2016,3,PENSOES DO RPPS E DO MILITAR
2016|4,2016,4,CONTRATACAO POR TEMPO DETERMINADO
2016|5,2016,5,OUTROS BENEFICIOS PREVIDENCIARIOS DO SERVIDOR OU DO MILITAR
2016|6,2016,6,BENEFICIO MENSAL AO DEFICIENTE E AO IDOSO
2016|7,2016,7,CONTRIBUICAO A ENTIDADES FECHADAS DE PREVIDENCIA
2016|8,2016,8,OUTROS BENEFICIOS ASSISTENCIAIS DO SERVIDOR E DO MILITAR
2016|10,2016,10,SEGURO DESEMPREGO E ABONO SALARIAL
2016|11,2016,11,VENCIMENTOS E VANTAGENS FIXAS-PESSOAL CIVIL
2016|12,2016,12,VENCIMENTOS E VANTAGENS FIXAS - PESSOAL  MILITAR
2016|13,2016,13,OBRIGACOES PATRONAIS
2016|14,2016,14,DIARIAS - CIVIL
2016|15,2016,15,DIARIAS - MILITAR
2016|16,2016,16,OUTRAS DESPESAS VARIAVEIS - PESSOAL CIVIL
2016|17,2016,17,OUTRAS DESPESAS VARIAVEIS - PESSOAL MILITAR
2016|18,2016,18,AUXILIO FINANCEIRO A ESTUDANTES
2016|19,2016,19,AUXILIO-FARDAMENTO
2016|20,2016,20,AUXILIO FINANCEIRO A PESQUISADORES
2016|21,2016,21,JUROS SOBRE A DIVIDA POR CONTRATO
2016|22,2016,22,OUTROS ENCARGOS SOBRE A DIVIDA POR CONTRATO
2016|27,2016,27,"ENCARGOS PELA HONRA DE AVAIS, GARANTIAS, SEGUROS E SIMILARES"
2016|28,2016,28,REMUNERACAO DE COTAS DE FUNDOS AUTARQUICOS
2016|29,2016,29,DISTRIBUICAO DE RESULTADO DE EMPRESAS ESTATAIS DEPENDENTES
2016|30,2016,30,MATERIAL DE CONSUMO
2016|31,2016,31,"PREMIACOES CULTURAIS, ARTISTICAS, CIENTIFICAS, DESPORTIVAS E OUTRAS."
2016|32,2016,32,"MATERIAL, BEM OU SERVICO PARA DISTRIBUICAO GRATUITA"
2016|33,2016,33,PASSAGENS E DESPESAS COM LOCOMOCAO
2016|34,2016,34,OUTRAS DESPESAS DE PESSOAL DECORRENTES DE CONTRATOS DE TERCEIRIZACAO
2016|35,2016,35,SERVICOS DE CONSULTORIA
2016|36,2016,36,OUTROS SERVICOS DE TERCEIROS - PESSOA FISICA
2016|37,2016,37,LOCACAO DE MAO-DE-OBRA
2016|38,2016,38,ARRENDAMENTO MERCANTIL
2016|39,2016,39,OUTROS SERVICOS DE TERCEIROS - PESSOA JURIDICA
2016|41,2016,41,CONTRIBUICOES
2016|42,2016,42,AUXILIOS
2016|43,2016,43,SUBVENCOES SOCIAIS
2016|46,2016,46,AUXILIO-ALIMENTACAO
2016|47,2016,47,OBRIGACOES TRIBUTARIAS E CONTRIBUTIVAS
2016|48,2016,48,OUTROS AUXILIOS FINANCEIROS A PESSOAS FISICAS
2016|49,2016,49,AUXILIO-TRANSPORTE
2016|51,2016,51,OBRAS E INSTALACOES
2016|52,2016,52,EQUIPAMENTOS E MATERIAL PERMANENTE
2016|59,2016,59,PENSOES ESPECIAIS
2016|61,2016,61,AQUISICAO DE IMOVEIS
2016|65,2016,65,CONSTITUICAO OU AUMENTO DE CAPITAL DE EMPRESAS
2016|66,2016,66,CONCESSAO DE EMPRESTIMOS E FINANCIAMENTOS
2016|71,2016,71,PRINCIPAL DA DIVIDA CONTRATUAL RESGATADO
2016|81,2016,81,DISTRIBUICAO CONSTITUCIONAL OU LEGAL DE RECEITAS
2016|91,2016,91,SENTENCAS JUDICIAIS
2016|92,2016,92,DESPESAS DE EXERCICIOS ANTERIORES
2016|93,2016,93,INDENIZACOES E RESTITUICOES
2016|94,2016,94,INDENIZACOES E RESTITUICOES TRABALHISTAS
2016|97,2016,97,APORTE PARA COBERTURA DO DEFICIT ATUARIAL DO RPPS
2016|99,2016,99,A CLASSIFICAR
2016|101,2016,101,PROVENTOS DE APOSENTADOS
2016|103,2016,103,PROVENTOS DE MILITARES INATIVOS
2016|105,2016,105,APOSENTADORIA IPSEMG - LEI N. 1.195 DE 23/12/1954
2016|108,2016,108,SUBSIDIO APOSENTADOS DA EDUCACAO
2016|307,2016,307,PENSOES CIVIS DO RPPS
2016|308,2016,308,PENSOES DO MILITAR
2016|401,2016,401,CONTRATACAO POR TEMPO DETERMINADO
2016|501,2016,501,AUXILIO-RECLUSAO
2016|505,2016,505,PECULIO E SEGURO COLETIVO
2016|509,2016,509,SALARIO-FAMILIA
2016|599,2016,599,AUXILIOS DIVERSOS
2016|701,2016,701,CONTRIBUICAO A ENTIDADES FECHADAS DE PREVIDENCIA
2016|702,2016,702,CONTRIBUICAO A ENTIDADES FECHADAS DE PREVIDENCIA - ENCARGOS
2016|802,2016,802,AUXILIO-FUNERAL
2016|803,2016,803,AUXILIO-CRECHE OU ASSISTENCIA PRE-ESCOLAR
2016|804,2016,804,INDENIZACAO SECURITARIA
2016|805,2016,805,AUXILIO-NATALIDADE
2016|807,2016,807,AUXILIO INVALIDEZ
2016|899,2016,899,AUXILIOS DIVERSOS
2016|1101,2016,1101,VENCIMENTOS
2016|1102,2016,1102,DESIGNADOS DO MAGISTERIO
2016|1103,2016,1103,ADICIONAL POR TEMPO DE SERVICO
2016|1104,2016,1104,GRATIFICACAO DE ENSINO ESPECIAL
2016|1106,2016,1106,GRATIFICACAO DE COORDENADOR DE ESCOLA
2016|1107,2016,1107,GRATIFICACAO DE INCENTIVO A DOCENCIA
2016|1109,2016,1109,GRATIFICACAO DE RISCO DE CONTAGIO E RAIO X
2016|1112,2016,1112,GRATIFICACAO DE ESTIMULO A PRODUCAO INDIVIDUAL - GEPI
2016|1113,2016,1113,GRATIFICACAO DE EXERCICIO DO PODER JUDICIARIO
2016|1117,2016,1117,GRATIFICACAO DE CARGO EM COMISSAO
2016|1118,2016,1118,GRATIFICACAO POR PLANTAO
2016|1119,2016,1119,VANTAGEM PESSOAL
2016|1121,2016,1121,ABONO DE FERIAS
2016|1122,2016,1122,GRATIFICACAO DE NATAL
2016|1123,2016,1123,"GRATIFICACAO DE RISCO DE VIDA, SAUDE E CONTAGIO"
2016|1127,2016,1127,GRATIFICACAO DE INCENTIVO AO MERITO FUNCIONAL
2016|1128,2016,1128,GRATIFICACAO DE FUNCAO DE AGENTES DE SEGURANCA
2016|1129,2016,1129,GRATIFICACAO DE ASSESSORAMENTO
2016|1130,2016,1130,GRATIFICACAO ESPECIAL-GABINETE MILITAR
2016|1133,2016,1133,GRATIFICACAO DE INCENTIVO A EFICIENTIZACAO DOS SERVICOS - GIEFS
2016|1134,2016,1134,HONORARIOS
2016|1135,2016,1135,GRATIFICACAO DE DEDICACAO EXCLUSIVA
2016|1137,2016,1137,PARCELA REMUNERATORIA COMPLEMENTAR-PRC
2016|1139,2016,1139,ADICIONAL DE LOCAL DE TRABALHO
2016|1140,2016,1140,GRATIFICACAO DE FUNCAO
2016|1141,2016,1141,GRATIFICACAO POR CURSO
2016|1143,2016,1143,GRATIFICACAO DE ORGAO DE DELIBERACAO COLETIVA
2016|1144,2016,1144,ABONO DE PERMANENCIA
2016|1145,2016,1145,VANTAGEM TEMPORARIA INCORPORAVEL
2016|1146,2016,1146,GRATIFICACAO DE DESEMPENHO DE PRODUTIVIDADE INDIVIDUAL E INSTITUCIONAL
2016|1147,2016,1147,GRATIFICACAO DE ESCOLARIDADE DESEMPENHO E PROD INDIVID E INSTITUCIONAL
2016|1148,2016,1148,ADICIONAL DE DESEMPENHO - PESSOAL CIVIL
2016|1149,2016,1149,GRATIFICACAO COMPLEMENTAR DE PRODUTIVIDADE
2016|1150,2016,1150,SUBSIDIO - SERVIDORES DA EDUCACAO EFETIVOS
2016|1151,2016,1151,SUBSIDIO - SERVIDORES DA EDUCACAO DESIGNADOS
2016|1152,2016,1152,SUBSIDIO - SERVIDORES DA EDUCACAO DE EXTENSAO CARGA HORARIA
2016|1154,2016,1154,GRATIFICACAO DE SERVICOS DE SEGURIDADE SOCIAL
2016|1155,2016,1155,GRATIFICACAO DE FUNCAO DE PESQUISA E ENSINO - GFPE / LEI 20.591/2012
2016|1157,2016,1157,GRATIFICACAO INCENTIVO PRODUTIVIDADE PROFISSIONAIS DE ENGENHARIA E ARQ
2016|1158,2016,1158,ABONO SALARIAL DO PODER JUDICIARIO
2016|1159,2016,1159,FUNCOES DE CONFIANCA
2016|1160,2016,1160,GRATIFICACAO PELO CUMPRIMENTO DE METAS EXTRAORDINARIAS
2016|1199,2016,1199,OUTROS
2016|1201,2016,1201,REMUNERACAO BASICA
2016|1202,2016,1202,ADICIONAL POR TEMPO DE SERVICO
2016|1203,2016,1203,GRATIFICACOES ESPECIAIS
2016|1204,2016,1204,FERIAS-PREMIO
2016|1205,2016,1205,ABONO DE FERIAS
2016|1206,2016,1206,SUBSTITUICAO TEMPORARIA
2016|1207,2016,1207,GRATIFICACAO DE NATAL
2016|1208,2016,1208,ADICIONAL DE DESEMPENHO - PESSOAL MILITAR
2016|1209,2016,1209,ABONO PERMANENCIA
2016|1210,2016,1210,GRATIFICACAO MENSAL PRO LABORE
2016|1299,2016,1299,OUTRAS
2016|1304,2016,1304,INSS - FOLHA
2016|1305,2016,1305,OBRIGACAO PATRONAL - PESSOAL ATIVO
2016|1306,2016,1306,OBRIGACAO PATRONAL - PESSOAL INATIVO
2016|1307,2016,1307,OBRIGACAO PATRONAL - CONTRATOS DE TERCEIRIZACAO
2016|1308,2016,1308,OBRIGACAO PATRONAL - PENSIONISTAS
2016|1309,2016,1309,OBRIGACAO PATRONAL - PRECATORIOS
2016|1310,2016,1310,OBRIGACAO PATRONAL - OUTRAS SENTENCAS JUDICIAIS
2016|1311,2016,1311,OBRIGACAO PATRONAL - CONTRATOS POR TEMPO DETERMINADO
2016|1313,2016,1313,OBRIGACAO PATRONAL - MEDICOS RESIDENTES
2016|1314,2016,1314,OBRIGACAO PATRONAL - ENCARGOS POR PAGAMENTO EM ATRASO
2016|1316,2016,1316,OBRIGACAO PATRONAL ADVOGADOS DATIVOS
2016|1317,2016,1317,INSS - DEMAIS DESPESAS
2016|1318,2016,1318,OBRIGACAO PATRONAL PESSOAL INATIVO - ENTIDADES CONVENIADAS
2016|1319,2016,1319,OBRIGACAO PATRONAL - PESSOAL MILITAR INATIVO - LC 125/2012
2016|1320,2016,1320,OBRIGACAO PATRONAL - PESSOAL MILITAR ATIVO - LC 125/2012
2016|1401,2016,1401,DIARIAS - CIVIL
2016|1501,2016,1501,DIARIAS - MILITAR
2016|1601,2016,1601,SERVICO EXTRAORDINARIO
2016|1602,2016,1602,SUBSTITUICAO EM CARGOS EM COMISSAO
2016|1603,2016,1603,AULAS FACULTATIVAS
2016|1604,2016,1604,GRATIFICACAO POR ENCARGOS EXTRAORDINARIOS
2016|1605,2016,1605,FERIAS-PREMIO
2016|1606,2016,1606,JORNADA COMPLEMENTAR DE TRABALHO
2016|1701,2016,1701,OUTRAS DESPESAS VARIAVEIS - PESSOAL MILITAR
2016|1801,2016,1801,AUXILIO FINANCEIRO A ESTUDANTES
2016|1901,2016,1901,AUXILIO-FARDAMENTO PAGO A SERVIDOR OU MILITAR
2016|1903,2016,1903,AUXILIO-FARDAMENTO PAGO A PESSOAL CONTRATADO
2016|2001,2016,2001,AUXILIO FINANCEIRO A PESQUISADORES
2016|2101,2016,2101,JUROS SOBRE A DIVIDA INTERNA POR CONTRATOS
2016|2102,2016,2102,JUROS SOBRE A DIVIDA EXTERNA POR CONTRATOS
2016|2103,2016,2103,JUROS DA DIVIDA COM OS INSTITUTOS DE PREVIDENCIA
2016|2104,2016,2104,JUROS SOBRE O PARCELAMENTO DA DIVIDA PREVIDENCIARIA
2016|2106,2016,2106,JUROS SOBRE O PARCELAMENTO DA DIVIDA COM O PASEP
2016|2201,2016,2201,OUTROS ENCARGOS SOBRE A DIVIDA INTERNA POR CONTRATOS
2016|2202,2016,2202,OUTROS ENCARGOS SOBRE A DIVIDA EXTERNA POR CONTRATOS
2016|3001,2016,3001,"ARTIGOS PARA CONFECCAO, VESTUARIO, CAMA, MESA, BANHO E COZINHA"
2016|3002,2016,3002,ARTIGOS PARA ESPORTE
2016|3003,2016,3003,UTENSILIOS PARA REFEITORIO E COZINHA
2016|3004,2016,3004,MATERIAL GRAFICO E IMPRESSOS
2016|3005,2016,3005,MATERIAL PARA ESCRITORIO
2016|3006,2016,3006,MATERIAL DE DESENHO
2016|3007,2016,3007,MATERIAL DE ENSINO
2016|3008,2016,3008,PRODUTOS ALIMENTICIOS
2016|3009,2016,3009,FORRAGENS E OUTROS ALIMENTOS PARA ANIMAIS
2016|3010,2016,3010,MATERIAL MEDICO E HOSPITALAR
2016|3011,2016,3011,MATERIAL ODONTOLOGICO
2016|3012,2016,3012,MEDICAMENTOS
2016|3013,2016,3013,MATERIAIS DE LABORATORIO E PRODUTOS QUIMICOS EM GERAL
2016|3014,2016,3014,MATERIAL RADIOLOGICO
2016|3015,2016,3015,"MATERIAL FOTOGRAFICO, CINEMATOGRAFICO E DE COMUNICACAO"
2016|3016,2016,3016,MATERIAL DE INFORMATICA
2016|3017,2016,3017,ARTIGOS PARA LIMPEZA E HIGIENE
2016|3018,2016,3018,MATERIA-PRIMA E PROD. P/ MANIPULACAO E INDUSTRIAS DE TRANSFORMACAO
2016|3019,2016,3019,MATERIAL P/ MANUT. E REPAROS DE IMOVEIS DE PROPRIEDADE DA ADM. PUBLICA
2016|3020,2016,3020,MATERIAL ELETRICO
2016|3021,2016,3021,MATERIAL P/ MANUT. E REPAROS DE BENS DE DOMINIO PUB. OU DE TERCEIROS
2016|3022,2016,3022,"FERRAMENTAS, FERRAGENS E UTENSILIOS"
2016|3023,2016,3023,MATERIAL PARA MANUTENCAO DE VEICULOS AUTOMOTORES
2016|3024,2016,3024,PECAS E ACESSORIOS P/ EQUIP.  E OUTROS MATERIAIS PERMANENTES
2016|3025,2016,3025,"MATERIAL DE SEGURANCA, APETRECHOS OPERACIONAIS E POLICIAIS"
2016|3026,2016,3026,COMBUSTIVEIS E LUBRIFICANTES PARA VEICULOS AUTOMOTORES
2016|3027,2016,3027,COMBUSTIVEIS E LUBRIFICANTES P/ EQUIP. E OUTROS MAT.  PERMANENTES
2016|3028,2016,3028,"ANIMAIS DESTINADOS A ESTUDOS, A PREPARACAO DE PRODUTOS E AO ABATE"
2016|3029,2016,3029,"SEMENTES, MUDAS DE PLANTAS E INSUMOS"
2016|3030,2016,3030,MATERIAIS PARA ACONDICIONAMENTO E EMBALAGEM
2016|3031,2016,3031,LIVROS TECNICOS
2016|3032,2016,3032,MATERIAL CIVICO E EDUCATIVO
2016|3033,2016,3033,COMBUSTIVEIS E LUBRIFICANTES PARA AERONAVES
2016|3034,2016,3034,PECAS E ACESSORIOS PARA AERONAVES
2016|3036,2016,3036,MATERIAL BIBLIOGRAFICO PARA BIBLIOTECAS PUBLICAS
2016|3037,2016,3037,MEDICAMENTOS - DECISÃO JUDICIAL
2016|3038,2016,3038,LEITE - PROGRAMA LEITE PELA VIDA
2016|3039,2016,3039,MATERIAL PARA CONFECCAO EM GERAL
2016|3099,2016,3099,OUTROS MATERIAIS
2016|3101,2016,3101,"PREMIOS, DIPLOMAS, CONDECORACOES E MEDALHAS"
2016|3102,2016,3102,PREMIOS LOTERICOS
2016|3103,2016,3103,COMISSOES LOTERICAS
2016|3104,2016,3104,PREMIACOES
2016|3201,2016,3201,MATERIAL DE DISTRIBUICAO GRATUITA
2016|3301,2016,3301,PASSAGENS - PESSOA FISICA
2016|3302,2016,3302,"DESPESAS COM TRANSPORTE URBANO, PEDAGIO E ESTACIONAMETO PESSOA FISICA"
2016|3303,2016,3303,FRETAMENTO E LOCACAO
2016|3304,2016,3304,PASSAGENS - PESSOA JURIDICA
2016|3305,2016,3305,"SERVICOS DE TRANSPORTES DE PASSAGEIROS, FRETAMENTO E LOCACAO PES JURID"
2016|3401,2016,3401,OUTRAS DESPESAS DE PESSOAL DECORRENTES DE CONT. DE TERCEIRIZACAO
2016|3402,2016,3402,AGENTES PENITENCIARIOS
2016|3501,2016,3501,SERVICOS DE CONSULTORIA - PESSOA FISICA
2016|3502,2016,3502,SERVICOS DE CONSULTORIA - PESSOA JURIDICA
2016|3601,2016,3601,ESTAGIARIOS
2016|3602,2016,3602,MEDICOS RESIDENTES
2016|3603,2016,3603,SALARIOS DE INTERNOS
2016|3604,2016,3604,DIARIAS A COLABORADORES EVENTUAIS
2016|3605,2016,3605,LOCACAO DE SERVICOS TECNICOS E ESPECIALIZADOS - PESSOA FISICA
2016|3608,2016,3608,MEDICOS
2016|3609,2016,3609,DENTISTAS
2016|3610,2016,3610,EVENTUAL DE GABINETE
2016|3611,2016,3611,LOCACAO DE BENS IMOVEIS
2016|3612,2016,3612,DESPESAS MIUDAS DE PRONTO PAGAMENTO
2016|3613,2016,3613,PESSOAL DE ENFERMAGEM
2016|3614,2016,3614,"MONITORES, FISCAIS E EXAMINADORES"
2016|3615,2016,3615,ENCARGOS FINANCEIROS
2016|3616,2016,3616,REPARO E MANUTENCAO DE VEICULOS
2016|3617,2016,3617,"REPAROS DE EQUIPAMENTOS, INSTALACOES E MATERIAL PERMANENTE"
2016|3618,2016,3618,REPAROS DE BENS IMOVEIS
2016|3619,2016,3619,CONFERENCIAS E EXPOSICOES
2016|3620,2016,3620,JETONS A CONSELHEIROS
2016|3621,2016,3621,ADVOGADOS DATIVOS
2016|3622,2016,3622,TAXA DE CONDOMINIO
2016|3623,2016,3623,GRATIFICACAO POR ENCARGO DE CURSO OU CONCURSO
2016|3624,2016,3624,SERVICOS TECNICOS JUDICIAIS - HONORARIOS JUSTICA GRATUITA
2016|3625,2016,3625,CONTRATACAO PARA PRESTACAO DE SERVIÇO POR CREDENCIADOS
2016|3626,2016,3626,SERVICOS DE ABASTECIMENTO E DISTRIBUICAO DE AGUA
2016|3627,2016,3627,JUIZES LEIGOS
2016|3628,2016,3628,SERVICOS TECNICOS JUDICIAIS - HONORARIOS PERICIAIS
2016|3699,2016,3699,OUTRAS DESPESAS PAGAS A PESSOAS FISICAS
2016|3701,2016,3701,LOCACAO DE SERVICOS DE CONSERVACAO E LIMPEZA
2016|3702,2016,3702,LOCACAO DE SERVICOS DE APOIO ADMINISTRATIVO
2016|3703,2016,3703,LOCACAO DE SERVICOS DE CONSERVACAO E LIMPEZA REALIZADOS PELA MGS
2016|3704,2016,3704,LOCACAO DE SERVICOS DE APOIO ADMINISTRATIVO REALIZADOS PELA MGS
2016|3901,2016,3901,VALE-TRANSPORTE
2016|3902,2016,3902,VALE-REFEICAO
2016|3903,2016,3903,FORNECIMENTO DE ALIMENTACAO
2016|3904,2016,3904,CONFECCAO EM GERAL
2016|3906,2016,3906,TRANSPORTE E ACONDICIONAMENTO DE MATERIAIS
2016|3908,2016,3908,PUBLICACAO E DIVULGACAO
2016|3909,2016,3909,PUBLICIDADE
2016|3910,2016,3910,PREMIOS DE SEGUROS
2016|3911,2016,3911,"ASSINATURAS DE JORNAIS, REVISTAS E PERIODICOS"
2016|3912,2016,3912,TARIFA DE ENERGIA ELETRICA
2016|3913,2016,3913,TARIFA DE AGUA E ESGOTO
2016|3914,2016,3914,SERVICO DE TELEFONIA
2016|3915,2016,3915,SERVICO POSTAL-TELEGRAFICO
2016|3916,2016,3916,LOCACAO DE TV POR ASSINATURA
2016|3917,2016,3917,LOCACAO DE VEICULOS
2016|3918,2016,3918,REPAROS DE VEICULOS
2016|3919,2016,3919,LOCACAO DE MAQUINAS E EQUIPAMENTOS
2016|3920,2016,3920,LOCACAO DE BENS IMOVEIS
2016|3921,2016,3921,"REPAROS DE EQUIPAMENTOS, INSTALACOES E MATERIAL PERMANENTE"
2016|3922,2016,3922,REPAROS DE BENS IMOVEIS
2016|3923,2016,3923,"RECEPCOES, HOSPEDAGENS, HOMENAGENS E FESTIVIDADES"
2016|3924,2016,3924,"CURSOS, EXPOSICOES, CONGRESSOS E CONFERENCIAS"
2016|3925,2016,3925,ENCARGOS JUDICIAIS
2016|3926,2016,3926,ENCARGOS FINANCEIROS
2016|3927,2016,3927,SERVICOS DE TECNOLOGIA DA INFORMACAO
2016|3928,2016,3928,SERVICOS DE SAUDE EXECUTADOS COM RECURSOS DO SUS
2016|3929,2016,3929,SERVICOS DE SAUDE PRESTADOS POR PESSOA JURIDICA
2016|3930,2016,3930,MULTAS DE TRANSITO
2016|3931,2016,3931,LOCACAO DE SERVICOS GRAFICOS
2016|3933,2016,3933,TAXA DE ADMINISTRACAO
2016|3934,2016,3934,SEGUROS DE AERONAVES
2016|3935,2016,3935,"REPARO, MANUTENCAO, E SERVICOS AEROPORTUARIOS PARA AERONAVES"
2016|3936,2016,3936,SERVICOS DE INFORMATICA EXECUTADOS PELA PRODEMGE
2016|3937,2016,3937,TAXA DE CONDOMINIO
2016|3938,2016,3938,SERVICOS DE IMPRESSAO E ENCADERNACAO EXECUTADOS PELA IMPRENSA OFICIAL
2016|3939,2016,3939,SERVICOS DE PUBLICACAO E DIVULGACAO EXECUTADOS PELA IMPRENSA OFICIAL
2016|3940,2016,3940,SERVICOS DE TELECOMUNICACAO
2016|3941,2016,3941,ANUIDADES
2016|3942,2016,3942,SERVICOS GRAFICOS DE SEGURANCA
2016|3943,2016,3943,SERVICO DE ADMINISTRACAO E GERENCIAMENTO DE FROTA DE VEICULOS
2016|3946,2016,3946,TERMO DE PARCERIA COM ORGANIZACAO DA SOCIEDADE CIVIL DE INTERESSE PUBL
2016|3947,2016,3947,TAXA DE ADMINISTRACAO DE CREDITO DE FINANCIAMENTOS HABITACIONAIS
2016|3948,2016,3948,"CURSOS DE FORMACAO, CAPACITACAO E POS-GRADUACAO PARA SERVIDORES"
2016|3949,2016,3949,CURSOS DE FORMACAO E CAPACITACAO PARA O CIDADAO
2016|3950,2016,3950,SERVICOS DE AGENCIAMENTO DE VIAGENS
2016|3951,2016,3951,"SERVICOS DE GERENCIAMENTO, SUPERVISAO E FISCALIZACAO DE OBRAS"
2016|3952,2016,3952,CONTRATACAO DE ESTAGIARIOS
2016|3953,2016,3953,CURSOS DE FORMACAO E CAPACITACAO PROMOVIDOS PELO ESTADO
2016|3955,2016,3955,EVENTOS DE COMUNICACAO INSTITUCIONAL
2016|3956,2016,3956,SERVICOS DE PESQUISAS
2016|3957,2016,3957,COMISSAO PELA CONSTRUCAO DE UNIDADES HABITACIONAIS
2016|3958,2016,3958,"CONTRATACAO DE PROJETOS EM PESQUISA DE CIENCIA, INOVACAO E TECNOLOGIA"
2016|3959,2016,3959,SERVICOS SANITARIOS E TRATAMENTO DE RESIDUOS
2016|3960,2016,3960,SERVICOS DE ATENDIMENTO AO CIDADAO
2016|3961,2016,3961,SERVICOS DE CONSERVACAO E LIMPEZA
2016|3962,2016,3962,SERVICOS DE VIGILANCIA OSTENSIVA
2016|3963,2016,3963,SERVICOS DE LEVANTAMENTO E CADASTRAMENTO PARA EXECUCAO DE POL PUBLICAS
2016|3964,2016,3964,SERVICOS DE MAPEAMENTO E GEORREFERENCIAMENTO
2016|3965,2016,3965,SERVICOS DE PRODUCAO E LOGISTICA DE MEDICAMENTOS
2016|3966,2016,3966,SERVICOS DE ABASTECIMENTO E DISTRIBUICAO DE AGUA
2016|3968,2016,3968,SERVICO DE IMPRENSA
2016|3969,2016,3969,CONTRATOS DE ENERGIA ELETRICA
2016|3970,2016,3970,REDE IP MULTISSERVICOS
2016|3971,2016,3971,SERVICOS TECN DE IMPLANTACAO GESTAO E ADM DO SIST DE OBSERV ELETRONICA
2016|3972,2016,3972,CONTRATOS DE ABASTECIMENTO DE AGUA E COLETA E TRATAMENTO DE ESGOTO
2016|3973,2016,3973,SERVICO DE ENGENHARIA PARA OPERACAO DE BENS DE DOMINIO PUBLICO
2016|3974,2016,3974,SERVICO DE REALIZACAO DE CONCURSO PUBLICO
2016|3975,2016,3975,"SERVICO DE GERENCIAMENTO, SUPERVISAO E FISCALIZACAO DE SERVICOS"
2016|3977,2016,3977,PATROCINIO
2016|3978,2016,3978,SERVICO DE APOIO ADMINISTRATIVO
2016|3980,2016,3980,ADESAO AO PARCELAMENTO DECORRENTE DE LEI ESPECIFICA
2016|3981,2016,3981,SERVICO DE ELABORACAO DE ESTUDOS PREVIOS
2016|3982,2016,3982,SERVICOS TECNICOS JUDICIAIS - HONORARIOS JUSTICA GRATUITA
2016|3984,2016,3984,REMUNERACAO PAGA PELO PODER EXECUTIVO AO TJMG - DEPOSITOS JUDICIAIS
2016|3985,2016,3985,SERVICOS DE DESLOCAMENTO OU REMOCAO DE POSTES E REDE ELETRICA
2016|3986,2016,3986,DIREITOS AUTORAIS
2016|3999,2016,3999,OUTROS SERVICOS PESSOA JURIDICA
2016|4101,2016,4101,CONTRIBUICOES
2016|4102,2016,4102,TRANSFERENCIAS AO FUNDHAB
2016|4103,2016,4103,CONTRIBUICOES AO IPLEMG
2016|4104,2016,4104,CONTRIBUICOES DO FUNDO ESTADUAL DE SAUDE - FES - LC 141/2012
2016|4105,2016,4105,TRANSFERENCIA AO PREVCOM
2016|4106,2016,4106,TRANSFERENCIA PARA FINANCIAMENTO DO TRANSPORTE ESCOLAR
2016|4201,2016,4201,AUXILIOS
2016|4301,2016,4301,SUBVENCOES SOCIAIS
2016|4601,2016,4601,AUXILIO-ALIMENTACAO - PECUNIA
2016|4602,2016,4602,AUXILIO ALIMENTACAO BILHETE OU CARTAO MAGNETICO
2016|4701,2016,4701,OBRIGACOES TRIBUTARIAS E CONTRIBUTIVAS
2016|4801,2016,4801,OUTROS AUXILIOS FINANCEIROS A PESSOAS FISICAS
2016|4803,2016,4803,AUXILIO PARA PROFISSIONAIS DE PROGRAMAS DE CAPACITACAO E FORMACAO
2016|4901,2016,4901,AUXILIO-TRANSPORTE - PECUNIA
2016|4902,2016,4902,AUXILIO-TRANSPORTE - PODER LEGISLATIVO
2016|4903,2016,4903,DESPESA DE TRANSPORTE DEVIDA A SERVIDORES DOS PODERES DO ESTADO
2016|4904,2016,4904,AUXILIO TRANSPORTE BILHETE OU CARTAO MAGNETICO
2016|4905,2016,4905,AUXILIO TRANSPORTE PAGO A ESTAGIARIOS PECUNIA
2016|4906,2016,4906,AUXILIO TRANSPORTE PAGO A ESTAGIARIO BILHETE OU CARTAO MAGNETICO
2016|5101,2016,5101,ESTUDOS E PROJETOS DE BENS PATRIMONIAVEIS
2016|5103,2016,5103,EXECUCAO DE OBRAS POR CONTRATO DE BENS PATRIMONIAVEIS
2016|5104,2016,5104,INSTALACOES PARA OBRAS EM ANDAMENTO
2016|5106,2016,5106,ESTUDOS E PROJETOS DE BENS NAO PATRIMONIAVEIS
2016|5107,2016,5107,EXECUCAO DE OBRAS POR CONTRATO DE BENS NAO PATRIMONIAVEIS
2016|5112,2016,5112,MATERIAL PARA OBRAS - BENS NAO PATRIMONIAVEIS
2016|5113,2016,5113,INSTALACAO PARA INCORPORACAO A BENS IMOVEIS
2016|5114,2016,5114,EXECUCAO DE OBRAS POR EMPRESAS CONTROLADAS
2016|5201,2016,5201,AERONAVES E COMPONENTES ESTRUTURAIS
2016|5203,2016,5203,ARMAMENTO E EQUIPAMENTO DE USO POLICIAL
2016|5204,2016,5204,"MAQUINAS, APARELHOS, UTENSILIOS E EQUIPAMENTOS DE USO INDUSTRIAL"
2016|5205,2016,5205,"EMBARCACOES, PONTOES, DIQUES, FLUTUANTES E COMP. ESTRUTURAIS"
2016|5206,2016,5206,EQUIPAMENTOS DE COMUNICACAO E TELEFONIA
2016|5207,2016,5207,EQUIPAMENTOS DE INFORMATICA
2016|5208,2016,5208,"EQUIPAMENTOS DE SOM, VIDEO, FOTOGRAFICO E CINEMATOGRAFICO"
2016|5209,2016,5209,"EQUIPAMENTOS HOSPITALARES, ODONTOLOGICOS E DE LABORATORIO"
2016|5210,2016,5210,"FERRAMENTAS, EQUIP. E INSTRUMENTOS P/ OFICINA, MEDICAO E INSPECAO"
2016|5211,2016,5211,"INSTRUMENTOS DE LABORATORIO, MEDICOS E ODONTOLOGICOS"
2016|5212,2016,5212,"MAQUINAS, APARELHOS, UTENSILIOS E EQUIPAMENTOS  USO ADMINISTRATIVO"
2016|5213,2016,5213,MATERIAL ESPORTIVO E RECREATIVO
2016|5214,2016,5214,MOBILIARIO
2016|5216,2016,5216,"TRATORES, SIMILARES E IMPLEMENTOS"
2016|5217,2016,5217,VEICULOS
2016|5218,2016,5218,COLECAO E MATERIAIS BIBLIOGRAFICOS
2016|5219,2016,5219,INSTRUMENTOS MUSICAIS E ARTISTICOS
2016|5220,2016,5220,EQUIPAMENTOS DE SEGURANCA ELETRONICA
2016|5221,2016,5221,MATERIAL DIDATICO
2016|5222,2016,5222,ESTRUTURAS E COMPONENTES
2016|5299,2016,5299,OUTROS MATERIAIS PERMANENTES
2016|5901,2016,5901,PENSAO ACIDENTARIA - LEI N. 9.683/88 E LEI DELEGADA N 037/89
2016|5902,2016,5902,PENSAO ESPECIAL - LEI N 552/49
2016|5903,2016,5903,PENSAO ESPECIFICA DOS INSTITUTOS DE PREVIDENCIA
2016|5904,2016,5904,PENSAO DECORRENTE DE SENTENCA JUDICIAL - SERVIDOR
2016|5905,2016,5905,PENSAO DECORRENTE DE SENTENCA JUDICIAL - TERCEIROS
2016|5907,2016,5907,PENSAO ESPECIAL PARA AGENTES POLITICOS SERVIDORES PUBLICOS E ESTATAIS
2016|5908,2016,5908,PENSOES DECORRENTES DA LEI N 21527 2014
2016|6101,2016,6101,TERRENOS
2016|6105,2016,6105,IMOVEIS PARA FINS DE TRANSFERENCIA A TERCEIROS
2016|6107,2016,6107,IMOVEIS NECESSARIOS A REALIZACAO DE OBRAS DE BENS NAO-PATRIMONIAVEIS
2016|6501,2016,6501,CONSTITUICAO OU AUMENTO DE CAPITAL DE EMPRESAS
2016|6602,2016,6602,CONCESSAO DE EMPRESTIMO OU FINANCIAMENTO PELOS FUNDOS ESTADUAIS
2016|6603,2016,6603,CONCESSAO DE FINANCIAMENTOS HABITACIONAIS
2016|6701,2016,6701,DEPOSITOS COMPULSORIOS
2016|7101,2016,7101,PRINCIPAL DA DIVIDA INTERNA POR CONTRATOS
2016|7102,2016,7102,PRINCIPAL DA DIVIDA EXTERNA POR CONTRATOS
2016|7104,2016,7104,PRINCIPAL DO PARCELAMENTO DA DIVIDA PREVIDENCIARIA - INSS
2016|7107,2016,7107,PRINCIPAL DO PARCELAMENTO DA DIVIDA REFERENTE AO PASEP
2016|8102,2016,8102,COTA PARTE DO IPVA
2016|8103,2016,8103,COTA PARTE DO ICMS
2016|8104,2016,8104,COTA PARTE DO IPI
2016|8105,2016,8105,COTA PARTE DA CIDE
2016|9102,2016,9102,PRECATORIOS - PESSOAL
2016|9103,2016,9103,OUTRAS SENTENCAS JUDICIAIS
2016|9107,2016,9107,PRECATORIOS - OUTROS
2016|9108,2016,9108,OUTRAS DECISOES JUDICIAIS - DEPOSITO EM CONTA CORRENTE OU A DISPOSICAO
2016|9201,2016,9201,DESPESAS DE EXERCICIOS ANTERIORES - PESSOAL
2016|9202,2016,9202,DESPESAS DE EXERCICIOS ANTERIORES - OUTRAS DESPESAS
2016|9301,2016,9301,AJUDA DE CUSTO
2016|9305,2016,9305,DESPESAS DECORRENTES DE CONTRATOS DE CONCESSAO OU PERMISSAO
2016|9306,2016,9306,RESTITUICAO DE RECURSOS DE CONVENIO E DE CONTRAPARTIDA
2016|9307,2016,9307,RESSARCIMENTO REFERENTE A PESSOAL REQUISITADO DA ADMINITRACAO ESTADUAL
2016|9308,2016,9308,DESPESAS DE CARATER INDENIZATORIO RELATIVAS AO MANDATO PARLAMENTAR
2016|9309,2016,9309,PREMIO DE PRODUTIVIDADE
2016|9310,2016,9310,RESTITUICAO DE RECEITA - EXERCICIO ANTERIOR
2016|9311,2016,9311,COMPENSACAO FINANCEIRA DOS REGIMES DE PREVIDENCIA
2016|9312,2016,9312,INDENIZACAO POR UTILIZACAO DE BENS DE TERCEIROS
2016|9313,2016,9313,REEMBOLSO DE DESPESAS MEDICO-HOSPITALARES
2016|9314,2016,9314,INDENIZACOES DETERMINADAS POR DECISOES JUDICIAIS
2016|9316,2016,9316,INDENIZACOES DETERMINADAS POR LEI ESPECIFICA
2016|9317,2016,9317,INDENIZACAO EXERCICIO DO CARGO DE CONSEL PRES E PROCURADOR JUNTO AO TC
2016|9318,2016,9318,AUXILIO MORADIA DE CARATER INDENIZATORIO RELATIVO AO MANDATO PARLAMENT
2016|9319,2016,9319,IND.DECORRENTES DA UTILZ. DE LEITOS DE INSTITUICOES DE SAUDE PRIVADAS
2016|9323,2016,9323,INDENIZACAO DECORRENTE DE AUXILIO SAUDE
2016|9324,2016,9324,AUXILIO MORADIA DE CARATER INDENIZATORIO
2016|9325,2016,9325,AUXILIO MORADIA DE CARATER INDENIZATORIO DEVIDO PELO TCE
2016|9326,2016,9326,"RESTITUICAO REFERENTE A TAXA DE INSCRICAO, MATERIAL E SIMILARES"
2016|9399,2016,9399,OUTRAS INDENIZACOES E RESTITUICOES
2016|9401,2016,9401,INDENIZACOES E RESTITUICOES TRABALHISTAS
2016|9601,2016,9601,RESSARCIMENTO DE DESPESAS DE PESSOAL REQUISITADO
2016|9701,2016,9701,APORTE PARA COBERTURA DO DEFICIT ATUARIAL DO RPPS
2017|0,2017,0,SEM INFORMACAO
2017|1,2017,1,"APOSENTADORIAS DO RPPS, RESERVA REMUNERADA E REFORMAS DOS MILITARES"
2017|3,2017,3,PENSOES DO RPPS E DO MILITAR
2017|4,2017,4,CONTRATACAO POR TEMPO DETERMINADO
2017|5,2017,5,OUTROS BENEFICIOS PREVIDENCIARIOS DO SERVIDOR OU DO MILITAR
2017|7,2017,7,CONTRIBUICAO A ENTIDADES FECHADAS DE PREVIDENCIA
2017|8,2017,8,OUTROS BENEFICIOS ASSISTENCIAIS DO SERVIDOR E DO MILITAR
2017|10,2017,10,SEGURO DESEMPREGO E ABONO SALARIAL
2017|11,2017,11,VENCIMENTOS E VANTAGENS FIXAS-PESSOAL CIVIL
2017|12,2017,12,VENCIMENTOS E VANTAGENS FIXAS - PESSOAL  MILITAR
2017|13,2017,13,OBRIGACOES PATRONAIS
2017|14,2017,14,DIARIAS - CIVIL
2017|15,2017,15,DIARIAS - MILITAR
2017|16,2017,16,OUTRAS DESPESAS VARIAVEIS - PESSOAL CIVIL
2017|17,2017,17,OUTRAS DESPESAS VARIAVEIS - PESSOAL MILITAR
2017|18,2017,18,AUXILIO FINANCEIRO A ESTUDANTES
2017|19,2017,19,AUXILIO-FARDAMENTO
2017|20,2017,20,AUXILIO FINANCEIRO A PESQUISADORES
2017|21,2017,21,JUROS SOBRE A DIVIDA POR CONTRATO
2017|22,2017,22,OUTROS ENCARGOS SOBRE A DIVIDA POR CONTRATO
2017|27,2017,27,"ENCARGOS PELA HONRA DE AVAIS, GARANTIAS, SEGUROS E SIMILARES"
2017|28,2017,28,REMUNERACAO DE COTAS DE FUNDOS AUTARQUICOS
2017|30,2017,30,MATERIAL DE CONSUMO
2017|31,2017,31,"PREMIACOES CULTURAIS, ARTISTICAS, CIENTIFICAS, DESPORTIVAS E OUTRAS."
2017|32,2017,32,"MATERIAL, BEM OU SERVICO PARA DISTRIBUICAO GRATUITA"
2017|33,2017,33,PASSAGENS E DESPESAS COM LOCOMOCAO
2017|34,2017,34,OUTRAS DESPESAS DE PESSOAL DECORRENTES DE CONTRATOS DE TERCEIRIZACAO
2017|35,2017,35,SERVICOS DE CONSULTORIA
2017|36,2017,36,OUTROS SERVICOS DE TERCEIROS - PESSOA FISICA
2017|37,2017,37,LOCACAO DE MAO-DE-OBRA
2017|38,2017,38,ARRENDAMENTO MERCANTIL
2017|39,2017,39,OUTROS SERVICOS DE TERCEIROS - PESSOA JURIDICA
2017|41,2017,41,CONTRIBUICOES
2017|42,2017,42,AUXILIOS
2017|43,2017,43,SUBVENCOES SOCIAIS
2017|45,2017,45,SUBVENCOES ECONOMICAS
2017|46,2017,46,AUXILIO-ALIMENTACAO
2017|47,2017,47,OBRIGACOES TRIBUTARIAS E CONTRIBUTIVAS
2017|48,2017,48,OUTROS AUXILIOS FINANCEIROS A PESSOAS FISICAS
2017|49,2017,49,AUXILIO-TRANSPORTE
2017|51,2017,51,OBRAS E INSTALACOES
2017|52,2017,52,EQUIPAMENTOS E MATERIAL PERMANENTE
2017|59,2017,59,PENSOES ESPECIAIS
2017|61,2017,61,AQUISICAO DE IMOVEIS
2017|65,2017,65,CONSTITUICAO OU AUMENTO DE CAPITAL DE EMPRESAS
2017|66,2017,66,CONCESSAO DE EMPRESTIMOS E FINANCIAMENTOS
2017|71,2017,71,PRINCIPAL DA DIVIDA CONTRATUAL RESGATADO
2017|81,2017,81,DISTRIBUICAO CONSTITUCIONAL OU LEGAL DE RECEITAS
2017|91,2017,91,SENTENCAS JUDICIAIS
2017|92,2017,92,DESPESAS DE EXERCICIOS ANTERIORES
2017|93,2017,93,INDENIZACOES E RESTITUICOES
2017|94,2017,94,INDENIZACOES E RESTITUICOES TRABALHISTAS
2017|97,2017,97,APORTE PARA COBERTURA DO DEFICIT ATUARIAL DO RPPS
2017|99,2017,99,A CLASSIFICAR
2017|101,2017,101,PROVENTOS DE APOSENTADOS
2017|103,2017,103,PROVENTOS DE MILITARES INATIVOS
2017|105,2017,105,APOSENTADORIA IPSEMG - LEI N. 1.195 DE 23/12/1954
2017|108,2017,108,SUBSIDIO APOSENTADOS DA EDUCACAO
2017|307,2017,307,PENSOES CIVIS DO RPPS
2017|308,2017,308,PENSOES DO MILITAR
2017|401,2017,401,CONTRATACAO POR TEMPO DETERMINADO
2017|501,2017,501,AUXILIO-RECLUSAO
2017|505,2017,505,PECULIO E SEGURO COLETIVO
2017|509,2017,509,SALARIO-FAMILIA
2017|599,2017,599,AUXILIOS DIVERSOS
2017|701,2017,701,CONTRIBUICAO A ENTIDADES FECHADAS DE PREVIDENCIA
2017|702,2017,702,CONTRIBUICAO A ENTIDADES FECHADAS DE PREVIDENCIA - ENCARGOS
2017|801,2017,801,AUXILIO-DOENCA
2017|802,2017,802,AUXILIO-FUNERAL
2017|803,2017,803,AUXILIO-CRECHE OU ASSISTENCIA PRE-ESCOLAR
2017|804,2017,804,INDENIZACAO SECURITARIA
2017|805,2017,805,AUXILIO-NATALIDADE
2017|807,2017,807,AUXILIO INVALIDEZ
2017|899,2017,899,AUXILIOS DIVERSOS
2017|1101,2017,1101,VENCIMENTOS
2017|1102,2017,1102,DESIGNADOS DO MAGISTERIO
2017|1103,2017,1103,ADICIONAL POR TEMPO DE SERVICO
2017|1104,2017,1104,GRATIFICACAO DE ENSINO ESPECIAL
2017|1106,2017,1106,GRATIFICACAO DE COORDENADOR DE ESCOLA
2017|1107,2017,1107,GRATIFICACAO DE INCENTIVO A DOCENCIA
2017|1108,2017,1108,VERBA DE REPRESENTACAO
2017|1109,2017,1109,GRATIFICACAO DE RISCO DE CONTAGIO E RAIO X
2017|1112,2017,1112,GRATIFICACAO DE ESTIMULO A PRODUCAO INDIVIDUAL - GEPI
2017|1113,2017,1113,GRATIFICACAO DE EXERCICIO DO PODER JUDICIARIO
2017|1117,2017,1117,GRATIFICACAO DE CARGO EM COMISSAO
2017|1118,2017,1118,GRATIFICACAO POR PLANTAO
2017|1119,2017,1119,VANTAGEM PESSOAL
2017|1121,2017,1121,ABONO DE FERIAS
2017|1122,2017,1122,GRATIFICACAO DE NATAL
2017|1123,2017,1123,"GRATIFICACAO DE RISCO DE VIDA, SAUDE E CONTAGIO"
2017|1127,2017,1127,GRATIFICACAO DE INCENTIVO AO MERITO FUNCIONAL
2017|1128,2017,1128,GRATIFICACAO DE FUNCAO DE AGENTES DE SEGURANCA
2017|1129,2017,1129,GRATIFICACAO DE ASSESSORAMENTO
2017|1130,2017,1130,GRATIFICACAO ESPECIAL-GABINETE MILITAR
2017|1133,2017,1133,GRATIFICACAO DE INCENTIVO A EFICIENTIZACAO DOS SERVICOS - GIEFS
2017|1134,2017,1134,HONORARIOS
2017|1135,2017,1135,GRATIFICACAO DE DEDICACAO EXCLUSIVA
2017|1137,2017,1137,PARCELA REMUNERATORIA COMPLEMENTAR-PRC
2017|1139,2017,1139,ADICIONAL DE LOCAL DE TRABALHO
2017|1140,2017,1140,GRATIFICACAO DE FUNCAO
2017|1141,2017,1141,GRATIFICACAO POR CURSO
2017|1143,2017,1143,GRATIFICACAO DE ORGAO DE DELIBERACAO COLETIVA
2017|1144,2017,1144,ABONO DE PERMANENCIA
2017|1145,2017,1145,VANTAGEM TEMPORARIA INCORPORAVEL
2017|1146,2017,1146,GRATIFICACAO DE DESEMPENHO DE PRODUTIVIDADE INDIVIDUAL E INSTITUCIONAL
2017|1147,2017,1147,GRATIFICACAO DE ESCOLARIDADE DESEMPENHO E PROD INDIVID E INSTITUCIONAL
2017|1148,2017,1148,ADICIONAL DE DESEMPENHO - PESSOAL CIVIL
2017|1149,2017,1149,GRATIFICACAO COMPLEMENTAR DE PRODUTIVIDADE
2017|1150,2017,1150,SUBSIDIO - SERVIDORES DA EDUCACAO EFETIVOS
2017|1151,2017,1151,SUBSIDIO - SERVIDORES DA EDUCACAO DESIGNADOS
2017|1152,2017,1152,SUBSIDIO - SERVIDORES DA EDUCACAO DE EXTENSAO CARGA HORARIA
2017|1154,2017,1154,GRATIFICACAO DE SERVICOS DE SEGURIDADE SOCIAL
2017|1155,2017,1155,GRATIFICACAO DE FUNCAO DE PESQUISA E ENSINO - GFPE / LEI 20.591/2012
2017|1157,2017,1157,GRATIFICACAO INCENTIVO PRODUTIVIDADE PROFISSIONAIS DE ENGENHARIA E ARQ
2017|1158,2017,1158,ABONO SALARIAL DO PODER JUDICIARIO
2017|1159,2017,1159,FUNCOES DE CONFIANCA
2017|1160,2017,1160,GRATIFICACAO PELO CUMPRIMENTO DE METAS EXTRAORDINARIAS
2017|1199,2017,1199,OUTROS
2017|1201,2017,1201,REMUNERACAO BASICA
2017|1202,2017,1202,ADICIONAL POR TEMPO DE SERVICO
2017|1203,2017,1203,GRATIFICACOES ESPECIAIS
2017|1204,2017,1204,FERIAS-PREMIO
2017|1205,2017,1205,ABONO DE FERIAS
2017|1206,2017,1206,SUBSTITUICAO TEMPORARIA
2017|1207,2017,1207,GRATIFICACAO DE NATAL
2017|1208,2017,1208,ADICIONAL DE DESEMPENHO - PESSOAL MILITAR
2017|1209,2017,1209,ABONO PERMANENCIA
2017|1210,2017,1210,GRATIFICACAO MENSAL PRO LABORE
2017|1299,2017,1299,OUTRAS
2017|1304,2017,1304,INSS - FOLHA
2017|1305,2017,1305,OBRIGACAO PATRONAL - PESSOAL ATIVO
2017|1306,2017,1306,OBRIGACAO PATRONAL - PESSOAL INATIVO
2017|1307,2017,1307,OBRIGACAO PATRONAL - CONTRATOS DE TERCEIRIZACAO
2017|1308,2017,1308,OBRIGACAO PATRONAL - PENSIONISTAS
2017|1309,2017,1309,OBRIGACAO PATRONAL - PRECATORIOS
2017|1310,2017,1310,OBRIGACAO PATRONAL - OUTRAS SENTENCAS JUDICIAIS
2017|1311,2017,1311,OBRIGACAO PATRONAL - CONTRATOS POR TEMPO DETERMINADO
2017|1313,2017,1313,OBRIGACAO PATRONAL - MEDICOS RESIDENTES
2017|1314,2017,1314,OBRIGACAO PATRONAL - ENCARGOS POR PAGAMENTO EM ATRASO
2017|1316,2017,1316,OBRIGACAO PATRONAL ADVOGADOS DATIVOS
2017|1317,2017,1317,INSS - DEMAIS DESPESAS
2017|1318,2017,1318,OBRIGACAO PATRONAL PESSOAL INATIVO - ENTIDADES CONVENIADAS
2017|1319,2017,1319,OBRIGACAO PATRONAL - PESSOAL MILITAR INATIVO - LC 125/2012
2017|1320,2017,1320,OBRIGACAO PATRONAL - PESSOAL MILITAR ATIVO - LC 125/2012
2017|1401,2017,1401,DIARIAS - CIVIL
2017|1501,2017,1501,DIARIAS - MILITAR
2017|1601,2017,1601,SERVICO EXTRAORDINARIO
2017|1602,2017,1602,SUBSTITUICAO EM CARGOS EM COMISSAO
2017|1603,2017,1603,AULAS FACULTATIVAS
2017|1604,2017,1604,GRATIFICACAO POR ENCARGOS EXTRAORDINARIOS
2017|1605,2017,1605,FERIAS-PREMIO
2017|1606,2017,1606,JORNADA COMPLEMENTAR DE TRABALHO
2017|1701,2017,1701,OUTRAS DESPESAS VARIAVEIS - PESSOAL MILITAR
2017|1801,2017,1801,AUXILIO FINANCEIRO A ESTUDANTES
2017|1901,2017,1901,AUXILIO-FARDAMENTO PAGO A SERVIDOR OU MILITAR
2017|1903,2017,1903,AUXILIO-FARDAMENTO PAGO A PESSOAL CONTRATADO
2017|2001,2017,2001,AUXILIO FINANCEIRO A PESQUISADORES
2017|2101,2017,2101,JUROS SOBRE A DIVIDA INTERNA POR CONTRATOS
2017|2102,2017,2102,JUROS SOBRE A DIVIDA EXTERNA POR CONTRATOS
2017|2103,2017,2103,JUROS DA DIVIDA COM OS INSTITUTOS DE PREVIDENCIA
2017|2104,2017,2104,JUROS SOBRE O PARCELAMENTO DA DIVIDA PREVIDENCIARIA
2017|2106,2017,2106,JUROS SOBRE O PARCELAMENTO DA DIVIDA COM O PASEP
2017|2201,2017,2201,OUTROS ENCARGOS SOBRE A DIVIDA INTERNA POR CONTRATOS
2017|3001,2017,3001,"ARTIGOS PARA CONFECCAO, VESTUARIO, CAMA, MESA, BANHO E COZINHA"
2017|3002,2017,3002,ARTIGOS PARA ESPORTE
2017|3003,2017,3003,UTENSILIOS PARA REFEITORIO E COZINHA
2017|3004,2017,3004,MATERIAL GRAFICO E IMPRESSOS
2017|3005,2017,3005,MATERIAL PARA ESCRITORIO
2017|3006,2017,3006,MATERIAL DE DESENHO
2017|3007,2017,3007,MATERIAL DE ENSINO
2017|3008,2017,3008,PRODUTOS ALIMENTICIOS
2017|3009,2017,3009,FORRAGENS E OUTROS ALIMENTOS PARA ANIMAIS
2017|3010,2017,3010,MATERIAL MEDICO E HOSPITALAR
2017|3011,2017,3011,MATERIAL ODONTOLOGICO
2017|3012,2017,3012,MEDICAMENTOS
2017|3013,2017,3013,MATERIAIS DE LABORATORIO E PRODUTOS QUIMICOS EM GERAL
2017|3014,2017,3014,MATERIAL RADIOLOGICO
2017|3015,2017,3015,"MATERIAL FOTOGRAFICO, CINEMATOGRAFICO E DE COMUNICACAO"
2017|3016,2017,3016,MATERIAL DE INFORMATICA
2017|3017,2017,3017,ARTIGOS PARA LIMPEZA E HIGIENE
2017|3018,2017,3018,MATERIA-PRIMA E PROD. P/ MANIPULACAO E INDUSTRIAS DE TRANSFORMACAO
2017|3019,2017,3019,MATERIAL P/ MANUT. E REPAROS DE IMOVEIS DE PROPRIEDADE DA ADM. PUBLICA
2017|3020,2017,3020,MATERIAL ELETRICO
2017|3021,2017,3021,MATERIAL P/ MANUT. E REPAROS DE BENS DE DOMINIO PUB. OU DE TERCEIROS
2017|3022,2017,3022,"FERRAMENTAS, FERRAGENS E UTENSILIOS"
2017|3023,2017,3023,MATERIAL PARA MANUTENCAO DE VEICULOS AUTOMOTORES
2017|3024,2017,3024,PECAS E ACESSORIOS P/ EQUIP.  E OUTROS MATERIAIS PERMANENTES
2017|3025,2017,3025,"MATERIAL DE SEGURANCA, APETRECHOS OPERACIONAIS E POLICIAIS"
2017|3026,2017,3026,COMBUSTIVEIS E LUBRIFICANTES PARA VEICULOS AUTOMOTORES
2017|3027,2017,3027,COMBUSTIVEIS E LUBRIFICANTES P/ EQUIP. E OUTROS MAT.  PERMANENTES
2017|3028,2017,3028,"ANIMAIS DESTINADOS A ESTUDOS, A PREPARACAO DE PRODUTOS E AO ABATE"
2017|3029,2017,3029,"SEMENTES, MUDAS DE PLANTAS E INSUMOS"
2017|3030,2017,3030,MATERIAIS PARA ACONDICIONAMENTO E EMBALAGEM
2017|3031,2017,3031,LIVROS TECNICOS
2017|3032,2017,3032,MATERIAL CIVICO E EDUCATIVO
2017|3033,2017,3033,COMBUSTIVEIS E LUBRIFICANTES PARA AERONAVES
2017|3034,2017,3034,PECAS E ACESSORIOS PARA AERONAVES
2017|3036,2017,3036,MATERIAL BIBLIOGRAFICO PARA BIBLIOTECAS PUBLICAS
2017|3037,2017,3037,MEDICAMENTOS - DECISÃO JUDICIAL
2017|3038,2017,3038,LEITE - PROGRAMA LEITE PELA VIDA
2017|3039,2017,3039,MATERIAL PARA CONFECCAO EM GERAL
2017|3099,2017,3099,OUTROS MATERIAIS
2017|3101,2017,3101,"PREMIOS, DIPLOMAS, CONDECORACOES E MEDALHAS"
2017|3102,2017,3102,PREMIOS LOTERICOS
2017|3103,2017,3103,COMISSOES LOTERICAS
2017|3104,2017,3104,PREMIACOES
2017|3201,2017,3201,MATERIAL DE DISTRIBUICAO GRATUITA
2017|3301,2017,3301,PASSAGENS - PESSOA FISICA
2017|3302,2017,3302,"DESPESAS COM TRANSPORTE URBANO, PEDAGIO E ESTACIONAMETO PESSOA FISICA"
2017|3303,2017,3303,FRETAMENTO E LOCACAO
2017|3304,2017,3304,PASSAGENS - PESSOA JURIDICA
2017|3305,2017,3305,"SERVICOS DE TRANSPORTES DE PASSAGEIROS, FRETAMENTO E LOCACAO PES JURID"
2017|3401,2017,3401,OUTRAS DESPESAS DE PESSOAL DECORRENTES DE CONT. DE TERCEIRIZACAO
2017|3402,2017,3402,AGENTES PENITENCIARIOS
2017|3501,2017,3501,SERVICOS DE CONSULTORIA - PESSOA FISICA
2017|3502,2017,3502,SERVICOS DE CONSULTORIA - PESSOA JURIDICA
2017|3503,2017,3503,SERVICOS DE CONSULTORIA-ORGANISMO INTERNACIONAL
2017|3601,2017,3601,ESTAGIARIOS
2017|3602,2017,3602,MEDICOS RESIDENTES
2017|3603,2017,3603,SALARIOS DE INTERNOS
2017|3604,2017,3604,DIARIAS A COLABORADORES EVENTUAIS
2017|3605,2017,3605,LOCACAO DE SERVICOS TECNICOS E ESPECIALIZADOS - PESSOA FISICA
2017|3608,2017,3608,MEDICOS
2017|3609,2017,3609,DENTISTAS
2017|3610,2017,3610,EVENTUAL DE GABINETE
2017|3611,2017,3611,LOCACAO DE BENS IMOVEIS
2017|3612,2017,3612,DESPESAS MIUDAS DE PRONTO PAGAMENTO
2017|3613,2017,3613,PESSOAL DE ENFERMAGEM
2017|3614,2017,3614,"MONITORES, FISCAIS E EXAMINADORES"
2017|3615,2017,3615,ENCARGOS FINANCEIROS
2017|3616,2017,3616,REPARO E MANUTENCAO DE VEICULOS
2017|3617,2017,3617,"REPAROS DE EQUIPAMENTOS, INSTALACOES E MATERIAL PERMANENTE"
2017|3618,2017,3618,REPAROS DE BENS IMOVEIS
2017|3619,2017,3619,CONFERENCIAS E EXPOSICOES
2017|3620,2017,3620,JETONS A CONSELHEIROS
2017|3621,2017,3621,ADVOGADOS DATIVOS
2017|3622,2017,3622,TAXA DE CONDOMINIO
2017|3623,2017,3623,GRATIFICACAO POR ENCARGO DE CURSO OU CONCURSO
2017|3624,2017,3624,SERVICOS TECNICOS JUDICIAIS - HONORARIOS JUSTICA GRATUITA
2017|3625,2017,3625,CONTRATACAO PARA PRESTACAO DE SERVIÇO POR CREDENCIADOS
2017|3626,2017,3626,SERVICOS DE ABASTECIMENTO E DISTRIBUICAO DE AGUA
2017|3627,2017,3627,JUIZES LEIGOS
2017|3628,2017,3628,SERVICOS TECNICOS JUDICIAIS - HONORARIOS PERICIAIS
2017|3699,2017,3699,OUTRAS DESPESAS PAGAS A PESSOAS FISICAS
2017|3701,2017,3701,LOCACAO DE SERVICOS DE CONSERVACAO E LIMPEZA
2017|3702,2017,3702,LOCACAO DE SERVICOS DE APOIO ADMINISTRATIVO
2017|3703,2017,3703,LOCACAO DE SERVICOS DE CONSERVACAO E LIMPEZA REALIZADOS PELA MGS
2017|3704,2017,3704,LOCACAO DE SERVICOS DE APOIO ADMINISTRATIVO REALIZADOS PELA MGS
2017|3705,2017,3705,DESPESAS COM O PAGAMENTO DE ENCARGOS TRABALHISTAS A MGS
2017|3901,2017,3901,VALE-TRANSPORTE
2017|3902,2017,3902,VALE-REFEICAO
2017|3903,2017,3903,FORNECIMENTO DE ALIMENTACAO
2017|3904,2017,3904,CONFECCAO EM GERAL
2017|3906,2017,3906,TRANSPORTE E ACONDICIONAMENTO DE MATERIAIS
2017|3908,2017,3908,PUBLICACAO E DIVULGACAO
2017|3909,2017,3909,PUBLICIDADE
2017|3910,2017,3910,PREMIOS DE SEGUROS
2017|3911,2017,3911,"ASSINATURAS DE JORNAIS, REVISTAS E PERIODICOS"
2017|3912,2017,3912,TARIFA DE ENERGIA ELETRICA
2017|3913,2017,3913,TARIFA DE AGUA E ESGOTO
2017|3914,2017,3914,SERVICO DE TELEFONIA
2017|3915,2017,3915,SERVICO POSTAL-TELEGRAFICO
2017|3916,2017,3916,LOCACAO DE TV POR ASSINATURA
2017|3917,2017,3917,LOCACAO DE VEICULOS
2017|3918,2017,3918,REPAROS DE VEICULOS
2017|3919,2017,3919,LOCACAO DE MAQUINAS E EQUIPAMENTOS
2017|3920,2017,3920,LOCACAO DE BENS IMOVEIS
2017|3921,2017,3921,"REPAROS DE EQUIPAMENTOS, INSTALACOES E MATERIAL PERMANENTE"
2017|3922,2017,3922,REPAROS DE BENS IMOVEIS
2017|3923,2017,3923,"RECEPCOES, HOSPEDAGENS, HOMENAGENS E FESTIVIDADES"
2017|3924,2017,3924,"CURSOS, EXPOSICOES, CONGRESSOS E CONFERENCIAS"
2017|3925,2017,3925,ENCARGOS JUDICIAIS
2017|3926,2017,3926,ENCARGOS FINANCEIROS
2017|3927,2017,3927,SERVICOS DE TECNOLOGIA DA INFORMACAO
2017|3928,2017,3928,SERVICOS DE SAUDE EXECUTADOS COM RECURSOS DO SUS
2017|3929,2017,3929,SERVICOS DE SAUDE PRESTADOS POR PESSOA JURIDICA
2017|3930,2017,3930,MULTAS DE TRANSITO
2017|3931,2017,3931,LOCACAO DE SERVICOS GRAFICOS
2017|3933,2017,3933,TAXA DE ADMINISTRACAO
2017|3934,2017,3934,SEGUROS DE AERONAVES
2017|3935,2017,3935,"REPARO, MANUTENCAO, E SERVICOS AEROPORTUARIOS PARA AERONAVES"
2017|3936,2017,3936,SERVICOS DE INFORMATICA EXECUTADOS PELA PRODEMGE
2017|3937,2017,3937,TAXA DE CONDOMINIO
2017|3938,2017,3938,SERVICOS DE IMPRESSAO E ENCADERNACAO EXECUTADOS PELA IMPRENSA OFICIAL
2017|3939,2017,3939,SERVICOS DE PUBLICACAO E DIVULGACAO EXECUTADOS PELA IMPRENSA OFICIAL
2017|3940,2017,3940,SERVICOS DE TELECOMUNICACAO
2017|3941,2017,3941,ANUIDADES
2017|3942,2017,3942,SERVICOS GRAFICOS DE SEGURANCA
2017|3943,2017,3943,SERVICO DE ADMINISTRACAO E GERENCIAMENTO DE FROTA DE VEICULOS
2017|3946,2017,3946,TERMO DE PARCERIA COM ORGANIZACAO DA SOCIEDADE CIVIL DE INTERESSE PUBL
2017|3947,2017,3947,TAXA DE ADMINISTRACAO DE CREDITO DE FINANCIAMENTOS HABITACIONAIS
2017|3948,2017,3948,"CURSOS DE FORMACAO, CAPACITACAO E POS-GRADUACAO PARA SERVIDORES"
2017|3949,2017,3949,CURSOS DE FORMACAO E CAPACITACAO PARA O CIDADAO
2017|3950,2017,3950,SERVICOS DE AGENCIAMENTO DE VIAGENS
2017|3951,2017,3951,"SERVICOS DE GERENCIAMENTO, SUPERVISAO E FISCALIZACAO DE OBRAS"
2017|3952,2017,3952,CONTRATACAO DE ESTAGIARIOS
2017|3953,2017,3953,CURSOS DE FORMACAO E CAPACITACAO PROMOVIDOS PELO ESTADO
2017|3955,2017,3955,EVENTOS DE COMUNICACAO INSTITUCIONAL
2017|3956,2017,3956,SERVICOS DE PESQUISAS
2017|3957,2017,3957,COMISSAO PELA CONSTRUCAO DE UNIDADES HABITACIONAIS
2017|3958,2017,3958,"CONTRATACAO DE PROJETOS EM PESQUISA DE CIENCIA, INOVACAO E TECNOLOGIA"
2017|3959,2017,3959,SERVICOS SANITARIOS E TRATAMENTO DE RESIDUOS
2017|3960,2017,3960,SERVICOS DE ATENDIMENTO AO CIDADAO
2017|3961,2017,3961,SERVICOS DE CONSERVACAO E LIMPEZA
2017|3962,2017,3962,SERVICOS DE VIGILANCIA OSTENSIVA
2017|3963,2017,3963,SERVICOS DE LEVANTAMENTO E CADASTRAMENTO PARA EXECUCAO DE POL PUBLICAS
2017|3964,2017,3964,SERVICOS DE MAPEAMENTO E GEORREFERENCIAMENTO
2017|3965,2017,3965,SERVICOS DE PRODUCAO E LOGISTICA DE MEDICAMENTOS
2017|3966,2017,3966,SERVICOS DE ABASTECIMENTO E DISTRIBUICAO DE AGUA
2017|3967,2017,3967,ADMINISTRACAO DE BENS E DIREITOS DO ESTADO POR TERCEIROS
2017|3968,2017,3968,SERVICO DE IMPRENSA
2017|3969,2017,3969,CONTRATOS DE ENERGIA ELETRICA
2017|3970,2017,3970,REDE IP MULTISSERVICOS
2017|3971,2017,3971,SERVICOS TECN DE IMPLANTACAO GESTAO E ADM DO SIST DE OBSERV ELETRONICA
2017|3972,2017,3972,CONTRATOS DE ABASTECIMENTO DE AGUA E COLETA E TRATAMENTO DE ESGOTO
2017|3974,2017,3974,SERVICO DE REALIZACAO DE CONCURSO PUBLICO
2017|3975,2017,3975,"SERVICO DE GERENCIAMENTO, SUPERVISAO E FISCALIZACAO DE SERVICOS"
2017|3977,2017,3977,PATROCINIO
2017|3978,2017,3978,SERVICO DE APOIO ADMINISTRATIVO
2017|3980,2017,3980,ADESAO AO PARCELAMENTO DECORRENTE DE LEI ESPECIFICA
2017|3981,2017,3981,SERVICO DE ELABORACAO DE ESTUDOS PREVIOS
2017|3982,2017,3982,SERVICOS TECNICOS JUDICIAIS - HONORARIOS JUSTICA GRATUITA
2017|3984,2017,3984,REMUNERACAO PAGA PELO PODER EXECUTIVO AO TJMG - DEPOSITOS JUDICIAIS
2017|3986,2017,3986,DIREITOS AUTORAIS
2017|3987,2017,3987,SERVICOS DE GERENCIAMENTO E FORNECIMENTO DE COMBUSTIVEL
2017|3999,2017,3999,OUTROS SERVICOS PESSOA JURIDICA
2017|4101,2017,4101,CONTRIBUICOES
2017|4102,2017,4102,TRANSFERENCIAS AO FUNDHAB
2017|4103,2017,4103,CONTRIBUICOES AO IPLEMG
2017|4104,2017,4104,CONTRIBUICOES DO FUNDO ESTADUAL DE SAUDE - FES - LC 141/2012
2017|4105,2017,4105,TRANSFERENCIA AO PREVCOM
2017|4106,2017,4106,TRANSFERENCIA PARA FINANCIAMENTO DO TRANSPORTE ESCOLAR
2017|4201,2017,4201,AUXILIOS
2017|4301,2017,4301,SUBVENCOES SOCIAIS
2017|4601,2017,4601,AUXILIO-ALIMENTACAO - PECUNIA
2017|4602,2017,4602,AUXILIO ALIMENTACAO BILHETE OU CARTAO MAGNETICO
2017|4701,2017,4701,OBRIGACOES TRIBUTARIAS E CONTRIBUTIVAS
2017|4801,2017,4801,OUTROS AUXILIOS FINANCEIROS A PESSOAS FISICAS
2017|4802,2017,4802,AUXILIO FINANCEIRO - PROGRAMA POUPANCA JOVEM
2017|4803,2017,4803,AUXILIO PARA PROFISSIONAIS DE PROGRAMAS DE CAPACITACAO E FORMACAO
2017|4901,2017,4901,AUXILIO-TRANSPORTE - PECUNIA
2017|4902,2017,4902,AUXILIO-TRANSPORTE - PODER LEGISLATIVO
2017|4903,2017,4903,DESPESA DE TRANSPORTE DEVIDA A SERVIDORES DOS PODERES DO ESTADO
2017|4904,2017,4904,AUXILIO TRANSPORTE BILHETE OU CARTAO MAGNETICO
2017|4905,2017,4905,AUXILIO TRANSPORTE PAGO A ESTAGIARIOS PECUNIA
2017|4906,2017,4906,AUXILIO TRANSPORTE PAGO A ESTAGIARIO BILHETE OU CARTAO MAGNETICO
2017|5101,2017,5101,ESTUDOS E PROJETOS DE BENS PATRIMONIAVEIS
2017|5103,2017,5103,EXECUCAO DE OBRAS POR CONTRATO DE BENS PATRIMONIAVEIS
2017|5104,2017,5104,INSTALACOES PARA OBRAS EM ANDAMENTO
2017|5106,2017,5106,ESTUDOS E PROJETOS DE BENS NAO PATRIMONIAVEIS
2017|5107,2017,5107,EXECUCAO DE OBRAS POR CONTRATO DE BENS NAO PATRIMONIAVEIS
2017|5110,2017,5110,MATERIAL PARA OBRAS - BENS PATRIMONIAVEIS
2017|5111,2017,5111,CONSTRUCAO DE UNIDADES HABITACIONAIS
2017|5112,2017,5112,MATERIAL PARA OBRAS - BENS NAO PATRIMONIAVEIS
2017|5113,2017,5113,INSTALACAO PARA INCORPORACAO A BENS IMOVEIS
2017|5114,2017,5114,EXECUCAO DE OBRAS POR EMPRESAS CONTROLADAS
2017|5201,2017,5201,AERONAVES E COMPONENTES ESTRUTURAIS
2017|5203,2017,5203,ARMAMENTO E EQUIPAMENTO DE USO POLICIAL
2017|5204,2017,5204,"MAQUINAS, APARELHOS, UTENSILIOS E EQUIPAMENTOS DE USO INDUSTRIAL"
2017|5206,2017,5206,EQUIPAMENTOS DE COMUNICACAO E TELEFONIA
2017|5207,2017,5207,EQUIPAMENTOS DE INFORMATICA
2017|5208,2017,5208,"EQUIPAMENTOS DE SOM, VIDEO, FOTOGRAFICO E CINEMATOGRAFICO"
2017|5209,2017,5209,"EQUIPAMENTOS HOSPITALARES, ODONTOLOGICOS E DE LABORATORIO"
2017|5210,2017,5210,"FERRAMENTAS, EQUIP. E INSTRUMENTOS P/ OFICINA, MEDICAO E INSPECAO"
2017|5211,2017,5211,"INSTRUMENTOS DE LABORATORIO, MEDICOS E ODONTOLOGICOS"
2017|5212,2017,5212,"MAQUINAS, APARELHOS, UTENSILIOS E EQUIPAMENTOS  USO ADMINISTRATIVO"
2017|5213,2017,5213,MATERIAL ESPORTIVO E RECREATIVO
2017|5214,2017,5214,MOBILIARIO
2017|5215,2017,5215,OBJETOS DE ARTE E ANTIGUIDADES
2017|5216,2017,5216,"TRATORES, SIMILARES E IMPLEMENTOS"
2017|5217,2017,5217,VEICULOS
2017|5218,2017,5218,COLECAO E MATERIAIS BIBLIOGRAFICOS
2017|5219,2017,5219,INSTRUMENTOS MUSICAIS E ARTISTICOS
2017|5220,2017,5220,EQUIPAMENTOS DE SEGURANCA ELETRONICA
2017|5221,2017,5221,MATERIAL DIDATICO
2017|5222,2017,5222,ESTRUTURAS E COMPONENTES
2017|5299,2017,5299,OUTROS MATERIAIS PERMANENTES
2017|5901,2017,5901,PENSAO ACIDENTARIA - LEI N. 9.683/88 E LEI DELEGADA N 037/89
2017|5902,2017,5902,PENSAO ESPECIAL - LEI N 552/49
2017|5903,2017,5903,PENSAO ESPECIFICA DOS INSTITUTOS DE PREVIDENCIA
2017|5904,2017,5904,PENSAO DECORRENTE DE SENTENCA JUDICIAL - SERVIDOR
2017|5905,2017,5905,PENSAO DECORRENTE DE SENTENCA JUDICIAL - TERCEIROS
2017|5907,2017,5907,PENSAO ESPECIAL PARA AGENTES POLITICOS SERVIDORES PUBLICOS E ESTATAIS
2017|5908,2017,5908,PENSOES DECORRENTES DA LEI N 21527 2014
2017|6101,2017,6101,TERRENOS
2017|6105,2017,6105,IMOVEIS PARA FINS DE TRANSFERENCIA A TERCEIROS
2017|6106,2017,6106,IMOVEIS NECESSARIOS A REALIZACAO DE OBRAS DE BENS PATRIMONIAVEIS
2017|6107,2017,6107,IMOVEIS NECESSARIOS A REALIZACAO DE OBRAS DE BENS NAO-PATRIMONIAVEIS
2017|6501,2017,6501,CONSTITUICAO OU AUMENTO DE CAPITAL DE EMPRESAS
2017|6603,2017,6603,CONCESSAO DE FINANCIAMENTOS HABITACIONAIS
2017|7101,2017,7101,PRINCIPAL DA DIVIDA INTERNA POR CONTRATOS
2017|7102,2017,7102,PRINCIPAL DA DIVIDA EXTERNA POR CONTRATOS
2017|7104,2017,7104,PRINCIPAL DO PARCELAMENTO DA DIVIDA PREVIDENCIARIA - INSS
2017|7107,2017,7107,PRINCIPAL DO PARCELAMENTO DA DIVIDA REFERENTE AO PASEP
2017|8102,2017,8102,COTA PARTE DO IPVA
2017|8103,2017,8103,COTA PARTE DO ICMS
2017|8104,2017,8104,COTA PARTE DO IPI
2017|8105,2017,8105,COTA PARTE DA CIDE
2017|9102,2017,9102,PRECATORIOS - PESSOAL
2017|9103,2017,9103,OUTRAS SENTENCAS JUDICIAIS
2017|9107,2017,9107,PRECATORIOS - OUTROS
2017|9108,2017,9108,OUTRAS DECISOES JUDICIAIS - DEPOSITO EM CONTA CORRENTE OU A DISPOSICAO
2017|9201,2017,9201,DESPESAS DE EXERCICIOS ANTERIORES - PESSOAL
2017|9202,2017,9202,DESPESAS DE EXERCICIOS ANTERIORES - OUTRAS DESPESAS
2017|9301,2017,9301,AJUDA DE CUSTO
2017|9302,2017,9302,AJUDA DE CUSTO ESPECIAL
2017|9305,2017,9305,DESPESAS DECORRENTES DE CONTRATOS DE CONCESSAO OU PERMISSAO
2017|9306,2017,9306,RESTITUICAO DE RECURSOS DE CONVENIO E DE CONTRAPARTIDA
2017|9307,2017,9307,RESSARCIMENTO REFERENTE A PESSOAL REQUISITADO DA ADMINITRACAO ESTADUAL
2017|9308,2017,9308,DESPESAS DE CARATER INDENIZATORIO RELATIVAS AO MANDATO PARLAMENTAR
2017|9309,2017,9309,PREMIO DE PRODUTIVIDADE
2017|9310,2017,9310,RESTITUICAO DE RECEITA - EXERCICIO ANTERIOR
2017|9311,2017,9311,COMPENSACAO FINANCEIRA DOS REGIMES DE PREVIDENCIA
2017|9312,2017,9312,INDENIZACAO POR UTILIZACAO DE BENS DE TERCEIROS
2017|9313,2017,9313,REEMBOLSO DE DESPESAS MEDICO-HOSPITALARES
2017|9314,2017,9314,INDENIZACOES DETERMINADAS POR DECISOES JUDICIAIS
2017|9316,2017,9316,INDENIZACOES DETERMINADAS POR LEI ESPECIFICA
2017|9317,2017,9317,INDENIZACAO EXERCICIO DO CARGO DE CONSEL PRES E PROCURADOR JUNTO AO TC
2017|9318,2017,9318,AUXILIO MORADIA DE CARATER INDENIZATORIO RELATIVO AO MANDATO PARLAMENT
2017|9319,2017,9319,IND.DECORRENTES DA UTILZ. DE LEITOS DE INSTITUICOES DE SAUDE PRIVADAS
2017|9323,2017,9323,INDENIZACAO DECORRENTE DE AUXILIO SAUDE
2017|9324,2017,9324,AUXILIO MORADIA DE CARATER INDENIZATORIO
2017|9325,2017,9325,AUXILIO MORADIA DE CARATER INDENIZATORIO DEVIDO PELO TCE
2017|9326,2017,9326,"RESTITUICAO REFERENTE A TAXA DE INSCRICAO, MATERIAL E SIMILARES"
2017|9327,2017,9327,INDENIZACAO DE TRANSPORTE DEVIDA AO OFICIAL DE JUSTICA
2017|9399,2017,9399,OUTRAS INDENIZACOES E RESTITUICOES
2017|9401,2017,9401,INDENIZACOES E RESTITUICOES TRABALHISTAS
2017|9601,2017,9601,RESSARCIMENTO DE DESPESAS DE PESSOAL REQUISITADO
2017|9701,2017,9701,APORTE PARA COBERTURA DO DEFICIT ATUARIAL DO RPPS
2018|0,2018,0,SEM INFORMACAO
2018|1,2018,1,"APOSENTADORIAS DO RPPS, RESERVA REMUNERADA E REFORMAS DOS MILITARES"
2018|3,2018,3,PENSOES DO RPPS E DO MILITAR
2018|4,2018,4,CONTRATACAO POR TEMPO DETERMINADO
2018|5,2018,5,OUTROS BENEFICIOS PREVIDENCIARIOS DO SERVIDOR OU DO MILITAR
2018|7,2018,7,CONTRIBUICAO A ENTIDADES FECHADAS DE PREVIDENCIA
2018|8,2018,8,OUTROS BENEFICIOS ASSISTENCIAIS DO SERVIDOR E DO MILITAR
2018|10,2018,10,SEGURO DESEMPREGO E ABONO SALARIAL
2018|11,2018,11,VENCIMENTOS E VANTAGENS FIXAS-PESSOAL CIVIL
2018|12,2018,12,VENCIMENTOS E VANTAGENS FIXAS - PESSOAL  MILITAR
2018|13,2018,13,OBRIGACOES PATRONAIS
2018|14,2018,14,DIARIAS - CIVIL
2018|15,2018,15,DIARIAS - MILITAR
2018|16,2018,16,OUTRAS DESPESAS VARIAVEIS - PESSOAL CIVIL
2018|17,2018,17,OUTRAS DESPESAS VARIAVEIS - PESSOAL MILITAR
2018|18,2018,18,AUXILIO FINANCEIRO A ESTUDANTES
2018|19,2018,19,AUXILIO-FARDAMENTO
2018|20,2018,20,AUXILIO FINANCEIRO A PESQUISADORES
2018|21,2018,21,JUROS SOBRE A DIVIDA POR CONTRATO
2018|22,2018,22,OUTROS ENCARGOS SOBRE A DIVIDA POR CONTRATO
2018|30,2018,30,MATERIAL DE CONSUMO
2018|31,2018,31,"PREMIACOES CULTURAIS, ARTISTICAS, CIENTIFICAS, DESPORTIVAS E OUTRAS."
2018|32,2018,32,"MATERIAL, BEM OU SERVICO PARA DISTRIBUICAO GRATUITA"
2018|33,2018,33,PASSAGENS E DESPESAS COM LOCOMOCAO
2018|34,2018,34,OUTRAS DESPESAS DE PESSOAL DECORRENTES DE CONTRATOS DE TERCEIRIZACAO
2018|35,2018,35,SERVICOS DE CONSULTORIA
2018|36,2018,36,OUTROS SERVICOS DE TERCEIROS - PESSOA FISICA
2018|37,2018,37,LOCACAO DE MAO-DE-OBRA
2018|39,2018,39,OUTROS SERVICOS DE TERCEIROS - PESSOA JURIDICA
2018|40,2018,40,SERVICOS DE TECNOLOGIA DA INFORMACAO E COMUNICACAO - PESSOA JURIDICA
2018|41,2018,41,CONTRIBUICOES
2018|42,2018,42,AUXILIOS
2018|43,2018,43,SUBVENCOES SOCIAIS
2018|45,2018,45,SUBVENCOES ECONOMICAS
2018|46,2018,46,AUXILIO-ALIMENTACAO
2018|47,2018,47,OBRIGACOES TRIBUTARIAS E CONTRIBUTIVAS
2018|48,2018,48,OUTROS AUXILIOS FINANCEIROS A PESSOAS FISICAS
2018|49,2018,49,AUXILIO-TRANSPORTE
2018|51,2018,51,OBRAS E INSTALACOES
2018|52,2018,52,EQUIPAMENTOS E MATERIAL PERMANENTE
2018|59,2018,59,PENSOES ESPECIAIS
2018|61,2018,61,AQUISICAO DE IMOVEIS
2018|63,2018,63,AQUISICAO DE TITULOS DE CREDITO
2018|65,2018,65,CONSTITUICAO OU AUMENTO DE CAPITAL DE EMPRESAS
2018|66,2018,66,CONCESSAO DE EMPRESTIMOS E FINANCIAMENTOS
2018|71,2018,71,PRINCIPAL DA DIVIDA CONTRATUAL RESGATADO
2018|81,2018,81,DISTRIBUICAO CONSTITUCIONAL OU LEGAL DE RECEITAS
2018|83,2018,83,"DESPESAS DECORRENTES DE CONTRATO DE PARCERIA PUBLICO-PRIVADA - PPP, EXCETO SUBV"
2018|91,2018,91,SENTENCAS JUDICIAIS
2018|92,2018,92,DESPESAS DE EXERCICIOS ANTERIORES
2018|93,2018,93,INDENIZACOES E RESTITUICOES
2018|94,2018,94,INDENIZACOES E RESTITUICOES TRABALHISTAS
2018|97,2018,97,APORTE PARA COBERTURA DO DEFICIT ATUARIAL DO RPPS
2018|99,2018,99,A CLASSIFICAR
2018|101,2018,101,PROVENTOS DE APOSENTADOS
2018|103,2018,103,PROVENTOS DE MILITARES INATIVOS
2018|105,2018,105,APOSENTADORIA IPSEMG - LEI N. 1.195 DE 23/12/1954
2018|108,2018,108,SUBSIDIO APOSENTADOS DA EDUCACAO
2018|307,2018,307,PENSOES CIVIS DO RPPS
2018|308,2018,308,PENSOES DO MILITAR
2018|401,2018,401,CONTRATACAO POR TEMPO DETERMINADO
2018|403,2018,403,OBRIGACAO PATRONAL - CONTRATOS POR TEMPO DETERMINADO
2018|501,2018,501,AUXILIO-RECLUSAO
2018|505,2018,505,PECULIO E SEGURO COLETIVO
2018|509,2018,509,SALARIO-FAMILIA
2018|599,2018,599,AUXILIOS DIVERSOS
2018|701,2018,701,CONTRIBUICAO A ENTIDADES FECHADAS DE PREVIDENCIA
2018|702,2018,702,CONTRIBUICAO A ENTIDADES FECHADAS DE PREVIDENCIA - ENCARGOS
2018|801,2018,801,AUXILIO-DOENCA
2018|802,2018,802,AUXILIO-FUNERAL
2018|803,2018,803,AUXILIO-CRECHE OU ASSISTENCIA PRE-ESCOLAR
2018|804,2018,804,INDENIZACAO SECURITARIA
2018|805,2018,805,AUXILIO-NATALIDADE
2018|807,2018,807,AUXILIO INVALIDEZ
2018|899,2018,899,AUXILIOS DIVERSOS
2018|1101,2018,1101,VENCIMENTOS
2018|1102,2018,1102,DESIGNADOS DO MAGISTERIO
2018|1103,2018,1103,ADICIONAL POR TEMPO DE SERVICO
2018|1104,2018,1104,GRATIFICACAO DE ENSINO ESPECIAL
2018|1106,2018,1106,GRATIFICACAO DE COORDENADOR DE ESCOLA
2018|1107,2018,1107,GRATIFICACAO DE INCENTIVO A DOCENCIA
2018|1108,2018,1108,VERBA DE REPRESENTACAO
2018|1109,2018,1109,GRATIFICACAO DE RISCO DE CONTAGIO E RAIO X
2018|1112,2018,1112,GRATIFICACAO DE ESTIMULO A PRODUCAO INDIVIDUAL - GEPI
2018|1113,2018,1113,GRATIFICACAO DE EXERCICIO DO PODER JUDICIARIO
2018|1117,2018,1117,GRATIFICACAO DE CARGO EM COMISSAO
2018|1118,2018,1118,GRATIFICACAO POR PLANTAO
2018|1119,2018,1119,VANTAGEM PESSOAL
2018|1121,2018,1121,ABONO DE FERIAS
2018|1122,2018,1122,GRATIFICACAO DE NATAL
2018|1123,2018,1123,"GRATIFICACAO DE RISCO DE VIDA, SAUDE E CONTAGIO"
2018|1127,2018,1127,GRATIFICACAO DE INCENTIVO AO MERITO FUNCIONAL
2018|1128,2018,1128,GRATIFICACAO DE FUNCAO DE AGENTES DE SEGURANCA
2018|1129,2018,1129,GRATIFICACAO DE ASSESSORAMENTO
2018|1130,2018,1130,GRATIFICACAO ESPECIAL-GABINETE MILITAR
2018|1133,2018,1133,GRATIFICACAO DE INCENTIVO A EFICIENTIZACAO DOS SERVICOS - GIEFS
2018|1134,2018,1134,HONORARIOS
2018|1135,2018,1135,GRATIFICACAO DE DEDICACAO EXCLUSIVA
2018|1139,2018,1139,ADICIONAL DE LOCAL DE TRABALHO
2018|1140,2018,1140,GRATIFICACAO DE FUNCAO
2018|1141,2018,1141,GRATIFICACAO POR CURSO
2018|1143,2018,1143,GRATIFICACAO DE ORGAO DE DELIBERACAO COLETIVA
2018|1144,2018,1144,ABONO DE PERMANENCIA
2018|1145,2018,1145,VANTAGEM TEMPORARIA INCORPORAVEL
2018|1146,2018,1146,GRATIFICACAO DE DESEMPENHO DE PRODUTIVIDADE INDIVIDUAL E INSTITUCIONAL
2018|1147,2018,1147,GRATIFICACAO DE ESCOLARIDADE DESEMPENHO E PROD INDIVID E INSTITUCIONAL
2018|1148,2018,1148,ADICIONAL DE DESEMPENHO - PESSOAL CIVIL
2018|1149,2018,1149,GRATIFICACAO COMPLEMENTAR DE PRODUTIVIDADE
2018|1150,2018,1150,SUBSIDIO - SERVIDORES DA EDUCACAO EFETIVOS
2018|1151,2018,1151,SUBSIDIO - SERVIDORES DA EDUCACAO DESIGNADOS
2018|1152,2018,1152,SUBSIDIO - SERVIDORES DA EDUCACAO DE EXTENSAO CARGA HORARIA
2018|1154,2018,1154,GRATIFICACAO DE SERVICOS DE SEGURIDADE SOCIAL
2018|1155,2018,1155,GRATIFICACAO DE FUNCAO DE PESQUISA E ENSINO - GFPE / LEI 20.591/2012
2018|1157,2018,1157,GRATIFICACAO INCENTIVO PRODUTIVIDADE PROFISSIONAIS DE ENGENHARIA E ARQ
2018|1158,2018,1158,ABONO SALARIAL DO PODER JUDICIARIO
2018|1159,2018,1159,FUNCOES DE CONFIANCA
2018|1160,2018,1160,GRATIFICACAO PELO CUMPRIMENTO DE METAS EXTRAORDINARIAS
2018|1199,2018,1199,OUTROS
2018|1201,2018,1201,REMUNERACAO BASICA
2018|1202,2018,1202,ADICIONAL POR TEMPO DE SERVICO
2018|1203,2018,1203,GRATIFICACOES ESPECIAIS
2018|1204,2018,1204,FERIAS-PREMIO
2018|1205,2018,1205,ABONO DE FERIAS
2018|1206,2018,1206,SUBSTITUICAO TEMPORARIA
2018|1207,2018,1207,GRATIFICACAO DE NATAL
2018|1208,2018,1208,ADICIONAL DE DESEMPENHO - PESSOAL MILITAR
2018|1209,2018,1209,ABONO PERMANENCIA
2018|1210,2018,1210,GRATIFICACAO MENSAL PRO LABORE
2018|1299,2018,1299,OUTRAS
2018|1304,2018,1304,INSS - FOLHA
2018|1305,2018,1305,OBRIGACAO PATRONAL - PESSOAL ATIVO
2018|1306,2018,1306,OBRIGACAO PATRONAL - PESSOAL INATIVO
2018|1307,2018,1307,OBRIGACAO PATRONAL - CONTRATOS DE TERCEIRIZACAO
2018|1308,2018,1308,OBRIGACAO PATRONAL - PENSIONISTAS
2018|1309,2018,1309,OBRIGACAO PATRONAL - PRECATORIOS
2018|1310,2018,1310,OBRIGACAO PATRONAL - OUTRAS SENTENCAS JUDICIAIS
2018|1311,2018,1311,OBRIGACAO PATRONAL - CONTRATOS POR TEMPO DETERMINADO
2018|1313,2018,1313,OBRIGACAO PATRONAL - MEDICOS RESIDENTES
2018|1314,2018,1314,OBRIGACAO PATRONAL - ENCARGOS POR PAGAMENTO EM ATRASO
2018|1317,2018,1317,INSS - DEMAIS DESPESAS
2018|1318,2018,1318,OBRIGACAO PATRONAL PESSOAL INATIVO - ENTIDADES CONVENIADAS
2018|1319,2018,1319,OBRIGACAO PATRONAL - PESSOAL MILITAR INATIVO - LC 125/2012
2018|1320,2018,1320,OBRIGACAO PATRONAL - PESSOAL MILITAR ATIVO - LC 125/2012
2018|1325,2018,1325,OBRIGACAO PATRONAL - ADESAO AO PARCELAMENTO DECORRENTE DE LEI ESP.
2018|1401,2018,1401,DIARIAS - CIVIL
2018|1501,2018,1501,DIARIAS - MILITAR
2018|1601,2018,1601,SERVICO EXTRAORDINARIO
2018|1602,2018,1602,SUBSTITUICAO EM CARGOS EM COMISSAO
2018|1603,2018,1603,AULAS FACULTATIVAS
2018|1604,2018,1604,GRATIFICACAO POR ENCARGOS EXTRAORDINARIOS
2018|1605,2018,1605,FERIAS-PREMIO
2018|1606,2018,1606,JORNADA COMPLEMENTAR DE TRABALHO
2018|1701,2018,1701,OUTRAS DESPESAS VARIAVEIS - PESSOAL MILITAR
2018|1801,2018,1801,AUXILIO FINANCEIRO A ESTUDANTES
2018|1901,2018,1901,AUXILIO-FARDAMENTO PAGO A SERVIDOR OU MILITAR
2018|1903,2018,1903,AUXILIO-FARDAMENTO PAGO A PESSOAL CONTRATADO
2018|2001,2018,2001,AUXILIO FINANCEIRO A PESQUISADORES
2018|2101,2018,2101,JUROS SOBRE A DIVIDA INTERNA POR CONTRATOS
2018|2102,2018,2102,JUROS SOBRE A DIVIDA EXTERNA POR CONTRATOS
2018|2103,2018,2103,JUROS DA DIVIDA COM OS INSTITUTOS DE PREVIDENCIA
2018|2104,2018,2104,JUROS SOBRE O PARCELAMENTO DA DIVIDA PREVIDENCIARIA
2018|2106,2018,2106,JUROS SOBRE O PARCELAMENTO DA DIVIDA COM O PASEP
2018|2201,2018,2201,OUTROS ENCARGOS SOBRE A DIVIDA INTERNA POR CONTRATOS
2018|3001,2018,3001,ARTIGOS PARA CONFECCAO E VESTUARIO
2018|3002,2018,3002,ARTIGOS PARA ESPORTE
2018|3003,2018,3003,"UTENSILIOS PARA COPA, REFEITORIO E COZINHA"
2018|3004,2018,3004,MATERIAL GRAFICO E IMPRESSOS
2018|3005,2018,3005,MATERIAL PARA ESCRITORIO
2018|3006,2018,3006,MATERIAL DE DESENHO
2018|3007,2018,3007,MATERIAL DE ENSINO
2018|3008,2018,3008,PRODUTOS ALIMENTICIOS
2018|3009,2018,3009,FORRAGENS E OUTROS ALIMENTOS PARA ANIMAIS
2018|3010,2018,3010,MATERIAL MEDICO E HOSPITALAR
2018|3011,2018,3011,MATERIAL ODONTOLOGICO
2018|3012,2018,3012,MEDICAMENTOS
2018|3013,2018,3013,MATERIAIS DE LABORATORIO E PRODUTOS QUIMICOS EM GERAL
2018|3014,2018,3014,MATERIAL RADIOLOGICO
2018|3015,2018,3015,"MATERIAL FOTOGRAFICO, CINEMATOGRAFICO E DE COMUNICACAO"
2018|3016,2018,3016,MATERIAL DE INFORMATICA
2018|3017,2018,3017,ARTIGOS PARA LIMPEZA E HIGIENE
2018|3018,2018,3018,MATERIA-PRIMA E PROD. P/ MANIPULACAO E INDUSTRIAS DE TRANSFORMACAO
2018|3019,2018,3019,MATERIAL P/ MANUT. E REPAROS DE IMOVEIS DE PROPRIEDADE DA ADM. PUBLICA
2018|3020,2018,3020,MATERIAL ELETRICO
2018|3021,2018,3021,MATERIAL P/ MANUT. E REPAROS DE BENS DE DOMINIO PUB. OU DE TERCEIROS
2018|3022,2018,3022,"FERRAMENTAS, FERRAGENS E UTENSILIOS"
2018|3023,2018,3023,MATERIAL PARA MANUTENCAO DE VEICULOS AUTOMOTORES
2018|3024,2018,3024,PECAS E ACESSORIOS P/ EQUIP.  E OUTROS MATERIAIS PERMANENTES
2018|3025,2018,3025,"MATERIAL DE SEGURANCA, APETRECHOS OPERACIONAIS E POLICIAIS"
2018|3026,2018,3026,COMBUSTIVEIS E LUBRIFICANTES PARA VEICULOS AUTOMOTORES
2018|3027,2018,3027,COMBUSTIVEIS E LUBRIFICANTES P/ EQUIP. E OUTROS MAT.  PERMANENTES
2018|3029,2018,3029,"SEMENTES, MUDAS DE PLANTAS E INSUMOS"
2018|3030,2018,3030,MATERIAIS PARA ACONDICIONAMENTO E EMBALAGEM
2018|3031,2018,3031,LIVROS TECNICOS
2018|3032,2018,3032,MATERIAL CIVICO E EDUCATIVO
2018|3033,2018,3033,COMBUSTIVEIS E LUBRIFICANTES PARA AERONAVES
2018|3034,2018,3034,PECAS E ACESSORIOS PARA AERONAVES
2018|3036,2018,3036,MATERIAL BIBLIOGRAFICO PARA BIBLIOTECAS PUBLICAS
2018|3037,2018,3037,MEDICAMENTOS - DECISÃO JUDICIAL
2018|3038,2018,3038,LEITE - PROGRAMA LEITE PELA VIDA
2018|3040,2018,3040,"MATERIAL DE CAMA, MESA E BANHO"
2018|3099,2018,3099,OUTROS MATERIAIS
2018|3101,2018,3101,"PREMIOS, DIPLOMAS, CONDECORACOES E MEDALHAS"
2018|3102,2018,3102,PREMIOS LOTERICOS
2018|3103,2018,3103,COMISSOES LOTERICAS
2018|3104,2018,3104,PREMIACOES
2018|3201,2018,3201,MATERIAL DE DISTRIBUICAO GRATUITA
2018|3202,2018,3202,MATERIAL DE ASSISTENCIA HUMANITARIA
2018|3301,2018,3301,PASSAGENS - PESSOA FISICA
2018|3302,2018,3302,"DESPESAS COM TRANSPORTE URBANO, PEDAGIO E ESTACIONAMETO PESSOA FISICA"
2018|3303,2018,3303,FRETAMENTO E LOCACAO
2018|3304,2018,3304,PASSAGENS - PESSOA JURIDICA
2018|3305,2018,3305,"SERVICOS DE TRANSPORTES DE PASSAGEIROS, FRETAMENTO E LOCACAO PES JURID"
2018|3401,2018,3401,OUTRAS DESPESAS DE PESSOAL DECORRENTES DE CONT. DE TERCEIRIZACAO
2018|3402,2018,3402,AGENTES PENITENCIARIOS
2018|3501,2018,3501,SERVICOS DE CONSULTORIA - PESSOA FISICA
2018|3502,2018,3502,SERVICOS DE CONSULTORIA - PESSOA JURIDICA
2018|3601,2018,3601,ESTAGIARIOS
2018|3602,2018,3602,MEDICOS RESIDENTES
2018|3603,2018,3603,SALARIOS DE INTERNOS
2018|3604,2018,3604,DIARIAS A COLABORADORES EVENTUAIS
2018|3605,2018,3605,LOCACAO DE SERVICOS TECNICOS E ESPECIALIZADOS - PESSOA FISICA
2018|3608,2018,3608,MEDICOS
2018|3609,2018,3609,DENTISTAS
2018|3610,2018,3610,EVENTUAL DE GABINETE
2018|3611,2018,3611,LOCACAO DE BENS IMOVEIS
2018|3612,2018,3612,DESPESAS MIUDAS DE PRONTO PAGAMENTO
2018|3613,2018,3613,PESSOAL DE ENFERMAGEM
2018|3614,2018,3614,"MONITORES, FISCAIS E EXAMINADORES"
2018|3615,2018,3615,ENCARGOS FINANCEIROS
2018|3616,2018,3616,REPARO E MANUTENCAO DE VEICULOS
2018|3617,2018,3617,"REPAROS DE EQUIPAMENTOS, INSTALACOES E MATERIAL PERMANENTE"
2018|3618,2018,3618,REPAROS DE BENS IMOVEIS
2018|3619,2018,3619,CONFERENCIAS E EXPOSICOES
2018|3620,2018,3620,JETONS A CONSELHEIROS
2018|3622,2018,3622,TAXA DE CONDOMINIO
2018|3623,2018,3623,GRATIFICACAO POR ENCARGO DE CURSO OU CONCURSO
2018|3624,2018,3624,SERVICOS TECNICOS JUDICIAIS - HONORARIOS JUSTICA GRATUITA
2018|3625,2018,3625,CONTRATACAO PARA PRESTACAO DE SERVIÇO POR CREDENCIADOS
2018|3626,2018,3626,SERVICOS DE ABASTECIMENTO E DISTRIBUICAO DE AGUA
2018|3627,2018,3627,JUIZES LEIGOS
2018|3628,2018,3628,SERVICOS TECNICOS JUDICIAIS - HONORARIOS PERICIAIS
2018|3699,2018,3699,OUTRAS DESPESAS PAGAS A PESSOAS FISICAS
2018|3701,2018,3701,LOCACAO DE SERVICOS DE CONSERVACAO E LIMPEZA
2018|3702,2018,3702,LOCACAO DE SERVICOS DE APOIO ADMINISTRATIVO
2018|3703,2018,3703,LOCACAO DE SERVICOS DE CONSERVACAO E LIMPEZA REALIZADOS PELA MGS
2018|3704,2018,3704,LOCACAO DE SERVICOS DE APOIO ADMINISTRATIVO REALIZADOS PELA MGS
2018|3901,2018,3901,VALE-TRANSPORTE
2018|3902,2018,3902,VALE-REFEICAO
2018|3903,2018,3903,FORNECIMENTO DE ALIMENTACAO
2018|3904,2018,3904,CONFECCAO EM GERAL
2018|3906,2018,3906,TRANSPORTE E ACONDICIONAMENTO DE MATERIAIS
2018|3908,2018,3908,PUBLICACAO E DIVULGACAO
2018|3909,2018,3909,PUBLICIDADE
2018|3910,2018,3910,PREMIOS DE SEGUROS
2018|3911,2018,3911,"ASSINATURAS DE JORNAIS, REVISTAS E PERIODICOS"
2018|3912,2018,3912,TARIFA DE ENERGIA ELETRICA
2018|3913,2018,3913,TARIFA DE AGUA E ESGOTO
2018|3914,2018,3914,SERVICO DE TELEFONIA
2018|3915,2018,3915,SERVICO POSTAL-TELEGRAFICO
2018|3916,2018,3916,LOCACAO DE TV POR ASSINATURA
2018|3917,2018,3917,LOCACAO DE VEICULOS
2018|3918,2018,3918,REPAROS DE VEICULOS
2018|3919,2018,3919,LOCACAO DE MAQUINAS E EQUIPAMENTOS
2018|3920,2018,3920,LOCACAO DE BENS IMOVEIS
2018|3921,2018,3921,"REPAROS DE EQUIPAMENTOS, INSTALACOES E MATERIAL PERMANENTE"
2018|3922,2018,3922,REPAROS DE BENS IMOVEIS
2018|3923,2018,3923,"RECEPCOES, HOSPEDAGENS, HOMENAGENS E FESTIVIDADES"
2018|3924,2018,3924,"CURSOS, EXPOSICOES, CONGRESSOS E CONFERENCIAS"
2018|3925,2018,3925,ENCARGOS JUDICIAIS
2018|3926,2018,3926,ENCARGOS FINANCEIROS
2018|3927,2018,3927,SERVICOS DE TECNOLOGIA DA INFORMACAO
2018|3928,2018,3928,SERVICOS DE SAUDE EXECUTADOS COM RECURSOS DO SUS
2018|3929,2018,3929,SERVICOS DE SAUDE PRESTADOS POR PESSOA JURIDICA
2018|3930,2018,3930,MULTAS DE TRANSITO
2018|3931,2018,3931,LOCACAO DE SERVICOS GRAFICOS
2018|3933,2018,3933,TAXA DE ADMINISTRACAO
2018|3934,2018,3934,SEGUROS DE AERONAVES
2018|3935,2018,3935,"REPARO, MANUTENCAO, E SERVICOS AEROPORTUARIOS PARA AERONAVES"
2018|3936,2018,3936,SERVICOS DE INFORMATICA EXECUTADOS PELA PRODEMGE
2018|3937,2018,3937,TAXA DE CONDOMINIO
2018|3938,2018,3938,SERVICOS DE IMPRESSAO E ENCADERNACAO
2018|3939,2018,3939,SERVICOS DE PUBLICACAO E DIVULGACAO
2018|3940,2018,3940,SERVICOS DE TELECOMUNICACAO
2018|3941,2018,3941,ANUIDADES
2018|3942,2018,3942,SERVICOS GRAFICOS DE SEGURANCA
2018|3943,2018,3943,SERVICO DE ADMINISTRACAO E GERENCIAMENTO DE FROTA DE VEICULOS
2018|3946,2018,3946,TERMO DE PARCERIA COM ORGANIZACAO DA SOCIEDADE CIVIL DE INTERESSE PUBL
2018|3947,2018,3947,TAXA DE ADMINISTRACAO DE CREDITO DE FINANCIAMENTOS HABITACIONAIS
2018|3948,2018,3948,"CURSOS DE FORMACAO, CAPACITACAO E POS-GRADUACAO PARA SERVIDORES"
2018|3949,2018,3949,CURSOS DE FORMACAO E CAPACITACAO PARA O CIDADAO
2018|3950,2018,3950,SERVICOS DE AGENCIAMENTO DE VIAGENS
2018|3951,2018,3951,"SERVICOS DE GERENCIAMENTO, SUPERVISAO E FISCALIZACAO DE OBRAS"
2018|3952,2018,3952,CONTRATACAO DE ESTAGIARIOS
2018|3953,2018,3953,CURSOS DE FORMACAO E CAPACITACAO PROMOVIDOS PELO ESTADO
2018|3955,2018,3955,EVENTOS DE COMUNICACAO INSTITUCIONAL
2018|3956,2018,3956,SERVICOS DE PESQUISAS
2018|3958,2018,3958,"CONTRATACAO DE PROJETOS EM PESQUISA DE CIENCIA, INOVACAO E TECNOLOGIA"
2018|3959,2018,3959,SERVICOS SANITARIOS E TRATAMENTO DE RESIDUOS
2018|3960,2018,3960,SERVICOS DE ATENDIMENTO AO CIDADAO
2018|3961,2018,3961,SERVICOS DE CONSERVACAO E LIMPEZA
2018|3962,2018,3962,SERVICOS DE VIGILANCIA OSTENSIVA
2018|3963,2018,3963,SERVICOS DE LEVANTAMENTO E CADASTRAMENTO PARA EXECUCAO DE POL PUBLICAS
2018|3964,2018,3964,SERVICOS DE MAPEAMENTO E GEORREFERENCIAMENTO
2018|3965,2018,3965,SERVICOS DE PRODUCAO E LOGISTICA DE MEDICAMENTOS
2018|3966,2018,3966,SERVICOS DE ABASTECIMENTO E DISTRIBUICAO DE AGUA
2018|3967,2018,3967,ADMINISTRACAO DE BENS E DIREITOS DO ESTADO POR TERCEIROS
2018|3968,2018,3968,SERVICO DE IMPRENSA
2018|3969,2018,3969,CONTRATOS DE ENERGIA ELETRICA
2018|3970,2018,3970,REDE IP MULTISSERVICOS
2018|3971,2018,3971,SERVICOS TECN DE IMPLANTACAO GESTAO E ADM DO SIST DE OBSERV ELETRONICA
2018|3972,2018,3972,CONTRATOS DE ABASTECIMENTO DE AGUA E COLETA E TRATAMENTO DE ESGOTO
2018|3974,2018,3974,SERVICO DE REALIZACAO DE CONCURSO PUBLICO E PROCESSO SIMPLIFICADO
2018|3975,2018,3975,"SERVICO DE GERENCIAMENTO, SUPERVISAO E FISCALIZACAO DE SERVICOS"
2018|3976,2018,3976,SERVICO DE REMOCAO E TRANSPORTE DE CADAVERES
2018|3977,2018,3977,PATROCINIO
2018|3978,2018,3978,SERVICO DE APOIO ADMINISTRATIVO
2018|3980,2018,3980,ADESAO AO PARCELAMENTO DECORRENTE DE LEI ESPECIFICA
2018|3981,2018,3981,SERVICO DE ELABORACAO DE ESTUDOS PREVIOS
2018|3982,2018,3982,SERVICOS TECNICOS JUDICIAIS - HONORARIOS JUSTICA GRATUITA
2018|3983,2018,3983,SERVICOS DE REALIZACAO DE PROCESSO DE CERTIFICACAO OCUPACIONAL
2018|3984,2018,3984,REMUNERACAO PAGA PELO PODER EXECUTIVO AO TJMG - DEPOSITOS JUDICIAIS
2018|3985,2018,3985,SERVICOS DE DESLOCAMENTO OU REMOCAO DE POSTES E REDE ELETRICA
2018|3986,2018,3986,DIREITOS AUTORAIS
2018|3987,2018,3987,SERVICOS DE GERENCIAMENTO E FORNECIMENTO DE COMBUSTIVEL
2018|3988,2018,3988,MULTA POR ATO INFRACIONAL
2018|3999,2018,3999,OUTROS SERVICOS PESSOA JURIDICA
2018|4001,2018,4001,SERVICO DE TELEFONIA
2018|4002,2018,4002,SERVICO DE TECNOLOGIA DA INFORMACAO
2018|4003,2018,4003,SERVICO DE INFORMATICA EXECUTADO PELA PRODEMGE
2018|4004,2018,4004,SERVICO DE TELECOMUNICACAO
2018|4005,2018,4005,REDE IP MULTISSERVICOS
2018|4006,2018,4006,AQUISIÇÃO DE SOFTWARE
2018|4101,2018,4101,CONTRIBUICOES
2018|4102,2018,4102,TRANSFERENCIAS AO FUNDHAB
2018|4103,2018,4103,CONTRIBUICOES AO IPLEMG
2018|4104,2018,4104,CONTRIBUICOES DO FUNDO ESTADUAL DE SAUDE - FES - LC 141/2012
2018|4105,2018,4105,TRANSFERENCIA AO PREVCOM
2018|4106,2018,4106,TRANSFERENCIA PARA FINANCIAMENTO DO TRANSPORTE ESCOLAR
2018|4107,2018,4107,TRANSFERENCIAS ENTRE FUNDOS
2018|4201,2018,4201,AUXILIOS
2018|4301,2018,4301,SUBVENCOES SOCIAIS
2018|4501,2018,4501,SUBVENCOES ECONOMICAS
2018|4601,2018,4601,AUXILIO-ALIMENTACAO - PECUNIA
2018|4602,2018,4602,AUXILIO ALIMENTACAO BILHETE OU CARTAO MAGNETICO
2018|4701,2018,4701,OBRIGACOES TRIBUTARIAS E CONTRIBUTIVAS
2018|4702,2018,4702,IMPOSTO DE RENDA - IR
2018|4703,2018,4703,IMPOSTO PREDIAL TERRITORIAL URBANO - IPTU
2018|4706,2018,4706,CONTRIBUICAO PARA A FORMACAO DO PASEP/PIS
2018|4707,2018,4707,TAXA DE LIMPEZA PUBLICA E COLETA DE RESIDUOS
2018|4708,2018,4708,TAXA DE ILUMINACAO PUBLICA
2018|4709,2018,4709,TAXAS AMBIENTAIS
2018|4710,2018,4710,PASEP - ADESAO AO PARCELAMENTO DECORRENTE DE LEI ESPECIFICA
2018|4799,2018,4799,OUTROS - OBRIGACOES TRIBUTARIAS E CONTRIBUTIVAS
2018|4801,2018,4801,OUTROS AUXILIOS FINANCEIROS A PESSOAS FISICAS
2018|4802,2018,4802,AUXILIO FINANCEIRO - PROGRAMA POUPANCA JOVEM
2018|4803,2018,4803,AUXILIO PARA PROFISSIONAIS DE PROGRAMAS DE CAPACITACAO E FORMACAO
2018|4901,2018,4901,AUXILIO-TRANSPORTE - PECUNIA
2018|4902,2018,4902,AUXILIO-TRANSPORTE - PODER LEGISLATIVO
2018|4903,2018,4903,DESPESA DE TRANSPORTE DEVIDA A SERVIDORES DOS PODERES DO ESTADO
2018|4904,2018,4904,AUXILIO TRANSPORTE BILHETE OU CARTAO MAGNETICO
2018|4905,2018,4905,AUXILIO TRANSPORTE PAGO A ESTAGIARIOS PECUNIA
2018|4906,2018,4906,AUXILIO TRANSPORTE PAGO A ESTAGIARIO BILHETE OU CARTAO MAGNETICO
2018|5101,2018,5101,ESTUDOS E PROJETOS DE BENS PATRIMONIAVEIS
2018|5103,2018,5103,EXECUCAO DE OBRAS POR CONTRATO DE BENS PATRIMONIAVEIS
2018|5106,2018,5106,ESTUDOS E PROJETOS DE BENS NAO PATRIMONIAVEIS
2018|5107,2018,5107,EXECUCAO DE OBRAS POR CONTRATO DE BENS NAO PATRIMONIAVEIS
2018|5110,2018,5110,MATERIAL PARA OBRAS - BENS PATRIMONIAVEIS
2018|5111,2018,5111,CONSTRUCAO DE UNIDADES HABITACIONAIS
2018|5112,2018,5112,MATERIAL PARA OBRAS - BENS NAO PATRIMONIAVEIS
2018|5113,2018,5113,INSTALACAO PARA INCORPORACAO A BENS IMOVEIS
2018|5114,2018,5114,EXECUCAO DE OBRAS POR EMPRESAS CONTROLADAS
2018|5201,2018,5201,AERONAVES E COMPONENTES ESTRUTURAIS
2018|5203,2018,5203,ARMAMENTO E EQUIPAMENTO DE USO POLICIAL
2018|5204,2018,5204,"MAQUINAS, APARELHOS, UTENSILIOS E EQUIPAMENTOS DE USO INDUSTRIAL"
2018|5206,2018,5206,EQUIPAMENTOS DE COMUNICACAO E TELEFONIA
2018|5207,2018,5207,EQUIPAMENTOS DE INFORMATICA
2018|5208,2018,5208,"EQUIPAMENTOS DE SOM, VIDEO, FOTOGRAFICO E CINEMATOGRAFICO"
2018|5209,2018,5209,"EQUIPAMENTOS HOSPITALARES, ODONTOLOGICOS E DE LABORATORIO"
2018|5210,2018,5210,"FERRAMENTAS, EQUIP. E INSTRUMENTOS P/ OFICINA, MEDICAO E INSPECAO"
2018|5211,2018,5211,"INSTRUMENTOS DE LABORATORIO, MEDICOS E ODONTOLOGICOS"
2018|5212,2018,5212,"MAQUINAS, APARELHOS, UTENSILIOS E EQUIPAMENTOS  USO ADMINISTRATIVO"
2018|5213,2018,5213,MATERIAL ESPORTIVO E RECREATIVO
2018|5214,2018,5214,MOBILIARIO
2018|5215,2018,5215,OBJETOS DE ARTE E ANTIGUIDADES
2018|5216,2018,5216,"TRATORES, SIMILARES E IMPLEMENTOS"
2018|5217,2018,5217,VEICULOS
2018|5218,2018,5218,COLECAO E MATERIAIS BIBLIOGRAFICOS
2018|5219,2018,5219,INSTRUMENTOS MUSICAIS E ARTISTICOS
2018|5220,2018,5220,EQUIPAMENTOS DE SEGURANCA ELETRONICA
2018|5221,2018,5221,MATERIAL DIDATICO
2018|5222,2018,5222,ESTRUTURAS E COMPONENTES
2018|5224,2018,5224,"MAQUINAS, INSTALACOES E UTENSILIOS DE ESCRITORIO"
2018|5225,2018,5225,APARELHOS E UTENSILIOS DOMESTICOS
2018|5226,2018,5226,"EQUIPAMENTOS DE PROTECAO, SEGURANCA E SOCORRO"
2018|5299,2018,5299,OUTROS MATERIAIS PERMANENTES
2018|5902,2018,5902,PENSAO ESPECIAL - LEI N 552/49
2018|5903,2018,5903,PENSAO ESPECIFICA DOS INSTITUTOS DE PREVIDENCIA
2018|5904,2018,5904,PENSAO DECORRENTE DE SENTENCA JUDICIAL - SERVIDOR
2018|5905,2018,5905,PENSAO DECORRENTE DE SENTENCA JUDICIAL - TERCEIROS
2018|5907,2018,5907,PENSAO ESPECIAL PARA AGENTES POLITICOS SERVIDORES PUBLICOS E ESTATAIS
2018|5908,2018,5908,PENSOES DECORRENTES DA LEI N 21527 2014
2018|6101,2018,6101,TERRENOS
2018|6106,2018,6106,IMOVEIS NECESSARIOS A REALIZACAO DE OBRAS DE BENS PATRIMONIAVEIS
2018|6107,2018,6107,IMOVEIS NECESSARIOS A REALIZACAO DE OBRAS DE BENS NAO-PATRIMONIAVEIS
2018|6301,2018,6301,AQUISICAO DE TITULOS DE CREDITO
2018|6501,2018,6501,CONSTITUICAO OU AUMENTO DE CAPITAL DE EMPRESAS-CAPITAL A INTEGRALIZAR
2018|6502,2018,6502,CONSTITUICAO OU AUMENTO DE CAPITAL DE EMPRESAS-CAPITAL INTEGRALIZADO
2018|6603,2018,6603,CONCESSAO DE FINANCIAMENTOS HABITACIONAIS
2018|7101,2018,7101,PRINCIPAL DA DIVIDA INTERNA POR CONTRATOS
2018|7102,2018,7102,PRINCIPAL DA DIVIDA EXTERNA POR CONTRATOS
2018|7104,2018,7104,PRINCIPAL DO PARCELAMENTO DA DIVIDA PREVIDENCIARIA - INSS
2018|7107,2018,7107,PRINCIPAL DO PARCELAMENTO DA DIVIDA REFERENTE AO PASEP
2018|8102,2018,8102,COTA PARTE DO IPVA
2018|8103,2018,8103,COTA PARTE DO ICMS
2018|8104,2018,8104,COTA PARTE DO IPI
2018|8105,2018,8105,COTA PARTE DA CIDE
2018|8301,2018,8301,PARCELAS DAS CONTRAPRESTACOES REFERENTES A REMUNERACAO DO PARCEIRO
2018|8303,2018,8303,OUTRAS DESPESAS DECORRENTES DE CONTRATO DE PARCERIA PUBLICO-PRIVADA
2018|9102,2018,9102,PRECATORIOS - PESSOAL
2018|9103,2018,9103,OUTRAS SENTENCAS JUDICIAIS
2018|9107,2018,9107,PRECATORIOS - OUTROS
2018|9108,2018,9108,OUTRAS DECISOES JUDICIAIS - DEPOSITO EM CONTA CORRENTE OU A DISPOSICAO
2018|9201,2018,9201,DESPESAS DE EXERCICIOS ANTERIORES - PESSOAL
2018|9202,2018,9202,DESPESAS DE EXERCICIOS ANTERIORES - OUTRAS DESPESAS
2018|9301,2018,9301,AJUDA DE CUSTO
2018|9305,2018,9305,DESPESAS DECORRENTES DE CONTRATOS DE CONCESSAO OU PERMISSAO
2018|9306,2018,9306,"REST DE REC DE CONVENIOS, DE CONTRAPARTIDAS E INSTRUMENTOS CONGENERES"
2018|9307,2018,9307,RESSARCIMENTO REFERENTE A PESSOAL REQUISITADO DA ADMINITRACAO ESTADUAL
2018|9308,2018,9308,DESPESAS DE CARATER INDENIZATORIO RELATIVAS AO MANDATO PARLAMENTAR
2018|9309,2018,9309,PREMIO DE PRODUTIVIDADE
2018|9310,2018,9310,RESTITUICAO DE RECEITA - EXERCICIO ANTERIOR
2018|9311,2018,9311,COMPENSACAO FINANCEIRA DOS REGIMES DE PREVIDENCIA
2018|9312,2018,9312,INDENIZACAO POR UTILIZACAO DE BENS DE TERCEIROS
2018|9313,2018,9313,REEMBOLSO DE DESPESAS MEDICO-HOSPITALARES
2018|9314,2018,9314,INDENIZACOES DETERMINADAS POR DECISOES JUDICIAIS
2018|9316,2018,9316,INDENIZACOES DETERMINADAS POR LEI ESPECIFICA
2018|9317,2018,9317,INDENIZACAO EXERCICIO DO CARGO DE CONSEL PRES E PROCURADOR JUNTO AO TC
2018|9318,2018,9318,AUXILIO MORADIA DE CARATER INDENIZATORIO RELATIVO AO MANDATO PARLAMENT
2018|9319,2018,9319,IND.DECORRENTES DA UTILZ. DE LEITOS DE INSTITUICOES DE SAUDE PRIVADAS
2018|9323,2018,9323,INDENIZACAO DECORRENTE DE AUXILIO SAUDE
2018|9324,2018,9324,AUXILIO MORADIA DE CARATER INDENIZATORIO
2018|9325,2018,9325,AUXILIO MORADIA DE CARATER INDENIZATORIO DEVIDO PELO TCE
2018|9326,2018,9326,"RESTITUICAO REFERENTE A TAXA DE INSCRICAO, MATERIAL E SIMILARES"
2018|9327,2018,9327,INDENIZACAO DE TRANSPORTE DEVIDA AO OFICIAL DE JUSTICA
2018|9329,2018,9329,RESSARCIMENTO SOBRE A REMUNERACAO DOS PRESOS EM TRABALHO
2018|9399,2018,9399,OUTRAS INDENIZACOES E RESTITUICOES
2018|9401,2018,9401,INDENIZACOES E RESTITUICOES TRABALHISTAS
2018|9601,2018,9601,RESSARCIMENTO DE DESPESAS DE PESSOAL REQUISITADO
2018|9701,2018,9701,APORTE PARA COBERTURA DO DEFICIT ATUARIAL DO RPPS
2019|0,2019,0,SEM INFORMACAO
2019|1,2019,1,"APOSENTADORIAS DO RPPS, RESERVA REMUNERADA E REFORMAS DOS MILITARES"
2019|3,2019,3,PENSOES DO RPPS E DO MILITAR
2019|4,2019,4,CONTRATACAO POR TEMPO DETERMINADO
2019|5,2019,5,OUTROS BENEFICIOS PREVIDENCIARIOS DO SERVIDOR OU DO MILITAR
2019|7,2019,7,CONTRIBUICAO A ENTIDADES FECHADAS DE PREVIDENCIA
2019|8,2019,8,OUTROS BENEFICIOS ASSISTENCIAIS DO SERVIDOR E DO MILITAR
2019|10,2019,10,SEGURO DESEMPREGO E ABONO SALARIAL
2019|11,2019,11,VENCIMENTOS E VANTAGENS FIXAS-PESSOAL CIVIL
2019|12,2019,12,VENCIMENTOS E VANTAGENS FIXAS - PESSOAL  MILITAR
2019|13,2019,13,OBRIGACOES PATRONAIS
2019|14,2019,14,DIARIAS - CIVIL
2019|15,2019,15,DIARIAS - MILITAR
2019|16,2019,16,OUTRAS DESPESAS VARIAVEIS - PESSOAL CIVIL
2019|17,2019,17,OUTRAS DESPESAS VARIAVEIS - PESSOAL MILITAR
2019|18,2019,18,AUXILIO FINANCEIRO A ESTUDANTES
2019|19,2019,19,AUXILIO-FARDAMENTO
2019|20,2019,20,AUXILIO FINANCEIRO A PESQUISADORES
2019|21,2019,21,JUROS SOBRE A DIVIDA POR CONTRATO
2019|22,2019,22,OUTROS ENCARGOS SOBRE A DIVIDA POR CONTRATO
2019|27,2019,27,"ENCARGOS PELA HONRA DE AVAIS, GARANTIAS, SEGUROS E SIMILARES"
2019|29,2019,29,DISTRIBUICAO DE RESULTADO DE EMPRESAS ESTATAIS DEPENDENTES
2019|30,2019,30,MATERIAL DE CONSUMO
2019|31,2019,31,"PREMIACOES CULTURAIS, ARTISTICAS, CIENTIFICAS, DESPORTIVAS E OUTRAS."
2019|32,2019,32,"MATERIAL, BEM OU SERVICO PARA DISTRIBUICAO GRATUITA"
2019|33,2019,33,PASSAGENS E DESPESAS COM LOCOMOCAO
2019|34,2019,34,OUTRAS DESPESAS DE PESSOAL DECORRENTES DE CONTRATOS DE TERCEIRIZACAO
2019|35,2019,35,SERVICOS DE CONSULTORIA
2019|36,2019,36,OUTROS SERVICOS DE TERCEIROS - PESSOA FISICA
2019|37,2019,37,LOCACAO DE MAO-DE-OBRA
2019|39,2019,39,OUTROS SERVICOS DE TERCEIROS - PESSOA JURIDICA
2019|40,2019,40,SERVICOS DE TECNOLOGIA DA INFORMACAO E COMUNICACAO -  PESSOA JURIDICA
2019|41,2019,41,CONTRIBUICOES
2019|42,2019,42,AUXILIOS
2019|43,2019,43,SUBVENCOES SOCIAIS
2019|45,2019,45,SUBVENCOES ECONOMICAS
2019|46,2019,46,AUXILIO-ALIMENTACAO
2019|47,2019,47,OBRIGACOES TRIBUTARIAS E CONTRIBUTIVAS
2019|48,2019,48,OUTROS AUXILIOS FINANCEIROS A PESSOAS FISICAS
2019|49,2019,49,AUXILIO-TRANSPORTE
2019|51,2019,51,OBRAS E INSTALACOES
2019|52,2019,52,EQUIPAMENTOS E MATERIAL PERMANENTE
2019|59,2019,59,PENSOES ESPECIAIS
2019|61,2019,61,AQUISICAO DE IMOVEIS
2019|65,2019,65,CONSTITUICAO OU AUMENTO DE CAPITAL DE EMPRESAS
2019|66,2019,66,CONCESSAO DE EMPRESTIMOS E FINANCIAMENTOS
2019|71,2019,71,PRINCIPAL DA DIVIDA CONTRATUAL RESGATADO
2019|81,2019,81,DISTRIBUICAO CONSTITUCIONAL OU LEGAL DE RECEITAS
2019|83,2019,83,"DESPESAS DECORRENTES DE CONTRATO DE PARCERIA PUBLICO-PRIVADA - PPP, EXCETO SUBV"
2019|91,2019,91,SENTENCAS JUDICIAIS
2019|92,2019,92,DESPESAS DE EXERCICIOS ANTERIORES
2019|93,2019,93,INDENIZACOES E RESTITUICOES
2019|94,2019,94,INDENIZACOES E RESTITUICOES TRABALHISTAS
2019|97,2019,97,APORTE PARA COBERTURA DO DEFICIT ATUARIAL DO RPPS
2019|99,2019,99,A CLASSIFICAR
2019|101,2019,101,PROVENTOS DE APOSENTADOS
2019|103,2019,103,PROVENTOS DE MILITARES INATIVOS
2019|105,2019,105,APOSENTADORIA IPSEMG - LEI N. 1.195 DE 23/12/1954
2019|108,2019,108,SUBSIDIO APOSENTADOS DA EDUCACAO
2019|307,2019,307,PENSOES CIVIS DO RPPS
2019|308,2019,308,PENSOES DO MILITAR
2019|401,2019,401,CONTRATACAO POR TEMPO DETERMINADO
2019|403,2019,403,OBRIGACAO PATRONAL - CONTRATOS POR TEMPO DETERMINADO
2019|501,2019,501,AUXILIO-RECLUSAO
2019|505,2019,505,PECULIO E SEGURO COLETIVO
2019|509,2019,509,SALARIO-FAMILIA
2019|701,2019,701,CONTRIBUICAO A ENTIDADES FECHADAS DE PREVIDENCIA
2019|801,2019,801,AUXILIO-DOENCA
2019|802,2019,802,AUXILIO-FUNERAL
2019|803,2019,803,AUXILIO-CRECHE OU ASSISTENCIA PRE-ESCOLAR
2019|804,2019,804,INDENIZACAO SECURITARIA
2019|805,2019,805,AUXILIO-NATALIDADE
2019|807,2019,807,AUXILIO INVALIDEZ
2019|899,2019,899,AUXILIOS DIVERSOS
2019|1101,2019,1101,VENCIMENTOS
2019|1102,2019,1102,DESIGNADOS DO MAGISTERIO
2019|1103,2019,1103,ADICIONAL POR TEMPO DE SERVICO
2019|1104,2019,1104,GRATIFICACAO DE ENSINO ESPECIAL
2019|1106,2019,1106,GRATIFICACAO DE COORDENADOR DE ESCOLA
2019|1107,2019,1107,GRATIFICACAO DE INCENTIVO A DOCENCIA
2019|1108,2019,1108,VERBA DE REPRESENTACAO
2019|1109,2019,1109,GRATIFICACAO DE RISCO DE CONTAGIO E RAIO X
2019|1112,2019,1112,GRATIFICACAO DE ESTIMULO A PRODUCAO INDIVIDUAL - GEPI
2019|1113,2019,1113,GRATIFICACAO DE EXERCICIO DO PODER JUDICIARIO
2019|1117,2019,1117,GRATIFICACAO DE CARGO EM COMISSAO
2019|1118,2019,1118,GRATIFICACAO POR PLANTAO
2019|1119,2019,1119,VANTAGEM PESSOAL
2019|1121,2019,1121,ABONO DE FERIAS
2019|1122,2019,1122,GRATIFICACAO DE NATAL
2019|1123,2019,1123,"GRATIFICACAO DE RISCO DE VIDA, SAUDE E CONTAGIO"
2019|1127,2019,1127,GRATIFICACAO DE INCENTIVO AO MERITO FUNCIONAL
2019|1128,2019,1128,GRATIFICACAO DE FUNCAO DE AGENTES DE SEGURANCA
2019|1129,2019,1129,GRATIFICACAO DE ASSESSORAMENTO
2019|1130,2019,1130,GRATIFICACAO ESPECIAL-GABINETE MILITAR
2019|1133,2019,1133,GRATIFICACAO DE INCENTIVO A EFICIENTIZACAO DOS SERVICOS - GIEFS
2019|1134,2019,1134,HONORARIOS
2019|1135,2019,1135,GRATIFICACAO DE DEDICACAO EXCLUSIVA
2019|1139,2019,1139,ADICIONAL DE LOCAL DE TRABALHO
2019|1140,2019,1140,GRATIFICACAO DE FUNCAO
2019|1141,2019,1141,GRATIFICACAO POR CURSO
2019|1143,2019,1143,GRATIFICACAO DE ORGAO DE DELIBERACAO COLETIVA
2019|1144,2019,1144,ABONO DE PERMANENCIA
2019|1145,2019,1145,VANTAGEM TEMPORARIA INCORPORAVEL
2019|1146,2019,1146,GRATIFICACAO DE DESEMPENHO DE PRODUTIVIDADE INDIVIDUAL E INSTITUCIONAL
2019|1147,2019,1147,GRATIFICACAO DE ESCOLARIDADE DESEMPENHO E PROD INDIVID E INSTITUCIONAL
2019|1148,2019,1148,ADICIONAL DE DESEMPENHO - PESSOAL CIVIL
2019|1149,2019,1149,GRATIFICACAO COMPLEMENTAR DE PRODUTIVIDADE
2019|1150,2019,1150,SUBSIDIO - SERVIDORES DA EDUCACAO EFETIVOS
2019|1151,2019,1151,SUBSIDIO - SERVIDORES DA EDUCACAO DESIGNADOS
2019|1152,2019,1152,SUBSIDIO - SERVIDORES DA EDUCACAO DE EXTENSAO CARGA HORARIA
2019|1154,2019,1154,GRATIFICACAO DE SERVICOS DE SEGURIDADE SOCIAL
2019|1155,2019,1155,GRATIFICACAO DE FUNCAO DE PESQUISA E ENSINO - GFPE / LEI 20.591/2012
2019|1157,2019,1157,GRATIFICACAO INCENTIVO PRODUTIVIDADE PROFISSIONAIS DE ENGENHARIA E ARQ
2019|1158,2019,1158,ABONO SALARIAL DO PODER JUDICIARIO
2019|1159,2019,1159,FUNCOES DE CONFIANCA
2019|1160,2019,1160,GRATIFICACAO PELO CUMPRIMENTO DE METAS EXTRAORDINARIAS
2019|1161,2019,1161,GRATIFICACAO DE SERVICOS DE ASSESSORAMENTO JURIDICO
2019|1199,2019,1199,OUTROS
2019|1201,2019,1201,REMUNERACAO BASICA
2019|1202,2019,1202,ADICIONAL POR TEMPO DE SERVICO
2019|1203,2019,1203,GRATIFICACOES ESPECIAIS
2019|1204,2019,1204,FERIAS-PREMIO
2019|1205,2019,1205,ABONO DE FERIAS
2019|1206,2019,1206,SUBSTITUICAO TEMPORARIA
2019|1207,2019,1207,GRATIFICACAO DE NATAL
2019|1208,2019,1208,ADICIONAL DE DESEMPENHO - PESSOAL MILITAR
2019|1209,2019,1209,ABONO PERMANENCIA
2019|1210,2019,1210,GRATIFICACAO MENSAL PRO LABORE
2019|1299,2019,1299,OUTRAS
2019|1304,2019,1304,INSS - FOLHA
2019|1305,2019,1305,OBRIGACAO PATRONAL - PESSOAL ATIVO
2019|1306,2019,1306,OBRIGACAO PATRONAL - PESSOAL INATIVO
2019|1307,2019,1307,OBRIGACAO PATRONAL - CONTRATOS DE TERCEIRIZACAO
2019|1308,2019,1308,OBRIGACAO PATRONAL - PENSIONISTAS
2019|1309,2019,1309,OBRIGACAO PATRONAL - PRECATORIOS
2019|1310,2019,1310,OBRIGACAO PATRONAL - OUTRAS SENTENCAS JUDICIAIS
2019|1313,2019,1313,OBRIGACAO PATRONAL - MEDICOS RESIDENTES
2019|1314,2019,1314,OBRIGACAO PATRONAL - ENCARGOS POR PAGAMENTO EM ATRASO
2019|1317,2019,1317,INSS - DEMAIS DESPESAS
2019|1318,2019,1318,OBRIGACAO PATRONAL PESSOAL INATIVO - ENTIDADES CONVENIADAS
2019|1319,2019,1319,OBRIGACAO PATRONAL - PESSOAL MILITAR INATIVO - LC 125/2012
2019|1320,2019,1320,OBRIGACAO PATRONAL - PESSOAL MILITAR ATIVO - LC 125/2012
2019|1323,2019,1323,OBRIGACAO PATRONAL CONTRATOS TERCEIRIZACAO DESPESAS ASSITENCIA SAUDE
2019|1325,2019,1325,OBRIGACAO PATRONAL - ADESAO AO PARCELAMENTO DECORRENTE DE LEI ESP.
2019|1401,2019,1401,DIARIAS - CIVIL
2019|1501,2019,1501,DIARIAS - MILITAR
2019|1601,2019,1601,SERVICO EXTRAORDINARIO
2019|1602,2019,1602,SUBSTITUICAO EM CARGOS EM COMISSAO
2019|1603,2019,1603,AULAS FACULTATIVAS
2019|1604,2019,1604,GRATIFICACAO POR ENCARGOS EXTRAORDINARIOS
2019|1605,2019,1605,FERIAS-PREMIO
2019|1606,2019,1606,JORNADA COMPLEMENTAR DE TRABALHO
2019|1701,2019,1701,OUTRAS DESPESAS VARIAVEIS - PESSOAL MILITAR
2019|1801,2019,1801,AUXILIO FINANCEIRO A ESTUDANTES
2019|1901,2019,1901,AUXILIO-FARDAMENTO PAGO A SERVIDOR OU MILITAR
2019|1903,2019,1903,AUXILIO-FARDAMENTO PAGO A PESSOAL CONTRATADO
2019|2001,2019,2001,AUXILIO FINANCEIRO A PESQUISADORES
2019|2101,2019,2101,JUROS SOBRE A DIVIDA INTERNA POR CONTRATOS
2019|2102,2019,2102,JUROS SOBRE A DIVIDA EXTERNA POR CONTRATOS
2019|2103,2019,2103,JUROS DA DIVIDA COM OS INSTITUTOS DE PREVIDENCIA
2019|2104,2019,2104,JUROS SOBRE O PARCELAMENTO DA DIVIDA PREVIDENCIARIA
2019|2106,2019,2106,JUROS SOBRE O PARCELAMENTO DA DIVIDA COM O PASEP
2019|2107,2019,2107,JUROS SOBRE A DIVIDA COM O GARANTIDOR
2019|2201,2019,2201,OUTROS ENCARGOS SOBRE A DIVIDA INTERNA POR CONTRATOS
2019|2202,2019,2202,OUTROS ENCARGOS SOBRE A DIVIDA EXTERNA POR CONTRATOS
2019|2701,2019,2701,"ENCARGOS PELA HONRA DE AVAIS, GARANTIAS, SEGUROS E SIMILARES"
2019|3001,2019,3001,ARTIGOS PARA CONFECCAO E VESTUARIO
2019|3002,2019,3002,ARTIGOS PARA ESPORTE
2019|3003,2019,3003,"UTENSILIOS PARA COPA, REFEITORIO E COZINHA"
2019|3004,2019,3004,MATERIAL GRAFICO E IMPRESSOS
2019|3005,2019,3005,MATERIAL PARA ESCRITORIO
2019|3006,2019,3006,MATERIAL DE DESENHO
2019|3007,2019,3007,MATERIAL DE ENSINO
2019|3008,2019,3008,PRODUTOS ALIMENTICIOS
2019|3009,2019,3009,FORRAGENS E OUTROS ALIMENTOS PARA ANIMAIS
2019|3010,2019,3010,MATERIAL MEDICO E HOSPITALAR
2019|3011,2019,3011,MATERIAL ODONTOLOGICO
2019|3012,2019,3012,MEDICAMENTOS
2019|3013,2019,3013,MATERIAIS DE LABORATORIO E PRODUTOS QUIMICOS EM GERAL
2019|3014,2019,3014,MATERIAL RADIOLOGICO
2019|3015,2019,3015,"MATERIAL FOTOGRAFICO, CINEMATOGRAFICO E DE COMUNICACAO"
2019|3016,2019,3016,MATERIAL DE INFORMATICA
2019|3017,2019,3017,ARTIGOS PARA LIMPEZA E HIGIENE
2019|3018,2019,3018,MATERIA-PRIMA E PROD. P/ MANIPULACAO E INDUSTRIAS DE TRANSFORMACAO
2019|3019,2019,3019,MATERIAL P/ MANUT. E REPAROS DE IMOVEIS DE PROPRIEDADE DA ADM. PUBLICA
2019|3020,2019,3020,MATERIAL ELETRICO
2019|3021,2019,3021,MATERIAL P/ MANUT. E REPAROS DE BENS DE DOMINIO PUB. OU DE TERCEIROS
2019|3022,2019,3022,"FERRAMENTAS, FERRAGENS E UTENSILIOS"
2019|3023,2019,3023,MATERIAL PARA MANUTENCAO DE VEICULOS AUTOMOTORES
2019|3024,2019,3024,PECAS E ACESSORIOS P/ EQUIP.  E OUTROS MATERIAIS PERMANENTES
2019|3025,2019,3025,"MATERIAL DE SEGURANCA, APETRECHOS OPERACIONAIS E POLICIAIS"
2019|3026,2019,3026,COMBUSTIVEIS E LUBRIFICANTES PARA VEICULOS AUTOMOTORES
2019|3027,2019,3027,COMBUSTIVEIS E LUBRIFICANTES P/ EQUIP. E OUTROS MAT.  PERMANENTES
2019|3028,2019,3028,"ANIMAIS DESTINADOS A ESTUDOS, A PREPARACAO DE PRODUTOS E AO ABATE"
2019|3029,2019,3029,"SEMENTES, MUDAS DE PLANTAS E INSUMOS"
2019|3030,2019,3030,MATERIAIS PARA ACONDICIONAMENTO E EMBALAGEM
2019|3031,2019,3031,LIVROS TECNICOS
2019|3032,2019,3032,MATERIAL CIVICO E EDUCATIVO
2019|3033,2019,3033,COMBUSTIVEIS E LUBRIFICANTES PARA AERONAVES
2019|3034,2019,3034,PECAS E ACESSORIOS PARA AERONAVES
2019|3036,2019,3036,MATERIAL BIBLIOGRAFICO PARA BIBLIOTECAS PUBLICAS
2019|3037,2019,3037,MEDICAMENTOS - DECISÃO JUDICIAL
2019|3039,2019,3039,MATERIAL PARA CONFECCAO EM GERAL
2019|3040,2019,3040,"MATERIAL DE CAMA, MESA E BANHO"
2019|3099,2019,3099,OUTROS MATERIAIS
2019|3101,2019,3101,"PREMIOS, DIPLOMAS, CONDECORACOES E MEDALHAS"
2019|3102,2019,3102,PREMIOS LOTERICOS
2019|3103,2019,3103,COMISSOES LOTERICAS
2019|3104,2019,3104,PREMIACOES
2019|3201,2019,3201,MATERIAL DE DISTRIBUICAO GRATUITA
2019|3202,2019,3202,MATERIAL DE ASSISTENCIA HUMANITARIA
2019|3301,2019,3301,PASSAGENS - PESSOA FISICA
2019|3302,2019,3302,"DESPESAS COM TRANSPORTE URBANO, PEDAGIO E ESTACIONAMETO PESSOA FISICA"
2019|3303,2019,3303,FRETAMENTO E LOCACAO
2019|3304,2019,3304,PASSAGENS - PESSOA JURIDICA
2019|3305,2019,3305,"SERVICOS DE TRANSPORTES DE PASSAGEIROS, FRETAMENTO E LOCACAO PES JURID"
2019|3401,2019,3401,OUTRAS DESPESAS DE PESSOAL DECORRENTES DE CONT. DE TERCEIRIZACAO
2019|3402,2019,3402,AGENTES PENITENCIARIOS
2019|3501,2019,3501,SERVICOS DE CONSULTORIA - PESSOA FISICA
2019|3502,2019,3502,SERVICOS DE CONSULTORIA - PESSOA JURIDICA
2019|3601,2019,3601,ESTAGIARIOS
2019|3602,2019,3602,MEDICOS RESIDENTES
2019|3603,2019,3603,SALARIOS DE INTERNOS
2019|3604,2019,3604,DIARIAS A COLABORADORES EVENTUAIS
2019|3605,2019,3605,LOCACAO DE SERVICOS TECNICOS E ESPECIALIZADOS - PESSOA FISICA
2019|3607,2019,3607,CONFECCAO EM GERAL
2019|3608,2019,3608,MEDICOS
2019|3609,2019,3609,DENTISTAS
2019|3610,2019,3610,EVENTUAL DE GABINETE
2019|3611,2019,3611,LOCACAO DE BENS IMOVEIS
2019|3612,2019,3612,DESPESAS MIUDAS DE PRONTO PAGAMENTO
2019|3613,2019,3613,PESSOAL DE ENFERMAGEM
2019|3614,2019,3614,"MONITORES, FISCAIS E EXAMINADORES"
2019|3615,2019,3615,ENCARGOS FINANCEIROS
2019|3616,2019,3616,REPARO E MANUTENCAO DE VEICULOS
2019|3617,2019,3617,"REPAROS DE EQUIPAMENTOS, INSTALACOES E MATERIAL PERMANENTE"
2019|3618,2019,3618,REPAROS DE BENS IMOVEIS
2019|3619,2019,3619,CONFERENCIAS E EXPOSICOES
2019|3620,2019,3620,JETONS A CONSELHEIROS
2019|3622,2019,3622,TAXA DE CONDOMINIO
2019|3624,2019,3624,SERVICOS TECNICOS JUDICIAIS - HONORARIOS JUSTICA GRATUITA
2019|3625,2019,3625,CONTRATACAO PARA PRESTACAO DE SERVIÇO POR CREDENCIADOS
2019|3626,2019,3626,SERVICOS DE ABASTECIMENTO E DISTRIBUICAO DE AGUA
2019|3627,2019,3627,JUIZES LEIGOS
2019|3628,2019,3628,SERVICOS TECNICOS JUDICIAIS - HONORARIOS PERICIAIS
2019|3699,2019,3699,OUTRAS DESPESAS PAGAS A PESSOAS FISICAS
2019|3701,2019,3701,LOCACAO DE SERVICOS DE CONSERVACAO E LIMPEZA
2019|3702,2019,3702,LOCACAO DE SERVICOS DE APOIO ADMINISTRATIVO
2019|3703,2019,3703,LOCACAO DE SERVICOS DE CONSERVACAO E LIMPEZA REALIZADOS PELA MGS
2019|3704,2019,3704,LOCACAO DE SERVICOS DE APOIO ADMINISTRATIVO REALIZADOS PELA MGS
2019|3901,2019,3901,VALE-TRANSPORTE
2019|3902,2019,3902,VALE-REFEICAO
2019|3903,2019,3903,FORNECIMENTO DE ALIMENTACAO
2019|3904,2019,3904,CONFECCAO EM GERAL
2019|3906,2019,3906,TRANSPORTE E ACONDICIONAMENTO DE MATERIAIS
2019|3908,2019,3908,PUBLICACAO E DIVULGACAO
2019|3909,2019,3909,PUBLICIDADE
2019|3910,2019,3910,PREMIOS DE SEGUROS
2019|3911,2019,3911,"ASSINATURAS DE JORNAIS, REVISTAS E PERIODICOS"
2019|3912,2019,3912,TARIFA DE ENERGIA ELETRICA
2019|3913,2019,3913,TARIFA DE AGUA E ESGOTO
2019|3914,2019,3914,SERVICO DE TELEFONIA
2019|3915,2019,3915,SERVICO POSTAL-TELEGRAFICO
2019|3916,2019,3916,LOCACAO DE TV POR ASSINATURA
2019|3917,2019,3917,LOCACAO DE VEICULOS
2019|3918,2019,3918,REPAROS DE VEICULOS
2019|3919,2019,3919,LOCACAO DE MAQUINAS E EQUIPAMENTOS
2019|3920,2019,3920,LOCACAO DE BENS IMOVEIS
2019|3921,2019,3921,"REPAROS DE EQUIPAMENTOS, INSTALACOES E MATERIAL PERMANENTE"
2019|3922,2019,3922,REPAROS DE BENS IMOVEIS
2019|3923,2019,3923,"RECEPCOES, HOSPEDAGENS, HOMENAGENS E FESTIVIDADES"
2019|3924,2019,3924,"CURSOS, EXPOSICOES, CONGRESSOS E CONFERENCIAS"
2019|3925,2019,3925,ENCARGOS JUDICIAIS
2019|3926,2019,3926,ENCARGOS FINANCEIROS
2019|3928,2019,3928,SERVICOS DE SAUDE EXECUTADOS COM RECURSOS DO SUS
2019|3929,2019,3929,SERVICOS DE SAUDE PRESTADOS POR PESSOA JURIDICA
2019|3930,2019,3930,MULTAS DE TRANSITO
2019|3931,2019,3931,LOCACAO DE SERVICOS GRAFICOS
2019|3933,2019,3933,TAXA DE ADMINISTRACAO
2019|3934,2019,3934,SEGUROS DE AERONAVES
2019|3935,2019,3935,"REPARO, MANUTENCAO, E SERVICOS AEROPORTUARIOS PARA AERONAVES"
2019|3937,2019,3937,TAXA DE CONDOMINIO
2019|3938,2019,3938,SERVICOS DE IMPRESSAO E ENCADERNACAO
2019|3939,2019,3939,SERVICOS DE PUBLICACAO E DIVULGACAO
2019|3941,2019,3941,ANUIDADES
2019|3942,2019,3942,SERVICOS GRAFICOS DE SEGURANCA
2019|3943,2019,3943,SERVICO DE ADMINISTRACAO E GERENCIAMENTO DE FROTA DE VEICULOS
2019|3946,2019,3946,TERMO DE PARCERIA COM ORGANIZACAO DA SOCIEDADE CIVIL DE INTERESSE PUBL
2019|3947,2019,3947,TAXA DE ADMINISTRACAO DE CREDITO DE FINANCIAMENTOS HABITACIONAIS
2019|3948,2019,3948,"CURSOS DE FORMACAO, CAPACITACAO E POS-GRADUACAO PARA SERVIDORES"
2019|3949,2019,3949,CURSOS DE FORMACAO E CAPACITACAO PARA O CIDADAO
2019|3950,2019,3950,SERVICOS DE AGENCIAMENTO DE VIAGENS
2019|3951,2019,3951,"SERVICOS DE GERENCIAMENTO, SUPERVISAO E FISCALIZACAO DE OBRAS"
2019|3952,2019,3952,CONTRATACAO DE ESTAGIARIOS
2019|3953,2019,3953,CURSOS DE FORMACAO E CAPACITACAO PROMOVIDOS PELO ESTADO
2019|3955,2019,3955,EVENTOS DE COMUNICACAO INSTITUCIONAL
2019|3956,2019,3956,SERVICOS DE PESQUISAS
2019|3958,2019,3958,"CONTRATACAO DE PROJETOS EM PESQUISA DE CIENCIA, INOVACAO E TECNOLOGIA"
2019|3959,2019,3959,SERVICOS SANITARIOS E TRATAMENTO DE RESIDUOS
2019|3960,2019,3960,SERVICOS DE ATENDIMENTO AO CIDADAO
2019|3961,2019,3961,SERVICOS DE CONSERVACAO E LIMPEZA
2019|3962,2019,3962,SERVICOS DE VIGILANCIA OSTENSIVA
2019|3963,2019,3963,SERVICOS DE LEVANTAMENTO E CADASTRAMENTO PARA EXECUCAO DE POL PUBLICAS
2019|3964,2019,3964,SERVICOS DE MAPEAMENTO E GEORREFERENCIAMENTO
2019|3965,2019,3965,SERVICOS DE PRODUCAO E LOGISTICA DE MEDICAMENTOS
2019|3966,2019,3966,SERVICOS DE ABASTECIMENTO E DISTRIBUICAO DE AGUA
2019|3967,2019,3967,ADMINISTRACAO DE BENS E DIREITOS DO ESTADO POR TERCEIROS
2019|3968,2019,3968,SERVICO DE IMPRENSA
2019|3969,2019,3969,CONTRATOS DE ENERGIA ELETRICA
2019|3971,2019,3971,SERVICOS TECN DE IMPLANTACAO GESTAO E ADM DO SIST DE OBSERV ELETRONICA
2019|3972,2019,3972,CONTRATOS DE ABASTECIMENTO DE AGUA E COLETA E TRATAMENTO DE ESGOTO
2019|3973,2019,3973,SERVICO DE ENGENHARIA PARA OPERACAO DE BENS DE DOMINIO PUBLICO
2019|3974,2019,3974,SERVICO DE REALIZACAO DE CONCURSO PUBLICO E PROCESSO SIMPLIFICADO
2019|3975,2019,3975,"SERVICO DE GERENCIAMENTO, SUPERVISAO E FISCALIZACAO DE SERVICOS"
2019|3976,2019,3976,SERVICO DE REMOCAO E TRANSPORTE DE CADAVERES
2019|3977,2019,3977,PATROCINIO
2019|3978,2019,3978,SERVICO DE APOIO ADMINISTRATIVO
2019|3980,2019,3980,ADESAO AO PARCELAMENTO DECORRENTE DE LEI ESPECIFICA
2019|3981,2019,3981,SERVICO DE ELABORACAO DE ESTUDOS PREVIOS
2019|3982,2019,3982,SERVICOS TECNICOS JUDICIAIS - HONORARIOS JUSTICA GRATUITA
2019|3984,2019,3984,REMUNERACAO PAGA PELO PODER EXECUTIVO AO TJMG - DEPOSITOS JUDICIAIS
2019|3985,2019,3985,SERVICOS DE DESLOCAMENTO OU REMOCAO DE POSTES E REDE ELETRICA
2019|3986,2019,3986,DIREITOS AUTORAIS
2019|3987,2019,3987,SERVICOS DE GERENCIAMENTO E FORNECIMENTO DE COMBUSTIVEL
2019|3988,2019,3988,MULTA POR ATO INFRACIONAL
2019|3991,2019,3991,CONTRATAÇÃO PARA PRESTAÇÃO DE SERVIÇO POR CREDENCIADOS
2019|3992,2019,3992,CONTRATO DE GESTAO COM ORGANIZACAO SOCIAL - OS
2019|3993,2019,3993,APOIO A PROJETOS DE INCENTIVO E INOVAÇAO E A PESQUISA CIENTIFICA E TEC
2019|3996,2019,3996,TRANFERENCIA ONEROSA DA POSSE DE BENS IMOVEIS ESTADUAIS
2019|3999,2019,3999,OUTROS SERVICOS PESSOA JURIDICA
2019|4002,2019,4002,SERVICO DE TECNOLOGIA DA INFORMACAO
2019|4003,2019,4003,SERVICO DE INFORMATICA EXECUTADO PELA PRODEMGE
2019|4004,2019,4004,SERVICO DE TELECOMUNICACAO
2019|4005,2019,4005,REDE IP MULTISSERVICOS
2019|4006,2019,4006,AQUISIÇÃO DE SOFTWARE
2019|4101,2019,4101,CONTRIBUICOES
2019|4102,2019,4102,TRANSFERENCIAS AO FUNDHAB
2019|4103,2019,4103,CONTRIBUICOES AO IPLEMG
2019|4104,2019,4104,CONTRIBUICOES DO FUNDO ESTADUAL DE SAUDE - FES - LC 141/2012
2019|4105,2019,4105,TRANSFERENCIA AO PREVCOM
2019|4106,2019,4106,TRANSFERENCIA PARA FINANCIAMENTO DO TRANSPORTE ESCOLAR
2019|4107,2019,4107,TRANSFERENCIAS ENTRE FUNDOS
2019|4201,2019,4201,AUXILIOS
2019|4301,2019,4301,SUBVENCOES SOCIAIS
2019|4501,2019,4501,SUBVENCOES ECONOMICAS
2019|4601,2019,4601,AUXILIO-ALIMENTACAO - PECUNIA
2019|4602,2019,4602,AUXILIO ALIMENTACAO BILHETE OU CARTAO MAGNETICO
2019|4702,2019,4702,IMPOSTO DE RENDA - IR
2019|4703,2019,4703,IMPOSTO PREDIAL TERRITORIAL URBANO - IPTU
2019|4704,2019,4704,IMPOSTO SOBRE OPERACOES FINANCEIRAS - IOF
2019|4706,2019,4706,CONTRIBUICAO PARA A FORMACAO DO PASEP/PIS
2019|4707,2019,4707,TAXA DE LIMPEZA PUBLICA E COLETA DE RESIDUOS
2019|4708,2019,4708,TAXA DE ILUMINACAO PUBLICA
2019|4709,2019,4709,TAXAS AMBIENTAIS
2019|4710,2019,4710,PASEP - ADESAO AO PARCELAMENTO DECORRENTE DE LEI ESPECIFICA
2019|4799,2019,4799,OUTROS - OBRIGACOES TRIBUTARIAS E CONTRIBUTIVAS
2019|4801,2019,4801,OUTROS AUXILIOS FINANCEIROS A PESSOAS FISICAS
2019|4803,2019,4803,AUXILIO PARA PROFISSIONAIS DE PROGRAMAS DE CAPACITACAO E FORMACAO
2019|4901,2019,4901,AUXILIO-TRANSPORTE - PECUNIA
2019|4902,2019,4902,AUXILIO-TRANSPORTE - PODER LEGISLATIVO
2019|4903,2019,4903,DESPESA DE TRANSPORTE DEVIDA A SERVIDORES DOS PODERES DO ESTADO
2019|4904,2019,4904,AUXILIO TRANSPORTE BILHETE OU CARTAO MAGNETICO
2019|4905,2019,4905,AUXILIO TRANSPORTE PAGO A ESTAGIARIOS PECUNIA
2019|4906,2019,4906,AUXILIO TRANSPORTE PAGO A ESTAGIARIO BILHETE OU CARTAO MAGNETICO
2019|5101,2019,5101,ESTUDOS E PROJETOS DE BENS PATRIMONIAVEIS
2019|5103,2019,5103,EXECUCAO DE OBRAS POR CONTRATO DE BENS PATRIMONIAVEIS
2019|5106,2019,5106,ESTUDOS E PROJETOS DE BENS NAO PATRIMONIAVEIS
2019|5107,2019,5107,EXECUCAO DE OBRAS POR CONTRATO DE BENS NAO PATRIMONIAVEIS
2019|5110,2019,5110,MATERIAL PARA OBRAS - BENS PATRIMONIAVEIS
2019|5112,2019,5112,MATERIAL PARA OBRAS - BENS NAO PATRIMONIAVEIS
2019|5113,2019,5113,INSTALACAO PARA INCORPORACAO A BENS IMOVEIS
2019|5114,2019,5114,EXECUCAO DE OBRAS POR EMPRESAS CONTROLADAS
2019|5201,2019,5201,AERONAVES E COMPONENTES ESTRUTURAIS
2019|5203,2019,5203,ARMAMENTO E EQUIPAMENTO DE USO POLICIAL
2019|5204,2019,5204,"MAQUINAS, APARELHOS, UTENSILIOS E EQUIPAMENTOS DE USO INDUSTRIAL"
2019|5206,2019,5206,EQUIPAMENTOS DE COMUNICACAO E TELEFONIA
2019|5207,2019,5207,EQUIPAMENTOS DE INFORMATICA
2019|5208,2019,5208,"EQUIPAMENTOS DE SOM, VIDEO, FOTOGRAFICO E CINEMATOGRAFICO"
2019|5209,2019,5209,"EQUIPAMENTOS HOSPITALARES, ODONTOLOGICOS E DE LABORATORIO"
2019|5210,2019,5210,"FERRAMENTAS, EQUIP. E INSTRUMENTOS P/ OFICINA, MEDICAO E INSPECAO"
2019|5211,2019,5211,"INSTRUMENTOS DE LABORATORIO, MEDICOS E ODONTOLOGICOS"
2019|5212,2019,5212,"MAQUINAS, APARELHOS, UTENSILIOS E EQUIPAMENTOS  USO ADMINISTRATIVO"
2019|5213,2019,5213,MATERIAL ESPORTIVO E RECREATIVO
2019|5214,2019,5214,MOBILIARIO
2019|5215,2019,5215,OBJETOS DE ARTE E ANTIGUIDADES
2019|5216,2019,5216,"TRATORES, SIMILARES E IMPLEMENTOS"
2019|5217,2019,5217,VEICULOS
2019|5218,2019,5218,COLECAO E MATERIAIS BIBLIOGRAFICOS
2019|5219,2019,5219,INSTRUMENTOS MUSICAIS E ARTISTICOS
2019|5220,2019,5220,EQUIPAMENTOS DE SEGURANCA ELETRONICA
2019|5221,2019,5221,MATERIAL DIDATICO
2019|5222,2019,5222,ESTRUTURAS E COMPONENTES
2019|5224,2019,5224,"MAQUINAS, INSTALACOES E UTENSILIOS DE ESCRITORIO"
2019|5225,2019,5225,APARELHOS E UTENSILIOS DOMESTICOS
2019|5226,2019,5226,"EQUIPAMENTOS DE PROTECAO, SEGURANCA E SOCORRO"
2019|5299,2019,5299,OUTROS MATERIAIS PERMANENTES
2019|5902,2019,5902,PENSAO ESPECIAL - LEI N 552/49
2019|5903,2019,5903,PENSAO ESPECIFICA DOS INSTITUTOS DE PREVIDENCIA
2019|5904,2019,5904,PENSAO DECORRENTE DE SENTENCA JUDICIAL - SERVIDOR
2019|5905,2019,5905,PENSAO DECORRENTE DE SENTENCA JUDICIAL - TERCEIROS
2019|5907,2019,5907,PENSAO ESPECIAL PARA AGENTES POLITICOS SERVIDORES PUBLICOS E ESTATAIS
2019|5908,2019,5908,PENSOES DECORRENTES DA LEI N 21527 2014
2019|6101,2019,6101,TERRENOS
2019|6102,2019,6102,SALAS E ESCRITORIOS
2019|6106,2019,6106,IMOVEIS NECESSARIOS A REALIZACAO DE OBRAS DE BENS PATRIMONIAVEIS
2019|6107,2019,6107,IMOVEIS NECESSARIOS A REALIZACAO DE OBRAS DE BENS NAO-PATRIMONIAVEIS
2019|6501,2019,6501,CONSTITUICAO OU AUMENTO DE CAPITAL DE EMPRESAS-CAPITAL A INTEGRALIZAR
2019|6502,2019,6502,CONSTITUICAO OU AUMENTO DE CAPITAL DE EMPRESAS-CAPITAL INTEGRALIZADO
2019|6603,2019,6603,CONCESSAO DE FINANCIAMENTOS HABITACIONAIS
2019|7101,2019,7101,PRINCIPAL DA DIVIDA INTERNA POR CONTRATOS
2019|7102,2019,7102,PRINCIPAL DA DIVIDA EXTERNA POR CONTRATOS
2019|7104,2019,7104,PRINCIPAL DO PARCELAMENTO DA DIVIDA PREVIDENCIARIA - INSS
2019|7107,2019,7107,PRINCIPAL DO PARCELAMENTO DA DIVIDA REFERENTE AO PASEP
2019|8102,2019,8102,COTA PARTE DO IPVA
2019|8103,2019,8103,COTA PARTE DO ICMS
2019|8104,2019,8104,COTA PARTE DO IPI
2019|8105,2019,8105,COTA PARTE DA CIDE
2019|8301,2019,8301,PARCELAS DAS CONTRAPRESTACOES REFERENTES A REMUNERACAO DO PARCEIRO
2019|8303,2019,8303,OUTRAS DESPESAS DECORRENTES DE CONTRATO DE PARCERIA PUBLICO-PRIVADA
2019|9102,2019,9102,PRECATORIOS - PESSOAL
2019|9103,2019,9103,OUTRAS SENTENCAS JUDICIAIS
2019|9107,2019,9107,PRECATORIOS - OUTROS
2019|9108,2019,9108,OUTRAS DECISOES JUDICIAIS - DEPOSITO EM CONTA CORRENTE OU A DISPOSICAO
2019|9201,2019,9201,DESPESAS DE EXERCICIOS ANTERIORES - PESSOAL
2019|9202,2019,9202,DESPESAS DE EXERCICIOS ANTERIORES - OUTRAS DESPESAS
2019|9203,2019,9203,DESPESA DE EXERCICIOS ANTERIORES - OBRIGACOES PATRONAIS
2019|9301,2019,9301,AJUDA DE CUSTO
2019|9302,2019,9302,AJUDA DE CUSTO ESPECIAL
2019|9305,2019,9305,DESPESAS DECORRENTES DE CONTRATOS DE CONCESSAO OU PERMISSAO
2019|9306,2019,9306,"REST DE REC DE CONVENIOS, DE CONTRAPARTIDAS E INSTRUMENTOS CONGENERES"
2019|9307,2019,9307,RESSARCIMENTO REFERENTE A PESSOAL REQUISITADO DA ADMINITRACAO ESTADUAL
2019|9308,2019,9308,DESPESAS DE CARATER INDENIZATORIO RELATIVAS AO MANDATO PARLAMENTAR
2019|9309,2019,9309,PREMIO DE PRODUTIVIDADE
2019|9310,2019,9310,RESTITUICAO DE RECEITA - EXERCICIO ANTERIOR
2019|9311,2019,9311,COMPENSACAO FINANCEIRA DOS REGIMES DE PREVIDENCIA
2019|9312,2019,9312,INDENIZACAO POR UTILIZACAO DE BENS DE TERCEIROS
2019|9313,2019,9313,REEMBOLSO DE DESPESAS MEDICO-HOSPITALARES
2019|9314,2019,9314,INDENIZACOES DETERMINADAS POR DECISOES JUDICIAIS
2019|9316,2019,9316,INDENIZACOES DETERMINADAS POR LEI ESPECIFICA
2019|9317,2019,9317,INDENIZACAO EXERCICIO DO CARGO DE CONSEL PRES E PROCURADOR JUNTO AO TC
2019|9318,2019,9318,AUXILIO MORADIA DE CARATER INDENIZATORIO RELATIVO AO MANDATO PARLAMENT
2019|9319,2019,9319,IND.DECORRENTES DA UTILZ. DE LEITOS DE INSTITUICOES DE SAUDE PRIVADAS
2019|9323,2019,9323,INDENIZACAO DECORRENTE DE AUXILIO SAUDE
2019|9324,2019,9324,AUXILIO MORADIA DE CARATER INDENIZATORIO
2019|9325,2019,9325,AUXILIO MORADIA DE CARATER INDENIZATORIO DEVIDO PELO TCE
2019|9326,2019,9326,"RESTITUICAO REFERENTE A TAXA DE INSCRICAO, MATERIAL E SIMILARES"
2019|9327,2019,9327,INDENIZACAO DE TRANSPORTE DEVIDA AO OFICIAL DE JUSTICA
2019|9329,2019,9329,RESSARCIMENTO SOBRE A REMUNERACAO DOS PRESOS EM TRABALHO
2019|9330,2019,9330,REEMBOLSO DESPESA CONTRATO CONVENIO REGIME DE PARCERIA PODER EXECUTIVO
2019|9399,2019,9399,OUTRAS INDENIZACOES E RESTITUICOES
2019|9401,2019,9401,INDENIZACOES E RESTITUICOES TRABALHISTAS
2019|9601,2019,9601,RESSARCIMENTO DE DESPESAS DE PESSOAL REQUISITADO
2019|9701,2019,9701,APORTE PARA COBERTURA DO DEFICIT ATUARIAL DO RPPS
2020|0,2020,0,SEM INFORMACAO
2020|1,2020,1,"APOSENTADORIAS DO RPPS, RESERVA REMUNERADA E REFORMAS DOS MILITARES"
2020|3,2020,3,PENSOES DO RPPS E DO MILITAR
2020|4,2020,4,CONTRATACAO POR TEMPO DETERMINADO
2020|5,2020,5,OUTROS BENEFICIOS PREVIDENCIARIOS DO SERVIDOR OU DO MILITAR
2020|7,2020,7,CONTRIBUICAO A ENTIDADES FECHADAS DE PREVIDENCIA
2020|8,2020,8,OUTROS BENEFICIOS ASSISTENCIAIS DO SERVIDOR E DO MILITAR
2020|11,2020,11,VENCIMENTOS E VANTAGENS FIXAS-PESSOAL CIVIL
2020|12,2020,12,VENCIMENTOS E VANTAGENS FIXAS - PESSOAL  MILITAR
2020|13,2020,13,OBRIGACOES PATRONAIS
2020|14,2020,14,DIARIAS - CIVIL
2020|15,2020,15,DIARIAS - MILITAR
2020|16,2020,16,OUTRAS DESPESAS VARIAVEIS - PESSOAL CIVIL
2020|17,2020,17,OUTRAS DESPESAS VARIAVEIS - PESSOAL MILITAR
2020|18,2020,18,AUXILIO FINANCEIRO A ESTUDANTES
2020|20,2020,20,AUXILIO FINANCEIRO A PESQUISADORES
2020|21,2020,21,JUROS SOBRE A DIVIDA POR CONTRATO
2020|22,2020,22,OUTROS ENCARGOS SOBRE A DIVIDA POR CONTRATO
2020|30,2020,30,MATERIAL DE CONSUMO
2020|31,2020,31,"PREMIACOES CULTURAIS, ARTISTICAS, CIENTIFICAS, DESPORTIVAS E OUTRAS."
2020|32,2020,32,"MATERIAL, BEM OU SERVICO PARA DISTRIBUICAO GRATUITA"
2020|33,2020,33,PASSAGENS E DESPESAS COM LOCOMOCAO
2020|34,2020,34,OUTRAS DESPESAS DE PESSOAL DECORRENTES DE CONTRATOS DE TERCEIRIZACAO
2020|35,2020,35,SERVICOS DE CONSULTORIA
2020|36,2020,36,OUTROS SERVICOS DE TERCEIROS - PESSOA FISICA
2020|37,2020,37,LOCACAO DE MAO-DE-OBRA
2020|39,2020,39,OUTROS SERVICOS DE TERCEIROS - PESSOA JURIDICA
2020|40,2020,40,SERVICOS DE TECNOLOGIA DA INFORMACAO E COMUNICACAO -  PESSOA JURIDICA
2020|41,2020,41,CONTRIBUICOES
2020|42,2020,42,AUXILIOS
2020|43,2020,43,SUBVENCOES SOCIAIS
2020|45,2020,45,SUBVENCOES ECONOMICAS
2020|46,2020,46,AUXILIO-ALIMENTACAO
2020|47,2020,47,OBRIGACOES TRIBUTARIAS E CONTRIBUTIVAS
2020|48,2020,48,OUTROS AUXILIOS FINANCEIROS A PESSOAS FISICAS
2020|49,2020,49,AUXILIO-TRANSPORTE
2020|51,2020,51,OBRAS E INSTALACOES
2020|52,2020,52,EQUIPAMENTOS E MATERIAL PERMANENTE
2020|59,2020,59,PENSOES ESPECIAIS
2020|61,2020,61,AQUISICAO DE IMOVEIS
2020|65,2020,65,CONSTITUICAO OU AUMENTO DE CAPITAL DE EMPRESAS
2020|66,2020,66,CONCESSAO DE EMPRESTIMOS E FINANCIAMENTOS
2020|71,2020,71,PRINCIPAL DA DIVIDA CONTRATUAL RESGATADO
2020|81,2020,81,DISTRIBUICAO CONSTITUCIONAL OU LEGAL DE RECEITAS
2020|83,2020,83,"DESPESAS DECORRENTES DE CONTRATO DE PARCERIA PUBLICO-PRIVADA - PPP, EXCETO SUBV"
2020|91,2020,91,SENTENCAS JUDICIAIS
2020|92,2020,92,DESPESAS DE EXERCICIOS ANTERIORES
2020|93,2020,93,INDENIZACOES E RESTITUICOES
2020|94,2020,94,INDENIZACOES E RESTITUICOES TRABALHISTAS
2020|97,2020,97,APORTE PARA COBERTURA DO DEFICIT ATUARIAL DO RPPS
2020|99,2020,99,A CLASSIFICAR
2020|101,2020,101,PROVENTOS DE APOSENTADOS
2020|103,2020,103,PROVENTOS DE MILITARES INATIVOS
2020|105,2020,105,APOSENTADORIA IPSEMG - LEI N. 1.195 DE 23/12/1954
2020|108,2020,108,SUBSIDIO APOSENTADOS DA EDUCACAO
2020|307,2020,307,PENSOES CIVIS DO RPPS
2020|308,2020,308,PENSOES DO MILITAR
2020|401,2020,401,CONTRATACAO POR TEMPO DETERMINADO
2020|403,2020,403,OBRIGACAO PATRONAL - CONTRATOS POR TEMPO DETERMINADO - INSS
2020|404,2020,404,OBRIGACAO PATRONAL - CONTRATO POR TEMPO DETERMINADO - ASSIST. A SAUDE
2020|501,2020,501,AUXILIO-RECLUSAO
2020|505,2020,505,PECULIO E SEGURO COLETIVO
2020|509,2020,509,SALARIO-FAMILIA
2020|599,2020,599,AUXILIOS DIVERSOS
2020|701,2020,701,CONTRIBUICAO A ENTIDADES FECHADAS DE PREVIDENCIA
2020|802,2020,802,AUXILIO-FUNERAL
2020|803,2020,803,AUXILIO-CRECHE OU ASSISTENCIA PRE-ESCOLAR
2020|804,2020,804,INDENIZACAO SECURITARIA
2020|805,2020,805,AUXILIO-NATALIDADE
2020|807,2020,807,AUXILIO INVALIDEZ
2020|809,2020,809,AUXILIO RECLUSAO
2020|810,2020,810,SALARIO FAMILIA
2020|811,2020,811,PECULIO E SEGURO COLETIVO
2020|899,2020,899,AUXILIOS DIVERSOS
2020|1101,2020,1101,VENCIMENTOS
2020|1102,2020,1102,DESIGNADOS DO MAGISTERIO
2020|1103,2020,1103,ADICIONAL POR TEMPO DE SERVICO
2020|1106,2020,1106,GRATIFICACAO DE COORDENADOR DE ESCOLA
2020|1107,2020,1107,GRATIFICACAO DE INCENTIVO A DOCENCIA
2020|1108,2020,1108,VERBA DE REPRESENTACAO
2020|1109,2020,1109,GRATIFICACAO DE RISCO DE CONTAGIO E RAIO X
2020|1112,2020,1112,GRATIFICACAO DE ESTIMULO A PRODUCAO INDIVIDUAL - GEPI
2020|1113,2020,1113,GRATIFICACAO DE EXERCICIO DO PODER JUDICIARIO
2020|1117,2020,1117,GRATIFICACAO DE CARGO EM COMISSAO
2020|1118,2020,1118,GRATIFICACAO POR PLANTAO
2020|1119,2020,1119,VANTAGEM PESSOAL
2020|1121,2020,1121,ABONO DE FERIAS
2020|1122,2020,1122,GRATIFICACAO DE NATAL
2020|1123,2020,1123,"GRATIFICACAO DE RISCO DE VIDA, SAUDE E CONTAGIO"
2020|1127,2020,1127,GRATIFICACAO DE INCENTIVO AO MERITO FUNCIONAL
2020|1128,2020,1128,GRATIFICACAO DE FUNCAO DE AGENTES DE SEGURANCA
2020|1129,2020,1129,GRATIFICACAO DE ASSESSORAMENTO
2020|1130,2020,1130,GRATIFICACAO ESPECIAL-GABINETE MILITAR
2020|1133,2020,1133,GRATIFICACAO DE INCENTIVO A EFICIENTIZACAO DOS SERVICOS - GIEFS
2020|1134,2020,1134,HONORARIOS
2020|1135,2020,1135,GRATIFICACAO DE DEDICACAO EXCLUSIVA
2020|1137,2020,1137,PARCELA REMUNERATORIA COMPLEMENTAR-PRC
2020|1139,2020,1139,ADICIONAL DE LOCAL DE TRABALHO
2020|1140,2020,1140,GRATIFICACAO DE FUNCAO
2020|1141,2020,1141,GRATIFICACAO POR CURSO
2020|1143,2020,1143,GRATIFICACAO DE ORGAO DE DELIBERACAO COLETIVA
2020|1144,2020,1144,ABONO DE PERMANENCIA
2020|1145,2020,1145,VANTAGEM TEMPORARIA INCORPORAVEL
2020|1146,2020,1146,GRATIFICACAO DE DESEMPENHO DE PRODUTIVIDADE INDIVIDUAL E INSTITUCIONAL
2020|1147,2020,1147,GRATIFICACAO DE ESCOLARIDADE DESEMPENHO E PROD INDIVID E INSTITUCIONAL
2020|1148,2020,1148,ADICIONAL DE DESEMPENHO - PESSOAL CIVIL
2020|1149,2020,1149,GRATIFICACAO COMPLEMENTAR DE PRODUTIVIDADE
2020|1150,2020,1150,SUBSIDIO - SERVIDORES DA EDUCACAO EFETIVOS
2020|1151,2020,1151,SUBSIDIO - SERVIDORES DA EDUCACAO DESIGNADOS
2020|1152,2020,1152,SUBSIDIO - SERVIDORES DA EDUCACAO DE EXTENSAO CARGA HORARIA
2020|1154,2020,1154,GRATIFICACAO DE SERVICOS DE SEGURIDADE SOCIAL
2020|1155,2020,1155,GRATIFICACAO DE FUNCAO DE PESQUISA E ENSINO - GFPE / LEI 20.591/2012
2020|1157,2020,1157,GRATIFICACAO INCENTIVO PRODUTIVIDADE PROFISSIONAIS DE ENGENHARIA E ARQ
2020|1158,2020,1158,ABONO SALARIAL DO PODER JUDICIARIO
2020|1159,2020,1159,FUNCOES DE CONFIANCA
2020|1160,2020,1160,GRATIFICACAO PELO CUMPRIMENTO DE METAS EXTRAORDINARIAS
2020|1161,2020,1161,GRATIFICACAO DE SERVICOS DE ASSESSORAMENTO JURIDICO
2020|1199,2020,1199,OUTROS
2020|1201,2020,1201,REMUNERACAO BASICA
2020|1202,2020,1202,ADICIONAL POR TEMPO DE SERVICO
2020|1203,2020,1203,GRATIFICACOES ESPECIAIS
2020|1204,2020,1204,FERIAS-PREMIO
2020|1205,2020,1205,ABONO DE FERIAS
2020|1206,2020,1206,SUBSTITUICAO TEMPORARIA
2020|1207,2020,1207,GRATIFICACAO DE NATAL
2020|1208,2020,1208,ADICIONAL DE DESEMPENHO - PESSOAL MILITAR
2020|1209,2020,1209,ABONO PERMANENCIA
2020|1210,2020,1210,GRATIFICACAO MENSAL PRO LABORE
2020|1299,2020,1299,OUTRAS
2020|1304,2020,1304,INSS - FOLHA
2020|1305,2020,1305,OBRIGACAO PATRONAL - PESSOAL ATIVO
2020|1306,2020,1306,OBRIGACAO PATRONAL - PESSOAL INATIVO
2020|1307,2020,1307,OBRIGACAO PATRONAL - CONTRATOS DE TERCEIRIZACAO
2020|1308,2020,1308,OBRIGACAO PATRONAL - PENSIONISTAS
2020|1309,2020,1309,OBRIGACAO PATRONAL - PRECATORIOS
2020|1310,2020,1310,OBRIGACAO PATRONAL - OUTRAS SENTENCAS JUDICIAIS
2020|1313,2020,1313,OBRIGACAO PATRONAL - MEDICOS RESIDENTES
2020|1314,2020,1314,OBRIGACAO PATRONAL - ENCARGOS POR PAGAMENTO EM ATRASO
2020|1317,2020,1317,INSS - DEMAIS DESPESAS
2020|1318,2020,1318,OBRIGACAO PATRONAL PESSOAL INATIVO - ENTIDADES CONVENIADAS
2020|1319,2020,1319,OBRIGACAO PATRONAL - PESSOAL MILITAR INATIVO - LC 125/2012
2020|1320,2020,1320,OBRIGACAO PATRONAL - PESSOAL MILITAR ATIVO - LC 125/2012
2020|1321,2020,1321,OBRIGACAO PATRONAL - PESSOAL ATIVO - DESPESAS COM ASSISTENCIA A SAUDE
2020|1322,2020,1322,OBRIGACAO PATRONAL - PESSOAL INATIVO - DESPESAS COM ASSITENCIA A SAUDE
2020|1323,2020,1323,OBRIGACAO PATRONAL CONTRATOS TERCEIRIZACAO DESPESAS ASSITENCIA SAUDE
2020|1325,2020,1325,OBRIGACAO PATRONAL - ADESAO AO PARCELAMENTO DECORRENTE DE LEI ESP.
2020|1401,2020,1401,DIARIAS - CIVIL
2020|1501,2020,1501,DIARIAS - MILITAR
2020|1601,2020,1601,SERVICO EXTRAORDINARIO
2020|1602,2020,1602,SUBSTITUICAO EM CARGOS EM COMISSAO
2020|1603,2020,1603,AULAS FACULTATIVAS
2020|1604,2020,1604,GRATIFICACAO POR ENCARGOS EXTRAORDINARIOS
2020|1605,2020,1605,FERIAS-PREMIO
2020|1606,2020,1606,JORNADA COMPLEMENTAR DE TRABALHO
2020|1701,2020,1701,OUTRAS DESPESAS VARIAVEIS - PESSOAL MILITAR
2020|1801,2020,1801,AUXILIO FINANCEIRO A ESTUDANTES
2020|1901,2020,1901,AUXILIO-FARDAMENTO PAGO A SERVIDOR OU MILITAR
2020|1903,2020,1903,AUXILIO-FARDAMENTO PAGO A PESSOAL CONTRATADO
2020|2001,2020,2001,AUXILIO FINANCEIRO A PESQUISADORES
2020|2101,2020,2101,JUROS SOBRE A DIVIDA INTERNA POR CONTRATOS
2020|2102,2020,2102,JUROS SOBRE A DIVIDA EXTERNA POR CONTRATOS
2020|2103,2020,2103,JUROS DA DIVIDA COM OS INSTITUTOS DE PREVIDENCIA
2020|2104,2020,2104,JUROS SOBRE O PARCELAMENTO DA DIVIDA PREVIDENCIARIA
2020|2106,2020,2106,JUROS SOBRE O PARCELAMENTO DA DIVIDA COM O PASEP
2020|2107,2020,2107,JUROS SOBRE A DIVIDA COM O GARANTIDOR
2020|2201,2020,2201,OUTROS ENCARGOS SOBRE A DIVIDA INTERNA POR CONTRATOS
2020|3001,2020,3001,ARTIGOS PARA CONFECCAO E VESTUARIO
2020|3002,2020,3002,ARTIGOS PARA ESPORTE
2020|3003,2020,3003,"UTENSILIOS PARA COPA, REFEITORIO E COZINHA"
2020|3004,2020,3004,MATERIAL GRAFICO E IMPRESSOS
2020|3005,2020,3005,MATERIAL PARA ESCRITORIO
2020|3006,2020,3006,MATERIAL DE DESENHO
2020|3007,2020,3007,MATERIAL DE ENSINO
2020|3008,2020,3008,PRODUTOS ALIMENTICIOS
2020|3009,2020,3009,FORRAGENS E OUTROS ALIMENTOS PARA ANIMAIS
2020|3010,2020,3010,MATERIAL MEDICO E HOSPITALAR
2020|3011,2020,3011,MATERIAL ODONTOLOGICO
2020|3012,2020,3012,MEDICAMENTOS
2020|3013,2020,3013,MATERIAIS DE LABORATORIO E PRODUTOS QUIMICOS EM GERAL
2020|3014,2020,3014,MATERIAL RADIOLOGICO
2020|3015,2020,3015,"MATERIAL FOTOGRAFICO, CINEMATOGRAFICO E DE COMUNICACAO"
2020|3016,2020,3016,MATERIAL DE INFORMATICA
2020|3017,2020,3017,ARTIGOS PARA LIMPEZA E HIGIENE
2020|3018,2020,3018,MATERIA-PRIMA E PROD. P/ MANIPULACAO E INDUSTRIAS DE TRANSFORMACAO
2020|3019,2020,3019,MATERIAL P/ MANUT. E REPAROS DE IMOVEIS DE PROPRIEDADE DA ADM. PUBLICA
2020|3020,2020,3020,MATERIAL ELETRICO
2020|3021,2020,3021,MATERIAL P/ MANUT. E REPAROS DE BENS DE DOMINIO PUB. OU DE TERCEIROS
2020|3022,2020,3022,"FERRAMENTAS, FERRAGENS E UTENSILIOS"
2020|3023,2020,3023,MATERIAL PARA MANUTENCAO DE VEICULOS AUTOMOTORES
2020|3024,2020,3024,PECAS E ACESSORIOS P/ EQUIP.  E OUTROS MATERIAIS PERMANENTES
2020|3025,2020,3025,"MATERIAL DE SEGURANCA, APETRECHOS OPERACIONAIS E POLICIAIS"
2020|3026,2020,3026,COMBUSTIVEIS E LUBRIFICANTES PARA VEICULOS AUTOMOTORES
2020|3027,2020,3027,COMBUSTIVEIS E LUBRIFICANTES P/ EQUIP. E OUTROS MAT.  PERMANENTES
2020|3029,2020,3029,"SEMENTES, MUDAS DE PLANTAS E INSUMOS"
2020|3030,2020,3030,MATERIAIS PARA ACONDICIONAMENTO E EMBALAGEM
2020|3031,2020,3031,LIVROS TECNICOS
2020|3032,2020,3032,MATERIAL CIVICO E EDUCATIVO
2020|3033,2020,3033,COMBUSTIVEIS E LUBRIFICANTES PARA AERONAVES
2020|3034,2020,3034,PECAS E ACESSORIOS PARA AERONAVES
2020|3036,2020,3036,MATERIAL BIBLIOGRAFICO PARA BIBLIOTECAS PUBLICAS
2020|3037,2020,3037,MEDICAMENTOS - DECISÃO JUDICIAL
2020|3039,2020,3039,MATERIAL PARA CONFECCAO EM GERAL
2020|3040,2020,3040,"MATERIAL DE CAMA, MESA E BANHO"
2020|3099,2020,3099,OUTROS MATERIAIS
2020|3101,2020,3101,"PREMIOS, DIPLOMAS, CONDECORACOES E MEDALHAS"
2020|3102,2020,3102,PREMIOS LOTERICOS
2020|3103,2020,3103,COMISSOES LOTERICAS
2020|3104,2020,3104,PREMIACOES
2020|3201,2020,3201,MATERIAL DE DISTRIBUICAO GRATUITA
2020|3202,2020,3202,MATERIAL DE ASSISTENCIA HUMANITARIA
2020|3301,2020,3301,PASSAGENS - PESSOA FISICA
2020|3302,2020,3302,"DESPESAS COM TRANSPORTE URBANO, PEDAGIO E ESTACIONAMETO PESSOA FISICA"
2020|3303,2020,3303,FRETAMENTO E LOCACAO
2020|3304,2020,3304,PASSAGENS - PESSOA JURIDICA
2020|3305,2020,3305,"SERVICOS DE TRANSPORTES DE PASSAGEIROS, FRETAMENTO E LOCACAO PES JURID"
2020|3401,2020,3401,OUTRAS DESPESAS DE PESSOAL DECORRENTES DE CONT. DE TERCEIRIZACAO
2020|3402,2020,3402,AGENTES PENITENCIARIOS
2020|3403,2020,3403,OBRIGACAO PATRONAL INSS
2020|3404,2020,3404,OBRIGACAO PATRONAL ASSISTENCIA A SAUDE
2020|3405,2020,3405,SALARIO - FAMILIA
2020|3501,2020,3501,SERVICOS DE CONSULTORIA - PESSOA FISICA
2020|3502,2020,3502,SERVICOS DE CONSULTORIA - PESSOA JURIDICA
2020|3503,2020,3503,SERVICOS DE CONSULTORIA-ORGANISMO INTERNACIONAL
2020|3601,2020,3601,ESTAGIARIOS
2020|3602,2020,3602,MEDICOS RESIDENTES
2020|3604,2020,3604,DIARIAS A COLABORADORES EVENTUAIS
2020|3605,2020,3605,LOCACAO DE SERVICOS TECNICOS E ESPECIALIZADOS - PESSOA FISICA
2020|3608,2020,3608,MEDICOS
2020|3609,2020,3609,DENTISTAS
2020|3610,2020,3610,EVENTUAL DE GABINETE
2020|3611,2020,3611,LOCACAO DE BENS IMOVEIS
2020|3612,2020,3612,DESPESAS MIUDAS DE PRONTO PAGAMENTO
2020|3613,2020,3613,PESSOAL DE ENFERMAGEM
2020|3614,2020,3614,"MONITORES, FISCAIS E EXAMINADORES"
2020|3615,2020,3615,ENCARGOS FINANCEIROS
2020|3616,2020,3616,REPARO E MANUTENCAO DE VEICULOS
2020|3617,2020,3617,"REPAROS DE EQUIPAMENTOS, INSTALACOES E MATERIAL PERMANENTE"
2020|3618,2020,3618,REPAROS DE BENS IMOVEIS
2020|3619,2020,3619,CONFERENCIAS E EXPOSICOES
2020|3620,2020,3620,JETONS A CONSELHEIROS
2020|3622,2020,3622,TAXA DE CONDOMINIO
2020|3623,2020,3623,GRATIFICACAO POR ENCARGO DE CURSO OU CONCURSO
2020|3624,2020,3624,SERVICOS TECNICOS JUDICIAIS - HONORARIOS JUSTICA GRATUITA
2020|3625,2020,3625,CONTRATACAO PARA PRESTACAO DE SERVIÇO POR CREDENCIADOS
2020|3626,2020,3626,SERVICOS DE ABASTECIMENTO E DISTRIBUICAO DE AGUA
2020|3627,2020,3627,JUIZES LEIGOS
2020|3628,2020,3628,SERVICOS TECNICOS JUDICIAIS - HONORARIOS PERICIAIS
2020|3699,2020,3699,OUTRAS DESPESAS PAGAS A PESSOAS FISICAS
2020|3701,2020,3701,LOCACAO DE SERVICOS DE CONSERVACAO E LIMPEZA
2020|3702,2020,3702,LOCACAO DE SERVICOS DE APOIO ADMINISTRATIVO
2020|3703,2020,3703,LOCACAO DE SERVICOS DE CONSERVACAO E LIMPEZA REALIZADOS PELA MGS
2020|3704,2020,3704,LOCACAO DE SERVICOS DE APOIO ADMINISTRATIVO REALIZADOS PELA MGS
2020|3707,2020,3707,DESPESAS COM O PAGAMENTO DE OBRIGACOES TRABALHISTAS
2020|3901,2020,3901,VALE-TRANSPORTE
2020|3903,2020,3903,FORNECIMENTO DE ALIMENTACAO
2020|3904,2020,3904,CONFECCAO EM GERAL
2020|3906,2020,3906,TRANSPORTE E ACONDICIONAMENTO DE MATERIAIS
2020|3908,2020,3908,PUBLICACAO E DIVULGACAO
2020|3909,2020,3909,PUBLICIDADE
2020|3910,2020,3910,PREMIOS DE SEGUROS
2020|3911,2020,3911,"ASSINATURAS DE JORNAIS, REVISTAS E PERIODICOS"
2020|3912,2020,3912,TARIFA DE ENERGIA ELETRICA
2020|3913,2020,3913,TARIFA DE AGUA E ESGOTO
2020|3914,2020,3914,SERVICO DE TELEFONIA
2020|3915,2020,3915,SERVICO POSTAL-TELEGRAFICO
2020|3916,2020,3916,LOCACAO DE TV POR ASSINATURA
2020|3917,2020,3917,LOCACAO DE VEICULOS
2020|3918,2020,3918,REPAROS DE VEICULOS
2020|3919,2020,3919,LOCACAO DE MAQUINAS E EQUIPAMENTOS
2020|3920,2020,3920,LOCACAO DE BENS IMOVEIS
2020|3921,2020,3921,"REPAROS DE EQUIPAMENTOS, INSTALACOES E MATERIAL PERMANENTE"
2020|3922,2020,3922,REPAROS DE BENS IMOVEIS
2020|3923,2020,3923,"RECEPCOES, HOSPEDAGENS, HOMENAGENS E FESTIVIDADES"
2020|3924,2020,3924,"CURSOS, EXPOSICOES, CONGRESSOS E CONFERENCIAS"
2020|3925,2020,3925,ENCARGOS JUDICIAIS
2020|3926,2020,3926,ENCARGOS FINANCEIROS
2020|3928,2020,3928,SERVICOS DE SAUDE EXECUTADOS COM RECURSOS DO SUS
2020|3929,2020,3929,SERVICOS DE SAUDE PRESTADOS POR PESSOA JURIDICA
2020|3930,2020,3930,MULTAS DE TRANSITO
2020|3931,2020,3931,LOCACAO DE SERVICOS GRAFICOS
2020|3933,2020,3933,TAXA DE ADMINISTRACAO
2020|3934,2020,3934,SEGUROS DE AERONAVES
2020|3935,2020,3935,"REPARO, MANUTENCAO, E SERVICOS AEROPORTUARIOS PARA AERONAVES"
2020|3937,2020,3937,TAXA DE CONDOMINIO
2020|3938,2020,3938,SERVICOS DE IMPRESSAO E ENCADERNACAO
2020|3939,2020,3939,SERVICOS DE PUBLICACAO E DIVULGACAO
2020|3941,2020,3941,ANUIDADES
2020|3942,2020,3942,SERVICOS GRAFICOS DE SEGURANCA
2020|3943,2020,3943,SERVICO DE ADMINISTRACAO E GERENCIAMENTO DE FROTA DE VEICULOS
2020|3946,2020,3946,TERMO DE PARCERIA COM ORGANIZACAO DA SOCIEDADE CIVIL DE INTERESSE PUBL
2020|3947,2020,3947,TAXA DE ADMINISTRACAO DE CREDITO DE FINANCIAMENTOS HABITACIONAIS
2020|3948,2020,3948,"CURSOS DE FORMACAO, CAPACITACAO E POS-GRADUACAO PARA SERVIDORES"
2020|3949,2020,3949,CURSOS DE FORMACAO E CAPACITACAO PARA O CIDADAO
2020|3950,2020,3950,SERVICOS DE AGENCIAMENTO DE VIAGENS
2020|3951,2020,3951,"SERVICOS DE GERENCIAMENTO, SUPERVISAO E FISCALIZACAO DE OBRAS"
2020|3952,2020,3952,CONTRATACAO DE ESTAGIARIOS
2020|3953,2020,3953,CURSOS DE FORMACAO E CAPACITACAO PROMOVIDOS PELO ESTADO
2020|3955,2020,3955,EVENTOS DE COMUNICACAO INSTITUCIONAL
2020|3956,2020,3956,SERVICOS DE PESQUISAS
2020|3958,2020,3958,"CONTRATACAO DE PROJETOS EM PESQUISA DE CIENCIA, INOVACAO E TECNOLOGIA"
2020|3959,2020,3959,SERVICOS SANITARIOS E TRATAMENTO DE RESIDUOS
2020|3960,2020,3960,SERVICOS DE ATENDIMENTO AO CIDADAO
2020|3961,2020,3961,SERVICOS DE CONSERVACAO E LIMPEZA
2020|3962,2020,3962,SERVICOS DE VIGILANCIA OSTENSIVA
2020|3963,2020,3963,SERVICOS DE LEVANTAMENTO E CADASTRAMENTO PARA EXECUCAO DE POL PUBLICAS
2020|3964,2020,3964,SERVICOS DE MAPEAMENTO E GEORREFERENCIAMENTO
2020|3965,2020,3965,SERVICOS DE PRODUCAO E LOGISTICA DE MEDICAMENTOS
2020|3966,2020,3966,SERVICOS DE ABASTECIMENTO E DISTRIBUICAO DE AGUA
2020|3967,2020,3967,ADMINISTRACAO DE BENS E DIREITOS DO ESTADO POR TERCEIROS
2020|3968,2020,3968,SERVICO DE IMPRENSA
2020|3969,2020,3969,CONTRATOS DE ENERGIA ELETRICA
2020|3971,2020,3971,SERVICOS TECN DE IMPLANTACAO GESTAO E ADM DO SIST DE OBSERV ELETRONICA
2020|3972,2020,3972,CONTRATOS DE ABASTECIMENTO DE AGUA E COLETA E TRATAMENTO DE ESGOTO
2020|3974,2020,3974,SERVICO DE REALIZACAO DE CONCURSO PUBLICO E PROCESSO SIMPLIFICADO
2020|3975,2020,3975,"SERVICO DE GERENCIAMENTO, SUPERVISAO E FISCALIZACAO DE SERVICOS"
2020|3976,2020,3976,SERVICO DE REMOCAO E TRANSPORTE DE CADAVERES
2020|3978,2020,3978,SERVICO DE APOIO ADMINISTRATIVO
2020|3981,2020,3981,SERVICO DE ELABORACAO DE ESTUDOS PREVIOS
2020|3982,2020,3982,SERVICOS TECNICOS JUDICIAIS - HONORARIOS JUSTICA GRATUITA
2020|3983,2020,3983,SERVICOS DE REALIZACAO DE PROCESSO DE CERTIFICACAO OCUPACIONAL
2020|3984,2020,3984,REMUNERACAO PAGA PELO PODER EXECUTIVO AO TJMG - DEPOSITOS JUDICIAIS
2020|3985,2020,3985,SERVICOS DE DESLOCAMENTO OU REMOCAO DE POSTES E REDE ELETRICA
2020|3986,2020,3986,DIREITOS AUTORAIS
2020|3987,2020,3987,SERVICOS DE GERENCIAMENTO E FORNECIMENTO DE COMBUSTIVEL
2020|3988,2020,3988,MULTA POR ATO INFRACIONAL
2020|3991,2020,3991,CONTRATAÇÃO PARA PRESTAÇÃO DE SERVIÇO POR CREDENCIADOS
2020|3992,2020,3992,CONTRATO DE GESTAO COM ORGANIZACAO SOCIAL - OS
2020|3993,2020,3993,APOIO A PROJETOS DE INCENTIVO E INOVAÇAO E A PESQUISA CIENTIFICA E TEC
2020|3994,2020,3994,CAPACITAÇÃO RELACIONADA AS ATIVIDADES DE AVIAÇÃO
2020|3996,2020,3996,TRANSFERENCIA ONEROSA DA POSSE DE IMOVEIS DE PROPRIEDADE DO ESTADO
2020|3997,2020,3997,HONORARIOS ADVOCATICIOS - ACORDOS EXTRAJUDICIAIS
2020|3998,2020,3998,SERVICOS DE SAUDE PRESTADOS CONTRATUALMENTE POR PESSOA JURIDICA
2020|3999,2020,3999,OUTROS SERVICOS PESSOA JURIDICA
2020|4002,2020,4002,SERVICO DE TECNOLOGIA DA INFORMACAO
2020|4003,2020,4003,SERVICO DE INFORMATICA EXECUTADO PELA PRODEMGE
2020|4004,2020,4004,SERVICO DE TELECOMUNICACAO
2020|4005,2020,4005,REDE IP MULTISSERVICOS
2020|4006,2020,4006,AQUISIÇÃO DE SOFTWARE
2020|4007,2020,4007,AQUISICAO DE SOFTWARE DESENVOLVIDO PELA PRODEMGE
2020|4101,2020,4101,CONTRIBUICOES
2020|4102,2020,4102,TRANSFERENCIAS AO FUNDHAB
2020|4103,2020,4103,CONTRIBUICOES AO IPLEMG
2020|4104,2020,4104,CONTRIBUICOES DO FUNDO ESTADUAL DE SAUDE - FES - LC 141/2012
2020|4105,2020,4105,TRANSFERENCIA AO PREVCOM
2020|4106,2020,4106,TRANSFERENCIA PARA FINANCIAMENTO DO TRANSPORTE ESCOLAR
2020|4107,2020,4107,TRANSFERENCIAS ENTRE FUNDOS
2020|4108,2020,4108,TRANSFERENCIAS ESPECIAIS A MUNICIPIOS
2020|4201,2020,4201,AUXILIOS
2020|4301,2020,4301,SUBVENCOES SOCIAIS
2020|4501,2020,4501,SUBVENCOES ECONOMICAS
2020|4601,2020,4601,AUXILIO-ALIMENTACAO - PECUNIA
2020|4602,2020,4602,AUXILIO ALIMENTACAO BILHETE OU CARTAO MAGNETICO
2020|4702,2020,4702,IMPOSTO DE RENDA - IR
2020|4703,2020,4703,IMPOSTO PREDIAL TERRITORIAL URBANO - IPTU
2020|4706,2020,4706,CONTRIBUICAO PARA A FORMACAO DO PASEP/PIS
2020|4707,2020,4707,TAXA DE LIMPEZA PUBLICA E COLETA DE RESIDUOS
2020|4708,2020,4708,TAXA DE ILUMINACAO PUBLICA
2020|4709,2020,4709,TAXAS AMBIENTAIS
2020|4710,2020,4710,PASEP - ADESAO AO PARCELAMENTO DECORRENTE DE LEI ESPECIFICA
2020|4799,2020,4799,OUTROS - OBRIGACOES TRIBUTARIAS E CONTRIBUTIVAS
2020|4801,2020,4801,OUTROS AUXILIOS FINANCEIROS A PESSOAS FISICAS
2020|4803,2020,4803,AUXILIO PARA PROFISSIONAIS DE PROGRAMAS DE CAPACITACAO E FORMACAO
2020|4901,2020,4901,AUXILIO-TRANSPORTE - PECUNIA
2020|4902,2020,4902,AUXILIO-TRANSPORTE - PODER LEGISLATIVO
2020|4903,2020,4903,DESPESA DE TRANSPORTE DEVIDA A SERVIDORES DOS PODERES DO ESTADO
2020|4904,2020,4904,AUXILIO TRANSPORTE BILHETE OU CARTAO MAGNETICO
2020|4905,2020,4905,AUXILIO TRANSPORTE PAGO A ESTAGIARIOS PECUNIA
2020|4906,2020,4906,AUXILIO TRANSPORTE PAGO A ESTAGIARIO BILHETE OU CARTAO MAGNETICO
2020|5101,2020,5101,ESTUDOS E PROJETOS DE BENS PATRIMONIAVEIS
2020|5102,2020,5102,EXECUCAO DIRETA DE OBRAS DE BENS PATRIMONIAVEIS
2020|5103,2020,5103,EXECUCAO DE OBRAS POR CONTRATO DE BENS PATRIMONIAVEIS
2020|5104,2020,5104,INSTALACOES PARA OBRAS EM ANDAMENTO
2020|5106,2020,5106,ESTUDOS E PROJETOS DE BENS NAO PATRIMONIAVEIS
2020|5107,2020,5107,EXECUCAO DE OBRAS POR CONTRATO DE BENS NAO PATRIMONIAVEIS
2020|5112,2020,5112,MATERIAL PARA OBRAS - BENS NAO PATRIMONIAVEIS
2020|5113,2020,5113,INSTALACAO PARA INCORPORACAO A BENS IMOVEIS
2020|5114,2020,5114,EXECUCAO DE OBRAS POR EMPRESAS CONTROLADAS
2020|5201,2020,5201,AERONAVES E COMPONENTES ESTRUTURAIS
2020|5202,2020,5202,"ANIMAIS DE TRABALHO, PRODUCAO E / OU REPRODUCAO"
2020|5203,2020,5203,ARMAMENTO E EQUIPAMENTO DE USO POLICIAL
2020|5204,2020,5204,"MAQUINAS, APARELHOS, UTENSILIOS E EQUIPAMENTOS DE USO INDUSTRIAL"
2020|5206,2020,5206,EQUIPAMENTOS DE COMUNICACAO E TELEFONIA
2020|5207,2020,5207,EQUIPAMENTOS DE INFORMATICA
2020|5208,2020,5208,"EQUIPAMENTOS DE SOM, VIDEO, FOTOGRAFICO E CINEMATOGRAFICO"
2020|5209,2020,5209,"EQUIPAMENTOS HOSPITALARES, ODONTOLOGICOS E DE LABORATORIO"
2020|5210,2020,5210,"FERRAMENTAS, EQUIP. E INSTRUMENTOS P/ OFICINA, MEDICAO E INSPECAO"
2020|5211,2020,5211,"INSTRUMENTOS DE LABORATORIO, MEDICOS E ODONTOLOGICOS"
2020|5212,2020,5212,"MAQUINAS, APARELHOS, UTENSILIOS E EQUIPAMENTOS  USO ADMINISTRATIVO"
2020|5213,2020,5213,MATERIAL ESPORTIVO E RECREATIVO
2020|5214,2020,5214,MOBILIARIO
2020|5215,2020,5215,OBJETOS DE ARTE E ANTIGUIDADES
2020|5216,2020,5216,"TRATORES, SIMILARES E IMPLEMENTOS"
2020|5217,2020,5217,VEICULOS
2020|5218,2020,5218,COLECAO E MATERIAIS BIBLIOGRAFICOS
2020|5219,2020,5219,INSTRUMENTOS MUSICAIS E ARTISTICOS
2020|5220,2020,5220,EQUIPAMENTOS DE SEGURANCA ELETRONICA
2020|5221,2020,5221,MATERIAL DIDATICO
2020|5222,2020,5222,ESTRUTURAS E COMPONENTES
2020|5225,2020,5225,APARELHOS E UTENSILIOS DOMESTICOS
2020|5226,2020,5226,"EQUIPAMENTOS DE PROTECAO, SEGURANCA E SOCORRO"
2020|5299,2020,5299,OUTROS MATERIAIS PERMANENTES
2020|5902,2020,5902,PENSAO ESPECIAL - LEI N 552/49
2020|5903,2020,5903,PENSAO ESPECIFICA DOS INSTITUTOS DE PREVIDENCIA
2020|5904,2020,5904,PENSAO DECORRENTE DE SENTENCA JUDICIAL - SERVIDOR
2020|5905,2020,5905,PENSAO DECORRENTE DE SENTENCA JUDICIAL - TERCEIROS
2020|5907,2020,5907,PENSAO ESPECIAL PARA AGENTES POLITICOS SERVIDORES PUBLICOS E ESTATAIS
2020|5908,2020,5908,PENSOES DECORRENTES DA LEI N 21527 2014
2020|6102,2020,6102,SALAS E ESCRITORIOS
2020|6104,2020,6104,EDIFICIOS
2020|6106,2020,6106,IMOVEIS NECESSARIOS A REALIZACAO DE OBRAS DE BENS PATRIMONIAVEIS
2020|6107,2020,6107,IMOVEIS NECESSARIOS A REALIZACAO DE OBRAS DE BENS NAO-PATRIMONIAVEIS
2020|6501,2020,6501,CONSTITUICAO OU AUMENTO DE CAPITAL DE EMPRESAS-CAPITAL A INTEGRALIZAR
2020|6502,2020,6502,CONSTITUICAO OU AUMENTO DE CAPITAL DE EMPRESAS-CAPITAL INTEGRALIZADO
2020|6603,2020,6603,CONCESSAO DE FINANCIAMENTOS HABITACIONAIS
2020|7101,2020,7101,PRINCIPAL DA DIVIDA INTERNA POR CONTRATOS
2020|7102,2020,7102,PRINCIPAL DA DIVIDA EXTERNA POR CONTRATOS
2020|7104,2020,7104,PRINCIPAL DO PARCELAMENTO DA DIVIDA PREVIDENCIARIA - INSS
2020|7107,2020,7107,PRINCIPAL DO PARCELAMENTO DA DIVIDA REFERENTE AO PASEP
2020|8102,2020,8102,COTA PARTE DO IPVA
2020|8103,2020,8103,COTA PARTE DO ICMS
2020|8104,2020,8104,COTA PARTE DO IPI
2020|8105,2020,8105,COTA PARTE DA CIDE
2020|8301,2020,8301,PARCELAS DAS CONTRAPRESTACOES REFERENTES A REMUNERACAO DO PARCEIRO
2020|8303,2020,8303,OUTRAS DESPESAS DECORRENTES DE CONTRATO DE PARCERIA PUBLICO-PRIVADA
2020|9102,2020,9102,PRECATORIOS - PESSOAL
2020|9103,2020,9103,OUTRAS SENTENCAS JUDICIAIS
2020|9107,2020,9107,PRECATORIOS - OUTROS
2020|9108,2020,9108,OUTRAS DECISOES JUDICIAIS - DEPOSITO EM CONTA CORRENTE OU A DISPOSICAO
2020|9201,2020,9201,DESPESAS DE EXERCICIOS ANTERIORES - PESSOAL
2020|9202,2020,9202,DESPESAS DE EXERCICIOS ANTERIORES - OUTRAS DESPESAS
2020|9203,2020,9203,DESPESA DE EXERCICIOS ANTERIORES - OBRIGACOES PATRONAIS
2020|9301,2020,9301,AJUDA DE CUSTO
2020|9302,2020,9302,AJUDA DE CUSTO ESPECIAL
2020|9305,2020,9305,DESPESAS DECORRENTES DE CONTRATOS DE CONCESSAO OU PERMISSAO
2020|9306,2020,9306,"REST DE REC DE CONVENIOS, DE CONTRAPARTIDAS E INSTRUMENTOS CONGENERES"
2020|9307,2020,9307,RESSARCIMENTO REFERENTE A PESSOAL REQUISITADO DA ADMINITRACAO ESTADUAL
2020|9308,2020,9308,DESPESAS DE CARATER INDENIZATORIO RELATIVAS AO MANDATO PARLAMENTAR
2020|9309,2020,9309,PREMIO DE PRODUTIVIDADE
2020|9310,2020,9310,RESTITUICAO DE RECEITA - EXERCICIO ANTERIOR
2020|9311,2020,9311,COMPENSACAO FINANCEIRA DOS REGIMES DE PREVIDENCIA
2020|9312,2020,9312,INDENIZACAO POR UTILIZACAO DE BENS DE TERCEIROS
2020|9313,2020,9313,REEMBOLSO DE DESPESAS MEDICO-HOSPITALARES
2020|9314,2020,9314,INDENIZACOES DETERMINADAS POR DECISOES JUDICIAIS
2020|9316,2020,9316,INDENIZACOES DETERMINADAS POR LEI ESPECIFICA
2020|9317,2020,9317,INDENIZACAO EXERCICIO DO CARGO DE CONSEL PRES E PROCURADOR JUNTO AO TC
2020|9318,2020,9318,AUXILIO MORADIA DE CARATER INDENIZATORIO RELATIVO AO MANDATO PARLAMENT
2020|9319,2020,9319,IND.DECORRENTES DA UTILZ. DE LEITOS DE INSTITUICOES DE SAUDE PRIVADAS
2020|9323,2020,9323,INDENIZACAO DECORRENTE DE AUXILIO SAUDE
2020|9326,2020,9326,"RESTITUICAO REFERENTE A TAXA DE INSCRICAO, MATERIAL E SIMILARES"
2020|9327,2020,9327,INDENIZACAO DE TRANSPORTE DEVIDA AO OFICIAL DE JUSTICA
2020|9329,2020,9329,RESSARCIMENTO SOBRE A REMUNERACAO DOS PRESOS EM TRABALHO
2020|9330,2020,9330,REEMBOLSO DESPESA CONTRATO CONVENIO REGIME DE PARCERIA PODER EXECUTIVO
2020|9399,2020,9399,OUTRAS INDENIZACOES E RESTITUICOES
2020|9401,2020,9401,INDENIZACOES E RESTITUICOES TRABALHISTAS
2020|9601,2020,9601,RESSARCIMENTO DE DESPESAS DE PESSOAL REQUISITADO
2020|9701,2020,9701,APORTE PARA COBERTURA DO DEFICIT ATUARIAL DO RPPS
2021|0,2021,0,SEM INFORMACAO
2021|1,2021,1,"APOSENTADORIAS DO RPPS, RESERVA REMUNERADA E REFORMAS DOS MILITARES"
2021|3,2021,3,PENSOES DO RPPS E DO MILITAR
2021|4,2021,4,CONTRATACAO POR TEMPO DETERMINADO
2021|5,2021,5,OUTROS BENEFICIOS PREVIDENCIARIOS DO SERVIDOR OU DO MILITAR
2021|7,2021,7,CONTRIBUICAO A ENTIDADES FECHADAS DE PREVIDENCIA
2021|8,2021,8,OUTROS BENEFICIOS ASSISTENCIAIS DO SERVIDOR E DO MILITAR
2021|10,2021,10,SEGURO DESEMPREGO E ABONO SALARIAL
2021|11,2021,11,VENCIMENTOS E VANTAGENS FIXAS-PESSOAL CIVIL
2021|12,2021,12,VENCIMENTOS E VANTAGENS FIXAS - PESSOAL  MILITAR
2021|13,2021,13,OBRIGACOES PATRONAIS
2021|14,2021,14,DIARIAS - CIVIL
2021|15,2021,15,DIARIAS - MILITAR
2021|16,2021,16,OUTRAS DESPESAS VARIAVEIS - PESSOAL CIVIL
2021|17,2021,17,OUTRAS DESPESAS VARIAVEIS - PESSOAL MILITAR
2021|18,2021,18,AUXILIO FINANCEIRO A ESTUDANTES
2021|19,2021,19,AUXILIO-FARDAMENTO
2021|20,2021,20,AUXILIO FINANCEIRO A PESQUISADORES
2021|21,2021,21,JUROS SOBRE A DIVIDA POR CONTRATO
2021|22,2021,22,OUTROS ENCARGOS SOBRE A DIVIDA POR CONTRATO
2021|27,2021,27,"ENCARGOS PELA HONRA DE AVAIS, GARANTIAS, SEGUROS E SIMILARES"
2021|30,2021,30,MATERIAL DE CONSUMO
2021|31,2021,31,"PREMIACOES CULTURAIS, ARTISTICAS, CIENTIFICAS, DESPORTIVAS E OUTRAS."
2021|32,2021,32,"MATERIAL, BEM OU SERVICO PARA DISTRIBUICAO GRATUITA"
2021|33,2021,33,PASSAGENS E DESPESAS COM LOCOMOCAO
2021|34,2021,34,OUTRAS DESPESAS DE PESSOAL DECORRENTES DE CONTRATOS DE TERCEIRIZACAO
2021|35,2021,35,SERVICOS DE CONSULTORIA
2021|36,2021,36,OUTROS SERVICOS DE TERCEIROS - PESSOA FISICA
2021|37,2021,37,LOCACAO DE MAO-DE-OBRA
2021|38,2021,38,ARRENDAMENTO MERCANTIL
2021|39,2021,39,OUTROS SERVICOS DE TERCEIROS - PESSOA JURIDICA
2021|40,2021,40,SERVICOS DE TECNOLOGIA DA INFORMACAO E COMUNICACAO -  PESSOA JURIDICA
2021|41,2021,41,CONTRIBUICOES
2021|42,2021,42,AUXILIOS
2021|43,2021,43,SUBVENCOES SOCIAIS
2021|45,2021,45,SUBVENCOES ECONOMICAS
2021|46,2021,46,AUXILIO-ALIMENTACAO
2021|47,2021,47,OBRIGACOES TRIBUTARIAS E CONTRIBUTIVAS
2021|48,2021,48,OUTROS AUXILIOS FINANCEIROS A PESSOAS FISICAS
2021|49,2021,49,AUXILIO-TRANSPORTE
2021|51,2021,51,OBRAS E INSTALACOES
2021|52,2021,52,EQUIPAMENTOS E MATERIAL PERMANENTE
2021|59,2021,59,PENSOES ESPECIAIS
2021|61,2021,61,AQUISICAO DE IMOVEIS
2021|65,2021,65,CONSTITUICAO OU AUMENTO DE CAPITAL DE EMPRESAS
2021|66,2021,66,CONCESSAO DE EMPRESTIMOS E FINANCIAMENTOS
2021|71,2021,71,PRINCIPAL DA DIVIDA CONTRATUAL RESGATADO
2021|81,2021,81,DISTRIBUICAO CONSTITUCIONAL OU LEGAL DE RECEITAS
2021|83,2021,83,"DESPESAS DECORRENTES DE CONTRATO DE PARCERIA PUBLICO-PRIVADA - PPP, EXCETO SUBV"
2021|91,2021,91,SENTENCAS JUDICIAIS
2021|92,2021,92,DESPESAS DE EXERCICIOS ANTERIORES
2021|93,2021,93,INDENIZACOES E RESTITUICOES
2021|94,2021,94,INDENIZACOES E RESTITUICOES TRABALHISTAS
2021|97,2021,97,APORTE PARA COBERTURA DO DEFICIT ATUARIAL DO RPPS
2021|99,2021,99,A CLASSIFICAR
2021|101,2021,101,PROVENTOS DE APOSENTADOS
2021|103,2021,103,PROVENTOS DE MILITARES INATIVOS
2021|105,2021,105,APOSENTADORIA IPSEMG - LEI N. 1.195 DE 23/12/1954
2021|108,2021,108,SUBSIDIO APOSENTADOS DA EDUCACAO
2021|307,2021,307,PENSOES CIVIS DO RPPS
2021|308,2021,308,PENSOES DO MILITAR
2021|401,2021,401,CONTRATACAO POR TEMPO DETERMINADO
2021|403,2021,403,OBRIGACAO PATRONAL - CONTRATOS POR TEMPO DETERMINADO - INSS
2021|404,2021,404,OBRIGACAO PATRONAL - CONTRATO POR TEMPO DETERMINADO - ASSIST. A SAUDE
2021|405,2021,405,AGENTES PENITENCIARIOS
2021|406,2021,406,SALARIO FAMILIA
2021|505,2021,505,PECULIO E SEGURO COLETIVO
2021|509,2021,509,SALARIO-FAMILIA
2021|599,2021,599,AUXILIOS DIVERSOS
2021|701,2021,701,CONTRIBUICAO A ENTIDADES FECHADAS DE PREVIDENCIA
2021|802,2021,802,AUXILIO-FUNERAL
2021|803,2021,803,AUXILIO-CRECHE OU ASSISTENCIA PRE-ESCOLAR
2021|804,2021,804,INDENIZACAO SECURITARIA
2021|805,2021,805,AUXILIO-NATALIDADE
2021|807,2021,807,AUXILIO INVALIDEZ
2021|809,2021,809,AUXILIO RECLUSAO
2021|810,2021,810,SALARIO FAMILIA
2021|811,2021,811,PECULIO E SEGURO COLETIVO
2021|899,2021,899,AUXILIOS DIVERSOS
2021|1101,2021,1101,VENCIMENTOS
2021|1102,2021,1102,DESIGNADOS DO MAGISTERIO
2021|1103,2021,1103,ADICIONAL POR TEMPO DE SERVICO
2021|1106,2021,1106,GRATIFICACAO DE COORDENADOR DE ESCOLA
2021|1107,2021,1107,GRATIFICACAO DE INCENTIVO A DOCENCIA
2021|1108,2021,1108,VERBA DE REPRESENTACAO
2021|1109,2021,1109,GRATIFICACAO DE RISCO DE CONTAGIO E RAIO X
2021|1112,2021,1112,GRATIFICACAO DE ESTIMULO A PRODUCAO INDIVIDUAL - GEPI
2021|1113,2021,1113,GRATIFICACAO DE EXERCICIO DO PODER JUDICIARIO
2021|1117,2021,1117,GRATIFICACAO DE CARGO EM COMISSAO
2021|1118,2021,1118,GRATIFICACAO POR PLANTAO
2021|1119,2021,1119,VANTAGEM PESSOAL
2021|1120,2021,1120,SUBSIDIOS VARIAVEIS
2021|1121,2021,1121,ABONO DE FERIAS
2021|1122,2021,1122,GRATIFICACAO DE NATAL
2021|1123,2021,1123,"GRATIFICACAO DE RISCO DE VIDA, SAUDE E CONTAGIO"
2021|1124,2021,1124,GRATIFICACAO DE CHEFIA (ESPECIAL)
2021|1127,2021,1127,GRATIFICACAO DE INCENTIVO AO MERITO FUNCIONAL
2021|1128,2021,1128,GRATIFICACAO DE FUNCAO DE AGENTES DE SEGURANCA
2021|1129,2021,1129,GRATIFICACAO DE ASSESSORAMENTO
2021|1130,2021,1130,GRATIFICACAO ESPECIAL-GABINETE MILITAR
2021|1133,2021,1133,GRATIFICACAO DE INCENTIVO A EFICIENTIZACAO DOS SERVICOS - GIEFS
2021|1134,2021,1134,HONORARIOS
2021|1135,2021,1135,GRATIFICACAO DE DEDICACAO EXCLUSIVA
2021|1139,2021,1139,ADICIONAL DE LOCAL DE TRABALHO
2021|1140,2021,1140,GRATIFICACAO DE FUNCAO
2021|1141,2021,1141,GRATIFICACAO POR CURSO
2021|1143,2021,1143,GRATIFICACAO DE ORGAO DE DELIBERACAO COLETIVA
2021|1144,2021,1144,ABONO DE PERMANENCIA
2021|1145,2021,1145,VANTAGEM TEMPORARIA INCORPORAVEL
2021|1146,2021,1146,GRATIFICACAO DE DESEMPENHO DE PRODUTIVIDADE INDIVIDUAL E INSTITUCIONAL
2021|1147,2021,1147,GRATIFICACAO DE ESCOLARIDADE DESEMPENHO E PROD INDIVID E INSTITUCIONAL
2021|1148,2021,1148,ADICIONAL DE DESEMPENHO - PESSOAL CIVIL
2021|1149,2021,1149,GRATIFICACAO COMPLEMENTAR DE PRODUTIVIDADE
2021|1150,2021,1150,SUBSIDIO - SERVIDORES DA EDUCACAO EFETIVOS
2021|1151,2021,1151,SUBSIDIO - SERVIDORES DA EDUCACAO DESIGNADOS
2021|1152,2021,1152,SUBSIDIO - SERVIDORES DA EDUCACAO DE EXTENSAO CARGA HORARIA
2021|1154,2021,1154,GRATIFICACAO DE SERVICOS DE SEGURIDADE SOCIAL
2021|1155,2021,1155,GRATIFICACAO DE FUNCAO DE PESQUISA E ENSINO - GFPE / LEI 20.591/2012
2021|1157,2021,1157,GRATIFICACAO INCENTIVO PRODUTIVIDADE PROFISSIONAIS DE ENGENHARIA E ARQ
2021|1158,2021,1158,ABONO SALARIAL DO PODER JUDICIARIO
2021|1159,2021,1159,FUNCOES DE CONFIANCA
2021|1160,2021,1160,GRATIFICACAO PELO CUMPRIMENTO DE METAS EXTRAORDINARIAS
2021|1161,2021,1161,GRATIFICACAO DE SERVICOS DE ASSESSORAMENTO JURIDICO
2021|1199,2021,1199,OUTROS
2021|1201,2021,1201,REMUNERACAO BASICA
2021|1202,2021,1202,ADICIONAL POR TEMPO DE SERVICO
2021|1203,2021,1203,GRATIFICACOES ESPECIAIS
2021|1204,2021,1204,FERIAS-PREMIO
2021|1205,2021,1205,ABONO DE FERIAS
2021|1206,2021,1206,SUBSTITUICAO TEMPORARIA
2021|1207,2021,1207,GRATIFICACAO DE NATAL
2021|1208,2021,1208,ADICIONAL DE DESEMPENHO - PESSOAL MILITAR
2021|1209,2021,1209,ABONO PERMANENCIA
2021|1210,2021,1210,GRATIFICACAO MENSAL PRO LABORE
2021|1299,2021,1299,OUTRAS
2021|1304,2021,1304,INSS - FOLHA
2021|1305,2021,1305,OBRIGACAO PATRONAL - PESSOAL ATIVO
2021|1306,2021,1306,OBRIGACAO PATRONAL - PESSOAL INATIVO
2021|1307,2021,1307,OBRIGACAO PATRONAL - CONTRATOS DE TERCEIRIZACAO
2021|1308,2021,1308,OBRIGACAO PATRONAL - PENSIONISTAS
2021|1309,2021,1309,OBRIGACAO PATRONAL - PRECATORIOS
2021|1310,2021,1310,OBRIGACAO PATRONAL - OUTRAS SENTENCAS JUDICIAIS
2021|1313,2021,1313,OBRIGACAO PATRONAL - MEDICOS RESIDENTES
2021|1314,2021,1314,OBRIGACAO PATRONAL - ENCARGOS POR PAGAMENTO EM ATRASO
2021|1317,2021,1317,INSS - DEMAIS DESPESAS
2021|1318,2021,1318,OBRIGACAO PATRONAL PESSOAL INATIVO - ENTIDADES CONVENIADAS
2021|1321,2021,1321,OBRIGACAO PATRONAL - PESSOAL ATIVO - DESPESAS COM ASSISTENCIA A SAUDE
2021|1322,2021,1322,OBRIGACAO PATRONAL - PESSOAL INATIVO - DESPESAS COM ASSITENCIA A SAUDE
2021|1325,2021,1325,OBRIGACAO PATRONAL - ADESAO AO PARCELAMENTO DECORRENTE DE LEI ESP.
2021|1326,2021,1326,OBRIGACAO PATRONAL SUPLEMENTAR - PESSOAL ATIVO
2021|1401,2021,1401,DIARIAS - CIVIL
2021|1501,2021,1501,DIARIAS - MILITAR
2021|1601,2021,1601,SERVICO EXTRAORDINARIO
2021|1602,2021,1602,SUBSTITUICAO EM CARGOS EM COMISSAO
2021|1603,2021,1603,AULAS FACULTATIVAS
2021|1604,2021,1604,GRATIFICACAO POR ENCARGOS EXTRAORDINARIOS
2021|1605,2021,1605,FERIAS-PREMIO
2021|1606,2021,1606,JORNADA COMPLEMENTAR DE TRABALHO
2021|1701,2021,1701,OUTRAS DESPESAS VARIAVEIS - PESSOAL MILITAR
2021|1801,2021,1801,AUXILIO FINANCEIRO A ESTUDANTES
2021|1901,2021,1901,AUXILIO-FARDAMENTO PAGO A SERVIDOR OU MILITAR
2021|1903,2021,1903,AUXILIO-FARDAMENTO PAGO A PESSOAL CONTRATADO
2021|2001,2021,2001,AUXILIO FINANCEIRO A PESQUISADORES
2021|2101,2021,2101,JUROS SOBRE A DIVIDA INTERNA POR CONTRATOS
2021|2102,2021,2102,JUROS SOBRE A DIVIDA EXTERNA POR CONTRATOS
2021|2103,2021,2103,JUROS DA DIVIDA COM OS INSTITUTOS DE PREVIDENCIA
2021|2104,2021,2104,JUROS SOBRE O PARCELAMENTO DA DIVIDA PREVIDENCIARIA
2021|2106,2021,2106,JUROS SOBRE O PARCELAMENTO DA DIVIDA COM O PASEP
2021|2107,2021,2107,JUROS SOBRE A DIVIDA COM O GARANTIDOR
2021|2108,2021,2108,JUROS SOBRE A DIVIDA INTERNA POR CONTRATOS REFINANCIADA
2021|2201,2021,2201,OUTROS ENCARGOS SOBRE A DIVIDA INTERNA POR CONTRATOS
2021|2204,2021,2204,OUTROS ENCARGOS SOBRE A DIVIDA INTERNA POR CONTRATOS REFINANCIADA
2021|3001,2021,3001,ARTIGOS PARA CONFECCAO E VESTUARIO
2021|3002,2021,3002,ARTIGOS PARA ESPORTE
2021|3003,2021,3003,"UTENSILIOS PARA COPA, REFEITORIO E COZINHA"
2021|3004,2021,3004,MATERIAL GRAFICO E IMPRESSOS
2021|3005,2021,3005,MATERIAL PARA ESCRITORIO
2021|3006,2021,3006,MATERIAL DE DESENHO
2021|3007,2021,3007,MATERIAL DE ENSINO
2021|3008,2021,3008,PRODUTOS ALIMENTICIOS
2021|3009,2021,3009,FORRAGENS E OUTROS ALIMENTOS PARA ANIMAIS
2021|3010,2021,3010,MATERIAL MEDICO E HOSPITALAR
2021|3011,2021,3011,MATERIAL ODONTOLOGICO
2021|3012,2021,3012,MEDICAMENTOS
2021|3013,2021,3013,MATERIAIS DE LABORATORIO E PRODUTOS QUIMICOS EM GERAL
2021|3014,2021,3014,MATERIAL RADIOLOGICO
2021|3015,2021,3015,"MATERIAL FOTOGRAFICO, CINEMATOGRAFICO E DE COMUNICACAO"
2021|3016,2021,3016,MATERIAL DE INFORMATICA
2021|3017,2021,3017,ARTIGOS PARA LIMPEZA E HIGIENE
2021|3018,2021,3018,MATERIA-PRIMA E PROD. P/ MANIPULACAO E INDUSTRIAS DE TRANSFORMACAO
2021|3019,2021,3019,MATERIAL P/ MANUT. E REPAROS DE IMOVEIS DE PROPRIEDADE DA ADM. PUBLICA
2021|3020,2021,3020,MATERIAL ELETRICO
2021|3021,2021,3021,MATERIAL P/ MANUT. E REPAROS DE BENS DE DOMINIO PUB. OU DE TERCEIROS
2021|3022,2021,3022,"FERRAMENTAS, FERRAGENS E UTENSILIOS"
2021|3023,2021,3023,MATERIAL PARA MANUTENCAO DE VEICULOS AUTOMOTORES
2021|3024,2021,3024,PECAS E ACESSORIOS P/ EQUIP.  E OUTROS MATERIAIS PERMANENTES
2021|3025,2021,3025,"MATERIAL DE SEGURANCA, APETRECHOS OPERACIONAIS E POLICIAIS"
2021|3026,2021,3026,COMBUSTIVEIS E LUBRIFICANTES PARA VEICULOS AUTOMOTORES
2021|3027,2021,3027,COMBUSTIVEIS E LUBRIFICANTES P/ EQUIP. E OUTROS MAT.  PERMANENTES
2021|3029,2021,3029,"SEMENTES, MUDAS DE PLANTAS E INSUMOS"
2021|3030,2021,3030,MATERIAIS PARA ACONDICIONAMENTO E EMBALAGEM
2021|3031,2021,3031,LIVROS TECNICOS
2021|3032,2021,3032,MATERIAL CIVICO E EDUCATIVO
2021|3033,2021,3033,COMBUSTIVEIS E LUBRIFICANTES PARA AERONAVES
2021|3034,2021,3034,PECAS E ACESSORIOS PARA AERONAVES
2021|3036,2021,3036,MATERIAL BIBLIOGRAFICO PARA BIBLIOTECAS PUBLICAS
2021|3037,2021,3037,MEDICAMENTOS - DECISÃO JUDICIAL
2021|3039,2021,3039,MATERIAL PARA CONFECCAO EM GERAL
2021|3040,2021,3040,"MATERIAL DE CAMA, MESA E BANHO"
2021|3041,2021,3041,MATERIAL DE PROTECAO E SEGURANCA
2021|3099,2021,3099,OUTROS MATERIAIS
2021|3101,2021,3101,"PREMIOS, DIPLOMAS, CONDECORACOES E MEDALHAS"
2021|3102,2021,3102,PREMIOS LOTERICOS
2021|3103,2021,3103,COMISSOES LOTERICAS
2021|3104,2021,3104,PREMIACOES
2021|3201,2021,3201,MATERIAL DE DISTRIBUICAO GRATUITA
2021|3202,2021,3202,MATERIAL DE ASSISTENCIA HUMANITARIA
2021|3301,2021,3301,PASSAGENS - PESSOA FISICA
2021|3302,2021,3302,"DESPESAS COM TRANSPORTE URBANO, PEDAGIO E ESTACIONAMETO PESSOA FISICA"
2021|3303,2021,3303,FRETAMENTO E LOCACAO
2021|3304,2021,3304,PASSAGENS - PESSOA JURIDICA
2021|3305,2021,3305,"SERVICOS DE TRANSPORTES DE PASSAGEIROS, FRETAMENTO E LOCACAO PES JURID"
2021|3401,2021,3401,OUTRAS DESPESAS DE PESSOAL DECORRENTES DE CONT. DE TERCEIRIZACAO
2021|3402,2021,3402,AGENTES PENITENCIARIOS
2021|3403,2021,3403,OBRIGACAO PATRONAL INSS
2021|3404,2021,3404,OBRIGACAO PATRONAL ASSISTENCIA A SAUDE
2021|3405,2021,3405,SALARIO - FAMILIA
2021|3501,2021,3501,SERVICOS DE CONSULTORIA - PESSOA FISICA
2021|3502,2021,3502,SERVICOS DE CONSULTORIA - PESSOA JURIDICA
2021|3601,2021,3601,ESTAGIARIOS
2021|3602,2021,3602,MEDICOS RESIDENTES
2021|3603,2021,3603,SALARIOS DE INTERNOS
2021|3604,2021,3604,DIARIAS A COLABORADORES EVENTUAIS
2021|3605,2021,3605,LOCACAO DE SERVICOS TECNICOS E ESPECIALIZADOS - PESSOA FISICA
2021|3608,2021,3608,MEDICOS
2021|3609,2021,3609,DENTISTAS
2021|3610,2021,3610,EVENTUAL DE GABINETE
2021|3611,2021,3611,LOCACAO DE BENS IMOVEIS
2021|3612,2021,3612,DESPESAS MIUDAS DE PRONTO PAGAMENTO
2021|3613,2021,3613,PESSOAL DE ENFERMAGEM
2021|3614,2021,3614,"MONITORES, FISCAIS E EXAMINADORES"
2021|3615,2021,3615,ENCARGOS FINANCEIROS
2021|3616,2021,3616,REPARO E MANUTENCAO DE VEICULOS
2021|3617,2021,3617,"REPAROS DE EQUIPAMENTOS, INSTALACOES E MATERIAL PERMANENTE"
2021|3618,2021,3618,REPAROS DE BENS IMOVEIS
2021|3619,2021,3619,CONFERENCIAS E EXPOSICOES
2021|3620,2021,3620,JETONS A CONSELHEIROS
2021|3621,2021,3621,ADVOGADOS DATIVOS
2021|3622,2021,3622,TAXA DE CONDOMINIO
2021|3623,2021,3623,GRATIFICACAO POR ENCARGO DE CURSO OU CONCURSO
2021|3624,2021,3624,SERVICOS TECNICOS JUDICIAIS - HONORARIOS JUSTICA GRATUITA
2021|3625,2021,3625,CONTRATACAO PARA PRESTACAO DE SERVIÇO POR CREDENCIADOS
2021|3626,2021,3626,SERVICOS DE ABASTECIMENTO E DISTRIBUICAO DE AGUA
2021|3627,2021,3627,JUIZES LEIGOS
2021|3628,2021,3628,SERVICOS TECNICOS JUDICIAIS - HONORARIOS PERICIAIS
2021|3630,2021,3630,SERVICOS MEDICOS PRESTADOS POR CONTRATO
2021|3631,2021,3631,"SERVICOS DE TREINAMENTO, CAPACITACAO E APERFEICOAMENTO DE PESSOAL"
2021|3699,2021,3699,OUTRAS DESPESAS PAGAS A PESSOAS FISICAS
2021|3701,2021,3701,LOCACAO DE SERVICOS DE CONSERVACAO E LIMPEZA
2021|3702,2021,3702,LOCACAO DE SERVICOS DE APOIO ADMINISTRATIVO
2021|3703,2021,3703,LOCACAO DE SERVICOS DE CONSERVACAO E LIMPEZA REALIZADOS PELA MGS
2021|3704,2021,3704,LOCACAO DE SERVICOS DE APOIO ADMINISTRATIVO REALIZADOS PELA MGS
2021|3705,2021,3705,DESPESAS COM O PAGAMENTO DE ENCARGOS TRABALHISTAS A MGS
2021|3901,2021,3901,VALE-TRANSPORTE
2021|3903,2021,3903,FORNECIMENTO DE ALIMENTACAO
2021|3904,2021,3904,CONFECCAO EM GERAL
2021|3906,2021,3906,TRANSPORTE E ACONDICIONAMENTO DE MATERIAIS
2021|3908,2021,3908,PUBLICACAO E DIVULGACAO
2021|3909,2021,3909,PUBLICIDADE
2021|3910,2021,3910,PREMIOS DE SEGUROS
2021|3911,2021,3911,"ASSINATURAS DE JORNAIS, REVISTAS E PERIODICOS"
2021|3912,2021,3912,TARIFA DE ENERGIA ELETRICA
2021|3913,2021,3913,TARIFA DE AGUA E ESGOTO
2021|3914,2021,3914,SERVICO DE TELEFONIA
2021|3915,2021,3915,SERVICO POSTAL-TELEGRAFICO
2021|3916,2021,3916,LOCACAO DE TV POR ASSINATURA
2021|3917,2021,3917,LOCACAO DE VEICULOS
2021|3918,2021,3918,REPAROS DE VEICULOS
2021|3919,2021,3919,LOCACAO DE MAQUINAS E EQUIPAMENTOS
2021|3920,2021,3920,LOCACAO DE BENS IMOVEIS
2021|3921,2021,3921,"REPAROS DE EQUIPAMENTOS, INSTALACOES E MATERIAL PERMANENTE"
2021|3922,2021,3922,REPAROS DE BENS IMOVEIS
2021|3923,2021,3923,"RECEPCOES, HOSPEDAGENS, HOMENAGENS E FESTIVIDADES"
2021|3924,2021,3924,"CURSOS, EXPOSICOES, CONGRESSOS E CONFERENCIAS"
2021|3925,2021,3925,ENCARGOS JUDICIAIS
2021|3926,2021,3926,ENCARGOS FINANCEIROS
2021|3928,2021,3928,SERVICOS DE SAUDE EXECUTADOS COM RECURSOS DO SUS
2021|3929,2021,3929,SERVICOS DE SAUDE PRESTADOS POR PESSOA JURIDICA
2021|3930,2021,3930,MULTAS DE TRANSITO
2021|3931,2021,3931,LOCACAO DE SERVICOS GRAFICOS
2021|3933,2021,3933,TAXA DE ADMINISTRACAO
2021|3934,2021,3934,SEGUROS DE AERONAVES
2021|3935,2021,3935,"REPARO, MANUTENCAO, E SERVICOS AEROPORTUARIOS PARA AERONAVES"
2021|3937,2021,3937,TAXA DE CONDOMINIO
2021|3938,2021,3938,SERVICOS DE IMPRESSAO E ENCADERNACAO
2021|3939,2021,3939,SERVICOS DE PUBLICACAO E DIVULGACAO
2021|3941,2021,3941,ANUIDADES
2021|3942,2021,3942,SERVICOS GRAFICOS DE SEGURANCA
2021|3943,2021,3943,SERVICO DE ADMINISTRACAO E GERENCIAMENTO DE FROTA DE VEICULOS
2021|3946,2021,3946,TERMO DE PARCERIA COM ORGANIZACAO DA SOCIEDADE CIVIL DE INTERESSE PUBL
2021|3947,2021,3947,TAXA DE ADMINISTRACAO DE CREDITO DE FINANCIAMENTOS HABITACIONAIS
2021|3948,2021,3948,"CURSOS DE FORMACAO, CAPACITACAO E POS-GRADUACAO PARA SERVIDORES"
2021|3949,2021,3949,CURSOS DE FORMACAO E CAPACITACAO PARA O CIDADAO
2021|3950,2021,3950,SERVICOS DE AGENCIAMENTO DE VIAGENS
2021|3951,2021,3951,"SERVICOS DE GERENCIAMENTO, SUPERVISAO E FISCALIZACAO DE OBRAS"
2021|3952,2021,3952,CONTRATACAO DE ESTAGIARIOS
2021|3953,2021,3953,CURSOS DE FORMACAO E CAPACITACAO PROMOVIDOS PELO ESTADO
2021|3955,2021,3955,EVENTOS DE COMUNICACAO INSTITUCIONAL
2021|3956,2021,3956,SERVICOS DE PESQUISAS
2021|3959,2021,3959,SERVICOS SANITARIOS E TRATAMENTO DE RESIDUOS
2021|3960,2021,3960,SERVICOS DE ATENDIMENTO AO CIDADAO
2021|3961,2021,3961,SERVICOS DE CONSERVACAO E LIMPEZA
2021|3962,2021,3962,SERVICOS DE VIGILANCIA OSTENSIVA
2021|3963,2021,3963,SERVICOS DE LEVANTAMENTO E CADASTRAMENTO PARA EXECUCAO DE POL PUBLICAS
2021|3964,2021,3964,SERVICOS DE MAPEAMENTO E GEORREFERENCIAMENTO
2021|3965,2021,3965,SERVICOS DE PRODUCAO E LOGISTICA DE MEDICAMENTOS
2021|3966,2021,3966,SERVICOS DE ABASTECIMENTO E DISTRIBUICAO DE AGUA
2021|3968,2021,3968,SERVICO DE IMPRENSA
2021|3969,2021,3969,CONTRATOS DE ENERGIA ELETRICA
2021|3971,2021,3971,SERVICOS TECN DE IMPLANTACAO GESTAO E ADM DO SIST DE OBSERV ELETRONICA
2021|3972,2021,3972,CONTRATOS DE ABASTECIMENTO DE AGUA E COLETA E TRATAMENTO DE ESGOTO
2021|3974,2021,3974,SERVICO DE REALIZACAO DE CONCURSO PUBLICO E PROCESSO SIMPLIFICADO
2021|3975,2021,3975,"SERVICO DE GERENCIAMENTO, SUPERVISAO E FISCALIZACAO DE SERVICOS"
2021|3976,2021,3976,SERVICO DE REMOCAO E TRANSPORTE DE CADAVERES
2021|3978,2021,3978,SERVICO DE APOIO ADMINISTRATIVO
2021|3981,2021,3981,SERVICO DE ELABORACAO DE ESTUDOS PREVIOS
2021|3982,2021,3982,SERVICOS TECNICOS JUDICIAIS - HONORARIOS JUSTICA GRATUITA
2021|3983,2021,3983,SERVICOS DE REALIZACAO DE PROCESSO DE CERTIFICACAO OCUPACIONAL
2021|3984,2021,3984,REMUNERACAO PAGA PELO PODER EXECUTIVO AO TJMG - DEPOSITOS JUDICIAIS
2021|3985,2021,3985,SERVICOS DE DESLOCAMENTO OU REMOCAO DE POSTES E REDE ELETRICA
2021|3986,2021,3986,DIREITOS AUTORAIS
2021|3987,2021,3987,SERVICOS DE GERENCIAMENTO E FORNECIMENTO DE COMBUSTIVEL
2021|3988,2021,3988,MULTA POR ATO INFRACIONAL
2021|3991,2021,3991,CONTRATAÇÃO PARA PRESTAÇÃO DE SERVIÇO POR CREDENCIADOS
2021|3992,2021,3992,CONTRATO DE GESTAO COM ORGANIZACAO SOCIAL - OS
2021|3993,2021,3993,APOIO A PROJETOS DE INCENTIVO E INOVAÇAO E A PESQUISA CIENTIFICA E TEC
2021|3994,2021,3994,CAPACITAÇÃO RELACIONADA AS ATIVIDADES DE AVIAÇÃO
2021|3996,2021,3996,TRANSFERENCIA ONEROSA DA POSSE DE IMOVEIS DE PROPRIEDADE DO ESTADO
2021|3997,2021,3997,HONORARIOS ADVOCATICIOS - ACORDOS EXTRAJUDICIAIS
2021|3998,2021,3998,SERVICOS DE SAUDE PRESTADOS CONTRATUALMENTE POR PESSOA JURIDICA
2021|3999,2021,3999,OUTROS SERVICOS PESSOA JURIDICA
2021|4002,2021,4002,SERVICO DE TECNOLOGIA DA INFORMACAO
2021|4003,2021,4003,SERVICO DE INFORMATICA EXECUTADO PELA PRODEMGE
2021|4004,2021,4004,SERVICO DE TELECOMUNICACAO
2021|4005,2021,4005,REDE IP MULTISSERVICOS
2021|4006,2021,4006,AQUISIÇÃO DE SOFTWARE
2021|4007,2021,4007,AQUISICAO DE SOFTWARE DESENVOLVIDO PELA PRODEMGE
2021|4101,2021,4101,CONTRIBUICOES
2021|4103,2021,4103,CONTRIBUICOES AO IPLEMG
2021|4104,2021,4104,CONTRIBUICOES DO FUNDO ESTADUAL DE SAUDE - FES - LC 141/2012
2021|4105,2021,4105,TRANSFERENCIA AO PREVCOM
2021|4106,2021,4106,TRANSFERENCIA PARA FINANCIAMENTO DO TRANSPORTE ESCOLAR
2021|4108,2021,4108,TRANSFERENCIAS ESPECIAIS A MUNICIPIOS - EMENDAS
2021|4109,2021,4109,TRANSFERENCIAS ESPECIAIS A MUNICIPIOS - OUTRAS
2021|4201,2021,4201,AUXILIOS
2021|4301,2021,4301,SUBVENCOES SOCIAIS
2021|4501,2021,4501,SUBVENCOES ECONOMICAS
2021|4601,2021,4601,AUXILIO-ALIMENTACAO - PECUNIA
2021|4602,2021,4602,AUXILIO ALIMENTACAO BILHETE OU CARTAO MAGNETICO
2021|4702,2021,4702,IMPOSTO DE RENDA - IR
2021|4703,2021,4703,IMPOSTO PREDIAL TERRITORIAL URBANO - IPTU
2021|4706,2021,4706,CONTRIBUICAO PARA A FORMACAO DO PASEP/PIS
2021|4707,2021,4707,TAXA DE LIMPEZA PUBLICA E COLETA DE RESIDUOS
2021|4708,2021,4708,TAXA DE ILUMINACAO PUBLICA
2021|4709,2021,4709,TAXAS AMBIENTAIS
2021|4710,2021,4710,PASEP - ADESAO AO PARCELAMENTO DECORRENTE DE LEI ESPECIFICA
2021|4799,2021,4799,OUTROS - OBRIGACOES TRIBUTARIAS E CONTRIBUTIVAS
2021|4801,2021,4801,OUTROS AUXILIOS FINANCEIROS A PESSOAS FISICAS
2021|4803,2021,4803,AUXILIO PARA PROFISSIONAIS DE PROGRAMAS DE CAPACITACAO E FORMACAO
2021|4901,2021,4901,AUXILIO-TRANSPORTE - PECUNIA
2021|4902,2021,4902,AUXILIO-TRANSPORTE - PODER LEGISLATIVO
2021|4903,2021,4903,DESPESA DE TRANSPORTE DEVIDA A SERVIDORES DOS PODERES DO ESTADO
2021|4904,2021,4904,AUXILIO TRANSPORTE BILHETE OU CARTAO MAGNETICO
2021|4905,2021,4905,AUXILIO TRANSPORTE PAGO A ESTAGIARIOS PECUNIA
2021|4906,2021,4906,AUXILIO TRANSPORTE PAGO A ESTAGIARIO BILHETE OU CARTAO MAGNETICO
2021|5101,2021,5101,ESTUDOS E PROJETOS DE BENS PATRIMONIAVEIS
2021|5102,2021,5102,EXECUCAO DIRETA DE OBRAS DE BENS PATRIMONIAVEIS
2021|5103,2021,5103,EXECUCAO DE OBRAS POR CONTRATO DE BENS PATRIMONIAVEIS
2021|5106,2021,5106,ESTUDOS E PROJETOS DE BENS NAO PATRIMONIAVEIS
2021|5107,2021,5107,EXECUCAO DE OBRAS POR CONTRATO DE BENS NAO PATRIMONIAVEIS
2021|5110,2021,5110,MATERIAL PARA OBRAS - BENS PATRIMONIAVEIS
2021|5112,2021,5112,MATERIAL PARA OBRAS - BENS NAO PATRIMONIAVEIS
2021|5113,2021,5113,INSTALACAO PARA INCORPORACAO A BENS IMOVEIS
2021|5114,2021,5114,EXECUCAO DE OBRAS POR EMPRESAS CONTROLADAS
2021|5201,2021,5201,AERONAVES E COMPONENTES ESTRUTURAIS
2021|5202,2021,5202,"ANIMAIS DE TRABALHO, PRODUCAO E / OU REPRODUCAO"
2021|5203,2021,5203,ARMAMENTO E EQUIPAMENTO DE USO POLICIAL
2021|5204,2021,5204,"MAQUINAS, APARELHOS, UTENSILIOS E EQUIPAMENTOS DE USO INDUSTRIAL"
2021|5205,2021,5205,"EMBARCACOES, PONTOES, DIQUES, FLUTUANTES E COMP. ESTRUTURAIS"
2021|5206,2021,5206,EQUIPAMENTOS DE COMUNICACAO E TELEFONIA
2021|5207,2021,5207,EQUIPAMENTOS DE INFORMATICA
2021|5208,2021,5208,"EQUIPAMENTOS DE SOM, VIDEO, FOTOGRAFICO E CINEMATOGRAFICO"
2021|5209,2021,5209,"EQUIPAMENTOS HOSPITALARES, ODONTOLOGICOS E DE LABORATORIO"
2021|5210,2021,5210,"FERRAMENTAS, EQUIP. E INSTRUMENTOS P/ OFICINA, MEDICAO E INSPECAO"
2021|5211,2021,5211,"INSTRUMENTOS DE LABORATORIO, MEDICOS E ODONTOLOGICOS"
2021|5212,2021,5212,"MAQUINAS, APARELHOS, UTENSILIOS E EQUIPAMENTOS  USO ADMINISTRATIVO"
2021|5213,2021,5213,MATERIAL ESPORTIVO E RECREATIVO
2021|5214,2021,5214,MOBILIARIO
2021|5215,2021,5215,OBJETOS DE ARTE E ANTIGUIDADES
2021|5216,2021,5216,"TRATORES, SIMILARES E IMPLEMENTOS"
2021|5217,2021,5217,VEICULOS
2021|5218,2021,5218,COLECAO E MATERIAIS BIBLIOGRAFICOS
2021|5219,2021,5219,INSTRUMENTOS MUSICAIS E ARTISTICOS
2021|5220,2021,5220,EQUIPAMENTOS DE SEGURANCA ELETRONICA
2021|5221,2021,5221,MATERIAL DIDATICO
2021|5222,2021,5222,ESTRUTURAS E COMPONENTES
2021|5225,2021,5225,APARELHOS E UTENSILIOS DOMESTICOS
2021|5226,2021,5226,"EQUIPAMENTOS DE PROTECAO, SEGURANCA E SOCORRO"
2021|5299,2021,5299,OUTROS MATERIAIS PERMANENTES
2021|5902,2021,5902,PENSAO ESPECIAL - LEI N 552/49
2021|5903,2021,5903,PENSAO ESPECIFICA DOS INSTITUTOS DE PREVIDENCIA
2021|5904,2021,5904,PENSAO DECORRENTE DE SENTENCA JUDICIAL - SERVIDOR
2021|5905,2021,5905,PENSAO DECORRENTE DE SENTENCA JUDICIAL - TERCEIROS
2021|5907,2021,5907,PENSAO ESPECIAL PARA AGENTES POLITICOS SERVIDORES PUBLICOS E ESTATAIS
2021|5908,2021,5908,PENSOES DECORRENTES DA LEI N 21527 2014
2021|6101,2021,6101,TERRENOS
2021|6102,2021,6102,SALAS E ESCRITORIOS
2021|6104,2021,6104,EDIFICIOS
2021|6106,2021,6106,IMOVEIS NECESSARIOS A REALIZACAO DE OBRAS DE BENS PATRIMONIAVEIS
2021|6107,2021,6107,IMOVEIS NECESSARIOS A REALIZACAO DE OBRAS DE BENS NAO-PATRIMONIAVEIS
2021|6501,2021,6501,CONSTITUICAO OU AUMENTO DE CAPITAL DE EMPRESAS-CAPITAL A INTEGRALIZAR
2021|6502,2021,6502,CONSTITUICAO OU AUMENTO DE CAPITAL DE EMPRESAS-CAPITAL INTEGRALIZADO
2021|6603,2021,6603,CONCESSAO DE FINANCIAMENTOS HABITACIONAIS
2021|7101,2021,7101,PRINCIPAL DA DIVIDA INTERNA POR CONTRATOS
2021|7102,2021,7102,PRINCIPAL DA DIVIDA EXTERNA POR CONTRATOS
2021|7104,2021,7104,PRINCIPAL DO PARCELAMENTO DA DIVIDA PREVIDENCIARIA - INSS
2021|7106,2021,7106,PRINCIPAL DE OUTRAS DIVIDAS RENEGOCIADAS
2021|7107,2021,7107,PRINCIPAL DO PARCELAMENTO DA DIVIDA REFERENTE AO PASEP
2021|7108,2021,7108,PRINCIPAL DA DÍVIDA INTERNA POR CONTRATOS REFINANCIADA
2021|8102,2021,8102,COTA PARTE DO IPVA
2021|8103,2021,8103,COTA PARTE DO ICMS
2021|8104,2021,8104,COTA PARTE DO IPI
2021|8105,2021,8105,COTA PARTE DA CIDE
2021|8301,2021,8301,PARCELAS DAS CONTRAPRESTACOES REFERENTES A REMUNERACAO DO PARCEIRO
2021|8303,2021,8303,OUTRAS DESPESAS DECORRENTES DE CONTRATO DE PARCERIA PUBLICO-PRIVADA
2021|9102,2021,9102,PRECATORIOS - PESSOAL
2021|9103,2021,9103,OUTRAS SENTENCAS JUDICIAIS
2021|9107,2021,9107,PRECATORIOS - OUTROS
2021|9108,2021,9108,OUTRAS DECISOES JUDICIAIS - DEPOSITO EM CONTA CORRENTE OU A DISPOSICAO
2021|9109,2021,9109,SENTENCA ARBITRAL
2021|9201,2021,9201,DESPESAS DE EXERCICIOS ANTERIORES - PESSOAL
2021|9202,2021,9202,DESPESAS DE EXERCICIOS ANTERIORES - OUTRAS DESPESAS
2021|9203,2021,9203,DESPESA DE EXERCICIOS ANTERIORES - OBRIGACOES PATRONAIS
2021|9301,2021,9301,AJUDA DE CUSTO
2021|9302,2021,9302,AJUDA DE CUSTO ESPECIAL
2021|9305,2021,9305,DESPESAS DECORRENTES DE CONTRATOS DE CONCESSAO OU PERMISSAO
2021|9306,2021,9306,"REST DE REC DE CONVENIOS, DE CONTRAPARTIDAS E INSTRUMENTOS CONGENERES"
2021|9307,2021,9307,RESSARCIMENTO REFERENTE A PESSOAL REQUISITADO DA ADMINITRACAO ESTADUAL
2021|9308,2021,9308,DESPESAS DE CARATER INDENIZATORIO RELATIVAS AO MANDATO PARLAMENTAR
2021|9309,2021,9309,PREMIO DE PRODUTIVIDADE
2021|9310,2021,9310,RESTITUICAO DE RECEITA - EXERCICIO ANTERIOR
2021|9312,2021,9312,INDENIZACAO POR UTILIZACAO DE BENS DE TERCEIROS
2021|9313,2021,9313,REEMBOLSO DE DESPESAS MEDICO-HOSPITALARES
2021|9314,2021,9314,INDENIZACOES DETERMINADAS POR DECISOES JUDICIAIS
2021|9316,2021,9316,INDENIZACOES DETERMINADAS POR LEI ESPECIFICA
2021|9317,2021,9317,INDENIZACAO EXERCICIO DO CARGO DE CONSEL PRES E PROCURADOR JUNTO AO TC
2021|9318,2021,9318,AUXILIO MORADIA DE CARATER INDENIZATORIO RELATIVO AO MANDATO PARLAMENT
2021|9319,2021,9319,IND.DECORRENTES DA UTILZ. DE LEITOS DE INSTITUICOES DE SAUDE PRIVADAS
2021|9323,2021,9323,INDENIZACAO DECORRENTE DE AUXILIO SAUDE
2021|9326,2021,9326,"RESTITUICAO REFERENTE A TAXA DE INSCRICAO, MATERIAL E SIMILARES"
2021|9327,2021,9327,INDENIZACAO DE TRANSPORTE DEVIDA AO OFICIAL DE JUSTICA
2021|9329,2021,9329,RESSARCIMENTO SOBRE A REMUNERACAO DOS PRESOS EM TRABALHO
2021|9399,2021,9399,OUTRAS INDENIZACOES E RESTITUICOES
2021|9401,2021,9401,INDENIZACOES E RESTITUICOES TRABALHISTAS
2021|9601,2021,9601,RESSARCIMENTO DE DESPESAS DE PESSOAL REQUISITADO
2021|9701,2021,9701,APORTE PARA COBERTURA DO DEFICIT ATUARIAL DO RPPS
2022|0,2022,0,SEM INFORMACAO
2022|1,2022,1,"APOSENTADORIAS DO RPPS, RESERVA REMUNERADA E REFORMAS DOS MILITARES"
2022|3,2022,3,PENSOES DO RPPS E DO MILITAR
2022|4,2022,4,CONTRATACAO POR TEMPO DETERMINADO
2022|7,2022,7,CONTRIBUICAO A ENTIDADES FECHADAS DE PREVIDENCIA
2022|8,2022,8,OUTROS BENEFICIOS ASSISTENCIAIS DO SERVIDOR E DO MILITAR
2022|10,2022,10,SEGURO DESEMPREGO E ABONO SALARIAL
2022|11,2022,11,VENCIMENTOS E VANTAGENS FIXAS-PESSOAL CIVIL
2022|12,2022,12,VENCIMENTOS E VANTAGENS FIXAS - PESSOAL  MILITAR
2022|13,2022,13,OBRIGACOES PATRONAIS
2022|14,2022,14,DIARIAS - CIVIL
2022|15,2022,15,DIARIAS - MILITAR
2022|16,2022,16,OUTRAS DESPESAS VARIAVEIS - PESSOAL CIVIL
2022|17,2022,17,OUTRAS DESPESAS VARIAVEIS - PESSOAL MILITAR
2022|18,2022,18,AUXILIO FINANCEIRO A ESTUDANTES
2022|19,2022,19,AUXILIO-FARDAMENTO
2022|20,2022,20,AUXILIO FINANCEIRO A PESQUISADORES
2022|21,2022,21,JUROS SOBRE A DIVIDA POR CONTRATO
2022|22,2022,22,OUTROS ENCARGOS SOBRE A DIVIDA POR CONTRATO
2022|27,2022,27,"ENCARGOS PELA HONRA DE AVAIS, GARANTIAS, SEGUROS E SIMILARES"
2022|30,2022,30,MATERIAL DE CONSUMO
2022|31,2022,31,"PREMIACOES CULTURAIS, ARTISTICAS, CIENTIFICAS, DESPORTIVAS E OUTRAS."
2022|32,2022,32,"MATERIAL, BEM OU SERVICO PARA DISTRIBUICAO GRATUITA"
2022|33,2022,33,PASSAGENS E DESPESAS COM LOCOMOCAO
2022|34,2022,34,OUTRAS DESPESAS DE PESSOAL DECORRENTES DE CONTRATOS DE TERCEIRIZACAO
2022|35,2022,35,SERVICOS DE CONSULTORIA
2022|36,2022,36,OUTROS SERVICOS DE TERCEIROS - PESSOA FISICA
2022|37,2022,37,LOCACAO DE MAO-DE-OBRA
2022|38,2022,38,ARRENDAMENTO MERCANTIL
2022|39,2022,39,OUTROS SERVICOS DE TERCEIROS - PESSOA JURIDICA
2022|40,2022,40,SERVICOS DE TECNOLOGIA DA INFORMACAO E COMUNICACAO -  PESSOA JURIDICA
2022|41,2022,41,CONTRIBUICOES
2022|42,2022,42,AUXILIOS
2022|43,2022,43,SUBVENCOES SOCIAIS
2022|45,2022,45,SUBVENCOES ECONOMICAS
2022|46,2022,46,AUXILIO-ALIMENTACAO
2022|47,2022,47,OBRIGACOES TRIBUTARIAS E CONTRIBUTIVAS
2022|48,2022,48,OUTROS AUXILIOS FINANCEIROS A PESSOAS FISICAS
2022|49,2022,49,AUXILIO-TRANSPORTE
2022|51,2022,51,OBRAS E INSTALACOES
2022|52,2022,52,EQUIPAMENTOS E MATERIAL PERMANENTE
2022|59,2022,59,PENSOES ESPECIAIS
2022|61,2022,61,AQUISICAO DE IMOVEIS
2022|65,2022,65,CONSTITUICAO OU AUMENTO DE CAPITAL DE EMPRESAS
2022|66,2022,66,CONCESSAO DE EMPRESTIMOS E FINANCIAMENTOS
2022|71,2022,71,PRINCIPAL DA DIVIDA CONTRATUAL RESGATADO
2022|83,2022,83,"DESPESAS DECORRENTES DE CONTRATO DE PARCERIA PUBLICO-PRIVADA - PPP, EXCETO SUBVENCOES ECONOMICAS, AP"
2022|91,2022,91,SENTENCAS JUDICIAIS
2022|92,2022,92,DESPESAS DE EXERCICIOS ANTERIORES
2022|93,2022,93,INDENIZACOES E RESTITUICOES
2022|94,2022,94,INDENIZACOES E RESTITUICOES TRABALHISTAS
2022|97,2022,97,APORTE PARA COBERTURA DO DEFICIT ATUARIAL DO RPPS
2022|101,2022,101,PROVENTOS DE APOSENTADOS
2022|103,2022,103,PROVENTOS DE MILITARES INATIVOS
2022|108,2022,108,SUBSIDIO APOSENTADOS DA EDUCACAO
2022|307,2022,307,PENSOES CIVIS DO RPPS
2022|308,2022,308,PENSOES DO MILITAR
2022|401,2022,401,CONTRATACAO POR TEMPO DETERMINADO
2022|403,2022,403,OBRIGACAO PATRONAL - CONTRATOS POR TEMPO DETERMINADO - INSS
2022|404,2022,404,OBRIGACAO PATRONAL - CONTRATO POR TEMPO DETERMINADO - ASSIST. A SAUDE
2022|405,2022,405,AGENTES PENITENCIARIOS
2022|406,2022,406,SALARIO FAMILIA
2022|407,2022,407,ABONO - RATEIO DOS RECURSOS DO FUNDEB - CONTRAT. POR TEMPO DETERMINADO
2022|701,2022,701,CONTRIBUICAO A ENTIDADES FECHADAS DE PREVIDENCIA
2022|802,2022,802,AUXILIO-FUNERAL
2022|803,2022,803,AUXILIO-CRECHE OU ASSISTENCIA PRE-ESCOLAR
2022|804,2022,804,INDENIZACAO SECURITARIA
2022|805,2022,805,AUXILIO-NATALIDADE
2022|807,2022,807,AUXILIO INVALIDEZ
2022|809,2022,809,AUXILIO RECLUSAO
2022|810,2022,810,SALARIO FAMILIA
2022|811,2022,811,PECULIO E SEGURO COLETIVO
2022|899,2022,899,AUXILIOS DIVERSOS
2022|1101,2022,1101,VENCIMENTOS
2022|1102,2022,1102,DESIGNADOS DO MAGISTERIO
2022|1103,2022,1103,ADICIONAL POR TEMPO DE SERVICO
2022|1106,2022,1106,GRATIFICACAO DE COORDENADOR DE ESCOLA
2022|1107,2022,1107,GRATIFICACAO DE INCENTIVO A DOCENCIA
2022|1108,2022,1108,VERBA DE REPRESENTACAO
2022|1109,2022,1109,GRATIFICACAO DE RISCO DE CONTAGIO E RAIO X
2022|1112,2022,1112,GRATIFICACAO DE ESTIMULO A PRODUCAO INDIVIDUAL - GEPI
2022|1113,2022,1113,GRATIFICACAO DE EXERCICIO DO PODER JUDICIARIO
2022|1117,2022,1117,GRATIFICACAO DE CARGO EM COMISSAO
2022|1118,2022,1118,GRATIFICACAO POR PLANTAO
2022|1119,2022,1119,VANTAGEM PESSOAL
2022|1121,2022,1121,ABONO DE FERIAS
2022|1122,2022,1122,GRATIFICACAO DE NATAL
2022|1123,2022,1123,"GRATIFICACAO DE RISCO DE VIDA, SAUDE E CONTAGIO"
2022|1127,2022,1127,GRATIFICACAO DE INCENTIVO AO MERITO FUNCIONAL
2022|1128,2022,1128,GRATIFICACAO DE FUNCAO DE AGENTES DE SEGURANCA
2022|1129,2022,1129,GRATIFICACAO DE ASSESSORAMENTO
2022|1130,2022,1130,GRATIFICACAO ESPECIAL-GABINETE MILITAR
2022|1133,2022,1133,GRATIFICACAO DE INCENTIVO A EFICIENTIZACAO DOS SERVICOS - GIEFS
2022|1134,2022,1134,HONORARIOS
2022|1135,2022,1135,GRATIFICACAO DE DEDICACAO EXCLUSIVA
2022|1137,2022,1137,PARCELA REMUNERATORIA COMPLEMENTAR-PRC
2022|1139,2022,1139,ADICIONAL DE LOCAL DE TRABALHO
2022|1140,2022,1140,GRATIFICACAO DE FUNCAO
2022|1141,2022,1141,GRATIFICACAO POR CURSO
2022|1143,2022,1143,GRATIFICACAO DE ORGAO DE DELIBERACAO COLETIVA
2022|1144,2022,1144,ABONO DE PERMANENCIA
2022|1145,2022,1145,VANTAGEM TEMPORARIA INCORPORAVEL
2022|1146,2022,1146,GRATIFICACAO DE DESEMPENHO DE PRODUTIVIDADE INDIVIDUAL E INSTITUCIONAL
2022|1147,2022,1147,GRATIFICACAO DE ESCOLARIDADE DESEMPENHO E PROD INDIVID E INSTITUCIONAL
2022|1148,2022,1148,ADICIONAL DE DESEMPENHO - PESSOAL CIVIL
2022|1149,2022,1149,GRATIFICACAO COMPLEMENTAR DE PRODUTIVIDADE
2022|1150,2022,1150,SUBSIDIO - SERVIDORES DA EDUCACAO EFETIVOS
2022|1151,2022,1151,SUBSIDIO - SERVIDORES DA EDUCACAO DESIGNADOS
2022|1152,2022,1152,SUBSIDIO - SERVIDORES DA EDUCACAO DE EXTENSAO CARGA HORARIA
2022|1154,2022,1154,GRATIFICACAO DE SERVICOS DE SEGURIDADE SOCIAL
2022|1155,2022,1155,GRATIFICACAO DE FUNCAO DE PESQUISA E ENSINO - GFPE / LEI 20.591/2012
2022|1157,2022,1157,GRATIFICACAO INCENTIVO PRODUTIVIDADE PROFISSIONAIS DE ENGENHARIA E ARQ
2022|1158,2022,1158,ABONO SALARIAL DO PODER JUDICIARIO
2022|1159,2022,1159,FUNCOES DE CONFIANCA
2022|1160,2022,1160,GRATIFICACAO PELO CUMPRIMENTO DE METAS EXTRAORDINARIAS
2022|1164,2022,1164,GRATIFICACAO DE SERVICOS DE SEGURANCA
2022|1165,2022,1165,ABONO - RATEIO DOS RECURSOS DO FUNDEB
2022|1199,2022,1199,OUTROS
2022|1201,2022,1201,REMUNERACAO BASICA
2022|1202,2022,1202,ADICIONAL POR TEMPO DE SERVICO
2022|1203,2022,1203,GRATIFICACOES ESPECIAIS
2022|1204,2022,1204,FERIAS-PREMIO
2022|1205,2022,1205,ABONO DE FERIAS
2022|1206,2022,1206,SUBSTITUICAO TEMPORARIA
2022|1207,2022,1207,GRATIFICACAO DE NATAL
2022|1208,2022,1208,ADICIONAL DE DESEMPENHO - PESSOAL MILITAR
2022|1209,2022,1209,ABONO PERMANENCIA
2022|1210,2022,1210,GRATIFICACAO MENSAL PRO LABORE
2022|1299,2022,1299,OUTRAS
2022|1304,2022,1304,INSS - FOLHA
2022|1305,2022,1305,OBRIGACAO PATRONAL - PESSOAL ATIVO
2022|1306,2022,1306,OBRIGACAO PATRONAL - PESSOAL INATIVO
2022|1307,2022,1307,OBRIGACAO PATRONAL - CONTRATOS DE TERCEIRIZACAO
2022|1308,2022,1308,OBRIGACAO PATRONAL - PENSIONISTAS
2022|1309,2022,1309,OBRIGACAO PATRONAL - PRECATORIOS
2022|1310,2022,1310,OBRIGACAO PATRONAL - OUTRAS SENTENCAS JUDICIAIS
2022|1313,2022,1313,OBRIGACAO PATRONAL - MEDICOS RESIDENTES
2022|1314,2022,1314,OBRIGACAO PATRONAL - ENCARGOS POR PAGAMENTO EM ATRASO
2022|1317,2022,1317,INSS - DEMAIS DESPESAS
2022|1321,2022,1321,OBRIGACAO PATRONAL - PESSOAL ATIVO - DESPESAS COM ASSISTENCIA A SAUDE
2022|1322,2022,1322,OBRIGACAO PATRONAL - PESSOAL INATIVO - DESPESAS COM ASSITENCIA A SAUDE
2022|1325,2022,1325,OBRIGACAO PATRONAL - ADESAO AO PARCELAMENTO DECORRENTE DE LEI ESP.
2022|1326,2022,1326,OBRIGACAO PATRONAL SUPLEMENTAR - PESSOAL ATIVO
2022|1401,2022,1401,DIARIAS - CIVIL
2022|1501,2022,1501,DIARIAS - MILITAR
2022|1601,2022,1601,SERVICO EXTRAORDINARIO
2022|1602,2022,1602,SUBSTITUICAO EM CARGOS EM COMISSAO
2022|1603,2022,1603,AULAS FACULTATIVAS
2022|1604,2022,1604,GRATIFICACAO POR ENCARGOS EXTRAORDINARIOS
2022|1605,2022,1605,FERIAS-PREMIO
2022|1606,2022,1606,JORNADA COMPLEMENTAR DE TRABALHO
2022|1701,2022,1701,OUTRAS DESPESAS VARIAVEIS - PESSOAL MILITAR
2022|1801,2022,1801,AUXILIO FINANCEIRO A ESTUDANTES
2022|1901,2022,1901,AUXILIO-FARDAMENTO PAGO A SERVIDOR OU MILITAR
2022|1903,2022,1903,AUXILIO-FARDAMENTO PAGO A PESSOAL CONTRATADO
2022|2001,2022,2001,AUXILIO FINANCEIRO A PESQUISADORES
2022|2101,2022,2101,JUROS SOBRE A DIVIDA INTERNA POR CONTRATOS
2022|2102,2022,2102,JUROS SOBRE A DIVIDA EXTERNA POR CONTRATOS
2022|2103,2022,2103,JUROS DA DIVIDA COM OS INSTITUTOS DE PREVIDENCIA
2022|2104,2022,2104,JUROS SOBRE O PARCELAMENTO DA DIVIDA PREVIDENCIARIA
2022|2106,2022,2106,JUROS SOBRE O PARCELAMENTO DA DIVIDA COM O PASEP
2022|2107,2022,2107,JUROS SOBRE A DIVIDA COM O GARANTIDOR
2022|2108,2022,2108,JUROS SOBRE A DIVIDA INTERNA POR CONTRATOS REFINANCIADA
2022|2110,2022,2110,JUROS DA DIV REF A REGULARIZACAO DA COMPENS DAS PERDAS ARREC DO ICMS
2022|2201,2022,2201,OUTROS ENCARGOS SOBRE A DIVIDA INTERNA POR CONTRATOS
2022|2204,2022,2204,OUTROS ENCARGOS SOBRE A DIVIDA INTERNA POR CONTRATOS REFINANCIADA
2022|2701,2022,2701,"ENCARGOS PELA HONRA DE AVAIS, GARANTIAS, SEGUROS E SIMILARES"
2022|3001,2022,3001,ARTIGOS PARA CONFECCAO E VESTUARIO
2022|3002,2022,3002,ARTIGOS PARA ESPORTE
2022|3003,2022,3003,"UTENSILIOS PARA COPA, REFEITORIO E COZINHA"
2022|3004,2022,3004,MATERIAL GRAFICO E IMPRESSOS
2022|3005,2022,3005,MATERIAL PARA ESCRITORIO
2022|3006,2022,3006,MATERIAL DE DESENHO
2022|3007,2022,3007,MATERIAL DE ENSINO
2022|3008,2022,3008,PRODUTOS ALIMENTICIOS
2022|3009,2022,3009,FORRAGENS E OUTROS ALIMENTOS PARA ANIMAIS
2022|3010,2022,3010,MATERIAL MEDICO E HOSPITALAR
2022|3011,2022,3011,MATERIAL ODONTOLOGICO
2022|3012,2022,3012,MEDICAMENTOS
2022|3013,2022,3013,MATERIAIS DE LABORATORIO E PRODUTOS QUIMICOS EM GERAL
2022|3014,2022,3014,MATERIAL RADIOLOGICO
2022|3015,2022,3015,"MATERIAL FOTOGRAFICO, CINEMATOGRAFICO E DE COMUNICACAO"
2022|3016,2022,3016,MATERIAL DE INFORMATICA
2022|3017,2022,3017,ARTIGOS PARA LIMPEZA E HIGIENE
2022|3018,2022,3018,MATERIA-PRIMA E PROD. P/ MANIPULACAO E INDUSTRIAS DE TRANSFORMACAO
2022|3019,2022,3019,MATERIAL P/ MANUT. E REPAROS DE IMOVEIS DE PROPRIEDADE DA ADM. PUBLICA
2022|3020,2022,3020,MATERIAL ELETRICO
2022|3021,2022,3021,MATERIAL P/ MANUT. E REPAROS DE BENS DE DOMINIO PUB. OU DE TERCEIROS
2022|3022,2022,3022,"FERRAMENTAS, FERRAGENS E UTENSILIOS"
2022|3023,2022,3023,MATERIAL PARA MANUTENCAO DE VEICULOS AUTOMOTORES
2022|3024,2022,3024,PECAS E ACESSORIOS P/ EQUIP.  E OUTROS MATERIAIS PERMANENTES
2022|3025,2022,3025,"MATERIAL DE SEGURANCA, APETRECHOS OPERACIONAIS E POLICIAIS"
2022|3026,2022,3026,COMBUSTIVEIS E LUBRIFICANTES PARA VEICULOS AUTOMOTORES
2022|3027,2022,3027,COMBUSTIVEIS E LUBRIFICANTES P/ EQUIP. E OUTROS MAT.  PERMANENTES
2022|3029,2022,3029,"SEMENTES, MUDAS DE PLANTAS E INSUMOS"
2022|3030,2022,3030,MATERIAIS PARA ACONDICIONAMENTO E EMBALAGEM
2022|3031,2022,3031,LIVROS TECNICOS
2022|3032,2022,3032,MATERIAL CIVICO E EDUCATIVO
2022|3033,2022,3033,COMBUSTIVEIS E LUBRIFICANTES PARA AERONAVES
2022|3034,2022,3034,PECAS E ACESSORIOS PARA AERONAVES
2022|3036,2022,3036,MATERIAL BIBLIOGRAFICO PARA BIBLIOTECAS PUBLICAS
2022|3037,2022,3037,MEDICAMENTOS E MATERIAL MEDICO HOSPITALAR - DECISAO JUDICIAL
2022|3040,2022,3040,"MATERIAL DE CAMA, MESA E BANHO"
2022|3041,2022,3041,MATERIAL DE PROTECAO E SEGURANCA
2022|3099,2022,3099,OUTROS MATERIAIS
2022|3101,2022,3101,"PREMIOS, DIPLOMAS, CONDECORACOES E MEDALHAS"
2022|3102,2022,3102,PREMIOS LOTERICOS
2022|3104,2022,3104,PREMIACOES
2022|3201,2022,3201,MATERIAL DE DISTRIBUICAO GRATUITA
2022|3202,2022,3202,MATERIAL DE ASSISTENCIA HUMANITARIA
2022|3301,2022,3301,PASSAGENS - PESSOA FISICA
2022|3302,2022,3302,"DESPESAS COM TRANSPORTE URBANO, PEDAGIO E ESTACIONAMETO PESSOA FISICA"
2022|3303,2022,3303,FRETAMENTO E LOCACAO
2022|3304,2022,3304,PASSAGENS - PESSOA JURIDICA
2022|3305,2022,3305,"SERVICOS DE TRANSPORTES DE PASSAGEIROS, FRETAMENTO E LOCACAO PES JURID"
2022|3404,2022,3404,OBRIGACAO PATRONAL ASSISTENCIA A SAUDE
2022|3501,2022,3501,SERVICOS DE CONSULTORIA - PESSOA FISICA
2022|3502,2022,3502,SERVICOS DE CONSULTORIA - PESSOA JURIDICA
2022|3601,2022,3601,ESTAGIARIOS
2022|3602,2022,3602,MEDICOS RESIDENTES
2022|3604,2022,3604,DIARIAS A COLABORADORES EVENTUAIS
2022|3605,2022,3605,LOCACAO DE SERVICOS TECNICOS E ESPECIALIZADOS - PESSOA FISICA
2022|3608,2022,3608,MEDICOS
2022|3609,2022,3609,DENTISTAS
2022|3610,2022,3610,EVENTUAL DE GABINETE
2022|3611,2022,3611,LOCACAO DE BENS IMOVEIS
2022|3612,2022,3612,DESPESAS MIUDAS DE PRONTO PAGAMENTO
2022|3613,2022,3613,PESSOAL DE ENFERMAGEM
2022|3614,2022,3614,"MONITORES, FISCAIS E EXAMINADORES"
2022|3616,2022,3616,REPARO E MANUTENCAO DE VEICULOS
2022|3617,2022,3617,"REPAROS DE EQUIPAMENTOS, INSTALACOES E MATERIAL PERMANENTE"
2022|3618,2022,3618,REPAROS DE BENS IMOVEIS
2022|3619,2022,3619,CONFERENCIAS E EXPOSICOES
2022|3620,2022,3620,JETONS A CONSELHEIROS
2022|3621,2022,3621,ADVOGADOS DATIVOS
2022|3622,2022,3622,TAXA DE CONDOMINIO
2022|3623,2022,3623,GRATIFICACAO POR ENCARGO DE CURSO OU CONCURSO
2022|3624,2022,3624,SERVICOS TECNICOS JUDICIAIS - HONORARIOS JUSTICA GRATUITA
2022|3625,2022,3625,CONTRATACAO PARA PRESTACAO DE SERVIÇO POR CREDENCIADOS
2022|3626,2022,3626,SERVICOS DE ABASTECIMENTO E DISTRIBUICAO DE AGUA
2022|3627,2022,3627,JUIZES LEIGOS
2022|3628,2022,3628,SERVICOS TECNICOS JUDICIAIS - HONORARIOS PERICIAIS
2022|3629,2022,3629,DIREITOS AUTORAIS
2022|3630,2022,3630,SERVICOS MEDICOS PRESTADOS POR CONTRATO
2022|3631,2022,3631,"SERVICOS DE TREINAMENTO, CAPACITACAO E APERFEICOAMENTO DE PESSOAL"
2022|3699,2022,3699,OUTRAS DESPESAS PAGAS A PESSOAS FISICAS
2022|3701,2022,3701,LOCACAO DE SERVICOS DE CONSERVACAO E LIMPEZA
2022|3702,2022,3702,LOCACAO DE SERVICOS DE APOIO ADMINISTRATIVO
2022|3703,2022,3703,LOCACAO DE SERVICOS DE CONSERVACAO E LIMPEZA REALIZADOS PELA MGS
2022|3704,2022,3704,LOCACAO DE SERVICOS DE APOIO ADMINISTRATIVO REALIZADOS PELA MGS
2022|3705,2022,3705,DESPESAS COM O PAGAMENTO DE ENCARGOS TRABALHISTAS A MGS
2022|3901,2022,3901,VALE-TRANSPORTE
2022|3902,2022,3902,VALE-REFEICAO
2022|3903,2022,3903,FORNECIMENTO DE ALIMENTACAO
2022|3904,2022,3904,CONFECCAO EM GERAL
2022|3906,2022,3906,TRANSPORTE E ACONDICIONAMENTO DE MATERIAIS
2022|3908,2022,3908,PUBLICACAO E DIVULGACAO
2022|3909,2022,3909,PUBLICIDADE
2022|3910,2022,3910,PREMIOS DE SEGUROS
2022|3911,2022,3911,"ASSINATURAS DE JORNAIS, REVISTAS E PERIODICOS"
2022|3912,2022,3912,TARIFA DE ENERGIA ELETRICA
2022|3913,2022,3913,TARIFA DE AGUA E ESGOTO
2022|3914,2022,3914,SERVICO DE TELEFONIA
2022|3915,2022,3915,SERVICO POSTAL-TELEGRAFICO
2022|3916,2022,3916,LOCACAO DE TV POR ASSINATURA
2022|3917,2022,3917,LOCACAO DE VEICULOS
2022|3918,2022,3918,REPAROS DE VEICULOS
2022|3919,2022,3919,LOCACAO DE MAQUINAS E EQUIPAMENTOS
2022|3920,2022,3920,LOCACAO DE BENS IMOVEIS
2022|3921,2022,3921,"REPAROS DE EQUIPAMENTOS, INSTALACOES E MATERIAL PERMANENTE"
2022|3922,2022,3922,REPAROS DE BENS IMOVEIS
2022|3923,2022,3923,"RECEPCOES, HOSPEDAGENS, HOMENAGENS E FESTIVIDADES"
2022|3924,2022,3924,"CURSOS, EXPOSICOES, CONGRESSOS E CONFERENCIAS"
2022|3925,2022,3925,ENCARGOS JUDICIAIS
2022|3926,2022,3926,ENCARGOS FINANCEIROS
2022|3928,2022,3928,SERVICOS DE SAUDE EXECUTADOS COM RECURSOS DO SUS
2022|3929,2022,3929,SERVICOS DE SAUDE PRESTADOS POR PESSOA JURIDICA
2022|3930,2022,3930,MULTAS DE TRANSITO
2022|3931,2022,3931,LOCACAO DE SERVICOS GRAFICOS
2022|3933,2022,3933,TAXA DE ADMINISTRACAO
2022|3934,2022,3934,SEGUROS DE AERONAVES
2022|3935,2022,3935,"REPARO, MANUTENCAO, E SERVICOS AEROPORTUARIOS PARA AERONAVES"
2022|3937,2022,3937,TAXA DE CONDOMINIO
2022|3938,2022,3938,SERVICOS DE IMPRESSAO E ENCADERNACAO
2022|3939,2022,3939,SERVICOS DE PUBLICACAO E DIVULGACAO
2022|3941,2022,3941,ANUIDADES
2022|3942,2022,3942,SERVICOS GRAFICOS DE SEGURANCA
2022|3943,2022,3943,SERVICO DE ADMINISTRACAO E GERENCIAMENTO DE FROTA DE VEICULOS
2022|3946,2022,3946,TERMO DE PARCERIA COM ORGANIZACAO DA SOCIEDADE CIVIL DE INTERESSE PUBL
2022|3947,2022,3947,TAXA DE ADMINISTRACAO DE CREDITO DE FINANCIAMENTOS HABITACIONAIS
2022|3948,2022,3948,"CURSOS DE FORMACAO, CAPACITACAO E POS-GRADUACAO PARA SERVIDORES"
2022|3949,2022,3949,CURSOS DE FORMACAO E CAPACITACAO PARA O CIDADAO
2022|3950,2022,3950,SERVICOS DE AGENCIAMENTO DE VIAGENS
2022|3951,2022,3951,"SERVICOS DE GERENCIAMENTO, SUPERVISAO E FISCALIZACAO DE OBRAS"
2022|3952,2022,3952,CONTRATACAO DE ESTAGIARIOS
2022|3953,2022,3953,CURSOS DE FORMACAO E CAPACITACAO PROMOVIDOS PELO ESTADO
2022|3955,2022,3955,EVENTOS DE COMUNICACAO INSTITUCIONAL
2022|3956,2022,3956,SERVICOS DE PESQUISAS
2022|3958,2022,3958,"CONTRATACAO DE PROJETOS EM PESQUISA DE CIENCIA, INOVACAO E TECNOLOGIA"
2022|3959,2022,3959,SERVICOS SANITARIOS E TRATAMENTO DE RESIDUOS
2022|3960,2022,3960,SERVICOS DE ATENDIMENTO AO CIDADAO
2022|3961,2022,3961,SERVICOS DE CONSERVACAO E LIMPEZA
2022|3962,2022,3962,SERVICOS DE VIGILANCIA OSTENSIVA
2022|3963,2022,3963,SERVICOS DE LEVANTAMENTO E CADASTRAMENTO PARA EXECUCAO DE POL PUBLICAS
2022|3964,2022,3964,SERVICOS DE MAPEAMENTO E GEORREFERENCIAMENTO
2022|3965,2022,3965,SERVICOS DE PRODUCAO E LOGISTICA DE MEDICAMENTOS
2022|3966,2022,3966,SERVICOS DE ABASTECIMENTO E DISTRIBUICAO DE AGUA
2022|3968,2022,3968,SERVICO DE IMPRENSA
2022|3969,2022,3969,CONTRATOS DE ENERGIA ELETRICA
2022|3971,2022,3971,SERVICOS TECN DE IMPLANTACAO GESTAO E ADM DO SIST DE OBSERV ELETRONICA
2022|3972,2022,3972,CONTRATOS DE ABASTECIMENTO DE AGUA E COLETA E TRATAMENTO DE ESGOTO
2022|3973,2022,3973,SERVICO DE ENGENHARIA PARA OPERACAO DE BENS DE DOMINIO PUBLICO
2022|3974,2022,3974,SERVICO DE REALIZACAO DE CONCURSO PUBLICO E PROCESSO SIMPLIFICADO
2022|3975,2022,3975,"SERVICO DE GERENCIAMENTO, SUPERVISAO E FISCALIZACAO DE SERVICOS"
2022|3976,2022,3976,SERVICO DE REMOCAO E TRANSPORTE DE CADAVERES
2022|3977,2022,3977,PATROCINIO
2022|3978,2022,3978,SERVICO DE APOIO ADMINISTRATIVO
2022|3981,2022,3981,SERVICO DE ELABORACAO DE ESTUDOS PREVIOS
2022|3982,2022,3982,SERVICOS TECNICOS JUDICIAIS - HONORARIOS JUSTICA GRATUITA
2022|3983,2022,3983,SERVICOS DE REALIZACAO DE PROCESSO DE CERTIFICACAO OCUPACIONAL
2022|3985,2022,3985,SERVICOS DE DESLOCAMENTO OU REMOCAO DE POSTES E REDE ELETRICA
2022|3986,2022,3986,DIREITOS AUTORAIS
2022|3987,2022,3987,SERVICOS DE GERENCIAMENTO E FORNECIMENTO DE COMBUSTIVEL
2022|3988,2022,3988,MULTA POR ATO INFRACIONAL
2022|3991,2022,3991,CONTRATAÇÃO PARA PRESTAÇÃO DE SERVIÇO POR CREDENCIADOS
2022|3992,2022,3992,CONTRATO DE GESTAO COM ORGANIZACAO SOCIAL - OS
2022|3993,2022,3993,APOIO A PROJETOS DE INCENTIVO E INOVAÇAO E A PESQUISA CIENTIFICA E TEC
2022|3994,2022,3994,CAPACITAÇÃO RELACIONADA AS ATIVIDADES DE AVIAÇÃO
2022|3995,2022,3995,SERVICOS NOTARIAIS E DE REGISTRO
2022|3996,2022,3996,TRANSFERENCIA ONEROSA DA POSSE DE IMOVEIS DE PROPRIEDADE DO ESTADO
2022|3997,2022,3997,HONORARIOS ADVOCATICIOS - ACORDOS EXTRAJUDICIAIS
2022|3998,2022,3998,SERVICOS DE SAUDE PRESTADOS CONTRATUALMENTE POR PESSOA JURIDICA
2022|3999,2022,3999,OUTROS SERVICOS PESSOA JURIDICA
2022|4002,2022,4002,SERVICO DE TECNOLOGIA DA INFORMACAO
2022|4003,2022,4003,SERVICO DE INFORMATICA EXECUTADO PELA PRODEMGE
2022|4004,2022,4004,SERVICO DE TELECOMUNICACAO
2022|4005,2022,4005,REDE IP MULTISSERVICOS
2022|4006,2022,4006,AQUISIÇÃO DE SOFTWARE
2022|4007,2022,4007,AQUISICAO DE SOFTWARE DESENVOLVIDO PELA PRODEMGE
2022|4101,2022,4101,CONTRIBUICOES
2022|4103,2022,4103,CONTRIBUICOES AO IPLEMG
2022|4104,2022,4104,CONTRIBUICOES DO FUNDO ESTADUAL DE SAUDE - FES - LC 141/2012
2022|4105,2022,4105,TRANSFERENCIA AO PREVCOM
2022|4106,2022,4106,TRANSFERENCIA PARA FINANCIAMENTO DO TRANSPORTE ESCOLAR
2022|4108,2022,4108,TRANSFERENCIAS ESPECIAIS A MUNICIPIOS - EMENDAS
2022|4109,2022,4109,TRANSFERENCIAS ESPECIAIS A MUNICIPIOS - OUTRAS
2022|4110,2022,4110,TRANSFERENCIAS AOS MUNICIPIOS - LC N 194/2022
2022|4201,2022,4201,AUXILIOS
2022|4301,2022,4301,SUBVENCOES SOCIAIS
2022|4501,2022,4501,SUBVENCOES ECONOMICAS
2022|4502,2022,4502,SUBVENCAO ECONOMICA - TRANSPORTE PUBLICO COLETIVO
2022|4601,2022,4601,AUXILIO-ALIMENTACAO - PECUNIA
2022|4602,2022,4602,AUXILIO ALIMENTACAO BILHETE OU CARTAO MAGNETICO
2022|4702,2022,4702,IMPOSTO DE RENDA - IR
2022|4703,2022,4703,IMPOSTO PREDIAL TERRITORIAL URBANO - IPTU
2022|4704,2022,4704,IMPOSTO SOBRE OPERACOES FINANCEIRAS - IOF
2022|4706,2022,4706,CONTRIBUICAO PARA A FORMACAO DO PASEP/PIS
2022|4707,2022,4707,TAXA DE LIMPEZA PUBLICA E COLETA DE RESIDUOS
2022|4708,2022,4708,TAXA DE ILUMINACAO PUBLICA
2022|4709,2022,4709,TAXAS AMBIENTAIS
2022|4710,2022,4710,PASEP - ADESAO AO PARCELAMENTO DECORRENTE DE LEI ESPECIFICA
2022|4799,2022,4799,OUTROS - OBRIGACOES TRIBUTARIAS E CONTRIBUTIVAS
2022|4801,2022,4801,OUTROS AUXILIOS FINANCEIROS A PESSOAS FISICAS
2022|4803,2022,4803,AUXILIO PARA PROFISSIONAIS DE PROGRAMAS DE CAPACITACAO E FORMACAO
2022|4901,2022,4901,AUXILIO-TRANSPORTE - PECUNIA
2022|4902,2022,4902,AUXILIO-TRANSPORTE - PODER LEGISLATIVO
2022|4903,2022,4903,DESPESA DE TRANSPORTE DEVIDA A SERVIDORES DOS PODERES DO ESTADO
2022|4904,2022,4904,AUXILIO TRANSPORTE BILHETE OU CARTAO MAGNETICO
2022|4905,2022,4905,AUXILIO TRANSPORTE PAGO A ESTAGIARIOS PECUNIA
2022|4906,2022,4906,AUXILIO TRANSPORTE PAGO A ESTAGIARIO BILHETE OU CARTAO MAGNETICO
2022|5101,2022,5101,ESTUDOS E PROJETOS DE BENS PATRIMONIAVEIS
2022|5103,2022,5103,EXECUCAO DE OBRAS POR CONTRATO DE BENS PATRIMONIAVEIS
2022|5106,2022,5106,ESTUDOS E PROJETOS DE BENS NAO PATRIMONIAVEIS
2022|5107,2022,5107,EXECUCAO DE OBRAS POR CONTRATO DE BENS NAO PATRIMONIAVEIS
2022|5110,2022,5110,MATERIAL PARA OBRAS - BENS PATRIMONIAVEIS
2022|5112,2022,5112,MATERIAL PARA OBRAS - BENS NAO PATRIMONIAVEIS
2022|5113,2022,5113,INSTALACAO PARA INCORPORACAO A BENS IMOVEIS
2022|5114,2022,5114,EXECUCAO DE OBRAS POR EMPRESAS CONTROLADAS
2022|5201,2022,5201,AERONAVES E COMPONENTES ESTRUTURAIS
2022|5202,2022,5202,"ANIMAIS DE TRABALHO, PRODUCAO E / OU REPRODUCAO"
2022|5203,2022,5203,ARMAMENTO E EQUIPAMENTO DE USO POLICIAL
2022|5204,2022,5204,"MAQUINAS, APARELHOS, UTENSILIOS E EQUIPAMENTOS DE USO INDUSTRIAL"
2022|5205,2022,5205,"EMBARCACOES, PONTOES, DIQUES, FLUTUANTES E COMP. ESTRUTURAIS"
2022|5206,2022,5206,EQUIPAMENTOS DE COMUNICACAO E TELEFONIA
2022|5207,2022,5207,EQUIPAMENTOS DE INFORMATICA
2022|5208,2022,5208,"EQUIPAMENTOS DE SOM, VIDEO, FOTOGRAFICO E CINEMATOGRAFICO"
2022|5209,2022,5209,"EQUIPAMENTOS HOSPITALARES, ODONTOLOGICOS E DE LABORATORIO"
2022|5210,2022,5210,"FERRAMENTAS, EQUIP. E INSTRUMENTOS P/ OFICINA, MEDICAO E INSPECAO"
2022|5211,2022,5211,"INSTRUMENTOS DE LABORATORIO, MEDICOS E ODONTOLOGICOS"
2022|5212,2022,5212,"MAQUINAS, APARELHOS, UTENSILIOS E EQUIPAMENTOS  USO ADMINISTRATIVO"
2022|5213,2022,5213,MATERIAL ESPORTIVO E RECREATIVO
2022|5214,2022,5214,MOBILIARIO
2022|5215,2022,5215,OBJETOS DE ARTE E ANTIGUIDADES
2022|5216,2022,5216,"TRATORES, SIMILARES E IMPLEMENTOS"
2022|5217,2022,5217,VEICULOS
2022|5218,2022,5218,COLECAO E MATERIAIS BIBLIOGRAFICOS
2022|5219,2022,5219,INSTRUMENTOS MUSICAIS E ARTISTICOS
2022|5220,2022,5220,EQUIPAMENTOS DE SEGURANCA ELETRONICA
2022|5221,2022,5221,MATERIAL DIDATICO
2022|5222,2022,5222,ESTRUTURAS E COMPONENTES
2022|5225,2022,5225,APARELHOS E UTENSILIOS DOMESTICOS
2022|5226,2022,5226,"EQUIPAMENTOS DE PROTECAO, SEGURANCA E SOCORRO"
2022|5227,2022,5227,PECAS NAO INCORPORAVEIS A IMOVEIS
2022|5230,2022,5230,MÁQUINAS E EQUIPAMENTOS ENERGÉTICOS
2022|5299,2022,5299,OUTROS MATERIAIS PERMANENTES
2022|5902,2022,5902,PENSAO ESPECIAL - LEI N 552/49
2022|5903,2022,5903,PENSAO ESPECIFICA DOS INSTITUTOS DE PREVIDENCIA
2022|5904,2022,5904,PENSAO DECORRENTE DE SENTENCA JUDICIAL - SERVIDOR
2022|5905,2022,5905,PENSAO DECORRENTE DE SENTENCA JUDICIAL - TERCEIROS
2022|5907,2022,5907,PENSAO ESPECIAL PARA AGENTES POLITICOS SERVIDORES PUBLICOS E ESTATAIS
2022|5908,2022,5908,PENSOES DECORRENTES DA LEI N 21527 2014
2022|6101,2022,6101,TERRENOS
2022|6102,2022,6102,SALAS E ESCRITORIOS
2022|6104,2022,6104,EDIFICIOS
2022|6107,2022,6107,IMOVEIS NECESSARIOS A REALIZACAO DE OBRAS DE BENS NAO-PATRIMONIAVEIS
2022|6501,2022,6501,CONSTITUICAO OU AUMENTO DE CAPITAL DE EMPRESAS-CAPITAL A INTEGRALIZAR
2022|6502,2022,6502,CONSTITUICAO OU AUMENTO DE CAPITAL DE EMPRESAS-CAPITAL INTEGRALIZADO
2022|6603,2022,6603,CONCESSAO DE FINANCIAMENTOS HABITACIONAIS
2022|7101,2022,7101,PRINCIPAL DA DIVIDA INTERNA POR CONTRATOS
2022|7102,2022,7102,PRINCIPAL DA DIVIDA EXTERNA POR CONTRATOS
2022|7103,2022,7103,PRINCIPAL DA DIVIDA COM OS INSTITUTOS DE PREVIDENCIA
2022|7104,2022,7104,PRINCIPAL DO PARCELAMENTO DA DIVIDA PREVIDENCIARIA - INSS
2022|7106,2022,7106,PRINCIPAL DE OUTRAS DIVIDAS RENEGOCIADAS
2022|7107,2022,7107,PRINCIPAL DO PARCELAMENTO DA DIVIDA REFERENTE AO PASEP
2022|7108,2022,7108,PRINCIPAL DA DÍVIDA INTERNA POR CONTRATOS REFINANCIADA
2022|7109,2022,7109,PRINCIPAL DE EXECUCAO DE GARANTIAS HONRADAS PELA UNIAO
2022|7110,2022,7110,PRINCIPAL DA DIV REF A REGULARIZACAO DA COMPENS DAS PERDAS ARREC ICMS
2022|8301,2022,8301,PARCELAS DAS CONTRAPRESTACOES REFERENTES A REMUNERACAO DO PARCEIRO
2022|8303,2022,8303,OUTRAS DESPESAS DECORRENTES DE CONTRATO DE PARCERIA PUBLICO-PRIVADA
2022|9102,2022,9102,PRECATORIOS - PESSOAL
2022|9103,2022,9103,OUTRAS SENTENCAS JUDICIAIS
2022|9107,2022,9107,PRECATORIOS - OUTROS
2022|9108,2022,9108,OUTRAS DECISOES JUDICIAIS - DEPOSITO EM CONTA CORRENTE OU A DISPOSICAO
2022|9201,2022,9201,DESPESAS DE EXERCICIOS ANTERIORES - PESSOAL
2022|9202,2022,9202,DESPESAS DE EXERCICIOS ANTERIORES - OUTRAS DESPESAS
2022|9203,2022,9203,DESPESA DE EXERCICIOS ANTERIORES - OBRIGACOES PATRONAIS
2022|9301,2022,9301,AJUDA DE CUSTO
2022|9305,2022,9305,DESPESAS DECORRENTES DE CONTRATOS DE CONCESSAO OU PERMISSAO
2022|9306,2022,9306,"REST DE REC DE CONVENIOS, DE CONTRAPARTIDAS E INSTRUMENTOS CONGENERES"
2022|9307,2022,9307,RESSARCIMENTO REFERENTE A PESSOAL REQUISITADO DA ADMINITRACAO ESTADUAL
2022|9308,2022,9308,DESPESAS DE CARATER INDENIZATORIO RELATIVAS AO MANDATO PARLAMENTAR
2022|9309,2022,9309,PREMIO DE PRODUTIVIDADE
2022|9310,2022,9310,RESTITUICAO DE RECEITA - EXERCICIO ANTERIOR
2022|9312,2022,9312,INDENIZACAO POR UTILIZACAO DE BENS DE TERCEIROS
2022|9313,2022,9313,REEMBOLSO DE DESPESAS MEDICO-HOSPITALARES
2022|9314,2022,9314,INDENIZACOES DETERMINADAS POR DECISOES JUDICIAIS
2022|9316,2022,9316,INDENIZACOES DETERMINADAS POR LEI ESPECIFICA
2022|9317,2022,9317,INDENIZACAO EXERCICIO DO CARGO DE CONSEL PRES E PROCURADOR JUNTO AO TC
2022|9318,2022,9318,AUXILIO MORADIA DE CARATER INDENIZATORIO RELATIVO AO MANDATO PARLAMENT
2022|9319,2022,9319,IND.DECORRENTES DA UTILZ. DE LEITOS DE INSTITUICOES DE SAUDE PRIVADAS
2022|9323,2022,9323,INDENIZACAO DECORRENTE DE AUXILIO SAUDE
2022|9325,2022,9325,AUXILIO MORADIA DE CARATER INDENIZATORIO DEVIDO PELO TCE
2022|9326,2022,9326,"RESTITUICAO REFERENTE A TAXA DE INSCRICAO, MATERIAL E SIMILARES"
2022|9327,2022,9327,INDENIZACAO DE TRANSPORTE DEVIDA AO OFICIAL DE JUSTICA
2022|9329,2022,9329,RESSARCIMENTO SOBRE A REMUNERACAO DOS PRESOS EM TRABALHO
2022|9331,2022,9331,RESTITUICAO DE RECURSOS DE DEPOSITOS JUDICIAIS
2022|9332,2022,9332,DESP.REPASSE MUNIC-COMPENSAÇÃO PARCELAS VINCENDAS CONT DIV PERDA ICMS
2022|9333,2022,9333,RESTITUICAO DE RECURSOS - LC 151/2015
2022|9334,2022,9334,RECOMPOSICAO DOS DEPOSITOS JUDICIAIS - LC 151/2015
2022|9399,2022,9399,OUTRAS INDENIZACOES E RESTITUICOES
2022|9401,2022,9401,INDENIZACOES E RESTITUICOES TRABALHISTAS
2022|9601,2022,9601,RESSARCIMENTO DE DESPESAS DE PESSOAL REQUISITADO
2022|9701,2022,9701,APORTE PARA COBERTURA DO DEFICIT ATUARIAL DO RPPS
2023|0,2023,0,SEM INFORMACAO
2023|1,2023,1,"APOSENTADORIAS, RESERVA REMUNERADA E REFORMAS"
2023|3,2023,3,PENSOES
2023|4,2023,4,CONTRATACAO POR TEMPO DETERMINADO
2023|5,2023,5,OUTROS BENEFICIOS PREVIDENCIARIOS DO SERVIDOR OU DO MILITAR
2023|7,2023,7,CONTRIBUICAO A ENTIDADES FECHADAS DE PREVIDENCIA
2023|8,2023,8,OUTROS BENEFICIOS ASSISTENCIAIS DO SERVIDOR E DO MILITAR
2023|10,2023,10,SEGURO DESEMPREGO E ABONO SALARIAL
2023|11,2023,11,VENCIMENTOS E VANTAGENS FIXAS-PESSOAL CIVIL
2023|12,2023,12,VENCIMENTOS E VANTAGENS FIXAS - PESSOAL  MILITAR
2023|13,2023,13,OBRIGACOES PATRONAIS
2023|14,2023,14,DIARIAS - CIVIL
2023|15,2023,15,DIARIAS - MILITAR
2023|16,2023,16,OUTRAS DESPESAS VARIAVEIS - PESSOAL CIVIL
2023|17,2023,17,OUTRAS DESPESAS VARIAVEIS - PESSOAL MILITAR
2023|18,2023,18,AUXILIO FINANCEIRO A ESTUDANTES
2023|19,2023,19,AUXILIO-FARDAMENTO
2023|20,2023,20,AUXILIO FINANCEIRO A PESQUISADORES
2023|21,2023,21,JUROS SOBRE A DIVIDA POR CONTRATO
2023|22,2023,22,OUTROS ENCARGOS SOBRE A DIVIDA POR CONTRATO
2023|27,2023,27,"ENCARGOS PELA HONRA DE AVAIS, GARANTIAS, SEGUROS E SIMILARES"
2023|29,2023,29,DISTRIBUICAO DE RESULTADO DE EMPRESAS ESTATAIS DEPENDENTES
2023|30,2023,30,MATERIAL DE CONSUMO
2023|31,2023,31,"PREMIACOES CULTURAIS, ARTISTICAS, CIENTIFICAS, DESPORTIVAS E OUTRAS."
2023|32,2023,32,"MATERIAL, BEM OU SERVICO PARA DISTRIBUICAO GRATUITA"
2023|33,2023,33,PASSAGENS E DESPESAS COM LOCOMOCAO
2023|34,2023,34,OUTRAS DESPESAS DE PESSOAL DECORRENTES DE CONTRATOS DE TERCEIRIZACAO
2023|35,2023,35,SERVICOS DE CONSULTORIA
2023|36,2023,36,OUTROS SERVICOS DE TERCEIROS - PESSOA FISICA
2023|37,2023,37,LOCACAO DE MAO-DE-OBRA
2023|38,2023,38,ARRENDAMENTO MERCANTIL
2023|39,2023,39,OUTROS SERVICOS DE TERCEIROS - PESSOA JURIDICA
2023|40,2023,40,SERVICOS DE TECNOLOGIA DA INFORMACAO E COMUNICACAO -  PESSOA JURIDICA
2023|41,2023,41,CONTRIBUICOES
2023|42,2023,42,AUXILIOS
2023|43,2023,43,SUBVENCOES SOCIAIS
2023|45,2023,45,SUBVENCOES ECONOMICAS
2023|46,2023,46,AUXILIO-ALIMENTACAO
2023|47,2023,47,OBRIGACOES TRIBUTARIAS E CONTRIBUTIVAS
2023|48,2023,48,OUTROS AUXILIOS FINANCEIROS A PESSOAS FISICAS
2023|49,2023,49,AUXILIO-TRANSPORTE
2023|51,2023,51,OBRAS E INSTALACOES
2023|52,2023,52,EQUIPAMENTOS E MATERIAL PERMANENTE
2023|59,2023,59,PENSOES ESPECIAIS
2023|61,2023,61,AQUISICAO DE IMOVEIS
2023|65,2023,65,CONSTITUICAO OU AUMENTO DE CAPITAL DE EMPRESAS
2023|66,2023,66,CONCESSAO DE EMPRESTIMOS E FINANCIAMENTOS
2023|71,2023,71,PRINCIPAL DA DIVIDA CONTRATUAL RESGATADO
2023|81,2023,81,DISTRIBUICAO CONSTITUCIONAL OU LEGAL DE RECEITAS
2023|82,2023,82,APORTE DE RECURSOS PELO PARCEIRO PUBLICO EM FAVOR DO PARCEIRO PRIVADO DECORRENTE DE CONTRATO DE PARC
2023|83,2023,83,"DESPESAS DECORRENTES DE CONTRATO DE PARCERIA PUBLICO-PRIVADA - PPP, EXCETO SUBVENCOES ECONOMICAS, AP"
2023|86,2023,86,COMPENSACOES A REGIMES DE PREVIDENCIA
2023|91,2023,91,SENTENCAS JUDICIAIS
2023|92,2023,92,DESPESAS DE EXERCICIOS ANTERIORES
2023|93,2023,93,INDENIZACOES E RESTITUICOES
2023|94,2023,94,INDENIZACOES E RESTITUICOES TRABALHISTAS
2023|97,2023,97,APORTE PARA COBERTURA DO DEFICIT ATUARIAL DO RPPS
2023|99,2023,99,A CLASSIFICAR
2023|101,2023,101,PROVENTOS DE APOSENTADOS
2023|103,2023,103,PROVENTOS DE MILITARES INATIVOS
2023|108,2023,108,SUBSIDIO APOSENTADOS DA EDUCACAO
2023|109,2023,109,GRATIFICACAO DE NATAL - INATIVO CIVIL
2023|110,2023,110,GRATIFICACAO DE NATAL - INATIVO MILITAR
2023|307,2023,307,PENSOES CIVIS DO RPPS
2023|308,2023,308,PENSOES DO MILITAR
2023|401,2023,401,CONTRATACAO POR TEMPO DETERMINADO
2023|403,2023,403,OBRIGACAO PATRONAL - CONTRATOS POR TEMPO DETERMINADO - INSS
2023|404,2023,404,OBRIGACAO PATRONAL - CONTRATO POR TEMPO DETERMINADO - ASSIST. A SAUDE
2023|405,2023,405,AGENTES PENITENCIARIOS
2023|406,2023,406,SALARIO FAMILIA
2023|409,2023,409,OBRIGACAO PAT. - CONTRATOS POR TEMPO DET.- ENCARGOS POR PGTO EM ATRAS
2023|701,2023,701,CONTRIBUICAO A ENTIDADES FECHADAS DE PREVIDENCIA
2023|802,2023,802,AUXILIO-FUNERAL
2023|803,2023,803,AUXILIO-CRECHE OU ASSISTENCIA PRE-ESCOLAR
2023|804,2023,804,INDENIZACAO SECURITARIA
2023|805,2023,805,AUXILIO-NATALIDADE
2023|807,2023,807,AUXILIO INVALIDEZ
2023|809,2023,809,AUXILIO RECLUSAO
2023|810,2023,810,SALARIO FAMILIA
2023|811,2023,811,PECULIO E SEGURO COLETIVO
2023|899,2023,899,AUXILIOS DIVERSOS
2023|1101,2023,1101,VENCIMENTOS
2023|1102,2023,1102,DESIGNADOS DO MAGISTERIO
2023|1103,2023,1103,ADICIONAL POR TEMPO DE SERVICO
2023|1106,2023,1106,GRATIFICACAO DE COORDENADOR DE ESCOLA
2023|1107,2023,1107,GRATIFICACAO DE INCENTIVO A DOCENCIA
2023|1108,2023,1108,VERBA DE REPRESENTACAO
2023|1109,2023,1109,GRATIFICACAO DE RISCO DE CONTAGIO E RAIO X
2023|1112,2023,1112,GRATIFICACAO DE ESTIMULO A PRODUCAO INDIVIDUAL - GEPI
2023|1113,2023,1113,GRATIFICACAO DE EXERCICIO DO PODER JUDICIARIO
2023|1117,2023,1117,GRATIFICACAO DE CARGO EM COMISSAO
2023|1118,2023,1118,GRATIFICACAO POR PLANTAO
2023|1119,2023,1119,VANTAGEM PESSOAL
2023|1121,2023,1121,ABONO DE FERIAS
2023|1122,2023,1122,GRATIFICACAO DE NATAL
2023|1123,2023,1123,"GRATIFICACAO DE RISCO DE VIDA, SAUDE E CONTAGIO"
2023|1127,2023,1127,GRATIFICACAO DE INCENTIVO AO MERITO FUNCIONAL
2023|1128,2023,1128,GRATIFICACAO DE FUNCAO DE AGENTES DE SEGURANCA
2023|1129,2023,1129,GRATIFICACAO DE ASSESSORAMENTO
2023|1130,2023,1130,GRATIFICACAO ESPECIAL-GABINETE MILITAR
2023|1133,2023,1133,GRATIFICACAO DE INCENTIVO A EFICIENTIZACAO DOS SERVICOS - GIEFS
2023|1134,2023,1134,HONORARIOS
2023|1135,2023,1135,GRATIFICACAO DE DEDICACAO EXCLUSIVA
2023|1139,2023,1139,ADICIONAL DE LOCAL DE TRABALHO
2023|1140,2023,1140,GRATIFICACAO DE FUNCAO
2023|1141,2023,1141,GRATIFICACAO POR CURSO
2023|1143,2023,1143,GRATIFICACAO DE ORGAO DE DELIBERACAO COLETIVA
2023|1144,2023,1144,ABONO DE PERMANENCIA
2023|1145,2023,1145,VANTAGEM TEMPORARIA INCORPORAVEL
2023|1146,2023,1146,GRATIFICACAO DE DESEMPENHO DE PRODUTIVIDADE INDIVIDUAL E INSTITUCIONAL
2023|1147,2023,1147,GRATIFICACAO DE ESCOLARIDADE DESEMPENHO E PROD INDIVID E INSTITUCIONAL
2023|1148,2023,1148,ADICIONAL DE DESEMPENHO - PESSOAL CIVIL
2023|1149,2023,1149,GRATIFICACAO COMPLEMENTAR DE PRODUTIVIDADE
2023|1150,2023,1150,SUBSIDIO - SERVIDORES DA EDUCACAO EFETIVOS
2023|1151,2023,1151,SUBSIDIO - SERVIDORES DA EDUCACAO DESIGNADOS
2023|1152,2023,1152,SUBSIDIO - SERVIDORES DA EDUCACAO DE EXTENSAO CARGA HORARIA
2023|1154,2023,1154,GRATIFICACAO DE SERVICOS DE SEGURIDADE SOCIAL
2023|1155,2023,1155,GRATIFICACAO DE FUNCAO DE PESQUISA E ENSINO - GFPE / LEI 20.591/2012
2023|1157,2023,1157,GRATIFICACAO INCENTIVO PRODUTIVIDADE PROFISSIONAIS DE ENGENHARIA E ARQ
2023|1158,2023,1158,ABONO SALARIAL DO PODER JUDICIARIO
2023|1159,2023,1159,FUNCOES DE CONFIANCA
2023|1160,2023,1160,GRATIFICACAO PELO CUMPRIMENTO DE METAS EXTRAORDINARIAS
2023|1164,2023,1164,GRATIFICACAO DE SERVICOS DE SEGURANCA
2023|1165,2023,1165,ABONO - RATEIO DOS RECURSOS DO FUNDEB
2023|1199,2023,1199,OUTROS
2023|1201,2023,1201,REMUNERACAO BASICA
2023|1202,2023,1202,ADICIONAL POR TEMPO DE SERVICO
2023|1203,2023,1203,GRATIFICACOES ESPECIAIS
2023|1204,2023,1204,FERIAS-PREMIO
2023|1205,2023,1205,ABONO DE FERIAS
2023|1206,2023,1206,SUBSTITUICAO TEMPORARIA
2023|1207,2023,1207,GRATIFICACAO DE NATAL
2023|1208,2023,1208,ADICIONAL DE DESEMPENHO - PESSOAL MILITAR
2023|1209,2023,1209,ABONO PERMANENCIA
2023|1210,2023,1210,GRATIFICACAO MENSAL PRO LABORE
2023|1299,2023,1299,OUTRAS
2023|1304,2023,1304,INSS - FOLHA
2023|1305,2023,1305,OBRIGACAO PATRONAL - PESSOAL ATIVO
2023|1306,2023,1306,OBRIGACAO PATRONAL - PESSOAL INATIVO
2023|1307,2023,1307,OBRIGACAO PATRONAL - CONTRATOS DE TERCEIRIZACAO
2023|1308,2023,1308,OBRIGACAO PATRONAL - PENSIONISTAS
2023|1309,2023,1309,OBRIGACAO PATRONAL - PRECATORIOS
2023|1310,2023,1310,OBRIGACAO PATRONAL - OUTRAS SENTENCAS JUDICIAIS
2023|1314,2023,1314,OBRIGACAO PATRONAL - ENCARGOS POR PAGAMENTO EM ATRASO
2023|1317,2023,1317,INSS - DEMAIS DESPESAS
2023|1321,2023,1321,OBRIGACAO PATRONAL - PESSOAL ATIVO - DESPESAS COM ASSISTENCIA A SAUDE
2023|1322,2023,1322,OBRIGACAO PATRONAL - PESSOAL INATIVO - DESPESAS COM ASSITENCIA A SAUDE
2023|1324,2023,1324,OBRIGACAO PATRONAL DESPESAS COM ASSITENCIA A SAUDE OUTROS
2023|1325,2023,1325,OBRIGACAO PATRONAL - ADESAO AO PARCELAMENTO DECORRENTE DE LEI ESP.
2023|1326,2023,1326,OBRIGACAO PATRONAL SUPLEMENTAR - PESSOAL ATIVO
2023|1328,2023,1328,OBRIGACAO PATRONAL - FGTS
2023|1401,2023,1401,DIARIAS - CIVIL
2023|1501,2023,1501,DIARIAS - MILITAR
2023|1502,2023,1502,DIARIAS MILITAR - SCDP
2023|1601,2023,1601,SERVICO EXTRAORDINARIO
2023|1602,2023,1602,SUBSTITUICAO EM CARGOS EM COMISSAO
2023|1603,2023,1603,AULAS FACULTATIVAS
2023|1604,2023,1604,GRATIFICACAO POR ENCARGOS EXTRAORDINARIOS
2023|1605,2023,1605,FERIAS-PREMIO
2023|1606,2023,1606,JORNADA COMPLEMENTAR DE TRABALHO
2023|1701,2023,1701,OUTRAS DESPESAS VARIAVEIS - PESSOAL MILITAR
2023|1801,2023,1801,AUXILIO FINANCEIRO A ESTUDANTES
2023|1901,2023,1901,AUXILIO-FARDAMENTO PAGO A SERVIDOR OU MILITAR
2023|1903,2023,1903,AUXILIO-FARDAMENTO PAGO A PESSOAL CONTRATADO
2023|2001,2023,2001,AUXILIO FINANCEIRO A PESQUISADORES
2023|2101,2023,2101,JUROS SOBRE A DIVIDA INTERNA POR CONTRATOS
2023|2103,2023,2103,JUROS DA DIVIDA COM OS INSTITUTOS DE PREVIDENCIA
2023|2104,2023,2104,JUROS SOBRE O PARCELAMENTO DA DIVIDA PREVIDENCIARIA
2023|2106,2023,2106,JUROS SOBRE O PARCELAMENTO DA DIVIDA COM O PASEP
2023|2108,2023,2108,JUROS SOBRE A DIVIDA INTERNA POR CONTRATOS REFINANCIADA
2023|2110,2023,2110,JUROS DA DIV REF A REGULARIZ DA COMPENS DAS PERDAS DE ARRECAD DO ICMS
2023|2201,2023,2201,OUTROS ENCARGOS SOBRE A DIVIDA INTERNA POR CONTRATOS
2023|2701,2023,2701,"ENCARGOS PELA HONRA DE AVAIS, GARANTIAS, SEGUROS E SIMILARES"
2023|3001,2023,3001,ARTIGOS PARA CONFECCAO E VESTUARIO
2023|3002,2023,3002,ARTIGOS PARA ESPORTE
2023|3003,2023,3003,"UTENSILIOS PARA COPA, REFEITORIO E COZINHA"
2023|3004,2023,3004,MATERIAL GRAFICO E IMPRESSOS
2023|3005,2023,3005,MATERIAL PARA ESCRITORIO
2023|3006,2023,3006,MATERIAL DE DESENHO
2023|3007,2023,3007,MATERIAL DE ENSINO
2023|3008,2023,3008,PRODUTOS ALIMENTICIOS
2023|3009,2023,3009,FORRAGENS E OUTROS ALIMENTOS PARA ANIMAIS
2023|3010,2023,3010,MATERIAL MEDICO E HOSPITALAR
2023|3011,2023,3011,MATERIAL ODONTOLOGICO
2023|3012,2023,3012,MEDICAMENTOS
2023|3013,2023,3013,MATERIAIS DE LABORATORIO E PRODUTOS QUIMICOS EM GERAL
2023|3014,2023,3014,MATERIAL RADIOLOGICO
2023|3015,2023,3015,"MATERIAL FOTOGRAFICO, CINEMATOGRAFICO E DE COMUNICACAO"
2023|3016,2023,3016,MATERIAL DE INFORMATICA
2023|3017,2023,3017,ARTIGOS PARA LIMPEZA E HIGIENE
2023|3018,2023,3018,MATERIA-PRIMA E PROD. P/ MANIPULACAO E INDUSTRIAS DE TRANSFORMACAO
2023|3019,2023,3019,MATERIAL P/ MANUT. E REPAROS DE IMOVEIS DE PROPRIEDADE DA ADM. PUBLICA
2023|3020,2023,3020,MATERIAL ELETRICO
2023|3021,2023,3021,MATERIAL P/ MANUT. E REPAROS DE BENS DE DOMINIO PUB. OU DE TERCEIROS
2023|3022,2023,3022,"FERRAMENTAS, FERRAGENS E UTENSILIOS"
2023|3023,2023,3023,MATERIAL PARA MANUTENCAO DE VEICULOS AUTOMOTORES
2023|3024,2023,3024,PECAS E ACESSORIOS P/ EQUIP.  E OUTROS MATERIAIS PERMANENTES
2023|3025,2023,3025,"MATERIAL DE SEGURANCA, APETRECHOS OPERACIONAIS E POLICIAIS"
2023|3026,2023,3026,COMBUSTIVEIS E LUBRIFICANTES PARA VEICULOS AUTOMOTORES
2023|3027,2023,3027,COMBUSTIVEIS E LUBRIFICANTES P/ EQUIP. E OUTROS MAT.  PERMANENTES
2023|3029,2023,3029,"SEMENTES, MUDAS DE PLANTAS E INSUMOS"
2023|3030,2023,3030,MATERIAIS PARA ACONDICIONAMENTO E EMBALAGEM
2023|3031,2023,3031,LIVROS TECNICOS
2023|3032,2023,3032,MATERIAL CIVICO E EDUCATIVO
2023|3033,2023,3033,COMBUSTIVEIS E LUBRIFICANTES PARA AERONAVES
2023|3034,2023,3034,PECAS E ACESSORIOS PARA AERONAVES
2023|3036,2023,3036,MATERIAL BIBLIOGRAFICO PARA BIBLIOTECAS PUBLICAS
2023|3037,2023,3037,MEDICAMENTOS E MATERIAL MEDICO HOSPITALAR - DECISAO JUDICIAL
2023|3039,2023,3039,MATERIAL PARA CONFECCAO EM GERAL
2023|3040,2023,3040,"MATERIAL DE CAMA, MESA E BANHO"
2023|3041,2023,3041,MATERIAL DE PROTECAO E SEGURANCA
2023|3099,2023,3099,OUTROS MATERIAIS
2023|3101,2023,3101,"PREMIOS, DIPLOMAS, CONDECORACOES E MEDALHAS"
2023|3102,2023,3102,PREMIOS LOTERICOS
2023|3104,2023,3104,PREMIACOES
2023|3201,2023,3201,MATERIAL DE DISTRIBUICAO GRATUITA
2023|3202,2023,3202,MATERIAL DE ASSISTENCIA HUMANITARIA
2023|3301,2023,3301,PASSAGENS - PESSOA FISICA
2023|3302,2023,3302,"DESPESAS COM TRANSPORTE URBANO, PEDAGIO E ESTACIONAMETO PESSOA FISICA"
2023|3303,2023,3303,FRETAMENTO E LOCACAO
2023|3304,2023,3304,PASSAGENS - PESSOA JURIDICA
2023|3305,2023,3305,"SERVICOS DE TRANSPORTES DE PASSAGEIROS, FRETAMENTO E LOCACAO PES JURID"
2023|3501,2023,3501,SERVICOS DE CONSULTORIA - PESSOA FISICA
2023|3502,2023,3502,SERVICOS DE CONSULTORIA - PESSOA JURIDICA
2023|3601,2023,3601,ESTAGIARIOS
2023|3602,2023,3602,MEDICOS RESIDENTES
2023|3604,2023,3604,DIARIAS A COLABORADORES EVENTUAIS
2023|3605,2023,3605,LOCACAO DE SERVICOS TECNICOS E ESPECIALIZADOS - PESSOA FISICA
2023|3608,2023,3608,MEDICOS
2023|3609,2023,3609,DENTISTAS
2023|3610,2023,3610,EVENTUAL DE GABINETE
2023|3611,2023,3611,LOCACAO DE BENS IMOVEIS
2023|3612,2023,3612,DESPESAS MIUDAS DE PRONTO PAGAMENTO
2023|3614,2023,3614,"MONITORES, FISCAIS E EXAMINADORES"
2023|3615,2023,3615,ENCARGOS FINANCEIROS
2023|3616,2023,3616,REPARO E MANUTENCAO DE VEICULOS
2023|3617,2023,3617,"REPAROS DE EQUIPAMENTOS, INSTALACOES E MATERIAL PERMANENTE"
2023|3618,2023,3618,REPAROS DE BENS IMOVEIS
2023|3619,2023,3619,CONFERENCIAS E EXPOSICOES
2023|3620,2023,3620,JETONS A CONSELHEIROS
2023|3621,2023,3621,ADVOGADOS DATIVOS
2023|3622,2023,3622,TAXA DE CONDOMINIO
2023|3623,2023,3623,GRATIFICACAO POR ENCARGO DE CURSO OU CONCURSO
2023|3624,2023,3624,SERVICOS TECNICOS JUDICIAIS - HONORARIOS JUSTICA GRATUITA
2023|3625,2023,3625,CONTRATACAO PARA PRESTACAO DE SERVIÇO POR CREDENCIADOS
2023|3626,2023,3626,SERVICOS DE ABASTECIMENTO E DISTRIBUICAO DE AGUA
2023|3627,2023,3627,JUIZES LEIGOS
2023|3628,2023,3628,SERVICOS TECNICOS JUDICIAIS - HONORARIOS PERICIAIS
2023|3630,2023,3630,SERVICOS MEDICOS PRESTADOS POR CONTRATO
2023|3631,2023,3631,"SERVICOS DE TREINAMENTO, CAPACITACAO E APERFEICOAMENTO DE PESSOAL"
2023|3632,2023,3632,SERVICOS DE SAUDE - DECISAO JUDICIAL
2023|3699,2023,3699,OUTRAS DESPESAS PAGAS A PESSOAS FISICAS
2023|3701,2023,3701,LOCACAO DE SERVICOS DE CONSERVACAO E LIMPEZA
2023|3702,2023,3702,LOCACAO DE SERVICOS DE APOIO ADMINISTRATIVO
2023|3703,2023,3703,LOCACAO DE SERVICOS DE CONSERVACAO E LIMPEZA REALIZADOS PELA MGS
2023|3704,2023,3704,LOCACAO DE SERVICOS DE APOIO ADMINISTRATIVO REALIZADOS PELA MGS
2023|3705,2023,3705,DESPESAS COM O PAGAMENTO DE ENCARGOS TRABALHISTAS A MGS
2023|3901,2023,3901,VALE-TRANSPORTE
2023|3902,2023,3902,VALE-REFEICAO
2023|3903,2023,3903,FORNECIMENTO DE ALIMENTACAO
2023|3904,2023,3904,CONFECCAO EM GERAL
2023|3906,2023,3906,TRANSPORTE E ACONDICIONAMENTO DE MATERIAIS
2023|3908,2023,3908,PUBLICACAO E DIVULGACAO
2023|3909,2023,3909,PUBLICIDADE
2023|3910,2023,3910,PREMIOS DE SEGUROS
2023|3911,2023,3911,"ASSINATURAS DE JORNAIS, REVISTAS E PERIODICOS"
2023|3912,2023,3912,TARIFA DE ENERGIA ELETRICA
2023|3913,2023,3913,TARIFA DE AGUA E ESGOTO
2023|3914,2023,3914,SERVICO DE TELEFONIA
2023|3915,2023,3915,SERVICO POSTAL-TELEGRAFICO
2023|3916,2023,3916,LOCACAO DE TV POR ASSINATURA
2023|3917,2023,3917,LOCACAO DE VEICULOS
2023|3918,2023,3918,REPAROS DE VEICULOS
2023|3919,2023,3919,LOCACAO DE MAQUINAS E EQUIPAMENTOS
2023|3920,2023,3920,LOCACAO DE BENS IMOVEIS
2023|3921,2023,3921,"INSTALACAO, REPARACAO, ADAPTACAO E CONSERVACAO DE EQUIP E MAT PERMAN"
2023|3922,2023,3922,REPAROS DE BENS IMOVEIS
2023|3923,2023,3923,"RECEPCOES, HOSPEDAGENS, HOMENAGENS E FESTIVIDADES"
2023|3924,2023,3924,"CURSOS, EXPOSICOES, CONGRESSOS E CONFERENCIAS"
2023|3925,2023,3925,ENCARGOS JUDICIAIS
2023|3926,2023,3926,ENCARGOS FINANCEIROS
2023|3928,2023,3928,SERVICOS DE SAUDE EXECUTADOS COM RECURSOS DO SUS
2023|3929,2023,3929,SERVICOS DE SAUDE PRESTADOS POR PESSOA JURIDICA
2023|3930,2023,3930,MULTAS DE TRANSITO
2023|3931,2023,3931,LOCACAO DE SERVICOS GRAFICOS
2023|3933,2023,3933,TAXA DE ADMINISTRACAO
2023|3934,2023,3934,SEGUROS DE AERONAVES
2023|3935,2023,3935,"REPARO, MANUTENCAO, E SERVICOS AEROPORTUARIOS PARA AERONAVES"
2023|3937,2023,3937,TAXA DE CONDOMINIO
2023|3938,2023,3938,SERVICOS DE IMPRESSAO E ENCADERNACAO
2023|3939,2023,3939,SERVICOS DE PUBLICACAO E DIVULGACAO
2023|3941,2023,3941,ANUIDADES
2023|3942,2023,3942,SERVICOS GRAFICOS DE SEGURANCA
2023|3943,2023,3943,SERVICO DE ADMINISTRACAO E GERENCIAMENTO DE FROTA DE VEICULOS
2023|3946,2023,3946,TERMO DE PARCERIA COM ORGANIZACAO DA SOCIEDADE CIVIL DE INTERESSE PUBL
2023|3947,2023,3947,TAXA DE ADMINISTRACAO DE CREDITO DE FINANCIAMENTOS HABITACIONAIS
2023|3948,2023,3948,"CURSOS DE FORMACAO, CAPACITACAO E POS-GRADUACAO PARA SERVIDORES"
2023|3949,2023,3949,CURSOS DE FORMACAO E CAPACITACAO PARA O CIDADAO
2023|3950,2023,3950,SERVICOS DE AGENCIAMENTO DE VIAGENS
2023|3951,2023,3951,"SERVICOS DE GERENCIAMENTO, SUPERVISAO E FISCALIZACAO DE OBRAS"
2023|3952,2023,3952,CONTRATACAO DE ESTAGIARIOS
2023|3953,2023,3953,CURSOS DE FORMACAO E CAPACITACAO PROMOVIDOS PELO ESTADO
2023|3955,2023,3955,EVENTOS DE COMUNICACAO INSTITUCIONAL
2023|3956,2023,3956,SERVICOS DE PESQUISAS
2023|3959,2023,3959,SERVICOS SANITARIOS E TRATAMENTO DE RESIDUOS
2023|3960,2023,3960,SERVICOS DE ATENDIMENTO AO CIDADAO
2023|3961,2023,3961,SERVICOS DE CONSERVACAO E LIMPEZA
2023|3962,2023,3962,SERVICOS DE VIGILANCIA OSTENSIVA
2023|3963,2023,3963,SERVICOS DE LEVANTAMENTO E CADASTRAMENTO PARA EXECUCAO DE POL PUBLICAS
2023|3964,2023,3964,SERVICOS DE MAPEAMENTO E GEORREFERENCIAMENTO
2023|3965,2023,3965,SERVICOS DE PRODUCAO E LOGISTICA DE MEDICAMENTOS
2023|3966,2023,3966,SERVICOS DE ABASTECIMENTO E DISTRIBUICAO DE AGUA
2023|3968,2023,3968,SERVICO DE IMPRENSA
2023|3969,2023,3969,CONTRATOS DE ENERGIA ELETRICA
2023|3971,2023,3971,SERVICOS TECN DE IMPLANTACAO GESTAO E ADM DO SIST DE OBSERV ELETRONICA
2023|3972,2023,3972,CONTRATOS DE ABASTECIMENTO DE AGUA E COLETA E TRATAMENTO DE ESGOTO
2023|3973,2023,3973,SERVICO DE ENGENHARIA PARA OPERACAO DE BENS DE DOMINIO PUBLICO
2023|3974,2023,3974,SERVICO DE REALIZACAO DE CONCURSO PUBLICO E PROCESSO SIMPLIFICADO
2023|3975,2023,3975,"SERVICO DE GERENCIAMENTO, SUPERVISAO E FISCALIZACAO DE SERVICOS"
2023|3976,2023,3976,SERVICO DE REMOCAO E TRANSPORTE DE CADAVERES
2023|3977,2023,3977,PATROCINIO
2023|3978,2023,3978,SERVICO DE APOIO ADMINISTRATIVO
2023|3981,2023,3981,SERVICO DE ELABORACAO DE ESTUDOS PREVIOS
2023|3982,2023,3982,SERVICOS TECNICOS JUDICIAIS - HONORARIOS JUSTICA GRATUITA
2023|3983,2023,3983,SERVICOS DE REALIZACAO DE PROCESSO DE CERTIFICACAO OCUPACIONAL
2023|3985,2023,3985,SERVICOS DE DESLOCAMENTO OU REMOCAO DE POSTES E REDE ELETRICA
2023|3986,2023,3986,DIREITOS AUTORAIS
2023|3987,2023,3987,SERVICOS DE GERENCIAMENTO E FORNECIMENTO DE COMBUSTIVEL
2023|3988,2023,3988,MULTA POR ATO INFRACIONAL
2023|3991,2023,3991,CONTRATAÇÃO PARA PRESTAÇÃO DE SERVIÇO POR CREDENCIADOS
2023|3992,2023,3992,CONTRATO DE GESTAO COM ORGANIZACAO SOCIAL - OS
2023|3993,2023,3993,APOIO A PROJETOS DE INCENTIVO E INOVAÇAO E A PESQUISA CIENTIFICA E TEC
2023|3994,2023,3994,CAPACITAÇÃO RELACIONADA AS ATIVIDADES DE AVIAÇÃO
2023|3995,2023,3995,SERVICOS NOTARIAIS E DE REGISTRO
2023|3996,2023,3996,TRANSFERENCIA ONEROSA DA POSSE DE IMOVEIS DE PROPRIEDADE DO ESTADO
2023|3997,2023,3997,HONORARIOS ADVOCATICIOS - ACORDOS EXTRAJUDICIAIS
2023|3998,2023,3998,SERVICOS DE SAUDE PRESTADOS CONTRATUALMENTE POR PESSOA JURIDICA
2023|3999,2023,3999,OUTROS SERVICOS PESSOA JURIDICA
2023|4002,2023,4002,SERVICO DE TECNOLOGIA DA INFORMACAO
2023|4003,2023,4003,SERVICO DE INFORMATICA EXECUTADO PELA PRODEMGE
2023|4004,2023,4004,SERVICO DE TELECOMUNICACAO
2023|4005,2023,4005,REDE IP MULTISSERVICOS
2023|4006,2023,4006,AQUISIÇÃO DE SOFTWARE
2023|4007,2023,4007,AQUISICAO DE SOFTWARE DESENVOLVIDO PELA PRODEMGE
2023|4101,2023,4101,CONTRIBUICOES
2023|4103,2023,4103,CONTRIBUICOES AO IPLEMG
2023|4104,2023,4104,CONTRIBUICOES DO FUNDO ESTADUAL DE SAUDE - FES - LC 141/2012
2023|4106,2023,4106,TRANSFERENCIA PARA FINANCIAMENTO DO TRANSPORTE ESCOLAR
2023|4108,2023,4108,TRANSFERENCIAS ESPECIAIS A MUNICIPIOS - EMENDAS
2023|4201,2023,4201,AUXILIOS
2023|4301,2023,4301,SUBVENCOES SOCIAIS
2023|4501,2023,4501,SUBVENCOES ECONOMICAS
2023|4502,2023,4502,SUBVENCAO ECONOMICA - TRANSPORTE PUBLICO COLETIVO
2023|4503,2023,4503,SUBVENCAO ECONOMICA - APORTES METRO RMBH
2023|4601,2023,4601,AUXILIO-ALIMENTACAO - PECUNIA
2023|4602,2023,4602,AUXILIO ALIMENTACAO BILHETE OU CARTAO MAGNETICO
2023|4702,2023,4702,IMPOSTO DE RENDA - IR
2023|4703,2023,4703,IMPOSTO PREDIAL TERRITORIAL URBANO - IPTU
2023|4704,2023,4704,IMPOSTO SOBRE OPERACOES FINANCEIRAS - IOF
2023|4706,2023,4706,CONTRIBUICAO PARA A FORMACAO DO PASEP/PIS
2023|4707,2023,4707,TAXA DE LIMPEZA PUBLICA E COLETA DE RESIDUOS
2023|4708,2023,4708,TAXA DE ILUMINACAO PUBLICA
2023|4709,2023,4709,TAXAS AMBIENTAIS
2023|4710,2023,4710,PASEP - ADESAO AO PARCELAMENTO DECORRENTE DE LEI ESPECIFICA
2023|4799,2023,4799,OUTROS - OBRIGACOES TRIBUTARIAS E CONTRIBUTIVAS
2023|4801,2023,4801,OUTROS AUXILIOS FINANCEIROS A PESSOAS FISICAS
2023|4803,2023,4803,AUXILIO PARA PROFISSIONAIS DE PROGRAMAS DE CAPACITACAO E FORMACAO
2023|4901,2023,4901,AUXILIO-TRANSPORTE - PECUNIA
2023|4902,2023,4902,AUXILIO-TRANSPORTE - PODER LEGISLATIVO
2023|4903,2023,4903,DESPESA DE TRANSPORTE DEVIDA A SERVIDORES DOS PODERES DO ESTADO
2023|4904,2023,4904,AUXILIO TRANSPORTE BILHETE OU CARTAO MAGNETICO
2023|4905,2023,4905,AUXILIO TRANSPORTE PAGO A ESTAGIARIOS PECUNIA
2023|4906,2023,4906,AUXILIO TRANSPORTE PAGO A ESTAGIARIO BILHETE OU CARTAO MAGNETICO
2023|5101,2023,5101,ESTUDOS E PROJETOS DE BENS PATRIMONIAVEIS
2023|5103,2023,5103,EXECUCAO DE OBRAS POR CONTRATO DE BENS PATRIMONIAVEIS
2023|5106,2023,5106,ESTUDOS E PROJETOS DE BENS NAO PATRIMONIAVEIS
2023|5107,2023,5107,EXECUCAO DE OBRAS POR CONTRATO DE BENS NAO PATRIMONIAVEIS
2023|5110,2023,5110,MATERIAL PARA OBRAS - BENS PATRIMONIAVEIS
2023|5112,2023,5112,MATERIAL PARA OBRAS - BENS NAO PATRIMONIAVEIS
2023|5113,2023,5113,INSTALACAO PARA INCORPORACAO A BENS IMOVEIS
2023|5114,2023,5114,EXECUCAO DE OBRAS POR EMPRESAS CONTROLADAS
2023|5115,2023,5115,EXECUCAO DE OBRAS - METRO RMBH
2023|5201,2023,5201,AERONAVES E COMPONENTES ESTRUTURAIS
2023|5203,2023,5203,ARMAMENTO E EQUIPAMENTO DE USO POLICIAL
2023|5204,2023,5204,"MAQUINAS, APARELHOS, UTENSILIOS E EQUIPAMENTOS DE USO INDUSTRIAL"
2023|5205,2023,5205,"EMBARCACOES, PONTOES, DIQUES, FLUTUANTES E COMP. ESTRUTURAIS"
2023|5206,2023,5206,EQUIPAMENTOS DE COMUNICACAO E TELEFONIA
2023|5207,2023,5207,EQUIPAMENTOS DE INFORMATICA
2023|5208,2023,5208,"EQUIPAMENTOS DE SOM, VIDEO, FOTOGRAFICO E CINEMATOGRAFICO"
2023|5209,2023,5209,"EQUIPAMENTOS HOSPITALARES, ODONTOLOGICOS E DE LABORATORIO"
2023|5210,2023,5210,"FERRAMENTAS, EQUIP. E INSTRUMENTOS P/ OFICINA, MEDICAO E INSPECAO"
2023|5211,2023,5211,"INSTRUMENTOS DE LABORATORIO, MEDICOS E ODONTOLOGICOS"
2023|5212,2023,5212,"MAQUINAS, APARELHOS, UTENSILIOS E EQUIPAMENTOS  USO ADMINISTRATIVO"
2023|5213,2023,5213,MATERIAL ESPORTIVO E RECREATIVO
2023|5214,2023,5214,MOBILIARIO
2023|5215,2023,5215,OBJETOS DE ARTE E ANTIGUIDADES
2023|5216,2023,5216,"TRATORES, SIMILARES E IMPLEMENTOS"
2023|5217,2023,5217,VEICULOS
2023|5218,2023,5218,COLECAO E MATERIAIS BIBLIOGRAFICOS
2023|5219,2023,5219,INSTRUMENTOS MUSICAIS E ARTISTICOS
2023|5220,2023,5220,EQUIPAMENTOS DE SEGURANCA ELETRONICA
2023|5221,2023,5221,MATERIAL DIDATICO
2023|5222,2023,5222,ESTRUTURAS E COMPONENTES
2023|5225,2023,5225,APARELHOS E UTENSILIOS DOMESTICOS
2023|5226,2023,5226,"EQUIPAMENTOS DE PROTECAO, SEGURANCA E SOCORRO"
2023|5227,2023,5227,PECAS NAO INCORPORAVEIS A IMOVEIS
2023|5230,2023,5230,MÁQUINAS E EQUIPAMENTOS ENERGÉTICOS
2023|5299,2023,5299,OUTROS MATERIAIS PERMANENTES
2023|5902,2023,5902,PENSAO ESPECIAL - LEI N 552/49
2023|5903,2023,5903,PENSAO ESPECIFICA DOS INSTITUTOS DE PREVIDENCIA
2023|5905,2023,5905,PENSAO DECORRENTE DE SENTENCA JUDICIAL - TERCEIROS
2023|5907,2023,5907,PENSAO ESPECIAL PARA AGENTES POLITICOS SERVIDORES PUBLICOS E ESTATAIS
2023|5908,2023,5908,PENSOES DECORRENTES DA LEI N 21527 2014
2023|6101,2023,6101,TERRENOS
2023|6102,2023,6102,SALAS E ESCRITORIOS
2023|6104,2023,6104,EDIFICIOS
2023|6106,2023,6106,IMOVEIS NECESSARIOS A REALIZACAO DE OBRAS DE BENS PATRIMONIAVEIS
2023|6107,2023,6107,IMOVEIS NECESSARIOS A REALIZACAO DE OBRAS DE BENS NAO-PATRIMONIAVEIS
2023|6108,2023,6108,CASAS
2023|6501,2023,6501,CONSTITUICAO OU AUMENTO DE CAPITAL DE EMPRESAS-CAPITAL A INTEGRALIZAR
2023|6502,2023,6502,CONSTITUICAO OU AUMENTO DE CAPITAL DE EMPRESAS-CAPITAL INTEGRALIZADO
2023|6603,2023,6603,CONCESSAO DE FINANCIAMENTOS HABITACIONAIS
2023|7101,2023,7101,PRINCIPAL DA DIVIDA INTERNA POR CONTRATOS
2023|7103,2023,7103,PRINCIPAL DA DIVIDA COM OS INSTITUTOS DE PREVIDENCIA
2023|7104,2023,7104,PRINCIPAL DO PARCELAMENTO DA DIVIDA PREVIDENCIARIA - INSS
2023|7106,2023,7106,PRINCIPAL DE OUTRAS DIVIDAS RENEGOCIADAS
2023|7107,2023,7107,PRINCIPAL DO PARCELAMENTO DA DIVIDA REFERENTE AO PASEP
2023|7108,2023,7108,PRINCIPAL DA DÍVIDA INTERNA POR CONTRATOS REFINANCIADA
2023|7110,2023,7110,PRINC DA DIV REF A REGULARIZ DA COMPENS DAS PERDAS DE ARRECAD DO ICMS
2023|8106,2023,8106,TRANSFERENCIAS FUNDEB - PARCELAS REFERENTES AO FEM
2023|8201,2023,8201,APORTE RECURSOS PARCEIRO PUBLICO EM FAVOR DO PRIVADO DECORRENTE DE PPP
2023|8301,2023,8301,PARCELAS DAS CONTRAPRESTACOES REFERENTES A REMUNERACAO DO PARCEIRO
2023|8303,2023,8303,OUTRAS DESPESAS DECORRENTES DE CONTRATO DE PARCERIA PUBLICO-PRIVADA
2023|8601,2023,8601,COMPENSACAO FINANCEIRA DOS REGIMES DE PREVIDENCIA
2023|9102,2023,9102,PRECATORIOS - PESSOAL
2023|9103,2023,9103,OUTRAS SENTENCAS JUDICIAIS
2023|9107,2023,9107,PRECATORIOS - OUTROS
2023|9108,2023,9108,OUTRAS DECISOES JUDICIAIS - DEPOSITO EM CONTA CORRENTE OU A DISPOSICAO
2023|9110,2023,9110,SERVICOS DE SAUDE PRESTADO POR PESSOA FISICA - DECISAO JUDICIAL
2023|9111,2023,9111,SERVICOS DE SAUDE PRESTADO POR PESSOA JURIDICA - DECISAO JUDICIAL
2023|9112,2023,9112,MEDICAMENTOS E MATERIAL MEDICO HOSPITALAR - DECISAO JUDICIAL
2023|9113,2023,9113,INDENIZACOES DETERMINADAS POR DECISOES JUDICIAIS
2023|9116,2023,9116,ADVOGADOS DATIVOS - SENTENCAS JUDICIAIS
2023|9117,2023,9117,ACORDOS ADM. OU JUDICIAIS FIRMADOS COM A CONCILIACAO E MEDIACAO DA CPR
2023|9201,2023,9201,DESPESAS DE EXERCICIOS ANTERIORES - PESSOAL
2023|9202,2023,9202,DESPESAS DE EXERCICIOS ANTERIORES - OUTRAS DESPESAS
2023|9203,2023,9203,DESPESA DE EXERCICIOS ANTERIORES - OBRIGACOES PATRONAIS
2023|9301,2023,9301,AJUDA DE CUSTO
2023|9302,2023,9302,AJUDA DE CUSTO ESPECIAL
2023|9305,2023,9305,DESPESAS DECORRENTES DE CONTRATOS DE CONCESSAO OU PERMISSAO
2023|9306,2023,9306,"REST DE REC DE CONVENIOS, DE CONTRAPARTIDAS E INSTRUMENTOS CONGENERES"
2023|9307,2023,9307,RESSARCIMENTO REFERENTE A PESSOAL REQUISITADO DA ADMINITRACAO ESTADUAL
2023|9308,2023,9308,DESPESAS DE CARATER INDENIZATORIO RELATIVAS AO MANDATO PARLAMENTAR
2023|9309,2023,9309,PREMIO DE PRODUTIVIDADE
2023|9310,2023,9310,RESTITUICAO DE RECEITA - EXERCICIO ANTERIOR
2023|9312,2023,9312,INDENIZACAO POR UTILIZACAO DE BENS DE TERCEIROS
2023|9313,2023,9313,REEMBOLSO DE DESPESAS MEDICO-HOSPITALARES
2023|9314,2023,9314,INDENIZACOES DETERMINADAS POR DECISOES JUDICIAIS
2023|9316,2023,9316,INDENIZACOES DETERMINADAS POR LEI ESPECIFICA
2023|9317,2023,9317,INDENIZACAO EXERCICIO DO CARGO DE CONSEL PRES E PROCURADOR JUNTO AO TC
2023|9318,2023,9318,AUXILIO MORADIA DE CARATER INDENIZATORIO RELATIVO AO MANDATO PARLAMENT
2023|9319,2023,9319,IND.DECORRENTES DA UTILZ. DE LEITOS DE INSTITUICOES DE SAUDE PRIVADAS
2023|9323,2023,9323,INDENIZACAO DECORRENTE DE AUXILIO SAUDE
2023|9325,2023,9325,AUXILIO MORADIA DE CARATER INDENIZATORIO DEVIDO PELO TCE
2023|9326,2023,9326,"RESTITUICAO REFERENTE A TAXA DE INSCRICAO, MATERIAL E SIMILARES"
2023|9327,2023,9327,INDENIZACAO DE TRANSPORTE DEVIDA AO OFICIAL DE JUSTICA
2023|9330,2023,9330,REEMBOLSO DESPESA CONTRATO CONVENIO REGIME DE PARCERIA PODER EXECUTIVO
2023|9331,2023,9331,RESTITUICAO DE RECURSOS DE DEPOSITOS JUDICIAIS
2023|9335,2023,9335,RESTITUIICAO DE RECURSOS DE DEPOSITOS ADMINISTRATIVOS E JUDICIAIS
2023|9399,2023,9399,OUTRAS INDENIZACOES E RESTITUICOES
2023|9401,2023,9401,INDENIZACOES E RESTITUICOES TRABALHISTAS
2023|9601,2023,9601,RESSARCIMENTO DE DESPESAS DE PESSOAL REQUISITADO
2024|0,2024,0,SEM INFORMACAO
2024|1,2024,1,"APOSENTADORIAS, RESERVA REMUNERADA E REFORMAS"
2024|3,2024,3,PENSOES
2024|4,2024,4,CONTRATACAO POR TEMPO DETERMINADO
2024|5,2024,5,OUTROS BENEFICIOS PREVIDENCIARIOS DO SERVIDOR OU DO MILITAR
2024|7,2024,7,CONTRIBUICAO A ENTIDADES FECHADAS DE PREVIDENCIA
2024|8,2024,8,OUTROS BENEFICIOS ASSISTENCIAIS DO SERVIDOR E DO MILITAR
2024|11,2024,11,VENCIMENTOS E VANTAGENS FIXAS-PESSOAL CIVIL
2024|12,2024,12,VENCIMENTOS E VANTAGENS FIXAS - PESSOAL  MILITAR
2024|13,2024,13,OBRIGACOES PATRONAIS
2024|14,2024,14,DIARIAS - CIVIL
2024|15,2024,15,DIARIAS - MILITAR
2024|16,2024,16,OUTRAS DESPESAS VARIAVEIS - PESSOAL CIVIL
2024|17,2024,17,OUTRAS DESPESAS VARIAVEIS - PESSOAL MILITAR
2024|18,2024,18,AUXILIO FINANCEIRO A ESTUDANTES
2024|19,2024,19,AUXILIO-FARDAMENTO
2024|20,2024,20,AUXILIO FINANCEIRO A PESQUISADORES
2024|21,2024,21,JUROS SOBRE A DIVIDA POR CONTRATO
2024|22,2024,22,OUTROS ENCARGOS SOBRE A DIVIDA POR CONTRATO
2024|29,2024,29,DISTRIBUICAO DE RESULTADO DE EMPRESAS ESTATAIS DEPENDENTES
2024|30,2024,30,MATERIAL DE CONSUMO
2024|31,2024,31,"PREMIACOES CULTURAIS, ARTISTICAS, CIENTIFICAS, DESPORTIVAS E OUTRAS."
2024|32,2024,32,"MATERIAL, BEM OU SERVICO PARA DISTRIBUICAO GRATUITA"
2024|33,2024,33,PASSAGENS E DESPESAS COM LOCOMOCAO
2024|35,2024,35,SERVICOS DE CONSULTORIA
2024|36,2024,36,OUTROS SERVICOS DE TERCEIROS - PESSOA FISICA
2024|37,2024,37,LOCACAO DE MAO-DE-OBRA
2024|39,2024,39,OUTROS SERVICOS DE TERCEIROS - PESSOA JURIDICA
2024|40,2024,40,SERVICOS DE TECNOLOGIA DA INFORMACAO E COMUNICACAO -  PESSOA JURIDICA
2024|41,2024,41,CONTRIBUICOES
2024|42,2024,42,AUXILIOS
2024|43,2024,43,SUBVENCOES SOCIAIS
2024|45,2024,45,SUBVENCOES ECONOMICAS
2024|46,2024,46,AUXILIO-ALIMENTACAO
2024|47,2024,47,OBRIGACOES TRIBUTARIAS E CONTRIBUTIVAS
2024|48,2024,48,OUTROS AUXILIOS FINANCEIROS A PESSOAS FISICAS
2024|49,2024,49,AUXILIO-TRANSPORTE
2024|51,2024,51,OBRAS E INSTALACOES
2024|52,2024,52,EQUIPAMENTOS E MATERIAL PERMANENTE
2024|59,2024,59,PENSOES ESPECIAIS
2024|61,2024,61,AQUISICAO DE IMOVEIS
2024|65,2024,65,CONSTITUICAO OU AUMENTO DE CAPITAL DE EMPRESAS
2024|66,2024,66,CONCESSAO DE EMPRESTIMOS E FINANCIAMENTOS
2024|71,2024,71,PRINCIPAL DA DIVIDA CONTRATUAL RESGATADO
2024|81,2024,81,DISTRIBUICAO CONSTITUCIONAL OU LEGAL DE RECEITAS
2024|82,2024,82,APORTE DE RECURSOS PELO PARCEIRO PUBLICO EM FAVOR DO PARCEIRO PRIVADO DECORRENTE DE CONTRATO DE PARC
2024|83,2024,83,"DESPESAS DECORRENTES DE CONTRATO DE PARCERIA PUBLICO-PRIVADA - PPP, EXCETO SUBVENCOES ECONOMICAS, AP"
2024|85,2024,85,CONTRATO DE GESTAO
2024|86,2024,86,COMPENSACOES A REGIMES DE PREVIDENCIA
2024|91,2024,91,SENTENCAS JUDICIAIS
2024|92,2024,92,DESPESAS DE EXERCICIOS ANTERIORES
2024|93,2024,93,INDENIZACOES E RESTITUICOES
2024|94,2024,94,INDENIZACOES E RESTITUICOES TRABALHISTAS
2024|96,2024,96,RESSARCIMENTO DE DESPESAS DE PESSOAL REQUISITADO
2024|97,2024,97,APORTE PARA COBERTURA DO DEFICIT ATUARIAL DO RPPS
2024|99,2024,99,A CLASSIFICAR
2024|101,2024,101,PROVENTOS DE APOSENTADOS
2024|103,2024,103,PROVENTOS DE MILITARES INATIVOS
2024|109,2024,109,GRATIFICACAO DE NATAL - INATIVO CIVIL
2024|110,2024,110,GRATIFICACAO DE NATAL - INATIVO MILITAR
2024|307,2024,307,PENSOES CIVIS DO RPPS
2024|308,2024,308,PENSOES DO MILITAR
2024|401,2024,401,CONTRATACAO POR TEMPO DETERMINADO
2024|403,2024,403,OBRIGACAO PATRONAL - CONTRATOS POR TEMPO DETERMINADO - INSS
2024|404,2024,404,OBRIGACAO PATRONAL - CONTRATO POR TEMPO DETERMINADO - ASSIST. A SAUDE
2024|405,2024,405,AGENTES PENITENCIARIOS
2024|406,2024,406,SALARIO FAMILIA
2024|409,2024,409,OBRIGACAO PAT. - CONTRATOS POR TEMPO DET.- ENCARGOS POR PGTO EM ATRAS
2024|410,2024,410,ABONO DE FERIAS
2024|701,2024,701,CONTRIBUICAO A ENTIDADES FECHADAS DE PREVIDENCIA
2024|802,2024,802,AUXILIO-FUNERAL
2024|803,2024,803,AUXILIO-CRECHE OU ASSISTENCIA PRE-ESCOLAR
2024|804,2024,804,INDENIZACAO SECURITARIA
2024|805,2024,805,AUXILIO-NATALIDADE
2024|807,2024,807,AUXILIO INVALIDEZ
2024|809,2024,809,AUXILIO RECLUSAO
2024|810,2024,810,SALARIO FAMILIA
2024|811,2024,811,PECULIO E SEGURO COLETIVO
2024|899,2024,899,AUXILIOS DIVERSOS
2024|1101,2024,1101,VENCIMENTOS
2024|1102,2024,1102,DESIGNADOS DO MAGISTERIO
2024|1103,2024,1103,ADICIONAL POR TEMPO DE SERVICO
2024|1106,2024,1106,GRATIFICACAO DE COORDENADOR DE ESCOLA
2024|1107,2024,1107,GRATIFICACAO DE INCENTIVO A DOCENCIA
2024|1108,2024,1108,VERBA DE REPRESENTACAO
2024|1109,2024,1109,GRATIFICACAO DE RISCO DE CONTAGIO E RAIO X
2024|1112,2024,1112,GRATIFICACAO DE ESTIMULO A PRODUCAO INDIVIDUAL - GEPI
2024|1113,2024,1113,GRATIFICACAO DE EXERCICIO DO PODER JUDICIARIO
2024|1117,2024,1117,GRATIFICACAO DE CARGO EM COMISSAO
2024|1118,2024,1118,GRATIFICACAO POR PLANTAO
2024|1119,2024,1119,VANTAGEM PESSOAL
2024|1121,2024,1121,ABONO DE FERIAS
2024|1122,2024,1122,GRATIFICACAO DE NATAL
2024|1123,2024,1123,"GRATIFICACAO DE RISCO DE VIDA, SAUDE E CONTAGIO"
2024|1127,2024,1127,GRATIFICACAO DE INCENTIVO AO MERITO FUNCIONAL
2024|1128,2024,1128,GRATIFICACAO DE FUNCAO DE AGENTES DE SEGURANCA
2024|1129,2024,1129,GRATIFICACAO DE ASSESSORAMENTO
2024|1130,2024,1130,GRATIFICACAO ESPECIAL-GABINETE MILITAR
2024|1133,2024,1133,GRATIFICACAO DE INCENTIVO A EFICIENTIZACAO DOS SERVICOS - GIEFS
2024|1134,2024,1134,HONORARIOS
2024|1135,2024,1135,GRATIFICACAO DE DEDICACAO EXCLUSIVA
2024|1139,2024,1139,ADICIONAL DE LOCAL DE TRABALHO
2024|1140,2024,1140,GRATIFICACAO DE FUNCAO
2024|1141,2024,1141,GRATIFICACAO POR CURSO
2024|1143,2024,1143,GRATIFICACAO DE ORGAO DE DELIBERACAO COLETIVA
2024|1144,2024,1144,ABONO DE PERMANENCIA
2024|1145,2024,1145,VANTAGEM TEMPORARIA INCORPORAVEL
2024|1146,2024,1146,GRATIFICACAO DE DESEMPENHO DE PRODUTIVIDADE INDIVIDUAL E INSTITUCIONAL
2024|1147,2024,1147,GRATIFICACAO DE ESCOLARIDADE DESEMPENHO E PROD INDIVID E INSTITUCIONAL
2024|1148,2024,1148,ADICIONAL DE DESEMPENHO - PESSOAL CIVIL
2024|1149,2024,1149,GRATIFICACAO COMPLEMENTAR DE PRODUTIVIDADE
2024|1150,2024,1150,SUBSIDIO - SERVIDORES DA EDUCACAO EFETIVOS
2024|1151,2024,1151,SUBSIDIO - SERVIDORES DA EDUCACAO DESIGNADOS
2024|1152,2024,1152,SUBSIDIO - SERVIDORES DA EDUCACAO DE EXTENSAO CARGA HORARIA
2024|1154,2024,1154,GRATIFICACAO DE SERVICOS DE SEGURIDADE SOCIAL
2024|1155,2024,1155,GRATIFICACAO DE FUNCAO DE PESQUISA E ENSINO - GFPE / LEI 20.591/2012
2024|1157,2024,1157,GRATIFICACAO INCENTIVO PRODUTIVIDADE PROFISSIONAIS DE ENGENHARIA E ARQ
2024|1158,2024,1158,ABONO SALARIAL DO PODER JUDICIARIO
2024|1159,2024,1159,FUNCOES DE CONFIANCA
2024|1160,2024,1160,GRATIFICACAO PELO CUMPRIMENTO DE METAS EXTRAORDINARIAS
2024|1164,2024,1164,GRATIFICACAO DE SERVICOS DE SEGURANCA
2024|1165,2024,1165,ABONO - RATEIO DOS RECURSOS DO FUNDEB
2024|1199,2024,1199,OUTROS
2024|1201,2024,1201,REMUNERACAO BASICA
2024|1202,2024,1202,ADICIONAL POR TEMPO DE SERVICO
2024|1203,2024,1203,GRATIFICACOES ESPECIAIS
2024|1204,2024,1204,FERIAS-PREMIO
2024|1205,2024,1205,ABONO DE FERIAS
2024|1206,2024,1206,SUBSTITUICAO TEMPORARIA
2024|1207,2024,1207,GRATIFICACAO DE NATAL
2024|1208,2024,1208,ADICIONAL DE DESEMPENHO - PESSOAL MILITAR
2024|1209,2024,1209,ABONO PERMANENCIA
2024|1210,2024,1210,GRATIFICACAO MENSAL PRO LABORE
2024|1299,2024,1299,OUTRAS
2024|1304,2024,1304,INSS - FOLHA
2024|1305,2024,1305,OBRIGACAO PATRONAL - PESSOAL ATIVO
2024|1306,2024,1306,OBRIGACAO PATRONAL - PESSOAL INATIVO
2024|1308,2024,1308,OBRIGACAO PATRONAL - PENSIONISTAS
2024|1309,2024,1309,OBRIGACAO PATRONAL - PRECATORIOS
2024|1310,2024,1310,OBRIGACAO PATRONAL - OUTRAS SENTENCAS JUDICIAIS
2024|1314,2024,1314,OBRIGACAO PATRONAL - ENCARGOS POR PAGAMENTO EM ATRASO
2024|1317,2024,1317,INSS - DEMAIS DESPESAS
2024|1319,2024,1319,OBRIGACAO PATRONAL - PESSOAL MILITAR INATIVO - LC 125/2012
2024|1320,2024,1320,OBRIGACAO PATRONAL - PESSOAL MILITAR ATIVO - LC 125/2012
2024|1321,2024,1321,OBRIGACAO PATRONAL - PESSOAL ATIVO - DESPESAS COM ASSISTENCIA A SAUDE
2024|1322,2024,1322,OBRIGACAO PATRONAL - PESSOAL INATIVO - DESPESAS COM ASSITENCIA A SAUDE
2024|1324,2024,1324,OBRIGACAO PATRONAL DESPESAS COM ASSITENCIA A SAUDE OUTROS
2024|1325,2024,1325,OBRIGACAO PATRONAL - ADESAO AO PARCELAMENTO DECORRENTE DE LEI ESP.
2024|1326,2024,1326,OBRIGACAO PATRONAL SUPLEMENTAR - PESSOAL ATIVO
2024|1328,2024,1328,DESPESAS COM OBRIGACAO PATRONAL RELATIVAS AO FGTS
2024|1401,2024,1401,DIARIAS - CIVIL
2024|1501,2024,1501,DIARIAS - MILITAR
2024|1502,2024,1502,DIARIAS MILITAR - SCDP
2024|1601,2024,1601,SERVICO EXTRAORDINARIO
2024|1602,2024,1602,SUBSTITUICAO EM CARGOS EM COMISSAO
2024|1603,2024,1603,AULAS FACULTATIVAS
2024|1604,2024,1604,GRATIFICACAO POR ENCARGOS EXTRAORDINARIOS
2024|1605,2024,1605,FERIAS-PREMIO
2024|1606,2024,1606,JORNADA COMPLEMENTAR DE TRABALHO
2024|1701,2024,1701,OUTRAS DESPESAS VARIAVEIS - PESSOAL MILITAR
2024|1801,2024,1801,AUXILIO FINANCEIRO A ESTUDANTES
2024|1901,2024,1901,AUXILIO-FARDAMENTO PAGO A SERVIDOR OU MILITAR
2024|1903,2024,1903,AUXILIO-FARDAMENTO PAGO A PESSOAL CONTRATADO
2024|2001,2024,2001,AUXILIO FINANCEIRO A PESQUISADORES
2024|2103,2024,2103,JUROS DA DIVIDA COM OS INSTITUTOS DE PREVIDENCIA
2024|2104,2024,2104,JUROS SOBRE O PARCELAMENTO DA DIVIDA PREVIDENCIARIA
2024|2106,2024,2106,JUROS SOBRE O PARCELAMENTO DA DIVIDA COM O PASEP
2024|2108,2024,2108,JUROS SOBRE A DIVIDA INTERNA POR CONTRATOS REFINANCIADA
2024|2201,2024,2201,OUTROS ENCARGOS SOBRE A DIVIDA INTERNA POR CONTRATOS
2024|3001,2024,3001,ARTIGOS PARA CONFECCAO E VESTUARIO
2024|3002,2024,3002,ARTIGOS PARA ESPORTE
2024|3003,2024,3003,"UTENSILIOS PARA COPA, REFEITORIO E COZINHA"
2024|3004,2024,3004,MATERIAL GRAFICO E IMPRESSOS
2024|3005,2024,3005,MATERIAL PARA ESCRITORIO
2024|3006,2024,3006,MATERIAL DE DESENHO
2024|3007,2024,3007,MATERIAL DE ENSINO
2024|3008,2024,3008,PRODUTOS ALIMENTICIOS
2024|3009,2024,3009,FORRAGENS E OUTROS ALIMENTOS PARA ANIMAIS
2024|3010,2024,3010,MATERIAL MEDICO E HOSPITALAR
2024|3011,2024,3011,MATERIAL ODONTOLOGICO
2024|3012,2024,3012,MEDICAMENTOS
2024|3013,2024,3013,MATERIAIS DE LABORATORIO E PRODUTOS QUIMICOS EM GERAL
2024|3014,2024,3014,MATERIAL RADIOLOGICO
2024|3015,2024,3015,"MATERIAL FOTOGRAFICO, CINEMATOGRAFICO E DE COMUNICACAO"
2024|3016,2024,3016,MATERIAL DE INFORMATICA
2024|3017,2024,3017,ARTIGOS PARA LIMPEZA E HIGIENE
2024|3018,2024,3018,MATERIA-PRIMA E PROD. P/ MANIPULACAO E INDUSTRIAS DE TRANSFORMACAO
2024|3019,2024,3019,MATERIAL P/ MANUT. E REPAROS DE IMOVEIS DE PROPRIEDADE DA ADM. PUBLICA
2024|3020,2024,3020,MATERIAL ELETRICO
2024|3021,2024,3021,MATERIAL P/ MANUT. E REPAROS DE BENS DE DOMINIO PUB. OU DE TERCEIROS
2024|3022,2024,3022,"FERRAMENTAS, FERRAGENS E UTENSILIOS"
2024|3023,2024,3023,MATERIAL PARA MANUTENCAO DE VEICULOS AUTOMOTORES
2024|3024,2024,3024,PECAS E ACESSORIOS P/ EQUIP.  E OUTROS MATERIAIS PERMANENTES
2024|3025,2024,3025,"MATERIAL DE SEGURANCA, APETRECHOS OPERACIONAIS E POLICIAIS"
2024|3026,2024,3026,COMBUSTIVEIS E LUBRIFICANTES PARA VEICULOS AUTOMOTORES
2024|3027,2024,3027,COMBUSTIVEIS E LUBRIFICANTES P/ EQUIP. E OUTROS MAT.  PERMANENTES
2024|3029,2024,3029,"SEMENTES, MUDAS DE PLANTAS E INSUMOS"
2024|3030,2024,3030,MATERIAIS PARA ACONDICIONAMENTO E EMBALAGEM
2024|3031,2024,3031,LIVROS TECNICOS
2024|3032,2024,3032,MATERIAL CIVICO E EDUCATIVO
2024|3033,2024,3033,COMBUSTIVEIS E LUBRIFICANTES PARA AERONAVES
2024|3034,2024,3034,PECAS E ACESSORIOS PARA AERONAVES
2024|3036,2024,3036,MATERIAL BIBLIOGRAFICO PARA BIBLIOTECAS PUBLICAS
2024|3037,2024,3037,MEDICAMENTOS - DECISAO JUDICIAL
2024|3040,2024,3040,"MATERIAL DE CAMA, MESA E BANHO"
2024|3041,2024,3041,MATERIAL DE PROTECAO E SEGURANCA
2024|3099,2024,3099,OUTROS MATERIAIS
2024|3101,2024,3101,"PREMIOS, DIPLOMAS, CONDECORACOES E MEDALHAS"
2024|3102,2024,3102,PREMIOS LOTERICOS
2024|3103,2024,3103,COMISSOES LOTERICAS
2024|3104,2024,3104,PREMIACOES
2024|3105,2024,3105,PREMIACAO - NOTA FISCAL MINEIRA
2024|3201,2024,3201,MATERIAL DE DISTRIBUICAO GRATUITA
2024|3202,2024,3202,MATERIAL DE ASSISTENCIA HUMANITARIA
2024|3301,2024,3301,PASSAGENS - PESSOA FISICA
2024|3302,2024,3302,"DESPESAS COM TRANSPORTE URBANO, PEDAGIO E ESTACIONAMETO PESSOA FISICA"
2024|3304,2024,3304,PASSAGENS - PESSOA JURIDICA
2024|3305,2024,3305,"SERVICOS DE TRANSPORTES DE PASSAGEIROS, FRETAMENTO E LOCACAO PES JURID"
2024|3501,2024,3501,SERVICOS DE CONSULTORIA - PESSOA FISICA
2024|3502,2024,3502,SERVICOS DE CONSULTORIA - PESSOA JURIDICA
2024|3601,2024,3601,ESTAGIARIOS
2024|3602,2024,3602,MEDICOS RESIDENTES
2024|3604,2024,3604,DIARIAS A COLABORADORES EVENTUAIS
2024|3605,2024,3605,LOCACAO DE SERVICOS TECNICOS E ESPECIALIZADOS - PESSOA FISICA
2024|3608,2024,3608,MEDICOS
2024|3609,2024,3609,DENTISTAS
2024|3610,2024,3610,EVENTUAL DE GABINETE
2024|3611,2024,3611,LOCACAO DE BENS IMOVEIS
2024|3612,2024,3612,DESPESAS MIUDAS DE PRONTO PAGAMENTO
2024|3614,2024,3614,"MONITORES, FISCAIS E EXAMINADORES"
2024|3615,2024,3615,ENCARGOS FINANCEIROS
2024|3616,2024,3616,REPARO E MANUTENCAO DE VEICULOS
2024|3617,2024,3617,"REPAROS DE EQUIPAMENTOS, INSTALACOES E MATERIAL PERMANENTE"
2024|3618,2024,3618,REPAROS DE BENS IMOVEIS
2024|3619,2024,3619,CONFERENCIAS E EXPOSICOES
2024|3620,2024,3620,JETONS A CONSELHEIROS
2024|3622,2024,3622,TAXA DE CONDOMINIO
2024|3623,2024,3623,GRATIFICACAO POR ENCARGO DE CURSO OU CONCURSO
2024|3624,2024,3624,SERVICOS TECNICOS JUDICIAIS - HONORARIOS JUSTICA GRATUITA
2024|3625,2024,3625,CONTRATACAO PARA PRESTACAO DE SERVIÇO POR CREDENCIADOS
2024|3626,2024,3626,SERVICOS DE ABASTECIMENTO E DISTRIBUICAO DE AGUA
2024|3627,2024,3627,JUIZES LEIGOS
2024|3628,2024,3628,SERVICOS TECNICOS JUDICIAIS - HONORARIOS PERICIAIS
2024|3629,2024,3629,DIREITOS AUTORAIS
2024|3630,2024,3630,SERVICOS MEDICOS PRESTADOS POR CONTRATO
2024|3631,2024,3631,"SERVICOS DE TREINAMENTO, CAPACITACAO E APERFEICOAMENTO DE PESSOAL"
2024|3699,2024,3699,OUTRAS DESPESAS PAGAS A PESSOAS FISICAS
2024|3701,2024,3701,LOCACAO DE SERVICOS DE CONSERVACAO E LIMPEZA
2024|3702,2024,3702,LOCACAO DE SERVICOS DE APOIO ADMINISTRATIVO
2024|3703,2024,3703,LOCACAO DE SERVICOS DE CONSERVACAO E LIMPEZA REALIZADOS PELA MGS
2024|3704,2024,3704,LOCACAO DE SERVICOS DE APOIO ADMINISTRATIVO REALIZADOS PELA MGS
2024|3705,2024,3705,DESPESAS COM O PAGAMENTO DE ENCARGOS TRABALHISTAS A MGS
2024|3901,2024,3901,VALE-TRANSPORTE
2024|3902,2024,3902,VALE-REFEICAO
2024|3903,2024,3903,FORNECIMENTO DE ALIMENTACAO
2024|3904,2024,3904,CONFECCAO EM GERAL
2024|3906,2024,3906,TRANSPORTE E ACONDICIONAMENTO DE MATERIAIS
2024|3908,2024,3908,PUBLICACAO E DIVULGACAO
2024|3909,2024,3909,PUBLICIDADE
2024|3910,2024,3910,PREMIOS DE SEGUROS
2024|3911,2024,3911,"ASSINATURAS DE JORNAIS, REVISTAS E PERIODICOS"
2024|3912,2024,3912,TARIFA DE ENERGIA ELETRICA
2024|3913,2024,3913,TARIFA DE AGUA E ESGOTO
2024|3914,2024,3914,SERVICO DE TELEFONIA
2024|3915,2024,3915,SERVICO POSTAL-TELEGRAFICO
2024|3916,2024,3916,LOCACAO DE TV POR ASSINATURA
2024|3917,2024,3917,LOCACAO DE VEICULOS
2024|3918,2024,3918,REPAROS DE VEICULOS
2024|3919,2024,3919,LOCACAO DE MAQUINAS E EQUIPAMENTOS
2024|3920,2024,3920,LOCACAO DE BENS IMOVEIS
2024|3921,2024,3921,"REPAROS DE EQUIPAMENTOS, INSTALACOES E MATERIAL PERMANENTE"
2024|3922,2024,3922,REPAROS DE BENS IMOVEIS
2024|3923,2024,3923,"RECEPCOES, HOSPEDAGENS, HOMENAGENS E FESTIVIDADES"
2024|3924,2024,3924,"CURSOS, EXPOSICOES, CONGRESSOS E CONFERENCIAS"
2024|3925,2024,3925,ENCARGOS JUDICIAIS
2024|3926,2024,3926,ENCARGOS FINANCEIROS
2024|3928,2024,3928,SERVICOS DE SAUDE EXECUTADOS COM RECURSOS DO SUS
2024|3929,2024,3929,SERVICOS DE SAUDE PRESTADOS POR PESSOA JURIDICA
2024|3930,2024,3930,MULTAS DE TRANSITO
2024|3931,2024,3931,LOCACAO DE SERVICOS GRAFICOS
2024|3932,2024,3932,LOCACAO DE SERVICOS TECNICOS E ESPECIALIZADOS
2024|3933,2024,3933,TAXA DE ADMINISTRACAO
2024|3934,2024,3934,SEGUROS DE AERONAVES
2024|3935,2024,3935,"REPARO, MANUTENCAO, E SERVICOS AEROPORTUARIOS PARA AERONAVES"
2024|3937,2024,3937,TAXA DE CONDOMINIO
2024|3938,2024,3938,SERVICOS DE IMPRESSAO E ENCADERNACAO
2024|3939,2024,3939,SERVICOS DE PUBLICACAO E DIVULGACAO
2024|3940,2024,3940,SERVICOS DE TELECOMUNICACAO
2024|3941,2024,3941,ANUIDADES
2024|3942,2024,3942,SERVICOS GRAFICOS DE SEGURANCA
2024|3943,2024,3943,SERVICO DE ADMINISTRACAO E GERENCIAMENTO DE FROTA DE VEICULOS
2024|3946,2024,3946,TERMO DE PARCERIA COM ORGANIZACAO DA SOCIEDADE CIVIL DE INTERESSE PUBL
2024|3947,2024,3947,TAXA DE ADMINISTRACAO DE CREDITO DE FINANCIAMENTOS HABITACIONAIS
2024|3948,2024,3948,"CURSOS DE FORMACAO, CAPACITACAO E POS-GRADUACAO PARA SERVIDORES"
2024|3949,2024,3949,CURSOS DE FORMACAO E CAPACITACAO PARA O CIDADAO
2024|3950,2024,3950,SERVICOS DE AGENCIAMENTO DE VIAGENS
2024|3951,2024,3951,"SERVICOS DE GERENCIAMENTO, SUPERVISAO E FISCALIZACAO DE OBRAS"
2024|3952,2024,3952,CONTRATACAO DE ESTAGIARIOS
2024|3953,2024,3953,CURSOS DE FORMACAO E CAPACITACAO PROMOVIDOS PELO ESTADO
2024|3955,2024,3955,EVENTOS DE COMUNICACAO INSTITUCIONAL
2024|3956,2024,3956,SERVICOS DE PESQUISAS
2024|3958,2024,3958,"CONTRATACAO DE PROJETOS EM PESQUISA DE CIENCIA, INOVACAO E TECNOLOGIA"
2024|3959,2024,3959,SERVICOS SANITARIOS E TRATAMENTO DE RESIDUOS
2024|3960,2024,3960,SERVICOS DE ATENDIMENTO AO CIDADAO
2024|3961,2024,3961,SERVICOS DE CONSERVACAO E LIMPEZA
2024|3962,2024,3962,SERVICOS DE VIGILANCIA OSTENSIVA
2024|3963,2024,3963,SERVIÇOS DE LEVANTAMENTO E CADASTRAMENTO PARA EXECUÇÃO DE POLITICAS PUBLICAS
2024|3964,2024,3964,SERVICOS DE MAPEAMENTO E GEORREFERENCIAMENTO
2024|3965,2024,3965,SERVICOS DE PRODUCAO E LOGISTICA DE MEDICAMENTOS
2024|3966,2024,3966,SERVICOS DE ABASTECIMENTO E DISTRIBUICAO DE AGUA
2024|3968,2024,3968,SERVICO DE IMPRENSA
2024|3969,2024,3969,CONTRATOS DE ENERGIA ELETRICA
2024|3971,2024,3971,SERVICOS TECN DE IMPLANTACAO GESTAO E ADM DO SIST DE OBSERV ELETRONICA
2024|3972,2024,3972,CONTRATOS DE ABASTECIMENTO DE AGUA E COLETA E TRATAMENTO DE ESGOTO
2024|3973,2024,3973,SERVICO DE ENGENHARIA PARA OPERACAO DE BENS DE DOMINIO PUBLICO
2024|3974,2024,3974,SERVICO DE REALIZACAO DE CONCURSO PUBLICO E PROCESSO SIMPLIFICADO
2024|3975,2024,3975,"SERVICO DE GERENCIAMENTO, SUPERVISAO E FISCALIZACAO DE SERVICOS"
2024|3976,2024,3976,SERVICO DE REMOCAO E TRANSPORTE DE CADAVERES
2024|3977,2024,3977,PATROCINIO
2024|3978,2024,3978,SERVICO DE APOIO ADMINISTRATIVO
2024|3981,2024,3981,SERVICO DE ELABORACAO DE ESTUDOS PREVIOS
2024|3982,2024,3982,SERVICOS TECNICOS JUDICIAIS - HONORARIOS JUSTICA GRATUITA
2024|3983,2024,3983,SERVICOS DE REALIZACAO DE PROCESSO DE CERTIFICACAO OCUPACIONAL
2024|3985,2024,3985,SERVICOS DE DESLOCAMENTO OU REMOCAO DE POSTES E REDE ELETRICA
2024|3986,2024,3986,DIREITOS AUTORAIS
2024|3987,2024,3987,SERVICOS DE GERENCIAMENTO E FORNECIMENTO DE COMBUSTIVEL
2024|3988,2024,3988,MULTA POR ATO INFRACIONAL
2024|3990,2024,3990,"CURSOS DE FORMAÇÃO, CAPACITAÇÃO E TREINAMENTO DE TRIPULANTES DE AERONAVES"
2024|3991,2024,3991,CONTRATAÇÃO PARA PRESTAÇÃO DE SERVIÇO POR CREDENCIADOS
2024|3992,2024,3992,CONTRATO DE GESTAO COM ORGANIZACAO SOCIAL - OS
2024|3993,2024,3993,APOIO A PROJETOS DE INCENTIVO E INOVAÇAO E A PESQUISA CIENTIFICA E TEC
2024|3994,2024,3994,CAPACITAÇÃO RELACIONADA AS ATIVIDADES DE AVIAÇÃO
2024|3995,2024,3995,SERVICOS NOTARIAIS E DE REGISTRO
2024|3996,2024,3996,TRANSFERENCIA ONEROSA DA POSSE DE IMOVEIS DE PROPRIEDADE DO ESTADO
2024|3998,2024,3998,SERVICOS DE SAUDE PRESTADOS CONTRATUALMENTE POR PESSOA JURIDICA
2024|3999,2024,3999,OUTROS SERVICOS PESSOA JURIDICA
2024|4002,2024,4002,SERVICO DE TECNOLOGIA DA INFORMACAO
2024|4003,2024,4003,SERVICO DE INFORMATICA EXECUTADO PELA PRODEMGE
2024|4004,2024,4004,SERVICO DE TELECOMUNICACAO
2024|4005,2024,4005,REDE IP MULTISSERVICOS
2024|4006,2024,4006,AQUISIÇÃO DE SOFTWARE
2024|4007,2024,4007,AQUISICAO DE SOFTWARE DESENVOLVIDO PELA PRODEMGE
2024|4101,2024,4101,CONTRIBUICOES
2024|4103,2024,4103,CONTRIBUICOES AO IPLEMG
2024|4104,2024,4104,CONTRIBUICOES DO FUNDO ESTADUAL DE SAUDE - FES - LC 141/2012
2024|4106,2024,4106,TRANSFERENCIA PARA FINANCIAMENTO DO TRANSPORTE ESCOLAR
2024|4108,2024,4108,TRANSFERENCIAS ESPECIAIS A MUNICIPIOS - EMENDAS
2024|4201,2024,4201,AUXILIOS
2024|4202,2024,4202,SUBVENCAO ECONOMICA - TRANSPORTE PUBLICO COLETIVO
2024|4301,2024,4301,SUBVENCOES SOCIAIS
2024|4501,2024,4501,SUBVENCOES ECONOMICAS
2024|4502,2024,4502,SUBVENCAO ECONOMICA - TRANSPORTE PUBLICO COLETIVO
2024|4504,2024,4504,SUBVENCAO ECONOMICA - CULTURA
2024|4601,2024,4601,AUXILIO-ALIMENTACAO - PECUNIA
2024|4602,2024,4602,AUXILIO ALIMENTACAO BILHETE OU CARTAO MAGNETICO
2024|4702,2024,4702,IMPOSTO DE RENDA - IR
2024|4703,2024,4703,IMPOSTO PREDIAL TERRITORIAL URBANO - IPTU
2024|4704,2024,4704,IMPOSTO SOBRE OPERACOES FINANCEIRAS - IOF
2024|4706,2024,4706,CONTRIBUICAO PARA A FORMACAO DO PASEP/PIS
2024|4707,2024,4707,TAXA DE LIMPEZA PUBLICA E COLETA DE RESIDUOS
2024|4708,2024,4708,TAXA DE ILUMINACAO PUBLICA
2024|4709,2024,4709,TAXAS AMBIENTAIS
2024|4710,2024,4710,PASEP - ADESAO AO PARCELAMENTO DECORRENTE DE LEI ESPECIFICA
2024|4799,2024,4799,OUTROS - OBRIGACOES TRIBUTARIAS E CONTRIBUTIVAS
2024|4801,2024,4801,OUTROS AUXILIOS FINANCEIROS A PESSOAS FISICAS
2024|4803,2024,4803,AUXILIO PARA PROFISSIONAIS DE PROGRAMAS DE CAPACITACAO E FORMACAO
2024|4901,2024,4901,AUXILIO-TRANSPORTE - PECUNIA
2024|4902,2024,4902,AUXILIO-TRANSPORTE - PODER LEGISLATIVO
2024|4903,2024,4903,DESPESA DE TRANSPORTE DEVIDA A SERVIDORES DOS PODERES DO ESTADO
2024|4904,2024,4904,AUXILIO TRANSPORTE BILHETE OU CARTAO MAGNETICO
2024|4905,2024,4905,AUXILIO TRANSPORTE PAGO A ESTAGIARIOS PECUNIA
2024|4906,2024,4906,AUXILIO TRANSPORTE PAGO A ESTAGIARIO BILHETE OU CARTAO MAGNETICO
2024|5101,2024,5101,ESTUDOS E PROJETOS DE BENS PATRIMONIAVEIS
2024|5102,2024,5102,EXECUCAO DIRETA DE OBRAS DE BENS PATRIMONIAVEIS
2024|5103,2024,5103,EXECUCAO DE OBRAS POR CONTRATO DE BENS PATRIMONIAVEIS
2024|5106,2024,5106,ESTUDOS E PROJETOS DE BENS NAO PATRIMONIAVEIS
2024|5107,2024,5107,EXECUCAO DE OBRAS POR CONTRATO DE BENS NAO PATRIMONIAVEIS
2024|5112,2024,5112,MATERIAL PARA OBRAS - BENS NAO PATRIMONIAVEIS
2024|5113,2024,5113,INSTALACAO PARA INCORPORACAO A BENS IMOVEIS
2024|5114,2024,5114,EXECUCAO DE OBRAS POR EMPRESAS CONTROLADAS
2024|5115,2024,5115,EXECUCAO DE OBRAS - METRO RMBH
2024|5201,2024,5201,AERONAVES E COMPONENTES ESTRUTURAIS
2024|5203,2024,5203,ARMAMENTO E EQUIPAMENTO DE USO POLICIAL
2024|5204,2024,5204,"MAQUINAS, APARELHOS, UTENSILIOS E EQUIPAMENTOS DE USO INDUSTRIAL"
2024|5205,2024,5205,"EMBARCACOES, PONTOES, DIQUES, FLUTUANTES E COMP. ESTRUTURAIS"
2024|5206,2024,5206,EQUIPAMENTOS DE COMUNICACAO E TELEFONIA
2024|5207,2024,5207,EQUIPAMENTOS DE INFORMATICA
2024|5208,2024,5208,"EQUIPAMENTOS DE SOM, VIDEO, FOTOGRAFICO E CINEMATOGRAFICO"
2024|5209,2024,5209,"EQUIPAMENTOS HOSPITALARES, ODONTOLOGICOS E DE LABORATORIO"
2024|5210,2024,5210,"FERRAMENTAS, EQUIP. E INSTRUMENTOS P/ OFICINA, MEDICAO E INSPECAO"
2024|5211,2024,5211,"INSTRUMENTOS DE LABORATORIO, MEDICOS E ODONTOLOGICOS"
2024|5212,2024,5212,"MAQUINAS, APARELHOS, UTENSILIOS E EQUIPAMENTOS  USO ADMINISTRATIVO"
2024|5213,2024,5213,MATERIAL ESPORTIVO E RECREATIVO
2024|5214,2024,5214,MOBILIARIO
2024|5215,2024,5215,OBJETOS DE ARTE E ANTIGUIDADES
2024|5216,2024,5216,"TRATORES, SIMILARES E IMPLEMENTOS"
2024|5217,2024,5217,VEICULOS
2024|5218,2024,5218,COLECAO E MATERIAIS BIBLIOGRAFICOS
2024|5219,2024,5219,INSTRUMENTOS MUSICAIS E ARTISTICOS
2024|5220,2024,5220,EQUIPAMENTOS DE SEGURANCA ELETRONICA
2024|5221,2024,5221,MATERIAL DIDATICO
2024|5222,2024,5222,ESTRUTURAS E COMPONENTES
2024|5225,2024,5225,APARELHOS E UTENSILIOS DOMESTICOS
2024|5226,2024,5226,"EQUIPAMENTOS DE PROTECAO, SEGURANCA E SOCORRO"
2024|5227,2024,5227,PECAS NAO INCORPORAVEIS A IMOVEIS
2024|5230,2024,5230,MÁQUINAS E EQUIPAMENTOS ENERGÉTICOS
2024|5299,2024,5299,OUTROS MATERIAIS PERMANENTES
2024|5902,2024,5902,PENSAO ESPECIAL - LEI N 552/49
2024|5903,2024,5903,PENSAO ESPECIFICA DOS INSTITUTOS DE PREVIDENCIA
2024|5905,2024,5905,PENSAO DECORRENTE DE SENTENCA JUDICIAL - TERCEIROS
2024|5907,2024,5907,PENSAO ESPECIAL PARA AGENTES POLITICOS SERVIDORES PUBLICOS E ESTATAIS
2024|5908,2024,5908,PENSOES DECORRENTES DA LEI N 21527 2014
2024|6101,2024,6101,TERRENOS
2024|6105,2024,6105,IMOVEIS PARA FINS DE TRANSFERENCIA A TERCEIROS
2024|6106,2024,6106,IMOVEIS NECESSARIOS A REALIZACAO DE OBRAS DE BENS PATRIMONIAVEIS
2024|6107,2024,6107,IMOVEIS NECESSARIOS A REALIZACAO DE OBRAS DE BENS NAO-PATRIMONIAVEIS
2024|6108,2024,6108,CASAS
2024|6501,2024,6501,CONSTITUICAO OU AUMENTO DE CAPITAL DE EMPRESAS-CAPITAL A INTEGRALIZAR
2024|6502,2024,6502,CONSTITUICAO OU AUMENTO DE CAPITAL DE EMPRESAS-CAPITAL INTEGRALIZADO
2024|6603,2024,6603,CONCESSAO DE FINANCIAMENTOS HABITACIONAIS
2024|7103,2024,7103,PRINCIPAL DA DIVIDA COM OS INSTITUTOS DE PREVIDENCIA
2024|7104,2024,7104,PRINCIPAL DO PARCELAMENTO DA DIVIDA PREVIDENCIARIA - INSS
2024|7106,2024,7106,PRINCIPAL DE OUTRAS DIVIDAS RENEGOCIADAS
2024|7107,2024,7107,PRINCIPAL DO PARCELAMENTO DA DIVIDA REFERENTE AO PASEP
2024|7108,2024,7108,PRINCIPAL DA DÍVIDA INTERNA POR CONTRATOS REFINANCIADA
2024|8106,2024,8106,TRANSFERENCIAS FUNDEB - PARCELAS REFERENTES AO FEM
2024|8201,2024,8201,APORTE RECURSOS PARCEIRO PUBLICO EM FAVOR DO PRIVADO DECORRENTE DE PPP
2024|8301,2024,8301,PARCELAS DAS CONTRAPRESTACOES REFERENTES A REMUNERACAO DO PARCEIRO
2024|8303,2024,8303,OUTRAS DESPESAS DECORRENTES DE CONTRATO DE PARCERIA PUBLICO-PRIVADA
2024|8501,2024,8501,CONTRATO DE GESTAO COM ORGANIZACAO SOCIAL - OS
2024|8502,2024,8502,CONTRATO DE GESTAO COM SERVICO SOCIAL AUTONOMO - SSA
2024|8601,2024,8601,COMPENSACAO FINANCEIRA DOS REGIMES DE PREVIDENCIA
2024|9102,2024,9102,PRECATORIOS - PESSOAL
2024|9103,2024,9103,OUTRAS SENTENCAS JUDICIAIS
2024|9107,2024,9107,PRECATORIOS - OUTROS
2024|9108,2024,9108,OUTRAS DECISOES JUDICIAIS - DEPOSITO EM CONTA CORRENTE OU A DISPOSICAO
2024|9110,2024,9110,SERVICOS DE SAUDE PRESTADO POR PESSOA FISICA - DECISAO JUDICIAL
2024|9111,2024,9111,SERVICOS DE SAUDE PRESTADO POR PESSOA JURIDICA - DECISAO JUDICIAL
2024|9112,2024,9112,MEDICAMENTOS E MATERIAL MEDICO HOSPITALAR - DECISAO JUDICIAL
2024|9113,2024,9113,INDENIZACOES DETERMINADAS POR DECISOES JUDICIAIS
2024|9116,2024,9116,ADVOGADOS DATIVOS - SENTENCAS JUDICIAIS
2024|9117,2024,9117,ACORDOS ADM. OU JUDICIAIS FIRMADOS COM A CONCILIACAO E MEDIACAO DA CPR
2024|9201,2024,9201,DESPESAS DE EXERCICIOS ANTERIORES - PESSOAL
2024|9202,2024,9202,DESPESAS DE EXERCICIOS ANTERIORES - OUTRAS DESPESAS
2024|9203,2024,9203,DESPESA DE EXERCICIOS ANTERIORES - OBRIGACOES PATRONAIS
2024|9301,2024,9301,AJUDA DE CUSTO
2024|9302,2024,9302,AJUDA DE CUSTO ESPECIAL
2024|9305,2024,9305,DESPESAS DECORRENTES DE CONTRATOS DE CONCESSAO OU PERMISSAO
2024|9306,2024,9306,"REST DE REC DE CONVENIOS, DE CONTRAPARTIDAS E INSTRUMENTOS CONGENERES"
2024|9307,2024,9307,RESSARCIMENTO REFERENTE A PESSOAL REQUISITADO DA ADMINITRACAO ESTADUAL
2024|9308,2024,9308,DESPESAS DE CARATER INDENIZATORIO RELATIVAS AO MANDATO PARLAMENTAR
2024|9309,2024,9309,PREMIO DE PRODUTIVIDADE
2024|9310,2024,9310,RESTITUICAO DE RECEITA - EXERCICIO ANTERIOR
2024|9312,2024,9312,INDENIZACAO POR UTILIZACAO DE BENS DE TERCEIROS
2024|9313,2024,9313,REEMBOLSO DE DESPESAS MEDICO-HOSPITALARES
2024|9316,2024,9316,INDENIZACOES DETERMINADAS POR LEI ESPECIFICA
2024|9317,2024,9317,INDENIZACAO EXERCICIO DO CARGO DE CONSEL PRES E PROCURADOR JUNTO AO TC
2024|9318,2024,9318,AUXILIO MORADIA DE CARATER INDENIZATORIO RELATIVO AO MANDATO PARLAMENT
2024|9319,2024,9319,IND.DECORRENTES DA UTILZ. DE LEITOS DE INSTITUICOES DE SAUDE PRIVADAS
2024|9323,2024,9323,INDENIZACAO DECORRENTE DE AUXILIO SAUDE
2024|9326,2024,9326,"RESTITUICAO REFERENTE A TAXA DE INSCRICAO, MATERIAL E SIMILARES"
2024|9327,2024,9327,INDENIZACAO DE TRANSPORTE DEVIDA AO OFICIAL DE JUSTICA
2024|9331,2024,9331,RESTITUICAO DE RECURSOS DE DEPOSITOS JUDICIAIS
2024|9335,2024,9335,RESTITUIICAO DE RECURSOS DE DEPOSITOS ADMINISTRATIVOS E JUDICIAIS
2024|9399,2024,9399,OUTRAS INDENIZACOES E RESTITUICOES
2024|9401,2024,9401,INDENIZACOES E RESTITUICOES TRABALHISTAS
2024|9601,2024,9601,RESSARCIMENTO DE DESPESAS DE PESSOAL REQUISITADO
2024|9701,2024,9701,APORTE PARA COBERTURA DO DEFICIT ATUARIAL DO RPPS
2025|0,2025,0,SEM INFORMACAO
2025|1,2025,1,"APOSENTADORIAS, RESERVA REMUNERADA E REFORMAS"
2025|3,2025,3,PENSOES
2025|4,2025,4,CONTRATACAO POR TEMPO DETERMINADO
2025|7,2025,7,CONTRIBUICAO A ENTIDADES FECHADAS DE PREVIDENCIA
2025|8,2025,8,OUTROS BENEFICIOS ASSISTENCIAIS DO SERVIDOR E DO MILITAR
2025|10,2025,10,SEGURO DESEMPREGO E ABONO SALARIAL
2025|11,2025,11,VENCIMENTOS E VANTAGENS FIXAS-PESSOAL CIVIL
2025|12,2025,12,VENCIMENTOS E VANTAGENS FIXAS - PESSOAL  MILITAR
2025|13,2025,13,OBRIGACOES PATRONAIS
2025|14,2025,14,DIARIAS - CIVIL
2025|15,2025,15,DIARIAS - MILITAR
2025|16,2025,16,OUTRAS DESPESAS VARIAVEIS - PESSOAL CIVIL
2025|17,2025,17,OUTRAS DESPESAS VARIAVEIS - PESSOAL MILITAR
2025|18,2025,18,AUXILIO FINANCEIRO A ESTUDANTES
2025|19,2025,19,AUXILIO-FARDAMENTO
2025|20,2025,20,AUXILIO FINANCEIRO A PESQUISADORES
2025|21,2025,21,JUROS SOBRE A DIVIDA POR CONTRATO
2025|22,2025,22,OUTROS ENCARGOS SOBRE A DIVIDA POR CONTRATO
2025|27,2025,27,"ENCARGOS PELA HONRA DE AVAIS, GARANTIAS, SEGUROS E SIMILARES"
2025|29,2025,29,DISTRIBUICAO DE RESULTADO DE EMPRESAS ESTATAIS DEPENDENTES
2025|30,2025,30,MATERIAL DE CONSUMO
2025|31,2025,31,"PREMIACOES CULTURAIS, ARTISTICAS, CIENTIFICAS, DESPORTIVAS E OUTRAS."
2025|32,2025,32,"MATERIAL, BEM OU SERVICO PARA DISTRIBUICAO GRATUITA"
2025|33,2025,33,PASSAGENS E DESPESAS COM LOCOMOCAO
2025|34,2025,34,OUTRAS DESPESAS DE PESSOAL DECORRENTES DE CONTRATOS DE TERCEIRIZACAO
2025|35,2025,35,SERVICOS DE CONSULTORIA
2025|36,2025,36,OUTROS SERVICOS DE TERCEIROS - PESSOA FISICA
2025|37,2025,37,LOCACAO DE MAO-DE-OBRA
2025|38,2025,38,ARRENDAMENTO MERCANTIL
2025|39,2025,39,OUTROS SERVICOS DE TERCEIROS - PESSOA JURIDICA
2025|40,2025,40,SERVICOS DE TECNOLOGIA DA INFORMACAO E COMUNICACAO -  PESSOA JURIDICA
2025|41,2025,41,CONTRIBUICOES
2025|42,2025,42,AUXILIOS
2025|43,2025,43,SUBVENCOES SOCIAIS
2025|45,2025,45,SUBVENCOES ECONOMICAS
2025|46,2025,46,AUXILIO-ALIMENTACAO
2025|47,2025,47,OBRIGACOES TRIBUTARIAS E CONTRIBUTIVAS
2025|48,2025,48,OUTROS AUXILIOS FINANCEIROS A PESSOAS FISICAS
2025|49,2025,49,AUXILIO-TRANSPORTE
2025|51,2025,51,OBRAS E INSTALACOES
2025|52,2025,52,EQUIPAMENTOS E MATERIAL PERMANENTE
2025|59,2025,59,PENSOES ESPECIAIS
2025|61,2025,61,AQUISICAO DE IMOVEIS
2025|64,2025,64,AQUISICAO DE TITULOS REPRESENTATIVOS DE CAPITAL JA INTEGRALIZADO
2025|65,2025,65,CONSTITUICAO OU AUMENTO DE CAPITAL DE EMPRESAS
2025|66,2025,66,CONCESSAO DE EMPRESTIMOS E FINANCIAMENTOS
2025|70,2025,70,RATEIO PELA PARTICIPACAO EM CONSORCIO PUBLICO
2025|71,2025,71,PRINCIPAL DA DIVIDA CONTRATUAL RESGATADO
2025|81,2025,81,DISTRIBUICAO CONSTITUCIONAL OU LEGAL DE RECEITAS
2025|82,2025,82,APORTE DE RECURSOS PELO PARCEIRO PUBLICO EM FAVOR DO PARCEIRO PRIVADO DECORRENTE DE CONTRATO DE PARC
2025|83,2025,83,"DESPESAS DECORRENTES DE CONTRATO DE PARCERIA PUBLICO-PRIVADA - PPP, EXCETO SUBVENCOES ECONOMICAS, AP"
2025|84,2025,84,"DESPESAS DECORRENTES DA PARTICIPACAO EM FUNDOS, ORGANISMOS, OU ENTIDADES ASSEMELHADAS, NACIONAIS E I"
2025|85,2025,85,CONTRATO DE GESTAO
2025|86,2025,86,COMPENSACOES A REGIMES DE PREVIDENCIA
2025|91,2025,91,SENTENCAS JUDICIAIS
2025|92,2025,92,DESPESAS DE EXERCICIOS ANTERIORES
2025|93,2025,93,INDENIZACOES E RESTITUICOES
2025|94,2025,94,INDENIZACOES E RESTITUICOES TRABALHISTAS
2025|96,2025,96,RESSARCIMENTO DE DESPESAS DE PESSOAL REQUISITADO
2025|99,2025,99,A CLASSIFICAR
2025|101,2025,101,PROVENTOS DE APOSENTADOS
2025|103,2025,103,PROVENTOS DE MILITARES INATIVOS
2025|108,2025,108,SUBSIDIO APOSENTADOS DA EDUCACAO
2025|109,2025,109,GRATIFICACAO DE NATAL - INATIVO CIVIL
2025|110,2025,110,GRATIFICACAO DE NATAL - INATIVO MILITAR
2025|307,2025,307,PENSOES CIVIS DO RPPS
2025|308,2025,308,PENSOES DO MILITAR
2025|309,2025,309,GRATIFICAÇÃO DE NATAL
2025|401,2025,401,CONTRATACAO POR TEMPO DETERMINADO
2025|403,2025,403,OBRIGACAO PATRONAL - CONTRATOS POR TEMPO DETERMINADO - INSS
2025|404,2025,404,OBRIGACAO PATRONAL - CONTRATO POR TEMPO DETERMINADO - ASSIST. A SAUDE
2025|405,2025,405,AGENTES PENITENCIARIOS
2025|406,2025,406,SALARIO FAMILIA
2025|410,2025,410,ABONO DE FERIAS
2025|701,2025,701,CONTRIBUICAO A ENTIDADES FECHADAS DE PREVIDENCIA
2025|802,2025,802,AUXILIO-FUNERAL
2025|803,2025,803,AUXILIO-CRECHE OU ASSISTENCIA PRE-ESCOLAR
2025|804,2025,804,INDENIZACAO SECURITARIA
2025|805,2025,805,AUXILIO-NATALIDADE
2025|807,2025,807,AUXILIO INVALIDEZ
2025|809,2025,809,AUXILIO RECLUSAO
2025|810,2025,810,SALARIO FAMILIA
2025|811,2025,811,PECULIO E SEGURO COLETIVO
2025|899,2025,899,AUXILIOS DIVERSOS
2025|1101,2025,1101,VENCIMENTOS
2025|1102,2025,1102,DESIGNADOS DO MAGISTERIO
2025|1103,2025,1103,ADICIONAL POR TEMPO DE SERVICO
2025|1106,2025,1106,GRATIFICACAO DE COORDENADOR DE ESCOLA
2025|1107,2025,1107,GRATIFICACAO DE INCENTIVO A DOCENCIA
2025|1109,2025,1109,GRATIFICACAO DE RISCO DE CONTAGIO E RAIO X
2025|1112,2025,1112,GRATIFICACAO DE ESTIMULO A PRODUCAO INDIVIDUAL - GEPI
2025|1113,2025,1113,GRATIFICACAO DE EXERCICIO DO PODER JUDICIARIO
2025|1117,2025,1117,GRATIFICACAO DE CARGO EM COMISSAO
2025|1118,2025,1118,GRATIFICACAO POR PLANTAO
2025|1119,2025,1119,VANTAGEM PESSOAL
2025|1121,2025,1121,ABONO DE FERIAS
2025|1122,2025,1122,GRATIFICACAO DE NATAL
2025|1123,2025,1123,"GRATIFICACAO DE RISCO DE VIDA, SAUDE E CONTAGIO"
2025|1127,2025,1127,GRATIFICACAO DE INCENTIVO AO MERITO FUNCIONAL
2025|1128,2025,1128,GRATIFICACAO DE FUNCAO DE AGENTES DE SEGURANCA
2025|1129,2025,1129,GRATIFICACAO DE ASSESSORAMENTO
2025|1130,2025,1130,GRATIFICACAO ESPECIAL-GABINETE MILITAR
2025|1133,2025,1133,GRATIFICACAO DE INCENTIVO A EFICIENTIZACAO DOS SERVICOS - GIEFS
2025|1134,2025,1134,HONORARIOS
2025|1135,2025,1135,GRATIFICACAO DE DEDICACAO EXCLUSIVA
2025|1139,2025,1139,ADICIONAL DE LOCAL DE TRABALHO
2025|1140,2025,1140,GRATIFICACAO DE FUNCAO
2025|1141,2025,1141,GRATIFICACAO POR CURSO
2025|1143,2025,1143,GRATIFICACAO DE ORGAO DE DELIBERACAO COLETIVA
2025|1144,2025,1144,ABONO DE PERMANENCIA
2025|1145,2025,1145,VANTAGEM TEMPORARIA INCORPORAVEL
2025|1146,2025,1146,GRATIFICACAO DE DESEMPENHO DE PRODUTIVIDADE INDIVIDUAL E INSTITUCIONAL
2025|1147,2025,1147,GRATIFICACAO DE ESCOLARIDADE DESEMPENHO E PROD INDIVID E INSTITUCIONAL
2025|1148,2025,1148,ADICIONAL DE DESEMPENHO - PESSOAL CIVIL
2025|1149,2025,1149,GRATIFICACAO COMPLEMENTAR DE PRODUTIVIDADE
2025|1150,2025,1150,SUBSIDIO - SERVIDORES DA EDUCACAO EFETIVOS
2025|1151,2025,1151,SUBSIDIO - SERVIDORES DA EDUCACAO DESIGNADOS
2025|1152,2025,1152,SUBSIDIO - SERVIDORES DA EDUCACAO DE EXTENSAO CARGA HORARIA
2025|1154,2025,1154,GRATIFICACAO DE SERVICOS DE SEGURIDADE SOCIAL
2025|1155,2025,1155,GRATIFICACAO DE FUNCAO DE PESQUISA E ENSINO - GFPE / LEI 20.591/2012
2025|1157,2025,1157,GRATIFICACAO INCENTIVO PRODUTIVIDADE PROFISSIONAIS DE ENGENHARIA E ARQ
2025|1158,2025,1158,ABONO SALARIAL DO PODER JUDICIARIO
2025|1160,2025,1160,GRATIFICACAO PELO CUMPRIMENTO DE METAS EXTRAORDINARIAS
2025|1164,2025,1164,GRATIFICACAO DE SERVICOS DE SEGURANCA
2025|1165,2025,1165,ABONO - RATEIO DOS RECURSOS DO FUNDEB
2025|1199,2025,1199,OUTROS
2025|1201,2025,1201,REMUNERACAO BASICA
2025|1202,2025,1202,ADICIONAL POR TEMPO DE SERVICO
2025|1203,2025,1203,GRATIFICACOES ESPECIAIS
2025|1204,2025,1204,FERIAS-PREMIO
2025|1205,2025,1205,ABONO DE FERIAS
2025|1206,2025,1206,SUBSTITUICAO TEMPORARIA
2025|1207,2025,1207,GRATIFICACAO DE NATAL
2025|1208,2025,1208,ADICIONAL DE DESEMPENHO - PESSOAL MILITAR
2025|1209,2025,1209,ABONO PERMANENCIA
2025|1210,2025,1210,GRATIFICACAO MENSAL PRO LABORE
2025|1299,2025,1299,OUTRAS
2025|1304,2025,1304,INSS - FOLHA
2025|1305,2025,1305,OBRIGACAO PATRONAL - PESSOAL ATIVO
2025|1306,2025,1306,OBRIGACAO PATRONAL - PESSOAL INATIVO
2025|1308,2025,1308,OBRIGACAO PATRONAL - PENSIONISTAS
2025|1309,2025,1309,OBRIGACAO PATRONAL - PRECATORIOS
2025|1310,2025,1310,OBRIGACAO PATRONAL - OUTRAS SENTENCAS JUDICIAIS
2025|1314,2025,1314,OBRIGACAO PATRONAL - ENCARGOS POR PAGAMENTO EM ATRASO
2025|1317,2025,1317,INSS - DEMAIS DESPESAS
2025|1319,2025,1319,OBRIGACAO PATRONAL - PESSOAL MILITAR INATIVO - LC 125/2012
2025|1320,2025,1320,OBRIGACAO PATRONAL - PESSOAL MILITAR ATIVO - LC 125/2012
2025|1321,2025,1321,OBRIGACAO PATRONAL - PESSOAL ATIVO - DESPESAS COM ASSISTENCIA A SAUDE
2025|1322,2025,1322,OBRIGACAO PATRONAL - PESSOAL INATIVO - DESPESAS COM ASSITENCIA A SAUDE
2025|1324,2025,1324,OBRIGACAO PATRONAL DESPESAS COM ASSITENCIA A SAUDE OUTROS
2025|1326,2025,1326,OBRIGACAO PATRONAL SUPLEMENTAR - PESSOAL ATIVO
2025|1328,2025,1328,DESPESAS COM OBRIGACAO PATRONAL RELATIVAS AO FGTS
2025|1401,2025,1401,DIARIAS - CIVIL
2025|1501,2025,1501,DIARIAS - MILITAR
2025|1502,2025,1502,DIARIAS MILITAR - SCDP
2025|1601,2025,1601,SERVICO EXTRAORDINARIO
2025|1602,2025,1602,SUBSTITUICAO EM CARGOS EM COMISSAO
2025|1603,2025,1603,AULAS FACULTATIVAS
2025|1604,2025,1604,GRATIFICACAO POR ENCARGOS EXTRAORDINARIOS
2025|1605,2025,1605,FERIAS-PREMIO
2025|1606,2025,1606,JORNADA COMPLEMENTAR DE TRABALHO
2025|1701,2025,1701,OUTRAS DESPESAS VARIAVEIS - PESSOAL MILITAR
2025|1801,2025,1801,AUXILIO FINANCEIRO A ESTUDANTES
2025|1901,2025,1901,AUXILIO-FARDAMENTO PAGO A SERVIDOR OU MILITAR
2025|1903,2025,1903,AUXILIO-FARDAMENTO PAGO A PESSOAL CONTRATADO
2025|2001,2025,2001,AUXILIO FINANCEIRO A PESQUISADORES
2025|2103,2025,2103,JUROS DA DIVIDA COM OS INSTITUTOS DE PREVIDENCIA
2025|2104,2025,2104,JUROS SOBRE O PARCELAMENTO DA DIVIDA PREVIDENCIARIA
2025|2106,2025,2106,JUROS SOBRE O PARCELAMENTO DA DIVIDA COM O PASEP
2025|2108,2025,2108,JUROS SOBRE A DIVIDA INTERNA POR CONTRATOS REFINANCIADA
2025|2201,2025,2201,OUTROS ENCARGOS SOBRE A DIVIDA INTERNA POR CONTRATOS
2025|2204,2025,2204,OUTROS ENCARGOS SOBRE A DIVIDA INTERNA POR CONTRATOS REFINANCIADA
2025|3001,2025,3001,ARTIGOS PARA CONFECCAO E VESTUARIO
2025|3002,2025,3002,ARTIGOS PARA ESPORTE
2025|3003,2025,3003,"UTENSILIOS PARA COPA, REFEITORIO E COZINHA"
2025|3004,2025,3004,MATERIAL GRAFICO E IMPRESSOS
2025|3005,2025,3005,MATERIAL PARA ESCRITORIO
2025|3006,2025,3006,MATERIAL DE DESENHO
2025|3007,2025,3007,MATERIAL DE ENSINO
2025|3008,2025,3008,PRODUTOS ALIMENTICIOS
2025|3009,2025,3009,FORRAGENS E OUTROS ALIMENTOS PARA ANIMAIS
2025|3010,2025,3010,MATERIAL MEDICO E HOSPITALAR
2025|3011,2025,3011,MATERIAL ODONTOLOGICO
2025|3012,2025,3012,MEDICAMENTOS
2025|3013,2025,3013,MATERIAIS DE LABORATORIO E PRODUTOS QUIMICOS EM GERAL
2025|3014,2025,3014,MATERIAL RADIOLOGICO
2025|3015,2025,3015,"MATERIAL FOTOGRAFICO, CINEMATOGRAFICO E DE COMUNICACAO"
2025|3016,2025,3016,MATERIAL DE INFORMATICA
2025|3017,2025,3017,ARTIGOS PARA LIMPEZA E HIGIENE
2025|3018,2025,3018,MATERIA-PRIMA E PROD. P/ MANIPULACAO E INDUSTRIAS DE TRANSFORMACAO
2025|3019,2025,3019,MATERIAL P/ MANUT. E REPAROS DE IMOVEIS DE PROPRIEDADE DA ADM. PUBLICA
2025|3020,2025,3020,MATERIAL ELETRICO
2025|3021,2025,3021,MATERIAL P/ MANUT. E REPAROS DE BENS DE DOMINIO PUB. OU DE TERCEIROS
2025|3022,2025,3022,"FERRAMENTAS, FERRAGENS E UTENSILIOS"
2025|3023,2025,3023,MATERIAL PARA MANUTENCAO DE VEICULOS AUTOMOTORES
2025|3024,2025,3024,PECAS E ACESSORIOS P/ EQUIP.  E OUTROS MATERIAIS PERMANENTES
2025|3025,2025,3025,"MATERIAL DE SEGURANCA, APETRECHOS OPERACIONAIS E POLICIAIS"
2025|3026,2025,3026,COMBUSTIVEIS E LUBRIFICANTES PARA VEICULOS AUTOMOTORES
2025|3027,2025,3027,COMBUSTIVEIS E LUBRIFICANTES P/ EQUIP. E OUTROS MAT.  PERMANENTES
2025|3028,2025,3028,"ANIMAIS DESTINADOS A ESTUDOS, A PREPARACAO DE PRODUTOS E AO ABATE"
2025|3029,2025,3029,"SEMENTES, MUDAS DE PLANTAS E INSUMOS"
2025|3030,2025,3030,MATERIAIS PARA ACONDICIONAMENTO E EMBALAGEM
2025|3031,2025,3031,LIVROS TECNICOS
2025|3032,2025,3032,MATERIAL CIVICO E EDUCATIVO
2025|3033,2025,3033,COMBUSTIVEIS E LUBRIFICANTES PARA AERONAVES
2025|3034,2025,3034,PECAS E ACESSORIOS PARA AERONAVES
2025|3036,2025,3036,MATERIAL BIBLIOGRAFICO PARA BIBLIOTECAS PUBLICAS
2025|3038,2025,3038,LEITE ? PROGRAMA LEITE PELA VIDA
2025|3039,2025,3039,MATERIAL DE CONFECÇÃO EM GERAL
2025|3040,2025,3040,"MATERIAL DE CAMA, MESA E BANHO"
2025|3041,2025,3041,MATERIAL DE PROTECAO E SEGURANCA
2025|3042,2025,3042,MATERIAL PARA FISIOTERAPIA E TERAPIA OCUPACIONAL
2025|3099,2025,3099,OUTROS MATERIAIS
2025|3101,2025,3101,"PREMIOS, DIPLOMAS, CONDECORACOES E MEDALHAS"
2025|3104,2025,3104,PREMIACOES
2025|3105,2025,3105,PREMIACAO - NOTA FISCAL MINEIRA
2025|3201,2025,3201,MATERIAL DE DISTRIBUICAO GRATUITA
2025|3202,2025,3202,MATERIAL DE ASSISTENCIA HUMANITARIA
2025|3301,2025,3301,PASSAGENS - PESSOA FISICA
2025|3302,2025,3302,"DESPESAS COM TRANSPORTE URBANO, PEDAGIO E ESTACIONAMETO PESSOA FISICA"
2025|3303,2025,3303,FRETAMENTO E LOCAÇÃO - PESSOA FÍSICA
2025|3304,2025,3304,PASSAGENS - PESSOA JURIDICA
2025|3305,2025,3305,"SERVICOS DE TRANSPORTES DE PASSAGEIROS, FRETAMENTO E LOCACAO PES JURID"
2025|3501,2025,3501,SERVICOS DE CONSULTORIA - PESSOA FISICA
2025|3502,2025,3502,SERVICOS DE CONSULTORIA - PESSOA JURIDICA
2025|3601,2025,3601,ESTAGIARIOS
2025|3602,2025,3602,MEDICOS RESIDENTES
2025|3603,2025,3603,SALARIOS DE INTERNOS
2025|3604,2025,3604,DIARIAS A COLABORADORES EVENTUAIS
2025|3606,2025,3606,FORNECIMENTO DE ALIMENTAÇÃO
2025|3608,2025,3608,MEDICOS
2025|3609,2025,3609,DENTISTAS
2025|3610,2025,3610,EVENTUAL DE GABINETE
2025|3611,2025,3611,LOCACAO DE BENS IMOVEIS
2025|3612,2025,3612,DESPESAS MIUDAS DE PRONTO PAGAMENTO
2025|3614,2025,3614,"MONITORES, FISCAIS E EXAMINADORES"
2025|3615,2025,3615,ENCARGOS FINANCEIROS
2025|3616,2025,3616,REPARO E MANUTENCAO DE VEICULOS
2025|3617,2025,3617,"REPAROS DE EQUIPAMENTOS, INSTALACOES E MATERIAL PERMANENTE"
2025|3618,2025,3618,REPAROS DE BENS IMOVEIS
2025|3619,2025,3619,CONFERENCIAS E EXPOSICOES
2025|3620,2025,3620,JETONS A CONSELHEIROS
2025|3622,2025,3622,TAXA DE CONDOMINIO
2025|3623,2025,3623,GRATIFICACAO POR ENCARGO DE CURSO OU CONCURSO
2025|3624,2025,3624,SERVICOS TECNICOS JUDICIAIS - HONORARIOS JUSTICA GRATUITA
2025|3625,2025,3625,CONTRATACAO PARA PRESTACAO DE SERVIÇO POR CREDENCIADOS
2025|3626,2025,3626,SERVICOS DE ABASTECIMENTO E DISTRIBUICAO DE AGUA
2025|3627,2025,3627,JUIZES LEIGOS
2025|3628,2025,3628,SERVICOS TECNICOS JUDICIAIS - HONORARIOS PERICIAIS
2025|3630,2025,3630,SERVICOS MEDICOS PRESTADOS POR CONTRATO
2025|3631,2025,3631,"SERVICOS DE TREINAMENTO, CAPACITACAO E APERFEICOAMENTO DE PESSOAL"
2025|3699,2025,3699,OUTRAS DESPESAS PAGAS A PESSOAS FISICAS
2025|3701,2025,3701,LOCACAO DE SERVICOS DE CONSERVACAO E LIMPEZA
2025|3702,2025,3702,LOCACAO DE SERVICOS DE APOIO ADMINISTRATIVO
2025|3703,2025,3703,LOCACAO DE SERVICOS DE CONSERVACAO E LIMPEZA REALIZADOS PELA MGS
2025|3704,2025,3704,LOCACAO DE SERVICOS DE APOIO ADMINISTRATIVO REALIZADOS PELA MGS
2025|3705,2025,3705,DESPESAS COM O PAGAMENTO DE ENCARGOS TRABALHISTAS A MGS
2025|3901,2025,3901,VALE-TRANSPORTE
2025|3902,2025,3902,VALE-REFEICAO
2025|3903,2025,3903,FORNECIMENTO DE ALIMENTACAO
2025|3904,2025,3904,CONFECCAO EM GERAL
2025|3905,2025,3905,TRANSPORTE E ACONDICIONAMENTO DE ANIMAIS
2025|3906,2025,3906,TRANSPORTE E ACONDICIONAMENTO DE MATERIAIS
2025|3908,2025,3908,PUBLICACAO E DIVULGACAO
2025|3909,2025,3909,PUBLICIDADE
2025|3910,2025,3910,PREMIOS DE SEGUROS
2025|3911,2025,3911,"ASSINATURAS DE JORNAIS, REVISTAS E PERIODICOS"
2025|3912,2025,3912,TARIFA DE ENERGIA ELETRICA
2025|3913,2025,3913,TARIFA DE AGUA E ESGOTO
2025|3914,2025,3914,SERVICO DE TELEFONIA
2025|3915,2025,3915,SERVICO POSTAL-TELEGRAFICO
2025|3916,2025,3916,LOCACAO DE TV POR ASSINATURA
2025|3917,2025,3917,LOCACAO DE VEICULOS
2025|3918,2025,3918,REPAROS DE VEICULOS
2025|3919,2025,3919,LOCACAO DE MAQUINAS E EQUIPAMENTOS
2025|3920,2025,3920,LOCACAO DE BENS IMOVEIS
2025|3921,2025,3921,"REPAROS DE EQUIPAMENTOS, INSTALACOES E MATERIAL PERMANENTE"
2025|3922,2025,3922,REPAROS DE BENS IMOVEIS
2025|3923,2025,3923,"RECEPCOES, HOSPEDAGENS, HOMENAGENS E FESTIVIDADES"
2025|3924,2025,3924,"CURSOS, EXPOSICOES, CONGRESSOS E CONFERENCIAS"
2025|3925,2025,3925,ENCARGOS JUDICIAIS
2025|3926,2025,3926,ENCARGOS FINANCEIROS
2025|3928,2025,3928,SERVICOS DE SAUDE EXECUTADOS COM RECURSOS DO SUS
2025|3929,2025,3929,SERVICOS DE SAUDE PRESTADOS POR PESSOA JURIDICA
2025|3930,2025,3930,MULTAS DE TRANSITO
2025|3931,2025,3931,SERVICOS GRAFICOS
2025|3933,2025,3933,TAXA DE ADMINISTRACAO
2025|3934,2025,3934,SEGUROS DE AERONAVES
2025|3935,2025,3935,"REPARO, MANUTENCAO, E SERVICOS AEROPORTUARIOS PARA AERONAVES"
2025|3937,2025,3937,TAXA DE CONDOMINIO
2025|3939,2025,3939,SERVICOS DE PUBLICACAO E DIVULGACAO
2025|3941,2025,3941,ANUIDADES
2025|3942,2025,3942,SERVICOS GRAFICOS DE SEGURANCA
2025|3943,2025,3943,SERVICO DE ADMINISTRACAO E GERENCIAMENTO DE FROTA DE VEICULOS
2025|3944,2025,3944,SERVICOS BANCÁRIOS
2025|3946,2025,3946,TERMO DE PARCERIA COM ORGANIZACAO DA SOCIEDADE CIVIL DE INTERESSE PUBL
2025|3947,2025,3947,TAXA DE ADMINISTRACAO DE CREDITO DE FINANCIAMENTOS HABITACIONAIS
2025|3948,2025,3948,"CURSOS DE FORMACAO, CAPACITACAO E POS-GRADUACAO PARA SERVIDORES"
2025|3949,2025,3949,CURSOS DE FORMACAO E CAPACITACAO PARA O CIDADAO
2025|3950,2025,3950,SERVICOS DE AGENCIAMENTO DE VIAGENS
2025|3951,2025,3951,"SERVICOS DE GERENCIAMENTO, SUPERVISAO E FISCALIZACAO DE OBRAS"
2025|3952,2025,3952,CONTRATACAO DE ESTAGIARIOS
2025|3953,2025,3953,CURSOS DE FORMACAO E CAPACITACAO PROMOVIDOS PELO ESTADO
2025|3955,2025,3955,EVENTOS DE COMUNICACAO INSTITUCIONAL
2025|3956,2025,3956,SERVICOS DE PESQUISAS
2025|3959,2025,3959,SERVICOS SANITARIOS E TRATAMENTO DE RESIDUOS
2025|3960,2025,3960,SERVICOS DE ATENDIMENTO AO CIDADAO
2025|3961,2025,3961,SERVICOS DE CONSERVACAO E LIMPEZA
2025|3962,2025,3962,SERVICOS DE VIGILANCIA OSTENSIVA
2025|3963,2025,3963,SERVICOS DE LEVANTAMENTO E CADASTRAMENTO PARA EXECUCAO DE POL PUBLICAS
2025|3964,2025,3964,SERVICOS DE MAPEAMENTO E GEORREFERENCIAMENTO
2025|3965,2025,3965,SERVICOS DE PRODUCAO E LOGISTICA DE MEDICAMENTOS
2025|3966,2025,3966,SERVICOS DE ABASTECIMENTO E DISTRIBUICAO DE AGUA
2025|3967,2025,3967,ADMINISTRAÇÃO DE BENS E DIREITOS DO ESTADO POR TERCEIROS
2025|3968,2025,3968,SERVICO DE IMPRENSA
2025|3969,2025,3969,CONTRATOS DE ENERGIA ELETRICA
2025|3971,2025,3971,SERVICOS TECN DE IMPLANTACAO GESTAO E ADM DO SIST DE OBSERV ELETRONICA
2025|3972,2025,3972,CONTRATOS DE ABASTECIMENTO DE AGUA E COLETA E TRATAMENTO DE ESGOTO
2025|3973,2025,3973,SERVICO DE ENGENHARIA PARA OPERACAO DE BENS DE DOMINIO PUBLICO
2025|3974,2025,3974,SERVICO DE REALIZACAO DE CONCURSO PUBLICO E PROCESSO SIMPLIFICADO
2025|3975,2025,3975,"SERVICO DE GERENCIAMENTO, SUPERVISAO E FISCALIZACAO DE SERVICOS"
2025|3976,2025,3976,SERVICO DE REMOCAO E TRANSPORTE DE CADAVERES
2025|3977,2025,3977,PATROCINIO
2025|3978,2025,3978,SERVICO DE APOIO ADMINISTRATIVO
2025|3981,2025,3981,SERVICO DE ELABORACAO DE ESTUDOS PREVIOS
2025|3982,2025,3982,SERVICOS TECNICOS JUDICIAIS - HONORARIOS JUSTICA GRATUITA
2025|3983,2025,3983,SERVIÇOS DE REALIZAÇÃO DE PROCESSO DE CERTIFICAÇÃO OCUPACIONAL
2025|3985,2025,3985,SERVICOS DE DESLOCAMENTO OU REMOCAO DE POSTES E REDE ELETRICA
2025|3986,2025,3986,DIREITOS AUTORAIS
2025|3987,2025,3987,SERVICOS DE GERENCIAMENTO E FORNECIMENTO DE COMBUSTIVEL
2025|3988,2025,3988,MULTA POR ATO INFRACIONAL
2025|3991,2025,3991,CONTRATAÇÃO PARA PRESTAÇÃO DE SERVIÇO POR CREDENCIADOS
2025|3992,2025,3992,CONTRATO DE GESTÃO COM ORGANIZAÇÃO SOCIAL – OS
2025|3993,2025,3993,APOIO A PROJETOS DE INCENTIVO E INOVAÇAO E A PESQUISA CIENTIFICA E TEC
2025|3994,2025,3994,CAPACITAÇÃO RELACIONADA AS ATIVIDADES DE AVIAÇÃO
2025|3996,2025,3996,TRANSFERENCIA ONEROSA DA POSSE DE IMOVEIS DE PROPRIEDADE DO ESTADO
2025|3998,2025,3998,SERVICOS DE SAUDE PRESTADOS CONTRATUALMENTE POR PESSOA JURIDICA
2025|3999,2025,3999,OUTROS SERVICOS PESSOA JURIDICA
2025|4002,2025,4002,SERVICO DE TECNOLOGIA DA INFORMACAO
2025|4003,2025,4003,SERVICO DE INFORMATICA EXECUTADO PELA PRODEMGE
2025|4004,2025,4004,SERVICO DE TELECOMUNICACAO
2025|4005,2025,4005,REDE IP MULTISSERVICOS
2025|4006,2025,4006,AQUISIÇÃO DE SOFTWARE
2025|4007,2025,4007,AQUISIÇÃO DE SOFTWARES DESENVOLVIDOS PELA PRODEMGE
2025|4008,2025,4008,DESENVOLVIMENTO DE SOFTWARES
2025|4009,2025,4009,DESENVOLVIMENTO DE SOFTWARES PELA PRODEMGE
2025|4101,2025,4101,CONTRIBUICOES
2025|4102,2025,4102,TRANSFERÊNCIAS AO FUNDHAB
2025|4103,2025,4103,CONTRIBUICOES AO IPLEMG
2025|4104,2025,4104,CONTRIBUICOES DO FUNDO ESTADUAL DE SAUDE - FES - LC 141/2012
2025|4106,2025,4106,TRANSFERENCIA PARA FINANCIAMENTO DO TRANSPORTE ESCOLAR
2025|4108,2025,4108,TRANSFERENCIAS ESPECIAIS A MUNICIPIOS - EMENDAS
2025|4201,2025,4201,AUXILIOS
2025|4301,2025,4301,SUBVENCOES SOCIAIS
2025|4501,2025,4501,SUBVENCOES ECONOMICAS
2025|4504,2025,4504,SUBVENCAO ECONOMICA - CULTURA
2025|4601,2025,4601,AUXILIO-ALIMENTACAO - PECUNIA
2025|4602,2025,4602,AUXILIO ALIMENTACAO BILHETE OU CARTAO MAGNETICO
2025|4702,2025,4702,IMPOSTO DE RENDA - IR
2025|4703,2025,4703,IMPOSTO PREDIAL TERRITORIAL URBANO - IPTU
2025|4704,2025,4704,IMPOSTO SOBRE OPERACOES FINANCEIRAS - IOF
2025|4706,2025,4706,CONTRIBUICAO PARA A FORMACAO DO PASEP/PIS
2025|4707,2025,4707,TAXA DE LIMPEZA PUBLICA E COLETA DE RESIDUOS
2025|4708,2025,4708,TAXA DE ILUMINACAO PUBLICA
2025|4709,2025,4709,TAXAS AMBIENTAIS
2025|4710,2025,4710,PASEP - ADESAO AO PARCELAMENTO DECORRENTE DE LEI ESPECIFICA
2025|4799,2025,4799,OUTROS - OBRIGACOES TRIBUTARIAS E CONTRIBUTIVAS
2025|4801,2025,4801,OUTROS AUXILIOS FINANCEIROS A PESSOAS FISICAS
2025|4803,2025,4803,AUXILIO PARA PROFISSIONAIS DE PROGRAMAS DE CAPACITACAO E FORMACAO
2025|4901,2025,4901,AUXILIO-TRANSPORTE - PECUNIA
2025|4902,2025,4902,AUXILIO-TRANSPORTE - PODER LEGISLATIVO
2025|4903,2025,4903,DESPESA DE TRANSPORTE DEVIDA A SERVIDORES DOS PODERES DO ESTADO
2025|4904,2025,4904,AUXILIO TRANSPORTE BILHETE OU CARTAO MAGNETICO
2025|4905,2025,4905,AUXILIO TRANSPORTE PAGO A ESTAGIARIOS PECUNIA
2025|4906,2025,4906,AUXILIO TRANSPORTE PAGO A ESTAGIARIO BILHETE OU CARTAO MAGNETICO
2025|5101,2025,5101,ESTUDOS E PROJETOS DE BENS PATRIMONIAVEIS
2025|5102,2025,5102,EXECUÇÃO DIRETA DE OBRAS DE BENS PATRIMONIÁVEIS
2025|5103,2025,5103,EXECUCAO DE OBRAS POR CONTRATO DE BENS PATRIMONIAVEIS
2025|5106,2025,5106,ESTUDOS E PROJETOS DE BENS NAO PATRIMONIAVEIS
2025|5107,2025,5107,EXECUCAO DE OBRAS POR CONTRATO DE BENS NAO PATRIMONIAVEIS
2025|5112,2025,5112,MATERIAL PARA OBRAS - BENS NAO PATRIMONIAVEIS
2025|5113,2025,5113,INSTALACAO PARA INCORPORACAO A BENS IMOVEIS
2025|5114,2025,5114,EXECUCAO DE OBRAS POR EMPRESAS CONTROLADAS
2025|5201,2025,5201,AERONAVES E COMPONENTES ESTRUTURAIS
2025|5203,2025,5203,ARMAMENTO E EQUIPAMENTO DE USO POLICIAL
2025|5204,2025,5204,"MAQUINAS, APARELHOS, UTENSILIOS E EQUIPAMENTOS DE USO INDUSTRIAL"
2025|5206,2025,5206,EQUIPAMENTOS DE COMUNICACAO E TELEFONIA
2025|5207,2025,5207,EQUIPAMENTOS DE INFORMATICA
2025|5208,2025,5208,"EQUIPAMENTOS DE SOM, VIDEO, FOTOGRAFICO E CINEMATOGRAFICO"
2025|5209,2025,5209,"EQUIPAMENTOS HOSPITALARES, ODONTOLOGICOS E DE LABORATORIO"
2025|5210,2025,5210,"FERRAMENTAS, EQUIP. E INSTRUMENTOS P/ OFICINA, MEDICAO E INSPECAO"
2025|5211,2025,5211,"INSTRUMENTOS DE LABORATORIO, MEDICOS E ODONTOLOGICOS"
2025|5212,2025,5212,"MAQUINAS, APARELHOS, UTENSILIOS E EQUIPAMENTOS  USO ADMINISTRATIVO"
2025|5213,2025,5213,MATERIAL ESPORTIVO E RECREATIVO
2025|5214,2025,5214,MOBILIARIO
2025|5215,2025,5215,OBJETOS DE ARTE E ANTIGUIDADES
2025|5216,2025,5216,"TRATORES, SIMILARES E IMPLEMENTOS"
2025|5217,2025,5217,VEICULOS
2025|5218,2025,5218,COLECAO E MATERIAIS BIBLIOGRAFICOS
2025|5219,2025,5219,INSTRUMENTOS MUSICAIS E ARTISTICOS
2025|5220,2025,5220,EQUIPAMENTOS DE SEGURANCA ELETRONICA
2025|5221,2025,5221,MATERIAL DIDATICO
2025|5222,2025,5222,ESTRUTURAS E COMPONENTES
2025|5225,2025,5225,APARELHOS E UTENSILIOS DOMESTICOS
2025|5226,2025,5226,"EQUIPAMENTOS DE PROTECAO, SEGURANCA E SOCORRO"
2025|5227,2025,5227,PECAS NAO INCORPORAVEIS A IMOVEIS
2025|5230,2025,5230,MÁQUINAS E EQUIPAMENTOS ENERGÉTICOS
2025|5299,2025,5299,OUTROS MATERIAIS PERMANENTES
2025|5902,2025,5902,PENSAO ESPECIAL - LEI N 552/49
2025|5903,2025,5903,PENSAO ESPECIFICA DOS INSTITUTOS DE PREVIDENCIA
2025|5905,2025,5905,PENSAO DECORRENTE DE SENTENCA JUDICIAL - TERCEIROS
2025|5907,2025,5907,PENSAO ESPECIAL PARA AGENTES POLITICOS SERVIDORES PUBLICOS E ESTATAIS
2025|5908,2025,5908,PENSOES DECORRENTES DA LEI N 21527 2014
2025|6101,2025,6101,TERRENOS
2025|6102,2025,6102,SALAS E ESCRITORIOS
2025|6104,2025,6104,EDIFICIOS
2025|6106,2025,6106,IMOVEIS NECESSARIOS A REALIZACAO DE OBRAS DE BENS PATRIMONIAVEIS
2025|6107,2025,6107,IMOVEIS NECESSARIOS A REALIZACAO DE OBRAS DE BENS NAO-PATRIMONIAVEIS
2025|6108,2025,6108,CASAS
2025|6401,2025,6401,AQUISICAO DE TITULOS REPRESENTATIVOS DE CAPITAL JA INTEGRALIZADO
2025|6501,2025,6501,CONSTITUICAO OU AUMENTO DE CAPITAL DE EMPRESAS-CAPITAL A INTEGRALIZAR
2025|6502,2025,6502,CONSTITUICAO OU AUMENTO DE CAPITAL DE EMPRESAS-CAPITAL INTEGRALIZADO
2025|6603,2025,6603,CONCESSAO DE FINANCIAMENTOS HABITACIONAIS
2025|7001,2025,7001,RATEIO PELA PARTICIPACAO EM CONSORCIO PUBLICO
2025|7103,2025,7103,PRINCIPAL DA DIVIDA COM OS INSTITUTOS DE PREVIDENCIA
2025|7104,2025,7104,PRINCIPAL DO PARCELAMENTO DA DIVIDA PREVIDENCIARIA - INSS
2025|7106,2025,7106,PRINCIPAL DE OUTRAS DIVIDAS RENEGOCIADAS
2025|7107,2025,7107,PRINCIPAL DO PARCELAMENTO DA DIVIDA REFERENTE AO PASEP
2025|7108,2025,7108,PRINCIPAL DA DÍVIDA INTERNA POR CONTRATOS REFINANCIADA
2025|8106,2025,8106,TRANSFERENCIAS FUNDEB - PARCELAS REFERENTES AO FEM
2025|8201,2025,8201,APORTE RECURSOS PARCEIRO PUBLICO EM FAVOR DO PRIVADO DECORRENTE DE PPP
2025|8301,2025,8301,PARCELAS DAS CONTRAPRESTACOES REFERENTES A REMUNERACAO DO PARCEIRO
2025|8303,2025,8303,OUTRAS DESPESAS DECORRENTES DE CONTRATO DE PARCERIA PUBLICO-PRIVADA
2025|8402,2025,8402,DESPESAS DECORRENTES DA PARTICIPACAO NO FUNDO DE EQUALIZACAO FEDERATIV
2025|8501,2025,8501,CONTRATO DE GESTAO COM ORGANIZACAO SOCIAL - OS
2025|8502,2025,8502,CONTRATO DE GESTAO COM SERVICO SOCIAL AUTONOMO - SSA
2025|8601,2025,8601,COMPENSACAO FINANCEIRA DOS REGIMES DE PREVIDENCIA
2025|9102,2025,9102,PRECATORIOS - PESSOAL
2025|9103,2025,9103,REQUISITÓRIO DE PEQUENO VALOR - RPV
2025|9107,2025,9107,PRECATORIOS - OUTROS
2025|9108,2025,9108,OUTRAS DECISOES JUDICIAIS - DEPOSITO EM CONTA CORRENTE OU A DISPOSICAO
2025|9109,2025,9109,SENTENCA ARBITRAL
2025|9110,2025,9110,SERVICOS DE SAUDE PRESTADO POR PESSOA FISICA - DECISAO JUDICIAL
2025|9111,2025,9111,SERVICOS DE SAUDE PRESTADO POR PESSOA JURIDICA - DECISAO JUDICIAL
2025|9112,2025,9112,MEDICAMENTOS E MATERIAL MEDICO HOSPITALAR - DECISAO JUDICIAL
2025|9113,2025,9113,INDENIZACOES DETERMINADAS POR DECISOES JUDICIAIS
2025|9116,2025,9116,ADVOGADOS DATIVOS - SENTENCAS JUDICIAIS
2025|9117,2025,9117,ACORDOS ADM. OU JUDICIAIS FIRMADOS COM A CONCILIACAO E MEDIACAO DA CPR
2025|9201,2025,9201,DESPESAS DE EXERCICIOS ANTERIORES - PESSOAL
2025|9202,2025,9202,DESPESAS DE EXERCICIOS ANTERIORES - OUTRAS DESPESAS
2025|9203,2025,9203,DESPESA DE EXERCICIOS ANTERIORES - OBRIGACOES PATRONAIS
2025|9204,2025,9204,DESPESAS DE EXERCÍCIOS ANTERIORES - FÉRIAS-PRÊMIO
2025|9301,2025,9301,AJUDA DE CUSTO
2025|9302,2025,9302,AJUDA DE CUSTO ESPECIAL
2025|9305,2025,9305,DESPESAS DECORRENTES DE CONTRATOS DE CONCESSAO OU PERMISSAO
2025|9306,2025,9306,"REST DE REC DE CONVENIOS, DE CONTRAPARTIDAS E INSTRUMENTOS CONGENERES"
2025|9307,2025,9307,RESSARCIMENTO REFERENTE A PESSOAL REQUISITADO DA ADMINITRACAO ESTADUAL
2025|9308,2025,9308,DESPESAS DE CARATER INDENIZATORIO RELATIVAS AO MANDATO PARLAMENTAR
2025|9309,2025,9309,PREMIO DE PRODUTIVIDADE
2025|9310,2025,9310,RESTITUICAO DE RECEITA - EXERCICIO ANTERIOR
2025|9312,2025,9312,INDENIZACAO POR UTILIZACAO DE BENS DE TERCEIROS
2025|9313,2025,9313,REEMBOLSO DE DESPESAS MEDICO-HOSPITALARES
2025|9316,2025,9316,INDENIZACOES DETERMINADAS POR LEI ESPECIFICA
2025|9317,2025,9317,INDENIZACAO EXERCICIO DO CARGO DE CONSEL PRES E PROCURADOR JUNTO AO TC
2025|9318,2025,9318,AUXILIO MORADIA DE CARATER INDENIZATORIO RELATIVO AO MANDATO PARLAMENT
2025|9319,2025,9319,IND.DECORRENTES DA UTILZ. DE LEITOS DE INSTITUICOES DE SAUDE PRIVADAS
2025|9323,2025,9323,INDENIZACAO DECORRENTE DE AUXILIO SAUDE
2025|9326,2025,9326,"RESTITUICAO REFERENTE A TAXA DE INSCRICAO, MATERIAL E SIMILARES"
2025|9327,2025,9327,INDENIZACAO DE TRANSPORTE DEVIDA AO OFICIAL DE JUSTICA
2025|9329,2025,9329,RESSARCIMENTO SOBRE A REMUNERACAO DOS PRESOS EM TRABALHO
2025|9331,2025,9331,RESTITUICAO DE RECURSOS DE DEPOSITOS JUDICIAIS
2025|9335,2025,9335,RESTITUIICAO DE RECURSOS DE DEPOSITOS ADMINISTRATIVOS E JUDICIAIS
2025|9399,2025,9399,OUTRAS INDENIZACOES E RESTITUICOES
2025|9401,2025,9401,INDENIZACOES E RESTITUICOES TRABALHISTAS
2025|9601,2025,9601,RESSARCIMENTO DE DESPESAS DE PESSOAL REQUISITADO
2026|0,2026,0,SEM INFORMACAO
2026|1,2026,1,"APOSENTADORIAS, RESERVA REMUNERADA E REFORMAS"
2026|3,2026,3,PENSOES
2026|4,2026,4,CONTRATACAO POR TEMPO DETERMINADO
2026|7,2026,7,CONTRIBUICAO A ENTIDADES FECHADAS DE PREVIDENCIA
2026|8,2026,8,OUTROS BENEFICIOS ASSISTENCIAIS DO SERVIDOR E DO MILITAR
2026|10,2026,10,SEGURO DESEMPREGO E ABONO SALARIAL
2026|11,2026,11,VENCIMENTOS E VANTAGENS FIXAS-PESSOAL CIVIL
2026|12,2026,12,VENCIMENTOS E VANTAGENS FIXAS - PESSOAL  MILITAR
2026|13,2026,13,OBRIGACOES PATRONAIS
2026|14,2026,14,DIARIAS - CIVIL
2026|15,2026,15,DIARIAS - MILITAR
2026|16,2026,16,OUTRAS DESPESAS VARIAVEIS - PESSOAL CIVIL
2026|17,2026,17,OUTRAS DESPESAS VARIAVEIS - PESSOAL MILITAR
2026|18,2026,18,AUXILIO FINANCEIRO A ESTUDANTES
2026|20,2026,20,AUXILIO FINANCEIRO A PESQUISADORES
2026|21,2026,21,JUROS SOBRE A DIVIDA POR CONTRATO
2026|22,2026,22,OUTROS ENCARGOS SOBRE A DIVIDA POR CONTRATO
2026|30,2026,30,MATERIAL DE CONSUMO
2026|31,2026,31,"PREMIACOES CULTURAIS, ARTISTICAS, CIENTIFICAS, DESPORTIVAS E OUTRAS."
2026|32,2026,32,"MATERIAL, BEM OU SERVICO PARA DISTRIBUICAO GRATUITA"
2026|33,2026,33,PASSAGENS E DESPESAS COM LOCOMOCAO
2026|34,2026,34,OUTRAS DESPESAS DE PESSOAL DECORRENTES DE CONTRATOS DE TERCEIRIZACAO
2026|35,2026,35,SERVICOS DE CONSULTORIA
2026|36,2026,36,OUTROS SERVICOS DE TERCEIROS - PESSOA FISICA
2026|37,2026,37,LOCACAO DE MAO-DE-OBRA
2026|39,2026,39,OUTROS SERVICOS DE TERCEIROS - PESSOA JURIDICA
2026|40,2026,40,SERVICOS DE TECNOLOGIA DA INFORMACAO E COMUNICACAO -  PESSOA JURIDICA
2026|41,2026,41,CONTRIBUICOES
2026|42,2026,42,AUXILIOS
2026|43,2026,43,SUBVENCOES SOCIAIS
2026|45,2026,45,SUBVENCOES ECONOMICAS
2026|46,2026,46,AUXILIO-ALIMENTACAO
2026|47,2026,47,OBRIGACOES TRIBUTARIAS E CONTRIBUTIVAS
2026|48,2026,48,OUTROS AUXILIOS FINANCEIROS A PESSOAS FISICAS
2026|49,2026,49,AUXILIO-TRANSPORTE
2026|51,2026,51,OBRAS E INSTALACOES
2026|52,2026,52,EQUIPAMENTOS E MATERIAL PERMANENTE
2026|59,2026,59,PENSOES ESPECIAIS
2026|61,2026,61,AQUISICAO DE IMOVEIS
2026|65,2026,65,CONSTITUICAO OU AUMENTO DE CAPITAL DE EMPRESAS
2026|66,2026,66,CONCESSAO DE EMPRESTIMOS E FINANCIAMENTOS
2026|71,2026,71,PRINCIPAL DA DIVIDA CONTRATUAL RESGATADO
2026|82,2026,82,APORTE DE RECURSOS PELO PARCEIRO PUBLICO EM FAVOR DO PARCEIRO PRIVADO DECORRENTE DE CONTRATO DE PARC
2026|83,2026,83,"DESPESAS DECORRENTES DE CONTRATO DE PARCERIA PUBLICO-PRIVADA - PPP, EXCETO SUBVENCOES ECONOMICAS, AP"
2026|85,2026,85,CONTRATO DE GESTAO
2026|86,2026,86,COMPENSACOES A REGIMES DE PREVIDENCIA
2026|91,2026,91,SENTENCAS JUDICIAIS
2026|92,2026,92,DESPESAS DE EXERCICIOS ANTERIORES
2026|93,2026,93,INDENIZACOES E RESTITUICOES
2026|94,2026,94,INDENIZACOES E RESTITUICOES TRABALHISTAS
2026|96,2026,96,RESSARCIMENTO DE DESPESAS DE PESSOAL REQUISITADO
2026|99,2026,99,A CLASSIFICAR
2026|101,2026,101,PROVENTOS DE APOSENTADOS
2026|103,2026,103,PROVENTOS DE MILITARES INATIVOS
2026|105,2026,105,"APOSENTADORIA IPSEMG ? LEI Nº 1.195, DE 23/12/1954"
2026|108,2026,108,SUBSIDIO APOSENTADOS DA EDUCACAO
2026|109,2026,109,GRATIFICACAO DE NATAL - INATIVO CIVIL
2026|110,2026,110,GRATIFICAÇÃO DE NATAL – INATIVO MILITAR
2026|307,2026,307,PENSOES CIVIS DO RPPS
2026|308,2026,308,PENSOES DO MILITAR
2026|309,2026,309,GRATIFICAÇÃO DE NATAL
2026|401,2026,401,CONTRATACAO POR TEMPO DETERMINADO
2026|403,2026,403,OBRIGACAO PATRONAL - CONTRATOS POR TEMPO DETERMINADO - INSS
2026|404,2026,404,OBRIGACAO PATRONAL - CONTRATO POR TEMPO DETERMINADO - ASSIST. A SAUDE
2026|405,2026,405,AGENTES PENITENCIARIOS
2026|406,2026,406,SALARIO FAMILIA
2026|407,2026,407,ABONO – RATEIO DOS RECURSOS DO FUNDEB - CONTRATAÇÃO POR TEMPO DETERMINADO
2026|408,2026,408,ABONO – RATEIO DOS RECURSOS DO FUNDEB - OBRIGAÇÃO PATRONAL COM CONTRATOS POR TEMPO DETERMINADO - INSS
2026|409,2026,409,OBRIGAÇÃO PATRONAL – CONTRATOS POR TEMPO DETERMINADO – ENCARGOS POR PAGAMENTO EM ATRASO
2026|410,2026,410,ABONO DE FERIAS
2026|411,2026,411,GRATIFICAÇÃO DE NATAL
2026|501,2026,501,AUXÍLIO-RECLUSÃO
2026|505,2026,505,PECÚLIO E SEGURO COLETIVO
2026|509,2026,509,SALÁRIO-FAMÍLIA
2026|599,2026,599,AUXÍLIOS DIVERSOS
2026|601,2026,601,BENEFÍCIO MENSAL AO DEFICIENTE E AO IDOSO
2026|701,2026,701,CONTRIBUICAO A ENTIDADES FECHADAS DE PREVIDENCIA
2026|702,2026,702,CONTRIBUIÇÃO A ENTIDADES FECHADAS DE PREVIDÊNCIA - ENCARGOS POR PAGAMENTO EM ATRASO
2026|801,2026,801,AUXÍLIO-DOENÇA
2026|802,2026,802,AUXILIO-FUNERAL
2026|803,2026,803,AUXILIO-CRECHE OU ASSISTENCIA PRE-ESCOLAR
2026|804,2026,804,INDENIZAÇÃO SECURITÁRIA
2026|805,2026,805,AUXILIO-NATALIDADE
2026|807,2026,807,AUXILIO INVALIDEZ
2026|808,2026,808,AUXÍLIO CUIDADOR
2026|809,2026,809,AUXILIO RECLUSAO
2026|810,2026,810,SALARIO FAMILIA
2026|811,2026,811,PECULIO E SEGURO COLETIVO
2026|812,2026,812,ASSITÊNCIA À SAÚDE
2026|899,2026,899,AUXILIOS DIVERSOS
2026|1001,2026,1001,AUXÍLIO-FARDAMENTO PAGO A SERVIDOR OU MILITAR
2026|1101,2026,1101,VENCIMENTOS
2026|1102,2026,1102,DESIGNADOS DO MAGISTERIO
2026|1103,2026,1103,ADICIONAL POR TEMPO DE SERVICO
2026|1104,2026,1104,GRATIFICAÇÃO DE ENSINO ESPECIAL
2026|1106,2026,1106,GRATIFICACAO DE COORDENADOR DE ESCOLA
2026|1107,2026,1107,GRATIFICACAO DE INCENTIVO A DOCENCIA
2026|1108,2026,1108,VERBA DE REPRESENTAÇÃO
2026|1109,2026,1109,GRATIFICACAO DE RISCO DE CONTAGIO E RAIO X
2026|1112,2026,1112,GRATIFICACAO DE ESTIMULO A PRODUCAO INDIVIDUAL - GEPI
2026|1113,2026,1113,GRATIFICACAO DE EXERCICIO DO PODER JUDICIARIO
2026|1114,2026,1114,GRATIFICAÇÃO DE REPRESENTAÇÃO DO MINISTÉRIO PÚBLICO
2026|1115,2026,1115,GRATIFICAÇÃO DE REPRESENTAÇÃO DO PODER JUDICIÁRIO
2026|1116,2026,1116,GRATIFICAÇÃO DE FUNÇÃO AUXILIAR DE ATIVIDADE PARLAMENTAR
2026|1117,2026,1117,GRATIFICACAO DE CARGO EM COMISSAO
2026|1118,2026,1118,GRATIFICACAO POR PLANTAO
2026|1119,2026,1119,VANTAGEM PESSOAL
2026|1120,2026,1120,SUBSÍDIOS VARIÁVEIS
2026|1121,2026,1121,ABONO DE FERIAS
2026|1122,2026,1122,GRATIFICACAO DE NATAL
2026|1123,2026,1123,"GRATIFICACAO DE RISCO DE VIDA, SAUDE E CONTAGIO"
2026|1124,2026,1124,GRATIFICAÇÃO DE CHEFIA (ESPECIAL)
2026|1125,2026,1125,GRATIFICAÇÃO DE COMISSIONAMENTO
2026|1126,2026,1126,GRATIFICAÇÃO DE NÍVEL SUPERIOR
2026|1127,2026,1127,GRATIFICACAO DE INCENTIVO AO MERITO FUNCIONAL
2026|1128,2026,1128,GRATIFICACAO DE FUNCAO DE AGENTES DE SEGURANCA
2026|1129,2026,1129,GRATIFICACAO DE ASSESSORAMENTO
2026|1130,2026,1130,GRATIFICACAO ESPECIAL-GABINETE MILITAR
2026|1132,2026,1132,GRATIFICAÇÃO PRÓ-LABORE
2026|1133,2026,1133,GRATIFICACAO DE INCENTIVO A EFICIENTIZACAO DOS SERVICOS - GIEFS
2026|1134,2026,1134,HONORARIOS
2026|1135,2026,1135,GRATIFICACAO DE DEDICACAO EXCLUSIVA
2026|1136,2026,1136,GRATIFICAÇÃO DE ATIVIDADE INSTITUCIONAL AUTÔNOMA
2026|1137,2026,1137,PARCELA REMUNERATÓRIA COMPLEMENTAR-PRC
2026|1138,2026,1138,ADICIONAL DE ATIVIDADE ESPECÍFICA
2026|1139,2026,1139,ADICIONAL DE LOCAL DE TRABALHO
2026|1140,2026,1140,GRATIFICACAO DE FUNCAO
2026|1141,2026,1141,GRATIFICAÇÃO POR CURSO
2026|1143,2026,1143,GRATIFICACAO DE ORGAO DE DELIBERACAO COLETIVA
2026|1144,2026,1144,ABONO DE PERMANENCIA
2026|1145,2026,1145,VANTAGEM TEMPORARIA INCORPORAVEL
2026|1146,2026,1146,GRATIFICACAO DE DESEMPENHO DE PRODUTIVIDADE INDIVIDUAL E INSTITUCIONAL
2026|1147,2026,1147,GRATIFICACAO DE ESCOLARIDADE DESEMPENHO E PROD INDIVID E INSTITUCIONAL
2026|1148,2026,1148,ADICIONAL DE DESEMPENHO - PESSOAL CIVIL
2026|1149,2026,1149,GRATIFICACAO COMPLEMENTAR DE PRODUTIVIDADE
2026|1150,2026,1150,SUBSIDIO - SERVIDORES DA EDUCACAO EFETIVOS
2026|1151,2026,1151,SUBSIDIO - SERVIDORES DA EDUCACAO DESIGNADOS
2026|1152,2026,1152,SUBSIDIO - SERVIDORES DA EDUCACAO DE EXTENSAO CARGA HORARIA
2026|1153,2026,1153,GRATIFICAÇÃO POR ENCARGO DE CURSO OU CONCURSO
2026|1154,2026,1154,GRATIFICACAO DE SERVICOS DE SEGURIDADE SOCIAL
2026|1155,2026,1155,GRATIFICACAO DE FUNCAO DE PESQUISA E ENSINO - GFPE / LEI 20.591/2012
2026|1156,2026,1156,GRATIFICAÇÃO DE INCENTIVO À PESQUISA E À DOCÊNCIA ? GIPED / LEI 20.591/2012
2026|1157,2026,1157,GRATIFICACAO INCENTIVO PRODUTIVIDADE PROFISSIONAIS DE ENGENHARIA E ARQ
2026|1158,2026,1158,ABONO SALARIAL DO PODER JUDICIARIO
2026|1159,2026,1159,FUNÇÕES DE CONFIANÇA
2026|1160,2026,1160,GRATIFICACAO PELO CUMPRIMENTO DE METAS EXTRAORDINARIAS
2026|1161,2026,1161,GRATIFICAÇÃO DE SERVIÇOS DE ASSESSORAMENTO JURÍDICO
2026|1162,2026,1162,AUXÍLIO-DOENÇA / LICENÇA PARA TRATAMENTO DE SAÚDE
2026|1163,2026,1163,SALÁRIO MATERNIDADE / LICENÇA MATERNIDADE
2026|1164,2026,1164,GRATIFICACAO DE SERVICOS DE SEGURANCA
2026|1165,2026,1165,ABONO – RATEIO DOS RECURSOS DO FUNDEB
2026|1199,2026,1199,OUTROS
2026|1201,2026,1201,REMUNERACAO BASICA
2026|1202,2026,1202,ADICIONAL POR TEMPO DE SERVICO
2026|1203,2026,1203,GRATIFICACOES ESPECIAIS
2026|1204,2026,1204,FERIAS-PREMIO
2026|1205,2026,1205,ABONO DE FERIAS
2026|1206,2026,1206,SUBSTITUICAO TEMPORARIA
2026|1207,2026,1207,GRATIFICACAO DE NATAL
2026|1208,2026,1208,ADICIONAL DE DESEMPENHO - PESSOAL MILITAR
2026|1209,2026,1209,ABONO PERMANENCIA
2026|1210,2026,1210,GRATIFICACAO MENSAL PRO LABORE
2026|1299,2026,1299,OUTRAS
2026|1304,2026,1304,INSS - FOLHA
2026|1305,2026,1305,OBRIGACAO PATRONAL - PESSOAL ATIVO
2026|1306,2026,1306,OBRIGACAO PATRONAL - PESSOAL INATIVO
2026|1308,2026,1308,OBRIGACAO PATRONAL - PENSIONISTAS
2026|1309,2026,1309,OBRIGACAO PATRONAL - PRECATORIOS
2026|1310,2026,1310,OBRIGACAO PATRONAL - OUTRAS SENTENCAS JUDICIAIS
2026|1314,2026,1314,OBRIGACAO PATRONAL - ENCARGOS POR PAGAMENTO EM ATRASO
2026|1315,2026,1315,OBRIGAÇÃO PATRONAL ? PRÊMIO DE PRODUTIVIDADE
2026|1317,2026,1317,INSS - DEMAIS DESPESAS
2026|1318,2026,1318,OBRIGAÇÃO PATRONAL PESSOAL INATIVO - ENTIDADES CONVENIADAS - ASSISTÊNCIA À SAÚDE
2026|1319,2026,1319,OBRIGACAO PATRONAL - PESSOAL MILITAR INATIVO - LC 125/2012
2026|1320,2026,1320,OBRIGACAO PATRONAL - PESSOAL MILITAR ATIVO - LC 125/2012
2026|1321,2026,1321,OBRIGACAO PATRONAL - PESSOAL ATIVO - DESPESAS COM ASSISTENCIA A SAUDE
2026|1322,2026,1322,OBRIGACAO PATRONAL - PESSOAL INATIVO - DESPESAS COM ASSITENCIA A SAUDE
2026|1324,2026,1324,OBRIGACAO PATRONAL DESPESAS COM ASSITENCIA A SAUDE OUTROS
2026|1325,2026,1325,OBRIGAÇÃO PATRONAL - ADESÃO AO PARCELAMENTO DECORRENTE DE LEI ESPECÍFICA - PREVIDÊNCIA
2026|1326,2026,1326,OBRIGACAO PATRONAL SUPLEMENTAR - PESSOAL ATIVO
2026|1327,2026,1327,ABONO – RATEIO DOS RECURSOS DO FUNDEB – INSS
2026|1328,2026,1328,DESPESAS COM OBRIGACAO PATRONAL RELATIVAS AO FGTS
2026|1401,2026,1401,DIARIAS - CIVIL
2026|1501,2026,1501,DIARIAS - MILITAR
2026|1502,2026,1502,DIARIAS MILITAR - SCDP
2026|1601,2026,1601,SERVICO EXTRAORDINARIO
2026|1602,2026,1602,SUBSTITUICAO EM CARGOS EM COMISSAO
2026|1603,2026,1603,AULAS FACULTATIVAS
2026|1604,2026,1604,GRATIFICACAO POR ENCARGOS EXTRAORDINARIOS
2026|1605,2026,1605,FERIAS-PREMIO
2026|1606,2026,1606,JORNADA COMPLEMENTAR DE TRABALHO
2026|1701,2026,1701,OUTRAS DESPESAS VARIAVEIS - PESSOAL MILITAR
2026|1801,2026,1801,AUXILIO FINANCEIRO A ESTUDANTES
2026|1901,2026,1901,AUXILIO-FARDAMENTO PAGO A SERVIDOR OU MILITAR
2026|1902,2026,1902,ADIANTAMENTO ? FARDAMENTO
2026|1903,2026,1903,AUXILIO-FARDAMENTO PAGO A PESSOAL CONTRATADO
2026|2001,2026,2001,AUXILIO FINANCEIRO A PESQUISADORES
2026|2101,2026,2101,JUROS SOBRE A DIVIDA INTERNA POR CONTRATOS
2026|2102,2026,2102,JUROS SOBRE A DIVIDA EXTERNA POR CONTRATOS
2026|2103,2026,2103,JUROS DA DIVIDA COM OS INSTITUTOS DE PREVIDENCIA
2026|2104,2026,2104,JUROS SOBRE O PARCELAMENTO DA DIVIDA PREVIDENCIARIA
2026|2105,2026,2105,JUROS DE OUTRAS DIVIDAS RENEGOCIADAS
2026|2106,2026,2106,JUROS SOBRE O PARCELAMENTO DA DIVIDA COM O PASEP
2026|2107,2026,2107,JUROS SOBRE A DÍVIDA COM O GARANTIDOR
2026|2108,2026,2108,JUROS SOBRE A DÍVIDA INTERNA POR CONTRATOS REFINANCIADA
2026|2109,2026,2109,JUROS DE EXECUÇÃO DE GARANTIAS HONRADAS PELA UNIÃO
2026|2110,2026,2110,JUROS DA DÍVIDA REFERENTE À REGULARIZAÇÃO DA COMPENSAÇÃO DAS PERDAS DE ARRECADAÇÃO DO ICMS
2026|2201,2026,2201,OUTROS ENCARGOS SOBRE A DIVIDA INTERNA POR CONTRATOS
2026|2202,2026,2202,OUTROS ENCARGOS SOBRE A DÍVIDA EXTERNA POR CONTRATOS
2026|2203,2026,2203,ENCARGOS SOBRE A DÍVIDA HONRADA PELO GARANTIDOR
2026|2204,2026,2204,OUTROS ENCARGOS SOBRE A DIVIDA INTERNA POR CONTRATOS REFINANCIADA
2026|2205,2026,2205,ENCARGOS DE EXECUÇÃO DE GARANTIAS HONRADAS PELA UNIÃO
2026|2301,2026,2301,JUROS DA DÍVIDA MOBILIÁRIA INTERNA
2026|2302,2026,2302,JUROS DA DÍVIDA MOBILIÁRIA EXTERNA
2026|2401,2026,2401,OUTROS ENCARGOS SOBRE A DÍVIDA MOBILIÁRIA
2026|2501,2026,2501,ENCARGOS SOBRE OPERAÇÕES DE CRÉDITOS POR ANTECIPAÇÃO DA RECEITA
2026|2601,2026,2601,OBRIGAÇÕES DECORRENTES DE POLÍTICA MONETÁRIA
2026|2701,2026,2701,"ENCARGOS PELA HONRA DE AVAIS, GARANTIAS, SEGUROS E SIMILARES"
2026|2801,2026,2801,REMUNERAÇÃO DE COTAS DE FUNDOS AUTÁRQUICOS
2026|2901,2026,2901,DISTRIBUIÇÃO DE RESULTADO DE EMPRESAS ESTATAIS DEPENDENTES
2026|3001,2026,3001,ARTIGOS PARA CONFECCAO E VESTUARIO
2026|3002,2026,3002,ARTIGOS PARA ESPORTE
2026|3003,2026,3003,"UTENSILIOS PARA COPA, REFEITORIO E COZINHA"
2026|3004,2026,3004,MATERIAL GRAFICO E IMPRESSOS
2026|3005,2026,3005,MATERIAL PARA ESCRITORIO
2026|3006,2026,3006,MATERIAL DE DESENHO
2026|3007,2026,3007,MATERIAL DE ENSINO
2026|3008,2026,3008,PRODUTOS ALIMENTICIOS
2026|3009,2026,3009,FORRAGENS E OUTROS ALIMENTOS PARA ANIMAIS
2026|3010,2026,3010,MATERIAL MEDICO E HOSPITALAR
2026|3011,2026,3011,MATERIAL ODONTOLOGICO
2026|3012,2026,3012,MEDICAMENTOS
2026|3013,2026,3013,MATERIAIS DE LABORATORIO E PRODUTOS QUIMICOS EM GERAL
2026|3014,2026,3014,MATERIAL RADIOLOGICO
2026|3015,2026,3015,"MATERIAL FOTOGRAFICO, CINEMATOGRAFICO E DE COMUNICACAO"
2026|3016,2026,3016,MATERIAL DE INFORMATICA
2026|3017,2026,3017,ARTIGOS PARA LIMPEZA E HIGIENE
2026|3018,2026,3018,MATERIA-PRIMA E PROD. P/ MANIPULACAO E INDUSTRIAS DE TRANSFORMACAO
2026|3019,2026,3019,MATERIAL P/ MANUT. E REPAROS DE IMOVEIS DE PROPRIEDADE DA ADM. PUBLICA
2026|3020,2026,3020,MATERIAL ELETRICO
2026|3021,2026,3021,MATERIAL P/ MANUT. E REPAROS DE BENS DE DOMINIO PUB. OU DE TERCEIROS
2026|3022,2026,3022,"FERRAMENTAS, FERRAGENS E UTENSILIOS"
2026|3023,2026,3023,MATERIAL PARA MANUTENCAO DE VEICULOS AUTOMOTORES
2026|3024,2026,3024,PECAS E ACESSORIOS P/ EQUIP.  E OUTROS MATERIAIS PERMANENTES
2026|3025,2026,3025,"MATERIAL DE SEGURANCA, APETRECHOS OPERACIONAIS E POLICIAIS"
2026|3026,2026,3026,COMBUSTIVEIS E LUBRIFICANTES PARA VEICULOS AUTOMOTORES
2026|3027,2026,3027,COMBUSTIVEIS E LUBRIFICANTES P/ EQUIP. E OUTROS MAT.  PERMANENTES
2026|3028,2026,3028,"ANIMAIS DESTINADOS A ESTUDOS, À PREPARAÇÃO DE PRODUTOS E AO ABATE"
2026|3029,2026,3029,"SEMENTES, MUDAS DE PLANTAS E INSUMOS"
2026|3030,2026,3030,MATERIAIS PARA ACONDICIONAMENTO E EMBALAGEM
2026|3031,2026,3031,LIVROS TÉCNICOS
2026|3032,2026,3032,MATERIAL CÍVICO E EDUCATIVO
2026|3033,2026,3033,COMBUSTIVEIS E LUBRIFICANTES PARA AERONAVES
2026|3034,2026,3034,PECAS E ACESSORIOS PARA AERONAVES
2026|3036,2026,3036,MATERIAL BIBLIOGRÁFICO PARA BIBLIOTECAS PÚBLICAS
2026|3037,2026,3037,MEDICAMENTOS - DECISÃO JUDICIAL
2026|3038,2026,3038,LEITE ? PROGRAMA LEITE PELA VIDA
2026|3039,2026,3039,MATERIAL DE CONFECÇÃO EM GERAL
2026|3040,2026,3040,"MATERIAL DE CAMA, MESA E BANHO"
2026|3041,2026,3041,MATERIAL DE PROTECAO E SEGURANCA
2026|3042,2026,3042,MATERIAL PARA FISIOTERAPIA E TERAPIA OCUPACIONAL
2026|3099,2026,3099,OUTROS MATERIAIS
2026|3101,2026,3101,"PREMIOS, DIPLOMAS, CONDECORACOES E MEDALHAS"
2026|3102,2026,3102,PRÊMIOS LOTÉRICOS
2026|3103,2026,3103,COMISSÕES LOTÉRICAS
2026|3104,2026,3104,PREMIACOES
2026|3105,2026,3105,PREMIACAO - NOTA FISCAL MINEIRA
2026|3201,2026,3201,MATERIAL DE DISTRIBUICAO GRATUITA
2026|3202,2026,3202,MATERIAL DE ASSISTENCIA HUMANITARIA
2026|3301,2026,3301,PASSAGENS - PESSOA FISICA
2026|3302,2026,3302,"DESPESAS COM TRANSPORTE URBANO, PEDAGIO E ESTACIONAMETO PESSOA FISICA"
2026|3303,2026,3303,FRETAMENTO E LOCAÇÃO - PESSOA FÍSICA
2026|3304,2026,3304,PASSAGENS - PESSOA JURIDICA
2026|3305,2026,3305,"SERVICOS DE TRANSPORTES DE PASSAGEIROS, FRETAMENTO E LOCACAO PES JURID"
2026|3401,2026,3401,OUTRAS DESPESAS DE PESSOAL DECORRENTES DE CONTRATOS DE TERCEIRIZAÇÃO
2026|3402,2026,3402,AGENTES PENITENCIÁRIOS
2026|3403,2026,3403,OBRIGAÇÃO PATRONAL – INSS
2026|3404,2026,3404,OBRIGAÇÃO PATRONAL – ASSISTÊNCIA À SAÚDE
2026|3405,2026,3405,SALÁRIO - FAMÍLIA
2026|3501,2026,3501,SERVICOS DE CONSULTORIA - PESSOA FISICA
2026|3502,2026,3502,SERVICOS DE CONSULTORIA - PESSOA JURIDICA
2026|3503,2026,3503,SERVIÇOS DE CONSULTORIA ? ORGANISMO INTERNACIONAL
2026|3601,2026,3601,ESTAGIARIOS
2026|3602,2026,3602,MEDICOS RESIDENTES
2026|3603,2026,3603,SALÁRIOS DE INTERNOS
2026|3604,2026,3604,DIARIAS A COLABORADORES EVENTUAIS
2026|3605,2026,3605,LOCAÇÃO DE SERVIÇOS TÉCNICOS E ESPECIALIZADOS ? PESSOA FÍSICA
2026|3606,2026,3606,FORNECIMENTO DE ALIMENTAÇÃO
2026|3607,2026,3607,CONFECÇÃO EM GERAL
2026|3608,2026,3608,MEDICOS
2026|3609,2026,3609,DENTISTAS
2026|3610,2026,3610,EVENTUAL DE GABINETE
2026|3611,2026,3611,LOCACAO DE BENS IMOVEIS
2026|3612,2026,3612,DESPESAS MIUDAS DE PRONTO PAGAMENTO
2026|3613,2026,3613,PESSOAL DE ENFERMAGEM
2026|3614,2026,3614,"MONITORES, FISCAIS E EXAMINADORES"
2026|3615,2026,3615,ENCARGOS FINANCEIROS
2026|3616,2026,3616,REPARO E MANUTENCAO DE VEICULOS
2026|3617,2026,3617,"REPAROS DE EQUIPAMENTOS, INSTALAÇÕES E MATERIAL PERMANENTE"
2026|3618,2026,3618,REPAROS DE BENS IMOVEIS
2026|3619,2026,3619,CONFERENCIAS E EXPOSICOES
2026|3620,2026,3620,JETONS A CONSELHEIROS
2026|3621,2026,3621,ADVOGADOS DATIVOS
2026|3622,2026,3622,TAXA DE CONDOMINIO
2026|3623,2026,3623,GRATIFICACAO POR ENCARGO DE CURSO OU CONCURSO
2026|3624,2026,3624,SERVICOS TECNICOS JUDICIAIS - HONORARIOS JUSTICA GRATUITA
2026|3625,2026,3625,CONTRATACAO PARA PRESTACAO DE SERVIÇO POR CREDENCIADOS
2026|3626,2026,3626,SERVICOS DE ABASTECIMENTO E DISTRIBUICAO DE AGUA
2026|3627,2026,3627,JUIZES LEIGOS
2026|3628,2026,3628,SERVICOS TECNICOS JUDICIAIS - HONORARIOS PERICIAIS
2026|3629,2026,3629,DIREITOS AUTORAIS
2026|3630,2026,3630,SERVICOS MEDICOS PRESTADOS POR CONTRATO
2026|3631,2026,3631,"SERVICOS DE TREINAMENTO, CAPACITACAO E APERFEICOAMENTO DE PESSOAL"
2026|3632,2026,3632,SERVIÇOS DE SAÚDE – DECISÃO JUDICIAL
2026|3633,2026,3633,DILIGÊNCIAS POLICIAIS E INSUMOS PARA ATIVIDADES DE INTELIGÊNCIA DE CARÁTER RESERVADO
2026|3699,2026,3699,OUTRAS DESPESAS PAGAS A PESSOAS FISICAS
2026|3701,2026,3701,LOCACAO DE SERVICOS DE CONSERVACAO E LIMPEZA
2026|3702,2026,3702,LOCACAO DE SERVICOS DE APOIO ADMINISTRATIVO
2026|3703,2026,3703,LOCACAO DE SERVICOS DE CONSERVACAO E LIMPEZA REALIZADOS PELA MGS
2026|3704,2026,3704,LOCACAO DE SERVICOS DE APOIO ADMINISTRATIVO REALIZADOS PELA MGS
2026|3705,2026,3705,DESPESAS COM O PAGAMENTO DE ENCARGOS TRABALHISTAS A MGS
2026|3706,2026,3706,LOCAÇÃO DE SERVIÇOS DE SAÚDE
2026|3707,2026,3707,DESPESAS COM O PAGAMENTO DE OBRIGAÇÕES TRABALHISTAS
2026|3801,2026,3801,ARRENDAMENTO MERCANTIL
2026|3901,2026,3901,VALE-TRANSPORTE
2026|3902,2026,3902,VALE-REFEICAO
2026|3903,2026,3903,FORNECIMENTO DE ALIMENTACAO
2026|3904,2026,3904,CONFECCAO EM GERAL
2026|3905,2026,3905,TRANSPORTE E ACONDICIONAMENTO DE ANIMAIS
2026|3906,2026,3906,TRANSPORTE E ACONDICIONAMENTO DE MATERIAIS
2026|3908,2026,3908,PUBLICAÇÃO E DIVULGAÇÃO
2026|3909,2026,3909,PUBLICIDADE
2026|3910,2026,3910,PREMIOS DE SEGUROS
2026|3911,2026,3911,"ASSINATURAS DE JORNAIS, REVISTAS E PERIODICOS"
2026|3912,2026,3912,TARIFA DE ENERGIA ELETRICA
2026|3913,2026,3913,TARIFA DE AGUA E ESGOTO
2026|3914,2026,3914,SERVICO DE TELEFONIA
2026|3915,2026,3915,SERVICO POSTAL-TELEGRAFICO
2026|3916,2026,3916,LOCACAO DE TV POR ASSINATURA
2026|3917,2026,3917,LOCACAO DE VEICULOS
2026|3918,2026,3918,REPAROS DE VEICULOS
2026|3919,2026,3919,LOCACAO DE MAQUINAS E EQUIPAMENTOS
2026|3920,2026,3920,LOCACAO DE BENS IMOVEIS
2026|3921,2026,3921,"REPAROS DE EQUIPAMENTOS, INSTALACOES E MATERIAL PERMANENTE"
2026|3922,2026,3922,REPAROS DE BENS IMOVEIS
2026|3923,2026,3923,"RECEPCOES, HOSPEDAGENS, HOMENAGENS E FESTIVIDADES"
2026|3924,2026,3924,"CURSOS, EXPOSICOES, CONGRESSOS E CONFERENCIAS"
2026|3925,2026,3925,ENCARGOS JUDICIAIS
2026|3926,2026,3926,ENCARGOS FINANCEIROS
2026|3928,2026,3928,SERVICOS DE SAUDE EXECUTADOS COM RECURSOS DO SUS
2026|3929,2026,3929,SERVICOS DE SAUDE PRESTADOS POR PESSOA JURIDICA
2026|3930,2026,3930,MULTAS DE TRANSITO
2026|3931,2026,3931,SERVICOS GRAFICOS
2026|3933,2026,3933,TAXA DE ADMINISTRACAO
2026|3934,2026,3934,SEGUROS DE AERONAVES
2026|3935,2026,3935,"REPARO, MANUTENCAO, E SERVICOS AEROPORTUARIOS PARA AERONAVES"
2026|3936,2026,3936,SERVIÇOS DE INFORMÁTICA EXECUTADOS PELA PRODEMGE
2026|3937,2026,3937,TAXA DE CONDOMINIO
2026|3938,2026,3938,SERVIÇOS DE IMPRESSÃO E ENCADERNAÇÃO
2026|3939,2026,3939,SERVICOS DE PUBLICACAO E DIVULGACAO
2026|3941,2026,3941,ANUIDADES
2026|3942,2026,3942,SERVICOS GRAFICOS DE SEGURANCA
2026|3943,2026,3943,SERVICO DE ADMINISTRACAO E GERENCIAMENTO DE FROTA DE VEICULOS
2026|3944,2026,3944,SERVICOS BANCÁRIOS
2026|3946,2026,3946,TERMO DE PARCERIA COM ORGANIZACAO DA SOCIEDADE CIVIL DE INTERESSE PUBL
2026|3947,2026,3947,TAXA DE ADMINISTRACAO DE CREDITO DE FINANCIAMENTOS HABITACIONAIS
2026|3948,2026,3948,"CURSOS DE FORMACAO, CAPACITACAO E POS-GRADUACAO PARA SERVIDORES"
2026|3949,2026,3949,CURSOS DE FORMACAO E CAPACITACAO PARA O CIDADAO
2026|3950,2026,3950,SERVICOS DE AGENCIAMENTO DE VIAGENS
2026|3951,2026,3951,"SERVICOS DE GERENCIAMENTO, SUPERVISAO E FISCALIZACAO DE OBRAS"
2026|3952,2026,3952,CONTRATACAO DE ESTAGIARIOS
2026|3953,2026,3953,CURSOS DE FORMACAO E CAPACITACAO PROMOVIDOS PELO ESTADO
2026|3954,2026,3954,CONTRATO DE PARCERIA PÚBLICO-PRIVADA
2026|3955,2026,3955,EVENTOS DE COMUNICACAO INSTITUCIONAL
2026|3956,2026,3956,SERVICOS DE PESQUISAS
2026|3957,2026,3957,COMISSÃO PELA CONSTRUÇÃO DE UNIDADES HABITACIONAIS
2026|3958,2026,3958,"CONTRATAÇÃO DE PROJETOS EM PESQUISA DE CIÊNCIA, INOVAÇÃO E TECNOLOGIA"
2026|3959,2026,3959,SERVICOS SANITARIOS E TRATAMENTO DE RESIDUOS
2026|3960,2026,3960,SERVICOS DE ATENDIMENTO AO CIDADAO
2026|3961,2026,3961,SERVICOS DE CONSERVACAO E LIMPEZA
2026|3962,2026,3962,SERVICOS DE VIGILANCIA OSTENSIVA
2026|3963,2026,3963,SERVIÇOS DE LEVANTAMENTO E CADASTRAMENTO PARA EXECUÇÃO DE POLÍTICAS PÚBLICAS
2026|3964,2026,3964,SERVICOS DE MAPEAMENTO E GEORREFERENCIAMENTO
2026|3965,2026,3965,SERVICOS DE PRODUCAO E LOGISTICA DE MEDICAMENTOS
2026|3966,2026,3966,SERVICOS DE ABASTECIMENTO E DISTRIBUICAO DE AGUA
2026|3967,2026,3967,ADMINISTRAÇÃO DE BENS E DIREITOS DO ESTADO POR TERCEIROS
2026|3968,2026,3968,SERVICO DE IMPRENSA
2026|3969,2026,3969,CONTRATOS DE ENERGIA ELETRICA
2026|3971,2026,3971,SERVICOS TECN DE IMPLANTACAO GESTAO E ADM DO SIST DE OBSERV ELETRONICA
2026|3972,2026,3972,CONTRATOS DE ABASTECIMENTO DE AGUA E COLETA E TRATAMENTO DE ESGOTO
2026|3973,2026,3973,SERVICO DE ENGENHARIA PARA OPERACAO DE BENS DE DOMINIO PUBLICO
2026|3974,2026,3974,SERVICO DE REALIZACAO DE CONCURSO PUBLICO E PROCESSO SIMPLIFICADO
2026|3975,2026,3975,"SERVICO DE GERENCIAMENTO, SUPERVISAO E FISCALIZACAO DE SERVICOS"
2026|3976,2026,3976,SERVICO DE REMOCAO E TRANSPORTE DE CADAVERES
2026|3977,2026,3977,PATROCÍNIO
2026|3978,2026,3978,SERVICO DE APOIO ADMINISTRATIVO
2026|3980,2026,3980,ADESÃO AO PARCELAMENTO DECORRENTE DA LEI FEDERAL N.11.941/2009
2026|3981,2026,3981,SERVICO DE ELABORACAO DE ESTUDOS PREVIOS
2026|3982,2026,3982,SERVICOS TECNICOS JUDICIAIS - HONORARIOS JUSTICA GRATUITA
2026|3983,2026,3983,SERVIÇOS DE REALIZAÇÃO DE PROCESSO DE CERTIFICAÇÃO OCUPACIONAL
2026|3984,2026,3984,REMUNERAÇÃO PAGA PELO PODER EXECUTIVO AO TRIBUNAL DE JUSTIÇA DO ESTADO DE MINAS GERAIS REFERENTE AOS DEPÓSITOS JUDICIAIS LEI 21.720/2015
2026|3985,2026,3985,SERVIÇOS DE DESLOCAMENTO OU REMOÇÃO DE POSTES E REDE ELÉTRICA
2026|3986,2026,3986,DIREITOS AUTORAIS
2026|3987,2026,3987,SERVICOS DE GERENCIAMENTO E FORNECIMENTO DE COMBUSTIVEL
2026|3988,2026,3988,MULTA POR ATO INFRACIONAL
2026|3989,2026,3989,LOCAÇÃO OU FRETAMENTO DE AERONAVE
2026|3990,2026,3990,"CURSOS DE FORMAÇÃO, CAPACITAÇÃO E TREINAMENTO DE TRIPULANTES DE AERONAVES"
2026|3991,2026,3991,CONTRATAÇÃO PARA PRESTAÇÃO DE SERVIÇO POR CREDENCIADOS
2026|3992,2026,3992,CONTRATO DE GESTÃO COM ORGANIZAÇÃO SOCIAL – OS
2026|3993,2026,3993,APOIO A PROJETOS DE INCENTIVO E INOVAÇAO E A PESQUISA CIENTIFICA E TEC
2026|3994,2026,3994,CAPACITAÇÃO RELACIONADA AS ATIVIDADES DE AVIAÇÃO
2026|3995,2026,3995,SERVICOS NOTARIAIS E DE REGISTRO
2026|3996,2026,3996,TRANSFERENCIA ONEROSA DA POSSE DE IMOVEIS DE PROPRIEDADE DO ESTADO
2026|3997,2026,3997,HONORÁRIOS ADVOCATÍCIOS – ACORDOS EXTRAJUDICIAIS
2026|3998,2026,3998,SERVICOS DE SAUDE PRESTADOS CONTRATUALMENTE POR PESSOA JURIDICA
2026|3999,2026,3999,OUTROS SERVICOS PESSOA JURIDICA
2026|4002,2026,4002,SERVICO DE TECNOLOGIA DA INFORMACAO
2026|4003,2026,4003,SERVICO DE INFORMATICA EXECUTADO PELA PRODEMGE
2026|4004,2026,4004,SERVICO DE TELECOMUNICACAO
2026|4005,2026,4005,REDE IP MULTISSERVICOS
2026|4006,2026,4006,AQUISIÇÃO DE SOFTWARE
2026|4007,2026,4007,AQUISIÇÃO DE SOFTWARES DESENVOLVIDOS PELA PRODEMGE
2026|4008,2026,4008,DESENVOLVIMENTO DE SOFTWARES
2026|4009,2026,4009,DESENVOLVIMENTO DE SOFTWARES PELA PRODEMGE
2026|4101,2026,4101,CONTRIBUICOES
2026|4102,2026,4102,TRANSFERÊNCIAS AO FUNDHAB
2026|4103,2026,4103,CONTRIBUIÇÕES AO IPLEMG
2026|4104,2026,4104,CONTRIBUICOES DO FUNDO ESTADUAL DE SAUDE - FES - LC 141/2012
2026|4105,2026,4105,CONTRIBUIÇÕES À FUNDAÇÃO DE PREVIDÊNCIA COMPLEMENTAR DO ESTADO DE MINAS GERAIS -PREVCOM?MG
2026|4106,2026,4106,TRANSFERENCIA PARA FINANCIAMENTO DO TRANSPORTE ESCOLAR
2026|4107,2026,4107,TRANSFERÊNCIAS ENTRE FUNDOS ESTADUAIS
2026|4108,2026,4108,TRANSFERÊNCIAS ESPECIAIS A MUNICÍPIOS - EMENDAS
2026|4109,2026,4109,TRANSFERÊNCIAS ESPECIAIS A MUNICÍPIOS - OUTRAS
2026|4110,2026,4110,TRANSFERÊNCIAS AOS MUNICÍPIOS - LC Nº 194/2022
2026|4201,2026,4201,AUXILIOS
2026|4301,2026,4301,SUBVENCOES SOCIAIS
2026|4501,2026,4501,SUBVENCOES ECONOMICAS
2026|4502,2026,4502,SUBVENÇÃO ECONÔMICA - TRANSPORTE PÚBLICO COLETIVO
2026|4503,2026,4503,SUBVENÇÃO ECONÔMICA - APORTES METRÔ RMBH
2026|4504,2026,4504,SUBVENÇÃO ECONÔMICA - CULTURA
2026|4505,2026,4505,EQUALIZAÇÃO DA TAXA DE JUROS
2026|4601,2026,4601,AUXILIO-ALIMENTACAO - PECUNIA
2026|4602,2026,4602,AUXÍLIO ALIMENTAÇÃO ? BILHETE OU CARTÃO MAGNÉTICO
2026|4702,2026,4702,IMPOSTO DE RENDA - IR
2026|4703,2026,4703,IMPOSTO PREDIAL TERRITORIAL URBANO - IPTU
2026|4704,2026,4704,IMPOSTO SOBRE OPERACOES FINANCEIRAS - IOF
2026|4705,2026,4705,IMPOSTO SOBRE A PROPRIEDADE DE VEÍCULOS AUTOMOTORES - IPVA
2026|4706,2026,4706,CONTRIBUICAO PARA A FORMACAO DO PASEP/PIS
2026|4707,2026,4707,TAXA DE LIMPEZA PUBLICA E COLETA DE RESIDUOS
2026|4708,2026,4708,TAXA DE ILUMINACAO PUBLICA
2026|4709,2026,4709,TAXAS AMBIENTAIS
2026|4710,2026,4710,PASEP - ADESAO AO PARCELAMENTO DECORRENTE DE LEI ESPECIFICA
2026|4799,2026,4799,OUTROS - OBRIGACOES TRIBUTARIAS E CONTRIBUTIVAS
2026|4801,2026,4801,OUTROS AUXILIOS FINANCEIROS A PESSOAS FISICAS
2026|4802,2026,4802,AUXILIO FINANCEIRO ? PROGRAMA POUPANÇA JOVEM
2026|4803,2026,4803,AUXILIO PARA PROFISSIONAIS DE PROGRAMAS DE CAPACITACAO E FORMACAO
2026|4804,2026,4804,BOLSA DE RESIDÊNCIA JURÍDICA
2026|4901,2026,4901,AUXILIO-TRANSPORTE - PECUNIA
2026|4902,2026,4902,AUXILIO-TRANSPORTE - PODER LEGISLATIVO
2026|4903,2026,4903,DESPESA DE TRANSPORTE DEVIDA A SERVIDORES DOS PODERES DO ESTADO
2026|4904,2026,4904,AUXILIO TRANSPORTE BILHETE OU CARTAO MAGNETICO
2026|4905,2026,4905,AUXILIO TRANSPORTE PAGO A ESTAGIARIOS PECUNIA
2026|4906,2026,4906,AUXILIO TRANSPORTE PAGO A ESTAGIARIO BILHETE OU CARTAO MAGNETICO
2026|5101,2026,5101,ESTUDOS E PROJETOS DE BENS PATRIMONIAVEIS
2026|5102,2026,5102,EXECUÇÃO DIRETA DE OBRAS DE BENS PATRIMONIÁVEIS
2026|5103,2026,5103,EXECUCAO DE OBRAS POR CONTRATO DE BENS PATRIMONIAVEIS
2026|5104,2026,5104,INSTALAÇÕES PARA OBRAS EM ANDAMENTO
2026|5106,2026,5106,ESTUDOS E PROJETOS DE BENS NAO PATRIMONIAVEIS
2026|5107,2026,5107,EXECUCAO DE OBRAS POR CONTRATO DE BENS NAO PATRIMONIAVEIS
2026|5109,2026,5109,EXECUÇÃO DIRETA DE OBRAS DE BENS NÃO PATRIMONIÁVEIS
2026|5110,2026,5110,MATERIAL PARA OBRAS - BENS PATRIMONIÁVEIS
2026|5111,2026,5111,CONTRUÇÃO DE UNIDADES HABITACIONAIS
2026|5112,2026,5112,MATERIAL PARA OBRAS - BENS NAO PATRIMONIAVEIS
2026|5113,2026,5113,INSTALACAO PARA INCORPORACAO A BENS IMOVEIS
2026|5114,2026,5114,EXECUCAO DE OBRAS POR EMPRESAS CONTROLADAS
2026|5115,2026,5115,EXECUÇÃO DE OBRAS - METRÔ RMBH
2026|5201,2026,5201,AERONAVES E COMPONENTES ESTRUTURAIS
2026|5202,2026,5202,"ANIMAIS DE TRABALHO, PRODUÇÃO E / OU REPRODUÇÃO"
2026|5203,2026,5203,ARMAMENTO E EQUIPAMENTO DE USO POLICIAL
2026|5204,2026,5204,"MAQUINAS, APARELHOS, UTENSILIOS E EQUIPAMENTOS DE USO INDUSTRIAL"
2026|5205,2026,5205,"EMBARCAÇÕES, PONTÕES, DIQUES, FLUTUANTES E COMPONENTES ESTRUTURAIS"
2026|5206,2026,5206,EQUIPAMENTOS DE COMUNICACAO E TELEFONIA
2026|5207,2026,5207,EQUIPAMENTOS DE INFORMATICA
2026|5208,2026,5208,"EQUIPAMENTOS DE SOM, VIDEO, FOTOGRAFICO E CINEMATOGRAFICO"
2026|5209,2026,5209,"EQUIPAMENTOS HOSPITALARES, ODONTOLOGICOS E DE LABORATORIO"
2026|5210,2026,5210,"FERRAMENTAS, EQUIP. E INSTRUMENTOS P/ OFICINA, MEDICAO E INSPECAO"
2026|5211,2026,5211,"INSTRUMENTOS DE LABORATORIO, MEDICOS E ODONTOLOGICOS"
2026|5212,2026,5212,"MAQUINAS, APARELHOS, UTENSILIOS E EQUIPAMENTOS  USO ADMINISTRATIVO"
2026|5213,2026,5213,MATERIAL ESPORTIVO E RECREATIVO
2026|5214,2026,5214,MOBILIARIO
2026|5215,2026,5215,OBJETOS DE ARTE E ANTIGÜIDADES
2026|5216,2026,5216,"TRATORES, SIMILARES E IMPLEMENTOS"
2026|5217,2026,5217,VEICULOS
2026|5218,2026,5218,COLECAO E MATERIAIS BIBLIOGRAFICOS
2026|5219,2026,5219,INSTRUMENTOS MUSICAIS E ARTÍSTICOS
2026|5220,2026,5220,EQUIPAMENTOS DE SEGURANCA ELETRONICA
2026|5221,2026,5221,MATERIAL DIDÁTICO
2026|5222,2026,5222,ESTRUTURAS E COMPONENTES
2026|5223,2026,5223,MÁQUINAS E EQUIPAMENTOS GRÁFICOS
2026|5224,2026,5224,"MÁQUINAS, INSTALAÇÕES E UTENSÍLIOS DE ESCRITÓRIO"
2026|5225,2026,5225,APARELHOS E UTENSILIOS DOMESTICOS
2026|5226,2026,5226,"EQUIPAMENTOS DE PROTECAO, SEGURANCA E SOCORRO"
2026|5227,2026,5227,PECAS NAO INCORPORAVEIS A IMOVEIS
2026|5230,2026,5230,MÁQUINAS E EQUIPAMENTOS ENERGÉTICOS
2026|5299,2026,5299,OUTROS MATERIAIS PERMANENTES
2026|5301,2026,5301,APOSENTADORIAS DO RGPS - ÁREA RURAL
2026|5401,2026,5401,APOSENTADORIAS DO RGPS - ÁREA URBANA
2026|5501,2026,5501,PENSÕES DO RGPS - ÁREA RURAL
2026|5601,2026,5601,PENSÕES DO RGPS - ÁREA URBANA
2026|5701,2026,5701,OUTROS BENEFÍCIOS DO RGPS - ÁREA RURAL
2026|5801,2026,5801,OUTROS BENEFÍCIOS DO RGPS - ÁREA URBANA
2026|5902,2026,5902,PENSAO ESPECIAL - LEI N 552/49
2026|5903,2026,5903,PENSAO ESPECIFICA DOS INSTITUTOS DE PREVIDENCIA
2026|5904,2026,5904,PENSÃO DECORRENTE DE SENTENÇA JUDICIAL - SERVIDOR
2026|5905,2026,5905,PENSAO DECORRENTE DE SENTENCA JUDICIAL - TERCEIROS
2026|5906,2026,5906,SUBSÍDIO PENSÃO ESPECIAL DA EDUCAÇÃO
2026|5907,2026,5907,PENSAO ESPECIAL PARA AGENTES POLITICOS SERVIDORES PUBLICOS E ESTATAIS
2026|5908,2026,5908,PENSOES DECORRENTES DA LEI N 21527 2014
2026|6101,2026,6101,TERRENOS
2026|6102,2026,6102,SALAS E ESCRITÓRIOS
2026|6103,2026,6103,FAZENDAS
2026|6104,2026,6104,EDIFÍCIOS
2026|6105,2026,6105,IMÓVEIS PARA FINS DE TRANSFERÊNCIA A TERCEIROS
2026|6106,2026,6106,IMÓVEIS NECESSÁRIOS À REALIZAÇÃO DE OBRAS DE BENS PATRIMONIAVEIS
2026|6107,2026,6107,IMOVEIS NECESSARIOS A REALIZACAO DE OBRAS DE BENS NAO-PATRIMONIAVEIS
2026|6108,2026,6108,CASAS
2026|6201,2026,6201,AQUISIÇÃO DE PRODUTOS PARA REVENDA
2026|6301,2026,6301,AQUISIÇÃO DE TÍTULOS DE CRÉDITO
2026|6401,2026,6401,AQUISIÇÃO DE TÍTULOS REPRESENTATIVOS DE CAPITAL JÁ INTEGRALIZADO
2026|6501,2026,6501,CONSTITUICAO OU AUMENTO DE CAPITAL DE EMPRESAS-CAPITAL A INTEGRALIZAR
2026|6502,2026,6502,CONSTITUICAO OU AUMENTO DE CAPITAL DE EMPRESAS-CAPITAL INTEGRALIZADO
2026|6601,2026,6601,CONCESSÃO DE EMPRÉSTIMOS E FINANCIAMENTOS
2026|6602,2026,6602,EMPRÉSTIMOS E FINANCIAMENTOS ? FUNDOS DE DESENVOLVIMENTO
2026|6603,2026,6603,CONCESSAO DE FINANCIAMENTOS HABITACIONAIS
2026|6701,2026,6701,DEPÓSITOS COMPULSÓRIOS
2026|7001,2026,7001,RATEIO PELA PARTICIPAÇÃO EM CONSÓRCIO PÚBLICO
2026|7101,2026,7101,PRINCIPAL DA DIVIDA INTERNA POR CONTRATOS
2026|7102,2026,7102,PRINCIPAL DA DIVIDA EXTERNA POR CONTRATOS
2026|7103,2026,7103,PRINCIPAL DA DIVIDA COM OS INSTITUTOS DE PREVIDENCIA
2026|7104,2026,7104,PRINCIPAL DO PARCELAMENTO DA DIVIDA PREVIDENCIARIA - INSS
2026|7106,2026,7106,PRINCIPAL DE OUTRAS DIVIDAS RENEGOCIADAS
2026|7107,2026,7107,PRINCIPAL DO PARCELAMENTO DA DIVIDA REFERENTE AO PASEP
2026|7108,2026,7108,PRINCIPAL DA DÍVIDA INTERNA POR CONTRATOS REFINANCIADA
2026|7109,2026,7109,PRINCIPAL DE EXECUÇÃO DE GARANTIAS HONRADAS PELA UNIÃO
2026|7110,2026,7110,PRINCIPAL DA DÍVIDA REFERENTE À REGULARIZAÇÃO DA COMPENSAÇÃO DAS PERDAS DE ARRECADAÇÃO DO ICMS
2026|7201,2026,7201,PRINCIPAL DA DÍVIDA MOBILIÁRIA INTERNA
2026|7202,2026,7202,PRINCIPAL DA DÍVIDA MOBILIÁRIA EXTERNA
2026|7301,2026,7301,CORREÇÃO MONETÁRIA OU CAMBIAL DA DÍVIDA INTERNA
2026|7302,2026,7302,CORREÇÃO MONETÁRIA OU CAMBIAL DA DÍVIDA EXTERNA POR CONTRATOS
2026|7401,2026,7401,CORREÇÃO MONETÁRIA OU CAMBIAL DA DÍVIDA MOBILIÁRIA INTERNA
2026|7402,2026,7402,CORREÇÃO MONETÁRIA OU CAMBIAL DA DÍVIDA MOBILIÁRIA EXTERNA
2026|7501,2026,7501,CORREÇÃO MONETÁRIA DA DÍVIDA DE OPERAÇÕES DE CRÉDITO POR ANTECIPAÇÃO DE RECEITA
2026|7601,2026,7601,PRINCIPAL DA DÍVIDA MOBILIÁRIA INTERNA
2026|7602,2026,7602,PRINCIPAL DA DÍVIDA MOBILIÁRIA EXTERNA
2026|7701,2026,7701,PRINCIPAL CORRIGIDO DA DÍVIDA CONTRATUAL REFINANCIADO
2026|8102,2026,8102,COTA PARTE DO IPVA
2026|8103,2026,8103,COTA PARTE DO ICMS
2026|8104,2026,8104,COTA PARTE DO IPI
2026|8105,2026,8105,COTA PARTE DA CIDE
2026|8106,2026,8106,TRANSFERÊNCIAS FUNDEB - PARCELAS REFERENTES AO FEM
2026|8199,2026,8199,OUTRAS TRANSFERÊNCIAS
2026|8201,2026,8201,APORTE DE RECURSOS PELO PARCEIRO PÚBLICO EM FAVOR DO PARCEIRO PRIVADO DECORRENTE DE CONTRATO DE PARCERIA PÚBLICO-PRIVADA - PPP
2026|8301,2026,8301,PARCELAS DAS CONTRAPRESTACOES REFERENTES A REMUNERACAO DO PARCEIRO
2026|8302,2026,8302,PARCELAMENTO DOS INVESTIMENTOS REALIZADOS PELO PARCEIRO PRIVADO COM A REALIZAÇÃO DE OBRAS E AQUISIÇÃO DE BENS REVERSÍVEIS
2026|8303,2026,8303,OUTRAS DESPESAS DECORRENTES DE CONTRATO DE PARCERIA PUBLICO-PRIVADA
2026|8401,2026,8401,"DESPESAS DECORRENTES DA PARTICIPAÇÃO EM FUNDOS, ORGANISMOS, OU ENTIDADES ASSEMELHADAS, NACIONAIS E INTERNACIONAIS"
2026|8402,2026,8402,DESPESAS DECORRENTES DA PARTICIPAÇÃO NO FUNDO DE EQUALIZAÇÃO FEDERATIVA
2026|8501,2026,8501,CONTRATO DE GESTAO COM ORGANIZACAO SOCIAL - OS
2026|8502,2026,8502,CONTRATO DE GESTAO COM SERVICO SOCIAL AUTONOMO - SSA
2026|8601,2026,8601,COMPENSACAO FINANCEIRA DOS REGIMES DE PREVIDENCIA
2026|9102,2026,9102,PRECATORIOS - PESSOAL
2026|9103,2026,9103,REQUISITÓRIO DE PEQUENO VALOR - RPV
2026|9107,2026,9107,PRECATORIOS - OUTROS
2026|9108,2026,9108,OUTRAS DECISOES JUDICIAIS - DEPOSITO EM CONTA CORRENTE OU A DISPOSICAO
2026|9109,2026,9109,SENTENÇA ARBITRAL
2026|9110,2026,9110,SERVICOS DE SAUDE PRESTADO POR PESSOA FISICA - DECISAO JUDICIAL
2026|9111,2026,9111,SERVICOS DE SAUDE PRESTADO POR PESSOA JURIDICA - DECISAO JUDICIAL
2026|9112,2026,9112,MEDICAMENTOS E MATERIAL MEDICO HOSPITALAR - DECISAO JUDICIAL
2026|9113,2026,9113,INDENIZACOES DETERMINADAS POR DECISOES JUDICIAIS
2026|9114,2026,9114,PRODUTOS ALIMENTÍCIOS – DECISÃO JUDICIAL
2026|9115,2026,9115,"LOCAÇÃO DE MÁQUINAS, APARELHOS E OUTROS EQUIPAMENTOS HOSPITALARES – DECISÃO JUDICIAL"
2026|9116,2026,9116,ADVOGADOS DATIVOS - SENTENCAS JUDICIAIS
2026|9117,2026,9117,ACORDOS ADMINISTRATIVOS OU JUDICIAIS FIRMADOS COM A CONCILIAÇÃO E MEDIAÇÃO DA CPRAC OU COMPOR
2026|9118,2026,9118,OUTRAS SENTENÇAS JUDICIAIS
2026|9201,2026,9201,DESPESAS DE EXERCICIOS ANTERIORES - PESSOAL
2026|9202,2026,9202,DESPESAS DE EXERCICIOS ANTERIORES - OUTRAS DESPESAS
2026|9203,2026,9203,DESPESA DE EXERCICIOS ANTERIORES - OBRIGACOES PATRONAIS
2026|9204,2026,9204,DESPESAS DE EXERCÍCIOS ANTERIORES - FÉRIAS-PRÊMIO
2026|9301,2026,9301,AJUDA DE CUSTO
2026|9302,2026,9302,AJUDA DE CUSTO ESPECIAL
2026|9303,2026,9303,PERDAS DECORRENTES DE APLICAÇÕES FINANCEIRAS
2026|9304,2026,9304,DESPESAS REFERENTES A RESSARCIMENTO PREVISTO NO PROGRAMA PRIMEIRO EMPREGO DO ESTADO DE MINA GERAIS
2026|9305,2026,9305,DESPESAS DECORRENTES DE CONTRATOS DE CONCESSAO OU PERMISSAO
2026|9306,2026,9306,"REST DE REC DE CONVENIOS, DE CONTRAPARTIDAS E INSTRUMENTOS CONGENERES"
2026|9307,2026,9307,RESSARCIMENTO REFERENTE A PESSOAL REQUISITADO DA ADMINITRACAO ESTADUAL
2026|9308,2026,9308,DESPESAS DE CARATER INDENIZATORIO RELATIVAS AO MANDATO PARLAMENTAR
2026|9309,2026,9309,PREMIO DE PRODUTIVIDADE
2026|9310,2026,9310,RESTITUICAO DE RECEITA - EXERCICIO ANTERIOR
2026|9311,2026,9311,COMPENSAÇÃO FINANCEIRA DOS REGIMES DE PREVIDÊNCIA
2026|9312,2026,9312,INDENIZACAO POR UTILIZACAO DE BENS DE TERCEIROS
2026|9313,2026,9313,REEMBOLSO DE DESPESAS MEDICO-HOSPITALARES
2026|9314,2026,9314,INDENIZAÇÕES DETERMINADAS POR DECISÕES JUDICIAIS
2026|9315,2026,9315,INDENIZAÇÃO DECORRENTE DE RESCISÃO UNILATERAL
2026|9316,2026,9316,INDENIZACOES DETERMINADAS POR LEI ESPECIFICA
2026|9317,2026,9317,INDENIZACAO EXERCICIO DO CARGO DE CONSEL PRES E PROCURADOR JUNTO AO TC
2026|9318,2026,9318,AUXILIO MORADIA DE CARATER INDENIZATORIO RELATIVO AO MANDATO PARLAMENT
2026|9319,2026,9319,INDENIZAÇÕES DECORRENTES DA UTILIZAÇÃO DE LEITOS DE INSTITUIÇÕES DE SAÚDE PRIVADAS
2026|9323,2026,9323,INDENIZACAO DECORRENTE DE AUXILIO SAUDE
2026|9324,2026,9324,AUXÍLIO-MORADIA DE CARÁTER INDENIZATÓRIO DEVIDO A MAGISTRADO
2026|9325,2026,9325,AUXÍLIO-MORADIA DE CARÁTER INDENIZATÓRIO DEVIDO PELO TCE
2026|9326,2026,9326,"RESTITUICAO REFERENTE A TAXA DE INSCRIÇÃO, MATERIAL E SIMILARES"
2026|9327,2026,9327,INDENIZACAO DE TRANSPORTE DEVIDA AO OFICIAL DE JUSTICA
2026|9328,2026,9328,PENSÃO ACIDENTÁRIA
2026|9329,2026,9329,RESSARCIMENTO SOBRE A REMUNERACAO DOS PRESOS EM TRABALHO
2026|9330,2026,9330,REEMBOLSO DE DESPESA REALIZADA EM CONTRATOS OU CONVÊNIOS FIRMADOS EM REGIME DE PARCERIA COM O PODER EXECUTIVO
2026|9331,2026,9331,RESTITUICAO DE RECURSOS DE DEPOSITOS JUDICIAIS
2026|9332,2026,9332,DESPESAS COM O REPASSE A MUNICÍPIOS DEVIDO À COMPENSAÇÃO DAS PARCELAS VINCENDAS DOS CONTRATOS DE DÍVIDAS DO ESTADO COM AS PERDAS RELACIONADAS AO ICMS
2026|9333,2026,9333,RESTITUIÇÃO DE RECURSOS – LC 151/2015
2026|9334,2026,9334,RECOMPOSIÇÃO DOS DEPÓSITOS JUDICIAIS – LC 151/2015
2026|9335,2026,9335,RESTITUIÇÃO DE RECURSOS DE DEPÓSITOS ADMINISTRATIVOS E JUDICIAIS
2026|9336,2026,9336,RECOMPOSIÇÃO DA COMPENSAÇÃO FINANCEIRA DOS REGIMES DE PREVIDÊNCIA – LC Nº184/2025
2026|9399,2026,9399,OUTRAS INDENIZACOES E RESTITUICOES
2026|9401,2026,9401,INDENIZACOES E RESTITUICOES TRABALHISTAS
2026|9402,2026,9402,FÉRIAS - PRÊMIO - RECRUTAMENTO AMPLO
2026|9501,2026,9501,INDENIZAÇÃO PELA EXECUÇÃO DE TRABALHOS DE CAMPO
2026|9601,2026,9601,RESSARCIMENTO DE DESPESAS DE PESSOAL REQUISITADO
2026|9701,2026,9701,APORTE PARA COBERTURA DO DÉFICIT ATUARIAL DO RPPS
2026|9801,2026,9801,COMPENSAÇÕES AO RGPS
