ano,mes_cod,uo_cod,acao_cod,fonte_cod,ipu_cod,categoria_propag,vlr_empenhado,vlr_liquidado,vlr_pago_orcamentario,uo_nome,uo_sigla,uo_sigla_current,acao_desc,area_tematica
2026,1,2301,4293,32,0,Investimentos Próprios,742500.0,0.0,6881947.37,DEPARTAMENTO DE ESTRADAS DE RODAGEM DO ESTADO DE MINAS GERAIS,DER-MG,DER-MG,CONSERVACAO ROTINEIRA DA MALHA VIARIA,Transportes
2026,1,2301,4293,32,0,Investimentos Próprios,7500.0,0.0,69514.62,DEPARTAMENTO DE ESTRADAS DE RODAGEM DO ESTADO DE MINAS GERAIS,DER-MG,DER-MG,CONSERVACAO ROTINEIRA DA MALHA VIARIA,Transportes
2026,1,2301,4293,32,0,Investimentos Próprios,800000.0,0.0,5388729.1,DEPARTAMENTO DE ESTRADAS DE RODAGEM DO ESTADO DE MINAS GERAIS,DER-MG,DER-MG,CONSERVACAO ROTINEIRA DA MALHA VIARIA,Transportes
2026,1,2301,4293,32,0,Investimentos Próprios,470000.0,0.0,3641973.52,DEPARTAMENTO DE ESTRADAS DE RODAGEM DO ESTADO DE MINAS GERAIS,DER-MG,DER-MG,CONSERVACAO ROTINEIRA DA MALHA VIARIA,Transportes
2026,1,2301,4293,32,0,Investimentos Próprios,3250.0,0.0,36551.55,DEPARTAMENTO DE ESTRADAS DE RODAGEM DO ESTADO DE MINAS GERAIS,DER-MG,DER-MG,CONSERVACAO ROTINEIRA DA MALHA VIARIA,Transportes
2026,1,2301,4293,32,0,Investimentos Próprios,6420.0,0.0,45130.01,DEPARTAMENTO DE ESTRADAS DE RODAGEM DO ESTADO DE MINAS GERAIS,DER-MG,DER-MG,CONSERVACAO ROTINEIRA DA MALHA VIARIA,Transportes
2026,1,2301,4275,10,0,Investimentos Próprios,0.0,0.0,0.0,DEPARTAMENTO DE ESTRADAS DE RODAGEM DO ESTADO DE MINAS GERAIS,DER-MG,DER-MG,IMPLANTACAO/PAVIMENTACAO DA MALHA,Transportes
2026,1,2301,4293,32,0,Investimentos Próprios,912000.0,0.0,5000492.77,DEPARTAMENTO DE ESTRADAS DE RODAGEM DO ESTADO DE MINAS GERAIS,DER-MG,DER-MG,CONSERVACAO ROTINEIRA DA MALHA VIARIA,Transportes
2026,1,2301,4275,10,0,Investimentos Próprios,254484.0,0.0,0.0,DEPARTAMENTO DE ESTRADAS DE RODAGEM DO ESTADO DE MINAS GERAIS,DER-MG,DER-MG,IMPLANTACAO/PAVIMENTACAO DA MALHA,Transportes
2026,1,2301,4293,32,0,Investimentos Próprios,100803.47,0.0,646828.54,DEPARTAMENTO DE ESTRADAS DE RODAGEM DO ESTADO DE MINAS GERAIS,DER-MG,DER-MG,CONSERVACAO ROTINEIRA DA MALHA VIARIA,Transportes
2026,1,2301,4293,32,0,Investimentos Próprios,445500.0,0.0,4565507.3,DEPARTAMENTO DE ESTRADAS DE RODAGEM DO ESTADO DE MINAS GERAIS,DER-MG,DER-MG,CONSERVACAO ROTINEIRA DA MALHA VIARIA,Transportes
2026,1,2301,4162,10,0,Investimentos Próprios,60000.0,0.0,375571.25,DEPARTAMENTO DE ESTRADAS DE RODAGEM DO ESTADO DE MINAS GERAIS,DER-MG,DER-MG,SUPORTE A GESTAO DOS ATIVOS RODOVIARIOS,Transportes
2026,1,2301,4293,32,0,Investimentos Próprios,250000.0,0.0,35546.0,DEPARTAMENTO DE ESTRADAS DE RODAGEM DO ESTADO DE MINAS GERAIS,DER-MG,DER-MG,CONSERVACAO ROTINEIRA DA MALHA VIARIA,Transportes
2026,1,2301,4293,32,0,Investimentos Próprios,593580.0,0.0,4172629.16,DEPARTAMENTO DE ESTRADAS DE RODAGEM DO ESTADO DE MINAS GERAIS,DER-MG,DER-MG,CONSERVACAO ROTINEIRA DA MALHA VIARIA,Transportes
2026,1,2301,4293,32,0,Investimentos Próprios,493500.0,0.0,2065066.47,DEPARTAMENTO DE ESTRADAS DE RODAGEM DO ESTADO DE MINAS GERAIS,DER-MG,DER-MG,CONSERVACAO ROTINEIRA DA MALHA VIARIA,Transportes
2026,1,2301,4293,32,0,Investimentos Próprios,500000.0,0.0,3353449.06,DEPARTAMENTO DE ESTRADAS DE RODAGEM DO ESTADO DE MINAS GERAIS,DER-MG,DER-MG,CONSERVACAO ROTINEIRA DA MALHA VIARIA,Transportes
2026,1,2301,4275,10,0,Investimentos Próprios,100000.0,0.0,0.0,DEPARTAMENTO DE ESTRADAS DE RODAGEM DO ESTADO DE MINAS GERAIS,DER-MG,DER-MG,IMPLANTACAO/PAVIMENTACAO DA MALHA,Transportes
2026,1,2301,4385,10,0,Investimentos Próprios,1918903.71,0.0,515746.46,DEPARTAMENTO DE ESTRADAS DE RODAGEM DO ESTADO DE MINAS GERAIS,DER-MG,DER-MG,REABILITACAO DA MALHA VIARIA,Transportes
2026,1,2301,4385,10,0,Investimentos Próprios,160000.0,0.0,30853.24,DEPARTAMENTO DE ESTRADAS DE RODAGEM DO ESTADO DE MINAS GERAIS,DER-MG,DER-MG,REABILITACAO DA MALHA VIARIA,Transportes
2026,1,2301,4293,32,0,Investimentos Próprios,580000.0,0.0,1093279.86,DEPARTAMENTO DE ESTRADAS DE RODAGEM DO ESTADO DE MINAS GERAIS,DER-MG,DER-MG,CONSERVACAO ROTINEIRA DA MALHA VIARIA,Transportes
2026,1,2301,4293,32,0,Investimentos Próprios,200000.0,0.0,6723523.01,DEPARTAMENTO DE ESTRADAS DE RODAGEM DO ESTADO DE MINAS GERAIS,DER-MG,DER-MG,CONSERVACAO ROTINEIRA DA MALHA VIARIA,Transportes
2026,1,2301,4293,32,0,Investimentos Próprios,1150480.0,0.0,3988105.58,DEPARTAMENTO DE ESTRADAS DE RODAGEM DO ESTADO DE MINAS GERAIS,DER-MG,DER-MG,CONSERVACAO ROTINEIRA DA MALHA VIARIA,Transportes
2026,1,2301,4293,32,0,Investimentos Próprios,17520.0,0.0,60732.58,DEPARTAMENTO DE ESTRADAS DE RODAGEM DO ESTADO DE MINAS GERAIS,DER-MG,DER-MG,CONSERVACAO ROTINEIRA DA MALHA VIARIA,Transportes
2026,1,2301,4293,32,0,Investimentos Próprios,800000.0,0.0,4250434.17,DEPARTAMENTO DE ESTRADAS DE RODAGEM DO ESTADO DE MINAS GERAIS,DER-MG,DER-MG,CONSERVACAO ROTINEIRA DA MALHA VIARIA,Transportes
2026,1,2301,4293,32,0,Investimentos Próprios,15190.0,0.0,71339.01,DEPARTAMENTO DE ESTRADAS DE RODAGEM DO ESTADO DE MINAS GERAIS,DER-MG,DER-MG,CONSERVACAO ROTINEIRA DA MALHA VIARIA,Transportes
2026,1,2301,4293,32,0,Investimentos Próprios,250000.0,0.0,35546.0,DEPARTAMENTO DE ESTRADAS DE RODAGEM DO ESTADO DE MINAS GERAIS,DER-MG,DER-MG,CONSERVACAO ROTINEIRA DA MALHA VIARIA,Transportes
2026,1,2301,4275,10,0,Investimentos Próprios,169656.0,0.0,0.0,DEPARTAMENTO DE ESTRADAS DE RODAGEM DO ESTADO DE MINAS GERAIS,DER-MG,DER-MG,IMPLANTACAO/PAVIMENTACAO DA MALHA,Transportes
2026,1,2301,4293,32,0,Investimentos Próprios,350000.0,0.0,3725973.19,DEPARTAMENTO DE ESTRADAS DE RODAGEM DO ESTADO DE MINAS GERAIS,DER-MG,DER-MG,CONSERVACAO ROTINEIRA DA MALHA VIARIA,Transportes
2026,1,2301,4293,32,0,Investimentos Próprios,550000.0,0.0,9982389.79,DEPARTAMENTO DE ESTRADAS DE RODAGEM DO ESTADO DE MINAS GERAIS,DER-MG,DER-MG,CONSERVACAO ROTINEIRA DA MALHA VIARIA,Transportes
2026,1,2301,4293,32,0,Investimentos Próprios,550000.0,0.0,5693400.25,DEPARTAMENTO DE ESTRADAS DE RODAGEM DO ESTADO DE MINAS GERAIS,DER-MG,DER-MG,CONSERVACAO ROTINEIRA DA MALHA VIARIA,Transportes
2026,1,2301,4293,32,0,Investimentos Próprios,600000.0,0.0,5476213.4,DEPARTAMENTO DE ESTRADAS DE RODAGEM DO ESTADO DE MINAS GERAIS,DER-MG,DER-MG,CONSERVACAO ROTINEIRA DA MALHA VIARIA,Transportes
2026,1,2301,4293,32,0,Investimentos Próprios,65000.0,0.0,77774.79,DEPARTAMENTO DE ESTRADAS DE RODAGEM DO ESTADO DE MINAS GERAIS,DER-MG,DER-MG,CONSERVACAO ROTINEIRA DA MALHA VIARIA,Transportes
2026,1,2301,4293,32,0,Investimentos Próprios,250000.0,0.0,2866319.21,DEPARTAMENTO DE ESTRADAS DE RODAGEM DO ESTADO DE MINAS GERAIS,DER-MG,DER-MG,CONSERVACAO ROTINEIRA DA MALHA VIARIA,Transportes
2026,1,2301,4293,32,0,Investimentos Próprios,650000.0,0.0,6801154.44,DEPARTAMENTO DE ESTRADAS DE RODAGEM DO ESTADO DE MINAS GERAIS,DER-MG,DER-MG,CONSERVACAO ROTINEIRA DA MALHA VIARIA,Transportes
2026,1,2301,4293,32,0,Investimentos Próprios,403213.99,0.0,2441533.29,DEPARTAMENTO DE ESTRADAS DE RODAGEM DO ESTADO DE MINAS GERAIS,DER-MG,DER-MG,CONSERVACAO ROTINEIRA DA MALHA VIARIA,Transportes
2026,1,2301,4293,32,0,Investimentos Próprios,300000.0,0.0,2026233.17,DEPARTAMENTO DE ESTRADAS DE RODAGEM DO ESTADO DE MINAS GERAIS,DER-MG,DER-MG,CONSERVACAO ROTINEIRA DA MALHA VIARIA,Transportes
2026,1,2301,4293,32,0,Investimentos Próprios,306000.0,0.0,1151007.92,DEPARTAMENTO DE ESTRADAS DE RODAGEM DO ESTADO DE MINAS GERAIS,DER-MG,DER-MG,CONSERVACAO ROTINEIRA DA MALHA VIARIA,Transportes
2026,1,2301,4293,32,0,Investimentos Próprios,500000.0,0.0,3830400.96,DEPARTAMENTO DE ESTRADAS DE RODAGEM DO ESTADO DE MINAS GERAIS,DER-MG,DER-MG,CONSERVACAO ROTINEIRA DA MALHA VIARIA,Transportes
2026,1,2301,4293,32,0,Investimentos Próprios,288000.0,0.0,1579102.98,DEPARTAMENTO DE ESTRADAS DE RODAGEM DO ESTADO DE MINAS GERAIS,DER-MG,DER-MG,CONSERVACAO ROTINEIRA DA MALHA VIARIA,Transportes
2026,1,2301,4293,32,0,Investimentos Próprios,518862.6,0.0,595481.31,DEPARTAMENTO DE ESTRADAS DE RODAGEM DO ESTADO DE MINAS GERAIS,DER-MG,DER-MG,CONSERVACAO ROTINEIRA DA MALHA VIARIA,Transportes
2026,1,2301,4293,32,0,Investimentos Próprios,400000.0,0.0,2143882.01,DEPARTAMENTO DE ESTRADAS DE RODAGEM DO ESTADO DE MINAS GERAIS,DER-MG,DER-MG,CONSERVACAO ROTINEIRA DA MALHA VIARIA,Transportes
2026,1,2301,4293,32,0,Investimentos Próprios,950000.0,0.0,7326493.7,DEPARTAMENTO DE ESTRADAS DE RODAGEM DO ESTADO DE MINAS GERAIS,DER-MG,DER-MG,CONSERVACAO ROTINEIRA DA MALHA VIARIA,Transportes
2026,1,2301,4293,32,0,Investimentos Próprios,200000.0,0.0,6723522.99,DEPARTAMENTO DE ESTRADAS DE RODAGEM DO ESTADO DE MINAS GERAIS,DER-MG,DER-MG,CONSERVACAO ROTINEIRA DA MALHA VIARIA,Transportes
2026,1,2301,4293,32,0,Investimentos Próprios,225000.0,0.0,754778.81,DEPARTAMENTO DE ESTRADAS DE RODAGEM DO ESTADO DE MINAS GERAIS,DER-MG,DER-MG,CONSERVACAO ROTINEIRA DA MALHA VIARIA,Transportes
2026,1,2301,4293,32,0,Investimentos Próprios,400000.0,0.0,0.0,DEPARTAMENTO DE ESTRADAS DE RODAGEM DO ESTADO DE MINAS GERAIS,DER-MG,DER-MG,CONSERVACAO ROTINEIRA DA MALHA VIARIA,Transportes
2026,1,2301,4293,32,0,Investimentos Próprios,950000.0,0.0,9866330.87,DEPARTAMENTO DE ESTRADAS DE RODAGEM DO ESTADO DE MINAS GERAIS,DER-MG,DER-MG,CONSERVACAO ROTINEIRA DA MALHA VIARIA,Transportes
2026,1,2301,4293,32,0,Investimentos Próprios,6500.0,0.0,24336.75,DEPARTAMENTO DE ESTRADAS DE RODAGEM DO ESTADO DE MINAS GERAIS,DER-MG,DER-MG,CONSERVACAO ROTINEIRA DA MALHA VIARIA,Transportes
2026,1,2301,4293,32,0,Investimentos Próprios,500000.0,0.0,4660261.16,DEPARTAMENTO DE ESTRADAS DE RODAGEM DO ESTADO DE MINAS GERAIS,DER-MG,DER-MG,CONSERVACAO ROTINEIRA DA MALHA VIARIA,Transportes
2026,1,2301,4293,32,0,Investimentos Próprios,968000.0,0.0,4000119.83,DEPARTAMENTO DE ESTRADAS DE RODAGEM DO ESTADO DE MINAS GERAIS,DER-MG,DER-MG,CONSERVACAO ROTINEIRA DA MALHA VIARIA,Transportes
2026,1,2301,4275,10,0,Investimentos Próprios,55000.0,0.0,0.0,DEPARTAMENTO DE ESTRADAS DE RODAGEM DO ESTADO DE MINAS GERAIS,DER-MG,DER-MG,IMPLANTACAO/PAVIMENTACAO DA MALHA,Transportes
2026,1,2301,4293,32,0,Investimentos Próprios,53000.0,0.0,30179.73,DEPARTAMENTO DE ESTRADAS DE RODAGEM DO ESTADO DE MINAS GERAIS,DER-MG,DER-MG,CONSERVACAO ROTINEIRA DA MALHA VIARIA,Transportes
2026,1,2301,4385,10,0,Investimentos Próprios,200513.7,0.0,129643.25,DEPARTAMENTO DE ESTRADAS DE RODAGEM DO ESTADO DE MINAS GERAIS,DER-MG,DER-MG,REABILITACAO DA MALHA VIARIA,Transportes
2026,1,2301,4385,10,0,Investimentos Próprios,127242.0,0.0,41028.48,DEPARTAMENTO DE ESTRADAS DE RODAGEM DO ESTADO DE MINAS GERAIS,DER-MG,DER-MG,REABILITACAO DA MALHA VIARIA,Transportes
2026,1,2301,4162,10,0,Investimentos Próprios,600000.0,0.0,590949.95,DEPARTAMENTO DE ESTRADAS DE RODAGEM DO ESTADO DE MINAS GERAIS,DER-MG,DER-MG,SUPORTE A GESTAO DOS ATIVOS RODOVIARIOS,Transportes
2026,1,2301,4293,32,0,Investimentos Próprios,800000.0,0.0,10008344.5,DEPARTAMENTO DE ESTRADAS DE RODAGEM DO ESTADO DE MINAS GERAIS,DER-MG,DER-MG,CONSERVACAO ROTINEIRA DA MALHA VIARIA,Transportes
2026,1,2301,4293,32,0,Investimentos Próprios,650000.0,0.0,3856717.27,DEPARTAMENTO DE ESTRADAS DE RODAGEM DO ESTADO DE MINAS GERAIS,DER-MG,DER-MG,CONSERVACAO ROTINEIRA DA MALHA VIARIA,Transportes
2026,1,2301,4275,10,0,Investimentos Próprios,250000.0,0.0,48115.71,DEPARTAMENTO DE ESTRADAS DE RODAGEM DO ESTADO DE MINAS GERAIS,DER-MG,DER-MG,IMPLANTACAO/PAVIMENTACAO DA MALHA,Transportes
2026,1,2301,4293,32,0,Investimentos Próprios,768000.0,0.0,948013.74,DEPARTAMENTO DE ESTRADAS DE RODAGEM DO ESTADO DE MINAS GERAIS,DER-MG,DER-MG,CONSERVACAO ROTINEIRA DA MALHA VIARIA,Transportes
2026,1,2301,4268,33,0,Investimentos Próprios,958721.4,0.0,786218.21,DEPARTAMENTO DE ESTRADAS DE RODAGEM DO ESTADO DE MINAS GERAIS,DER-MG,DER-MG,AMPLIACAO DE CAPACIDADE DA MALHA E RESTAURACAO DO PAVIMENTO,Transportes
2026,1,2301,4293,32,0,Investimentos Próprios,336322.8,0.0,223579.93,DEPARTAMENTO DE ESTRADAS DE RODAGEM DO ESTADO DE MINAS GERAIS,DER-MG,DER-MG,CONSERVACAO ROTINEIRA DA MALHA VIARIA,Transportes
2026,1,2301,4275,10,0,Investimentos Próprios,267351.6,0.0,0.0,DEPARTAMENTO DE ESTRADAS DE RODAGEM DO ESTADO DE MINAS GERAIS,DER-MG,DER-MG,IMPLANTACAO/PAVIMENTACAO DA MALHA,Transportes
2026,1,2301,4385,10,0,Investimentos Próprios,40000.0,0.0,18211.72,DEPARTAMENTO DE ESTRADAS DE RODAGEM DO ESTADO DE MINAS GERAIS,DER-MG,DER-MG,REABILITACAO DA MALHA VIARIA,Transportes
2026,1,4381,4210,54,0,Investimentos Próprios,200000.0,0.0,865310.33,FUNDO ESTADUAL DE DESENVOLVIMENTO DE TRANSPORTES,FUNTRANS,FUNTRANS,REGULACAO DO USO E OCUPACAO DA FAIXA DE DOMINIO,Transportes
2026,1,2301,4293,32,0,Investimentos Próprios,300000.0,0.0,2026233.17,DEPARTAMENTO DE ESTRADAS DE RODAGEM DO ESTADO DE MINAS GERAIS,DER-MG,DER-MG,CONSERVACAO ROTINEIRA DA MALHA VIARIA,Transportes
2026,1,2301,4293,32,0,Investimentos Próprios,852810.0,0.0,4005174.79,DEPARTAMENTO DE ESTRADAS DE RODAGEM DO ESTADO DE MINAS GERAIS,DER-MG,DER-MG,CONSERVACAO ROTINEIRA DA MALHA VIARIA,Transportes
2026,1,2301,4293,32,0,Investimentos Próprios,294000.0,0.0,1105870.35,DEPARTAMENTO DE ESTRADAS DE RODAGEM DO ESTADO DE MINAS GERAIS,DER-MG,DER-MG,CONSERVACAO ROTINEIRA DA MALHA VIARIA,Transportes
2026,1,2301,4293,32,0,Investimentos Próprios,380000.0,0.0,2270975.46,DEPARTAMENTO DE ESTRADAS DE RODAGEM DO ESTADO DE MINAS GERAIS,DER-MG,DER-MG,CONSERVACAO ROTINEIRA DA MALHA VIARIA,Transportes
2026,1,2301,4275,10,0,Investimentos Próprios,111396.5,0.0,0.0,DEPARTAMENTO DE ESTRADAS DE RODAGEM DO ESTADO DE MINAS GERAIS,DER-MG,DER-MG,IMPLANTACAO/PAVIMENTACAO DA MALHA,Transportes
2026,1,2301,4275,10,0,Investimentos Próprios,68000.0,0.0,0.0,DEPARTAMENTO DE ESTRADAS DE RODAGEM DO ESTADO DE MINAS GERAIS,DER-MG,DER-MG,IMPLANTACAO/PAVIMENTACAO DA MALHA,Transportes
2026,1,2301,4293,32,0,Investimentos Próprios,1468000.0,0.0,2712506.86,DEPARTAMENTO DE ESTRADAS DE RODAGEM DO ESTADO DE MINAS GERAIS,DER-MG,DER-MG,CONSERVACAO ROTINEIRA DA MALHA VIARIA,Transportes
2026,1,2301,4293,32,0,Investimentos Próprios,668000.0,0.0,2166555.29,DEPARTAMENTO DE ESTRADAS DE RODAGEM DO ESTADO DE MINAS GERAIS,DER-MG,DER-MG,CONSERVACAO ROTINEIRA DA MALHA VIARIA,Transportes
2026,1,2301,4268,33,0,Investimentos Próprios,30000.0,0.0,0.0,DEPARTAMENTO DE ESTRADAS DE RODAGEM DO ESTADO DE MINAS GERAIS,DER-MG,DER-MG,AMPLIACAO DE CAPACIDADE DA MALHA E RESTAURACAO DO PAVIMENTO,Transportes
2026,1,2301,4275,10,0,Investimentos Próprios,1028164.4,0.0,0.0,DEPARTAMENTO DE ESTRADAS DE RODAGEM DO ESTADO DE MINAS GERAIS,DER-MG,DER-MG,IMPLANTACAO/PAVIMENTACAO DA MALHA,Transportes
2026,1,2301,4293,32,0,Investimentos Próprios,405000.0,0.0,2248637.51,DEPARTAMENTO DE ESTRADAS DE RODAGEM DO ESTADO DE MINAS GERAIS,DER-MG,DER-MG,CONSERVACAO ROTINEIRA DA MALHA VIARIA,Transportes
2026,1,2301,4293,32,0,Investimentos Próprios,6500.0,0.0,73103.12,DEPARTAMENTO DE ESTRADAS DE RODAGEM DO ESTADO DE MINAS GERAIS,DER-MG,DER-MG,CONSERVACAO ROTINEIRA DA MALHA VIARIA,Transportes
2026,1,2301,4275,10,0,Investimentos Próprios,2891947.5,0.0,641521.58,DEPARTAMENTO DE ESTRADAS DE RODAGEM DO ESTADO DE MINAS GERAIS,DER-MG,DER-MG,IMPLANTACAO/PAVIMENTACAO DA MALHA,Transportes
2026,1,2301,4293,32,0,Investimentos Próprios,700000.0,0.0,7795018.16,DEPARTAMENTO DE ESTRADAS DE RODAGEM DO ESTADO DE MINAS GERAIS,DER-MG,DER-MG,CONSERVACAO ROTINEIRA DA MALHA VIARIA,Transportes
2026,1,2301,4293,32,0,Investimentos Próprios,169656.0,0.0,42414.0,DEPARTAMENTO DE ESTRADAS DE RODAGEM DO ESTADO DE MINAS GERAIS,DER-MG,DER-MG,CONSERVACAO ROTINEIRA DA MALHA VIARIA,Transportes
2026,1,2301,4293,32,0,Investimentos Próprios,522150.2,0.0,593806.31,DEPARTAMENTO DE ESTRADAS DE RODAGEM DO ESTADO DE MINAS GERAIS,DER-MG,DER-MG,CONSERVACAO ROTINEIRA DA MALHA VIARIA,Transportes
2026,1,2301,4293,32,0,Investimentos Próprios,1468000.0,0.0,737228.73,DEPARTAMENTO DE ESTRADAS DE RODAGEM DO ESTADO DE MINAS GERAIS,DER-MG,DER-MG,CONSERVACAO ROTINEIRA DA MALHA VIARIA,Transportes
2026,1,2301,4293,32,0,Investimentos Próprios,35000.0,0.0,14630.82,DEPARTAMENTO DE ESTRADAS DE RODAGEM DO ESTADO DE MINAS GERAIS,DER-MG,DER-MG,CONSERVACAO ROTINEIRA DA MALHA VIARIA,Transportes
2026,1,2301,4268,33,0,Investimentos Próprios,244001.33,0.0,0.0,DEPARTAMENTO DE ESTRADAS DE RODAGEM DO ESTADO DE MINAS GERAIS,DER-MG,DER-MG,AMPLIACAO DE CAPACIDADE DA MALHA E RESTAURACAO DO PAVIMENTO,Transportes
2026,1,2301,4268,33,0,Investimentos Próprios,100000.0,0.0,45735.41,DEPARTAMENTO DE ESTRADAS DE RODAGEM DO ESTADO DE MINAS GERAIS,DER-MG,DER-MG,AMPLIACAO DE CAPACIDADE DA MALHA E RESTAURACAO DO PAVIMENTO,Transportes
2026,2,1261,2118,71,0,Investimentos Próprios,0.0,0.0,0.0,SECRETARIA DE ESTADO DE EDUCACAO,SEE,SEE,TRILHAS DE FUTURO - ESTUDANTES,EPT
2026,2,1261,2118,71,0,Investimentos Próprios,0.0,0.0,0.0,SECRETARIA DE ESTADO DE EDUCACAO,SEE,SEE,TRILHAS DE FUTURO - ESTUDANTES,EPT
2026,2,1261,2118,71,0,Investimentos Próprios,0.0,0.0,0.0,SECRETARIA DE ESTADO DE EDUCACAO,SEE,SEE,TRILHAS DE FUTURO - ESTUDANTES,EPT
2026,2,1261,2118,10,0,Investimentos Próprios,44689.96,44689.96,44689.96,SECRETARIA DE ESTADO DE EDUCACAO,SEE,SEE,TRILHAS DE FUTURO - ESTUDANTES,EPT
2026,2,1261,2118,71,0,Investimentos Próprios,0.0,0.0,0.0,SECRETARIA DE ESTADO DE EDUCACAO,SEE,SEE,TRILHAS DE FUTURO - ESTUDANTES,EPT
2026,2,1261,2118,10,0,Investimentos Próprios,0.0,0.0,0.0,SECRETARIA DE ESTADO DE EDUCACAO,SEE,SEE,TRILHAS DE FUTURO - ESTUDANTES,EPT
2026,2,1261,2118,71,0,Investimentos Próprios,0.0,0.0,0.0,SECRETARIA DE ESTADO DE EDUCACAO,SEE,SEE,TRILHAS DE FUTURO - ESTUDANTES,EPT
2026,2,1261,2118,10,0,Investimentos Próprios,0.0,0.0,0.0,SECRETARIA DE ESTADO DE EDUCACAO,SEE,SEE,TRILHAS DE FUTURO - ESTUDANTES,EPT
2026,2,1261,2118,10,0,Investimentos Próprios,0.0,0.0,0.0,SECRETARIA DE ESTADO DE EDUCACAO,SEE,SEE,TRILHAS DE FUTURO - ESTUDANTES,EPT
2026,2,1261,2118,10,0,Investimentos Próprios,0.0,0.0,0.0,SECRETARIA DE ESTADO DE EDUCACAO,SEE,SEE,TRILHAS DE FUTURO - ESTUDANTES,EPT
2026,2,1261,2118,10,0,Investimentos Próprios,26294.58,26294.58,26294.58,SECRETARIA DE ESTADO DE EDUCACAO,SEE,SEE,TRILHAS DE FUTURO - ESTUDANTES,EPT
2026,2,2301,4293,32,0,Investimentos Próprios,792000.0,742497.79,0.0,DEPARTAMENTO DE ESTRADAS DE RODAGEM DO ESTADO DE MINAS GERAIS,DER-MG,DER-MG,CONSERVACAO ROTINEIRA DA MALHA VIARIA,Transportes
2026,2,2301,4293,32,0,Investimentos Próprios,8000.0,7499.98,0.0,DEPARTAMENTO DE ESTRADAS DE RODAGEM DO ESTADO DE MINAS GERAIS,DER-MG,DER-MG,CONSERVACAO ROTINEIRA DA MALHA VIARIA,Transportes
2026,2,1261,2118,71,0,Investimentos Próprios,2400.0,2400.0,2400.0,SECRETARIA DE ESTADO DE EDUCACAO,SEE,SEE,TRILHAS DE FUTURO - ESTUDANTES,EPT
2026,2,1261,2118,10,0,Investimentos Próprios,15256.8,15256.8,15256.8,SECRETARIA DE ESTADO DE EDUCACAO,SEE,SEE,TRILHAS DE FUTURO - ESTUDANTES,EPT
2026,2,1261,2118,10,0,Investimentos Próprios,132280.11,132280.11,132280.11,SECRETARIA DE ESTADO DE EDUCACAO,SEE,SEE,TRILHAS DE FUTURO - ESTUDANTES,EPT
2026,2,1261,2118,71,0,Investimentos Próprios,10.0,0.0,800.0,SECRETARIA DE ESTADO DE EDUCACAO,SEE,SEE,TRILHAS DE FUTURO - ESTUDANTES,EPT
2026,2,1261,2118,10,0,Investimentos Próprios,9301.64,0.0,6697.08,SECRETARIA DE ESTADO DE EDUCACAO,SEE,SEE,TRILHAS DE FUTURO - ESTUDANTES,EPT
2026,2,1261,2118,71,0,Investimentos Próprios,0.0,0.0,0.0,SECRETARIA DE ESTADO DE EDUCACAO,SEE,SEE,TRILHAS DE FUTURO - ESTUDANTES,EPT
2026,2,1261,2118,71,0,Investimentos Próprios,0.0,0.0,0.0,SECRETARIA DE ESTADO DE EDUCACAO,SEE,SEE,TRILHAS DE FUTURO - ESTUDANTES,EPT
2026,2,1261,2118,71,0,Investimentos Próprios,0.0,0.0,0.0,SECRETARIA DE ESTADO DE EDUCACAO,SEE,SEE,TRILHAS DE FUTURO - ESTUDANTES,EPT
2026,2,1261,2118,71,0,Investimentos Próprios,0.0,0.0,0.0,SECRETARIA DE ESTADO DE EDUCACAO,SEE,SEE,TRILHAS DE FUTURO - ESTUDANTES,EPT
2026,2,1261,2118,10,0,Investimentos Próprios,0.0,0.0,0.0,SECRETARIA DE ESTADO DE EDUCACAO,SEE,SEE,TRILHAS DE FUTURO - ESTUDANTES,EPT
2026,2,1261,2118,71,0,Investimentos Próprios,0.0,0.0,0.0,SECRETARIA DE ESTADO DE EDUCACAO,SEE,SEE,TRILHAS DE FUTURO - ESTUDANTES,EPT
2026,2,1261,2118,71,0,Investimentos Próprios,0.0,0.0,4320.0,SECRETARIA DE ESTADO DE EDUCACAO,SEE,SEE,TRILHAS DE FUTURO - ESTUDANTES,EPT
2026,2,1261,2118,10,0,Investimentos Próprios,14577.27,14577.27,14577.27,SECRETARIA DE ESTADO DE EDUCACAO,SEE,SEE,TRILHAS DE FUTURO - ESTUDANTES,EPT
2026,2,1261,2118,71,0,Investimentos Próprios,4060.0,4060.0,13100.0,SECRETARIA DE ESTADO DE EDUCACAO,SEE,SEE,TRILHAS DE FUTURO - ESTUDANTES,EPT
2026,2,1261,2118,71,0,Investimentos Próprios,0.0,0.0,0.0,SECRETARIA DE ESTADO DE EDUCACAO,SEE,SEE,TRILHAS DE FUTURO - ESTUDANTES,EPT
2026,2,1261,2118,71,0,Investimentos Próprios,2420.0,2420.0,8960.0,SECRETARIA DE ESTADO DE EDUCACAO,SEE,SEE,TRILHAS DE FUTURO - ESTUDANTES,EPT
2026,2,1261,2118,71,0,Investimentos Próprios,0.0,0.0,0.0,SECRETARIA DE ESTADO DE EDUCACAO,SEE,SEE,TRILHAS DE FUTURO - ESTUDANTES,EPT
2026,2,1261,2118,71,0,Investimentos Próprios,320.0,320.0,1320.0,SECRETARIA DE ESTADO DE EDUCACAO,SEE,SEE,TRILHAS DE FUTURO - ESTUDANTES,EPT
2026,2,1261,2118,10,0,Investimentos Próprios,0.0,0.0,0.0,SECRETARIA DE ESTADO DE EDUCACAO,SEE,SEE,TRILHAS DE FUTURO - ESTUDANTES,EPT
2026,2,2301,4293,32,0,Investimentos Próprios,690000.0,558554.23,0.0,DEPARTAMENTO DE ESTRADAS DE RODAGEM DO ESTADO DE MINAS GERAIS,DER-MG,DER-MG,CONSERVACAO ROTINEIRA DA MALHA VIARIA,Transportes
2026,2,2301,4293,32,0,Investimentos Próprios,550000.0,646026.51,0.0,DEPARTAMENTO DE ESTRADAS DE RODAGEM DO ESTADO DE MINAS GERAIS,DER-MG,DER-MG,CONSERVACAO ROTINEIRA DA MALHA VIARIA,Transportes
2026,2,1261,2118,10,0,Investimentos Próprios,14532.32,14532.32,14532.32,SECRETARIA DE ESTADO DE EDUCACAO,SEE,SEE,TRILHAS DE FUTURO - ESTUDANTES,EPT
2026,2,1261,2118,10,0,Investimentos Próprios,18168.81,18168.81,18168.81,SECRETARIA DE ESTADO DE EDUCACAO,SEE,SEE,TRILHAS DE FUTURO - ESTUDANTES,EPT
2026,2,1261,2118,10,0,Investimentos Próprios,9194.25,9194.25,9194.25,SECRETARIA DE ESTADO DE EDUCACAO,SEE,SEE,TRILHAS DE FUTURO - ESTUDANTES,EPT
2026,2,1261,2118,10,0,Investimentos Próprios,0.0,0.0,0.0,SECRETARIA DE ESTADO DE EDUCACAO,SEE,SEE,TRILHAS DE FUTURO - ESTUDANTES,EPT
2026,2,1261,2118,10,0,Investimentos Próprios,203590.03,203590.03,203590.03,SECRETARIA DE ESTADO DE EDUCACAO,SEE,SEE,TRILHAS DE FUTURO - ESTUDANTES,EPT
2026,2,2301,4162,10,0,Investimentos Próprios,2332848.37,0.0,1062887.77,DEPARTAMENTO DE ESTRADAS DE RODAGEM DO ESTADO DE MINAS GERAIS,DER-MG,DER-MG,SUPORTE A GESTAO DOS ATIVOS RODOVIARIOS,Transportes
2026,2,1261,2118,10,0,Investimentos Próprios,8009.21,8009.21,8009.21,SECRETARIA DE ESTADO DE EDUCACAO,SEE,SEE,TRILHAS DE FUTURO - ESTUDANTES,EPT
2026,2,1261,2118,71,0,Investimentos Próprios,4200.0,2220.0,6940.0,SECRETARIA DE ESTADO DE EDUCACAO,SEE,SEE,TRILHAS DE FUTURO - ESTUDANTES,EPT
2026,2,1261,2118,10,0,Investimentos Próprios,56309.1,56309.1,56309.1,SECRETARIA DE ESTADO DE EDUCACAO,SEE,SEE,TRILHAS DE FUTURO - ESTUDANTES,EPT
2026,2,1261,2118,10,0,Investimentos Próprios,23400.0,0.0,23255.66,SECRETARIA DE ESTADO DE EDUCACAO,SEE,SEE,TRILHAS DE FUTURO - ESTUDANTES,EPT
2026,2,1261,2118,71,0,Investimentos Próprios,0.0,0.0,0.0,SECRETARIA DE ESTADO DE EDUCACAO,SEE,SEE,TRILHAS DE FUTURO - ESTUDANTES,EPT
2026,2,1261,2118,71,0,Investimentos Próprios,0.0,0.0,12220.0,SECRETARIA DE ESTADO DE EDUCACAO,SEE,SEE,TRILHAS DE FUTURO - ESTUDANTES,EPT
2026,2,1261,2118,71,0,Investimentos Próprios,0.0,0.0,10880.0,SECRETARIA DE ESTADO DE EDUCACAO,SEE,SEE,TRILHAS DE FUTURO - ESTUDANTES,EPT
2026,2,1261,2118,71,0,Investimentos Próprios,2420.0,2420.0,2420.0,SECRETARIA DE ESTADO DE EDUCACAO,SEE,SEE,TRILHAS DE FUTURO - ESTUDANTES,EPT
2026,2,1261,2118,71,0,Investimentos Próprios,3680.0,3680.0,3680.0,SECRETARIA DE ESTADO DE EDUCACAO,SEE,SEE,TRILHAS DE FUTURO - ESTUDANTES,EPT
2026,2,1261,2118,71,0,Investimentos Próprios,0.0,0.0,0.0,SECRETARIA DE ESTADO DE EDUCACAO,SEE,SEE,TRILHAS DE FUTURO - ESTUDANTES,EPT
2026,2,1261,2118,71,0,Investimentos Próprios,0.0,0.0,7420.0,SECRETARIA DE ESTADO DE EDUCACAO,SEE,SEE,TRILHAS DE FUTURO - ESTUDANTES,EPT
2026,2,1261,2118,10,0,Investimentos Próprios,16700.46,16700.46,16700.46,SECRETARIA DE ESTADO DE EDUCACAO,SEE,SEE,TRILHAS DE FUTURO - ESTUDANTES,EPT
2026,2,1261,2118,10,0,Investimentos Próprios,29042.94,29042.94,29042.94,SECRETARIA DE ESTADO DE EDUCACAO,SEE,SEE,TRILHAS DE FUTURO - ESTUDANTES,EPT
2026,2,1261,2118,71,0,Investimentos Próprios,0.0,0.0,0.0,SECRETARIA DE ESTADO DE EDUCACAO,SEE,SEE,TRILHAS DE FUTURO - ESTUDANTES,EPT
2026,2,1261,2118,10,0,Investimentos Próprios,0.0,0.0,0.0,SECRETARIA DE ESTADO DE EDUCACAO,SEE,SEE,TRILHAS DE FUTURO - ESTUDANTES,EPT
2026,2,1261,2118,10,0,Investimentos Próprios,0.0,0.0,0.0,SECRETARIA DE ESTADO DE EDUCACAO,SEE,SEE,TRILHAS DE FUTURO - ESTUDANTES,EPT
2026,2,1261,2118,10,0,Investimentos Próprios,0.0,0.0,0.0,SECRETARIA DE ESTADO DE EDUCACAO,SEE,SEE,TRILHAS DE FUTURO - ESTUDANTES,EPT
2026,2,1261,2118,71,0,Investimentos Próprios,0.0,0.0,21020.0,SECRETARIA DE ESTADO DE EDUCACAO,SEE,SEE,TRILHAS DE FUTURO - ESTUDANTES,EPT
2026,2,1261,2118,10,0,Investimentos Próprios,0.0,0.0,0.0,SECRETARIA DE ESTADO DE EDUCACAO,SEE,SEE,TRILHAS DE FUTURO - ESTUDANTES,EPT
2026,2,1261,2118,71,0,Investimentos Próprios,6440.0,6440.0,13540.0,SECRETARIA DE ESTADO DE EDUCACAO,SEE,SEE,TRILHAS DE FUTURO - ESTUDANTES,EPT
2026,2,1261,2118,10,0,Investimentos Próprios,8183.2,8183.2,8183.2,SECRETARIA DE ESTADO DE EDUCACAO,SEE,SEE,TRILHAS DE FUTURO - ESTUDANTES,EPT
2026,2,1261,2118,71,0,Investimentos Próprios,0.0,0.0,0.0,SECRETARIA DE ESTADO DE EDUCACAO,SEE,SEE,TRILHAS DE FUTURO - ESTUDANTES,EPT
2026,2,1261,2118,10,0,Investimentos Próprios,15800.4,15800.4,15800.4,SECRETARIA DE ESTADO DE EDUCACAO,SEE,SEE,TRILHAS DE FUTURO - ESTUDANTES,EPT
2026,2,2301,4162,10,0,Investimentos Próprios,100000.0,0.0,83539.74,DEPARTAMENTO DE ESTRADAS DE RODAGEM DO ESTADO DE MINAS GERAIS,DER-MG,DER-MG,SUPORTE A GESTAO DOS ATIVOS RODOVIARIOS,Transportes
2026,2,1261,2118,10,0,Investimentos Próprios,0.0,0.0,0.0,SECRETARIA DE ESTADO DE EDUCACAO,SEE,SEE,TRILHAS DE FUTURO - ESTUDANTES,EPT
2026,2,1261,2118,10,0,Investimentos Próprios,9573.35,9573.35,9573.35,SECRETARIA DE ESTADO DE EDUCACAO,SEE,SEE,TRILHAS DE FUTURO - ESTUDANTES,EPT
2026,2,1261,2118,71,0,Investimentos Próprios,0.0,0.0,0.0,SECRETARIA DE ESTADO DE EDUCACAO,SEE,SEE,TRILHAS DE FUTURO - ESTUDANTES,EPT
2026,2,1261,2118,71,0,Investimentos Próprios,1620.0,1620.0,1620.0,SECRETARIA DE ESTADO DE EDUCACAO,SEE,SEE,TRILHAS DE FUTURO - ESTUDANTES,EPT
2026,2,2301,4293,32,0,Investimentos Próprios,1576000.0,782054.04,7200657.4,DEPARTAMENTO DE ESTRADAS DE RODAGEM DO ESTADO DE MINAS GERAIS,DER-MG,DER-MG,CONSERVACAO ROTINEIRA DA MALHA VIARIA,Transportes
2026,2,1261,2118,10,0,Investimentos Próprios,23095.35,23095.35,23095.35,SECRETARIA DE ESTADO DE EDUCACAO,SEE,SEE,TRILHAS DE FUTURO - ESTUDANTES,EPT
2026,2,1261,2118,71,0,Investimentos Próprios,1760.0,1760.0,1760.0,SECRETARIA DE ESTADO DE EDUCACAO,SEE,SEE,TRILHAS DE FUTURO - ESTUDANTES,EPT
2026,2,1261,2118,71,0,Investimentos Próprios,4500.0,4500.0,4500.0,SECRETARIA DE ESTADO DE EDUCACAO,SEE,SEE,TRILHAS DE FUTURO - ESTUDANTES,EPT
2026,2,1261,2118,10,0,Investimentos Próprios,64369.43,64369.43,64369.43,SECRETARIA DE ESTADO DE EDUCACAO,SEE,SEE,TRILHAS DE FUTURO - ESTUDANTES,EPT
2026,2,1261,2118,10,0,Investimentos Próprios,0.0,0.0,0.0,SECRETARIA DE ESTADO DE EDUCACAO,SEE,SEE,TRILHAS DE FUTURO - ESTUDANTES,EPT
2026,2,1261,2118,10,0,Investimentos Próprios,46498.32,46498.32,46498.32,SECRETARIA DE ESTADO DE EDUCACAO,SEE,SEE,TRILHAS DE FUTURO - ESTUDANTES,EPT
2026,2,1261,2118,71,0,Investimentos Próprios,5560.0,5560.0,10700.0,SECRETARIA DE ESTADO DE EDUCACAO,SEE,SEE,TRILHAS DE FUTURO - ESTUDANTES,EPT
2026,2,1261,2118,10,0,Investimentos Próprios,0.0,0.0,0.0,SECRETARIA DE ESTADO DE EDUCACAO,SEE,SEE,TRILHAS DE FUTURO - ESTUDANTES,EPT
2026,2,1261,2118,71,0,Investimentos Próprios,2520.0,2520.0,7780.0,SECRETARIA DE ESTADO DE EDUCACAO,SEE,SEE,TRILHAS DE FUTURO - ESTUDANTES,EPT
2026,2,1261,2118,10,0,Investimentos Próprios,13253.52,13253.52,19645.73,SECRETARIA DE ESTADO DE EDUCACAO,SEE,SEE,TRILHAS DE FUTURO - ESTUDANTES,EPT
2026,2,1261,2118,71,0,Investimentos Próprios,2560.0,2560.0,7500.0,SECRETARIA DE ESTADO DE EDUCACAO,SEE,SEE,TRILHAS DE FUTURO - ESTUDANTES,EPT
2026,2,1261,2118,71,0,Investimentos Próprios,1220.0,1220.0,2560.0,SECRETARIA DE ESTADO DE EDUCACAO,SEE,SEE,TRILHAS DE FUTURO - ESTUDANTES,EPT
2026,2,1261,2118,71,0,Investimentos Próprios,0.0,0.0,0.0,SECRETARIA DE ESTADO DE EDUCACAO,SEE,SEE,TRILHAS DE FUTURO - ESTUDANTES,EPT
2026,2,1261,2118,10,0,Investimentos Próprios,0.0,0.0,0.0,SECRETARIA DE ESTADO DE EDUCACAO,SEE,SEE,TRILHAS DE FUTURO - ESTUDANTES,EPT
2026,2,2301,4293,32,0,Investimentos Próprios,810160.0,847520.22,0.0,DEPARTAMENTO DE ESTRADAS DE RODAGEM DO ESTADO DE MINAS GERAIS,DER-MG,DER-MG,CONSERVACAO ROTINEIRA DA MALHA VIARIA,Transportes
2026,2,2301,4293,32,0,Investimentos Próprios,5029.0,5711.6,0.0,DEPARTAMENTO DE ESTRADAS DE RODAGEM DO ESTADO DE MINAS GERAIS,DER-MG,DER-MG,CONSERVACAO ROTINEIRA DA MALHA VIARIA,Transportes
2026,2,2301,4293,32,0,Investimentos Próprios,4750.0,3969.82,0.0,DEPARTAMENTO DE ESTRADAS DE RODAGEM DO ESTADO DE MINAS GERAIS,DER-MG,DER-MG,CONSERVACAO ROTINEIRA DA MALHA VIARIA,Transportes
2026,2,2301,4275,10,0,Investimentos Próprios,55471.33,55471.33,55471.33,DEPARTAMENTO DE ESTRADAS DE RODAGEM DO ESTADO DE MINAS GERAIS,DER-MG,DER-MG,IMPLANTACAO/PAVIMENTACAO DA MALHA,Transportes
2026,2,1261,2118,71,0,Investimentos Próprios,0.0,0.0,0.0,SECRETARIA DE ESTADO DE EDUCACAO,SEE,SEE,TRILHAS DE FUTURO - ESTUDANTES,EPT
2026,2,1261,2118,71,0,Investimentos Próprios,0.0,0.0,0.0,SECRETARIA DE ESTADO DE EDUCACAO,SEE,SEE,TRILHAS DE FUTURO - ESTUDANTES,EPT
2026,2,1261,2118,10,0,Investimentos Próprios,36799.36,36799.36,55823.36,SECRETARIA DE ESTADO DE EDUCACAO,SEE,SEE,TRILHAS DE FUTURO - ESTUDANTES,EPT
2026,2,1261,2118,10,0,Investimentos Próprios,46936.56,46936.56,87646.84,SECRETARIA DE ESTADO DE EDUCACAO,SEE,SEE,TRILHAS DE FUTURO - ESTUDANTES,EPT
2026,2,1261,2118,10,0,Investimentos Próprios,35796.28,35796.28,35796.28,SECRETARIA DE ESTADO DE EDUCACAO,SEE,SEE,TRILHAS DE FUTURO - ESTUDANTES,EPT
2026,2,2301,4385,10,0,Investimentos Próprios,2600000.0,0.0,1562229.58,DEPARTAMENTO DE ESTRADAS DE RODAGEM DO ESTADO DE MINAS GERAIS,DER-MG,DER-MG,REABILITACAO DA MALHA VIARIA,Transportes
2026,2,1261,2118,71,0,Investimentos Próprios,0.0,0.0,0.0,SECRETARIA DE ESTADO DE EDUCACAO,SEE,SEE,TRILHAS DE FUTURO - ESTUDANTES,EPT
2026,2,1261,2118,10,0,Investimentos Próprios,77535.24,77535.24,77535.24,SECRETARIA DE ESTADO DE EDUCACAO,SEE,SEE,TRILHAS DE FUTURO - ESTUDANTES,EPT
2026,2,1261,2118,10,0,Investimentos Próprios,12003.47,12003.47,12003.47,SECRETARIA DE ESTADO DE EDUCACAO,SEE,SEE,TRILHAS DE FUTURO - ESTUDANTES,EPT
2026,2,2301,4385,10,0,Investimentos Próprios,267351.6,0.0,65233.79,DEPARTAMENTO DE ESTRADAS DE RODAGEM DO ESTADO DE MINAS GERAIS,DER-MG,DER-MG,REABILITACAO DA MALHA VIARIA,Transportes
2026,2,1261,2118,71,0,Investimentos Próprios,0.0,0.0,31720.0,SECRETARIA DE ESTADO DE EDUCACAO,SEE,SEE,TRILHAS DE FUTURO - ESTUDANTES,EPT
2026,2,1261,2118,10,0,Investimentos Próprios,0.0,0.0,0.0,SECRETARIA DE ESTADO DE EDUCACAO,SEE,SEE,TRILHAS DE FUTURO - ESTUDANTES,EPT
2026,2,1261,2118,10,0,Investimentos Próprios,0.0,0.0,0.0,SECRETARIA DE ESTADO DE EDUCACAO,SEE,SEE,TRILHAS DE FUTURO - ESTUDANTES,EPT
2026,2,2301,4293,32,0,Investimentos Próprios,504000.0,503413.94,0.0,DEPARTAMENTO DE ESTRADAS DE RODAGEM DO ESTADO DE MINAS GERAIS,DER-MG,DER-MG,CONSERVACAO ROTINEIRA DA MALHA VIARIA,Transportes
2026,2,1261,2118,10,0,Investimentos Próprios,0.0,0.0,0.0,SECRETARIA DE ESTADO DE EDUCACAO,SEE,SEE,TRILHAS DE FUTURO - ESTUDANTES,EPT
2026,2,1261,2118,10,0,Investimentos Próprios,33935.09,33935.09,33935.09,SECRETARIA DE ESTADO DE EDUCACAO,SEE,SEE,TRILHAS DE FUTURO - ESTUDANTES,EPT
2026,2,2301,4268,33,0,Investimentos Próprios,851604.53,0.0,104084.14,DEPARTAMENTO DE ESTRADAS DE RODAGEM DO ESTADO DE MINAS GERAIS,DER-MG,DER-MG,AMPLIACAO DE CAPACIDADE DA MALHA E RESTAURACAO DO PAVIMENTO,Transportes
2026,2,1261,2118,71,0,Investimentos Próprios,0.0,0.0,0.0,SECRETARIA DE ESTADO DE EDUCACAO,SEE,SEE,TRILHAS DE FUTURO - ESTUDANTES,EPT
2026,2,1261,2118,10,0,Investimentos Próprios,16571.42,16571.42,16571.42,SECRETARIA DE ESTADO DE EDUCACAO,SEE,SEE,TRILHAS DE FUTURO - ESTUDANTES,EPT
2026,2,1261,2118,10,0,Investimentos Próprios,0.0,0.0,0.0,SECRETARIA DE ESTADO DE EDUCACAO,SEE,SEE,TRILHAS DE FUTURO - ESTUDANTES,EPT
2026,2,1261,2118,10,0,Investimentos Próprios,0.0,0.0,0.0,SECRETARIA DE ESTADO DE EDUCACAO,SEE,SEE,TRILHAS DE FUTURO - ESTUDANTES,EPT
2026,2,2301,4385,10,0,Investimentos Próprios,949955.95,0.0,0.0,DEPARTAMENTO DE ESTRADAS DE RODAGEM DO ESTADO DE MINAS GERAIS,DER-MG,DER-MG,REABILITACAO DA MALHA VIARIA,Transportes
2026,2,1301,1036,10,0,Investimentos Próprios,82765.08,0.0,66967.5,"SECRETARIA DE ESTADO DE INFRAESTRUTURA, MOBILIDADE E PARCERIAS",SEINFRA,SEINFRA,CONTENCAO DE ENCOSTAS EM AREAS DE RISCO - PAC ENCOSTAS,Saneamento
2026,2,1261,2118,71,0,Investimentos Próprios,4920.0,4920.0,4920.0,SECRETARIA DE ESTADO DE EDUCACAO,SEE,SEE,TRILHAS DE FUTURO - ESTUDANTES,EPT
2026,2,2301,4275,10,0,Investimentos Próprios,280000.0,0.0,646707.34,DEPARTAMENTO DE ESTRADAS DE RODAGEM DO ESTADO DE MINAS GERAIS,DER-MG,DER-MG,IMPLANTACAO/PAVIMENTACAO DA MALHA,Transportes
2026,2,1261,2118,71,0,Investimentos Próprios,10.0,0.0,0.0,SECRETARIA DE ESTADO DE EDUCACAO,SEE,SEE,TRILHAS DE FUTURO - ESTUDANTES,EPT
2026,2,1261,2118,71,0,Investimentos Próprios,0.0,0.0,5620.0,SECRETARIA DE ESTADO DE EDUCACAO,SEE,SEE,TRILHAS DE FUTURO - ESTUDANTES,EPT
2026,2,1261,2118,71,0,Investimentos Próprios,0.0,0.0,0.0,SECRETARIA DE ESTADO DE EDUCACAO,SEE,SEE,TRILHAS DE FUTURO - ESTUDANTES,EPT
2026,2,1261,2118,71,0,Investimentos Próprios,0.0,0.0,0.0,SECRETARIA DE ESTADO DE EDUCACAO,SEE,SEE,TRILHAS DE FUTURO - ESTUDANTES,EPT
2026,2,1261,2118,10,0,Investimentos Próprios,12274.8,12274.8,12274.8,SECRETARIA DE ESTADO DE EDUCACAO,SEE,SEE,TRILHAS DE FUTURO - ESTUDANTES,EPT
2026,2,2301,4162,10,0,Investimentos Próprios,0.0,53437.39,0.0,DEPARTAMENTO DE ESTRADAS DE RODAGEM DO ESTADO DE MINAS GERAIS,DER-MG,DER-MG,SUPORTE A GESTAO DOS ATIVOS RODOVIARIOS,Transportes
2026,2,1261,2118,71,0,Investimentos Próprios,2440.0,2440.0,11680.0,SECRETARIA DE ESTADO DE EDUCACAO,SEE,SEE,TRILHAS DE FUTURO - ESTUDANTES,EPT
2026,2,1261,2118,71,0,Investimentos Próprios,420.0,420.0,7280.0,SECRETARIA DE ESTADO DE EDUCACAO,SEE,SEE,TRILHAS DE FUTURO - ESTUDANTES,EPT
2026,2,1261,2118,10,0,Investimentos Próprios,0.0,0.0,0.0,SECRETARIA DE ESTADO DE EDUCACAO,SEE,SEE,TRILHAS DE FUTURO - ESTUDANTES,EPT
2026,2,1261,2118,10,0,Investimentos Próprios,50618.75,50618.75,50618.75,SECRETARIA DE ESTADO DE EDUCACAO,SEE,SEE,TRILHAS DE FUTURO - ESTUDANTES,EPT
2026,2,1261,2118,10,0,Investimentos Próprios,0.0,0.0,0.0,SECRETARIA DE ESTADO DE EDUCACAO,SEE,SEE,TRILHAS DE FUTURO - ESTUDANTES,EPT
2026,2,1261,2118,71,0,Investimentos Próprios,2180.0,2180.0,6040.0,SECRETARIA DE ESTADO DE EDUCACAO,SEE,SEE,TRILHAS DE FUTURO - ESTUDANTES,EPT
2026,2,1261,2118,71,0,Investimentos Próprios,0.0,0.0,0.0,SECRETARIA DE ESTADO DE EDUCACAO,SEE,SEE,TRILHAS DE FUTURO - ESTUDANTES,EPT
2026,2,1261,2118,71,0,Investimentos Próprios,0.0,0.0,7500.0,SECRETARIA DE ESTADO DE EDUCACAO,SEE,SEE,TRILHAS DE FUTURO - ESTUDANTES,EPT
2026,2,1261,2118,10,0,Investimentos Próprios,0.0,0.0,0.0,SECRETARIA DE ESTADO DE EDUCACAO,SEE,SEE,TRILHAS DE FUTURO - ESTUDANTES,EPT
2026,2,1261,2118,10,0,Investimentos Próprios,0.0,0.0,0.0,SECRETARIA DE ESTADO DE EDUCACAO,SEE,SEE,TRILHAS DE FUTURO - ESTUDANTES,EPT
2026,2,2301,4280,10,0,Investimentos Próprios,2666666.67,556475.53,2666666.67,DEPARTAMENTO DE ESTRADAS DE RODAGEM DO ESTADO DE MINAS GERAIS,DER-MG,DER-MG,MITIGACAO DE DANOS PONTUAIS NAS RODOVIAS,Transportes
2026,2,2301,4284,10,0,Investimentos Próprios,53321.39,18229.01,71790.99,DEPARTAMENTO DE ESTRADAS DE RODAGEM DO ESTADO DE MINAS GERAIS,DER-MG,DER-MG,PREVENCAO E MITIGACAO DE DANOS AMBIENTAIS,Transportes
2026,2,1261,2118,71,0,Investimentos Próprios,0.0,0.0,0.0,SECRETARIA DE ESTADO DE EDUCACAO,SEE,SEE,TRILHAS DE FUTURO - ESTUDANTES,EPT
2026,2,2301,4293,32,0,Investimentos Próprios,165000.0,0.0,0.0,DEPARTAMENTO DE ESTRADAS DE RODAGEM DO ESTADO DE MINAS GERAIS,DER-MG,DER-MG,CONSERVACAO ROTINEIRA DA MALHA VIARIA,Transportes
2026,2,2301,4275,10,0,Investimentos Próprios,74848.81,74848.81,74848.81,DEPARTAMENTO DE ESTRADAS DE RODAGEM DO ESTADO DE MINAS GERAIS,DER-MG,DER-MG,IMPLANTACAO/PAVIMENTACAO DA MALHA,Transportes
2026,2,1261,2118,10,0,Investimentos Próprios,0.0,0.0,0.0,SECRETARIA DE ESTADO DE EDUCACAO,SEE,SEE,TRILHAS DE FUTURO - ESTUDANTES,EPT
2026,2,1261,2118,71,0,Investimentos Próprios,0.0,0.0,0.0,SECRETARIA DE ESTADO DE EDUCACAO,SEE,SEE,TRILHAS DE FUTURO - ESTUDANTES,EPT
2026,2,1261,2118,71,0,Investimentos Próprios,0.0,0.0,0.0,SECRETARIA DE ESTADO DE EDUCACAO,SEE,SEE,TRILHAS DE FUTURO - ESTUDANTES,EPT
2026,2,1261,2118,71,0,Investimentos Próprios,0.0,0.0,0.0,SECRETARIA DE ESTADO DE EDUCACAO,SEE,SEE,TRILHAS DE FUTURO - ESTUDANTES,EPT
2026,2,1261,2118,71,0,Investimentos Próprios,0.0,0.0,0.0,SECRETARIA DE ESTADO DE EDUCACAO,SEE,SEE,TRILHAS DE FUTURO - ESTUDANTES,EPT
2026,2,1261,2118,71,0,Investimentos Próprios,0.0,0.0,0.0,SECRETARIA DE ESTADO DE EDUCACAO,SEE,SEE,TRILHAS DE FUTURO - ESTUDANTES,EPT
2026,2,1261,2118,10,0,Investimentos Próprios,17389.3,17389.3,17389.3,SECRETARIA DE ESTADO DE EDUCACAO,SEE,SEE,TRILHAS DE FUTURO - ESTUDANTES,EPT
2026,2,2301,4268,10,0,Investimentos Próprios,1293421.2,0.0,0.0,DEPARTAMENTO DE ESTRADAS DE RODAGEM DO ESTADO DE MINAS GERAIS,DER-MG,DER-MG,AMPLIACAO DE CAPACIDADE DA MALHA E RESTAURACAO DO PAVIMENTO,Transportes
2026,2,2301,4268,33,0,Investimentos Próprios,133675.8,0.0,0.0,DEPARTAMENTO DE ESTRADAS DE RODAGEM DO ESTADO DE MINAS GERAIS,DER-MG,DER-MG,AMPLIACAO DE CAPACIDADE DA MALHA E RESTAURACAO DO PAVIMENTO,Transportes
2026,2,2301,4268,33,0,Investimentos Próprios,200000.0,0.0,6835.81,DEPARTAMENTO DE ESTRADAS DE RODAGEM DO ESTADO DE MINAS GERAIS,DER-MG,DER-MG,AMPLIACAO DE CAPACIDADE DA MALHA E RESTAURACAO DO PAVIMENTO,Transportes
2026,2,1261,2118,71,0,Investimentos Próprios,0.0,0.0,0.0,SECRETARIA DE ESTADO DE EDUCACAO,SEE,SEE,TRILHAS DE FUTURO - ESTUDANTES,EPT
2026,2,1261,2118,71,0,Investimentos Próprios,4180.0,4180.0,4180.0,SECRETARIA DE ESTADO DE EDUCACAO,SEE,SEE,TRILHAS DE FUTURO - ESTUDANTES,EPT
2026,2,1261,2118,71,0,Investimentos Próprios,7220.0,7220.0,7220.0,SECRETARIA DE ESTADO DE EDUCACAO,SEE,SEE,TRILHAS DE FUTURO - ESTUDANTES,EPT
2026,2,2301,4293,32,0,Investimentos Próprios,544500.0,0.0,0.0,DEPARTAMENTO DE ESTRADAS DE RODAGEM DO ESTADO DE MINAS GERAIS,DER-MG,DER-MG,CONSERVACAO ROTINEIRA DA MALHA VIARIA,Transportes
2026,2,1261,2118,10,0,Investimentos Próprios,0.0,0.0,0.0,SECRETARIA DE ESTADO DE EDUCACAO,SEE,SEE,TRILHAS DE FUTURO - ESTUDANTES,EPT
2026,2,2301,4385,10,0,Investimentos Próprios,50000.0,0.0,0.0,DEPARTAMENTO DE ESTRADAS DE RODAGEM DO ESTADO DE MINAS GERAIS,DER-MG,DER-MG,REABILITACAO DA MALHA VIARIA,Transportes
2026,2,1261,2118,71,0,Investimentos Próprios,3680.0,3680.0,3680.0,SECRETARIA DE ESTADO DE EDUCACAO,SEE,SEE,TRILHAS DE FUTURO - ESTUDANTES,EPT
2026,2,1261,2118,71,0,Investimentos Próprios,8560.0,8560.0,8560.0,SECRETARIA DE ESTADO DE EDUCACAO,SEE,SEE,TRILHAS DE FUTURO - ESTUDANTES,EPT
2026,2,1261,2118,10,0,Investimentos Próprios,0.0,0.0,0.0,SECRETARIA DE ESTADO DE EDUCACAO,SEE,SEE,TRILHAS DE FUTURO - ESTUDANTES,EPT
2026,2,1261,2118,10,0,Investimentos Próprios,16366.4,16366.4,16366.4,SECRETARIA DE ESTADO DE EDUCACAO,SEE,SEE,TRILHAS DE FUTURO - ESTUDANTES,EPT
2026,2,1261,2118,10,0,Investimentos Próprios,0.0,0.0,0.0,SECRETARIA DE ESTADO DE EDUCACAO,SEE,SEE,TRILHAS DE FUTURO - ESTUDANTES,EPT
2026,2,1261,2118,10,0,Investimentos Próprios,32604.6,32604.6,32604.6,SECRETARIA DE ESTADO DE EDUCACAO,SEE,SEE,TRILHAS DE FUTURO - ESTUDANTES,EPT
2026,2,1261,2118,10,0,Investimentos Próprios,0.0,0.0,0.0,SECRETARIA DE ESTADO DE EDUCACAO,SEE,SEE,TRILHAS DE FUTURO - ESTUDANTES,EPT
2026,2,1261,2118,10,0,Investimentos Próprios,26512.43,26512.43,26512.43,SECRETARIA DE ESTADO DE EDUCACAO,SEE,SEE,TRILHAS DE FUTURO - ESTUDANTES,EPT
2026,2,1261,2118,10,0,Investimentos Próprios,37840.92,37840.92,37840.92,SECRETARIA DE ESTADO DE EDUCACAO,SEE,SEE,TRILHAS DE FUTURO - ESTUDANTES,EPT
2026,2,1261,2118,10,0,Investimentos Próprios,2369.1,2369.1,2369.1,SECRETARIA DE ESTADO DE EDUCACAO,SEE,SEE,TRILHAS DE FUTURO - ESTUDANTES,EPT
2026,2,1261,2118,10,0,Investimentos Próprios,11936.5,11936.5,11936.5,SECRETARIA DE ESTADO DE EDUCACAO,SEE,SEE,TRILHAS DE FUTURO - ESTUDANTES,EPT
2026,2,1261,2118,71,0,Investimentos Próprios,11440.0,11440.0,11440.0,SECRETARIA DE ESTADO DE EDUCACAO,SEE,SEE,TRILHAS DE FUTURO - ESTUDANTES,EPT
2026,2,1261,2118,10,0,Investimentos Próprios,13267.52,13267.52,13267.52,SECRETARIA DE ESTADO DE EDUCACAO,SEE,SEE,TRILHAS DE FUTURO - ESTUDANTES,EPT
2026,2,2301,4293,32,0,Investimentos Próprios,464971.0,528082.94,0.0,DEPARTAMENTO DE ESTRADAS DE RODAGEM DO ESTADO DE MINAS GERAIS,DER-MG,DER-MG,CONSERVACAO ROTINEIRA DA MALHA VIARIA,Transportes
2026,2,1261,2118,10,0,Investimentos Próprios,0.0,0.0,0.0,SECRETARIA DE ESTADO DE EDUCACAO,SEE,SEE,TRILHAS DE FUTURO - ESTUDANTES,EPT
2026,2,1261,2118,71,0,Investimentos Próprios,0.0,0.0,0.0,SECRETARIA DE ESTADO DE EDUCACAO,SEE,SEE,TRILHAS DE FUTURO - ESTUDANTES,EPT
2026,2,1301,1041,32,0,Investimentos Próprios,864702.22,864702.22,864702.22,"SECRETARIA DE ESTADO DE INFRAESTRUTURA, MOBILIDADE E PARCERIAS",SEINFRA,SEINFRA,REQUALIFICACAO URBANA E AMBIENTAL E DE CONTROLE DE CHEIAS DO CORREGO RIACHO DAS PEDRAS - PAC RIACHO,Saneamento
2026,2,1261,2118,71,0,Investimentos Próprios,0.0,0.0,0.0,SECRETARIA DE ESTADO DE EDUCACAO,SEE,SEE,TRILHAS DE FUTURO - ESTUDANTES,EPT
2026,2,1261,2118,71,0,Investimentos Próprios,0.0,0.0,0.0,SECRETARIA DE ESTADO DE EDUCACAO,SEE,SEE,TRILHAS DE FUTURO - ESTUDANTES,EPT
2026,2,1261,2118,10,0,Investimentos Próprios,0.0,0.0,0.0,SECRETARIA DE ESTADO DE EDUCACAO,SEE,SEE,TRILHAS DE FUTURO - ESTUDANTES,EPT
2026,2,1261,2118,71,0,Investimentos Próprios,0.0,0.0,0.0,SECRETARIA DE ESTADO DE EDUCACAO,SEE,SEE,TRILHAS DE FUTURO - ESTUDANTES,EPT
2026,2,1261,2118,71,0,Investimentos Próprios,2060.0,2060.0,2060.0,SECRETARIA DE ESTADO DE EDUCACAO,SEE,SEE,TRILHAS DE FUTURO - ESTUDANTES,EPT
2026,2,1261,2118,10,0,Investimentos Próprios,15523.9,15523.9,15523.9,SECRETARIA DE ESTADO DE EDUCACAO,SEE,SEE,TRILHAS DE FUTURO - ESTUDANTES,EPT
2026,2,1261,2118,71,0,Investimentos Próprios,0.0,0.0,0.0,SECRETARIA DE ESTADO DE EDUCACAO,SEE,SEE,TRILHAS DE FUTURO - ESTUDANTES,EPT
2026,2,1261,2118,10,0,Investimentos Próprios,0.0,0.0,0.0,SECRETARIA DE ESTADO DE EDUCACAO,SEE,SEE,TRILHAS DE FUTURO - ESTUDANTES,EPT
2026,2,1261,2118,71,0,Investimentos Próprios,0.0,0.0,0.0,SECRETARIA DE ESTADO DE EDUCACAO,SEE,SEE,TRILHAS DE FUTURO - ESTUDANTES,EPT
2026,2,1261,2118,10,0,Investimentos Próprios,0.0,0.0,0.0,SECRETARIA DE ESTADO DE EDUCACAO,SEE,SEE,TRILHAS DE FUTURO - ESTUDANTES,EPT
2026,2,1261,2118,10,0,Investimentos Próprios,0.0,0.0,0.0,SECRETARIA DE ESTADO DE EDUCACAO,SEE,SEE,TRILHAS DE FUTURO - ESTUDANTES,EPT
2026,2,2301,4162,10,0,Investimentos Próprios,50000.0,5679.73,61235.27,DEPARTAMENTO DE ESTRADAS DE RODAGEM DO ESTADO DE MINAS GERAIS,DER-MG,DER-MG,SUPORTE A GESTAO DOS ATIVOS RODOVIARIOS,Transportes
2026,2,1261,2118,10,0,Investimentos Próprios,0.0,0.0,0.0,SECRETARIA DE ESTADO DE EDUCACAO,SEE,SEE,TRILHAS DE FUTURO - ESTUDANTES,EPT
2026,2,1261,2118,10,0,Investimentos Próprios,0.0,0.0,15274.01,SECRETARIA DE ESTADO DE EDUCACAO,SEE,SEE,TRILHAS DE FUTURO - ESTUDANTES,EPT
2026,2,1261,2118,10,0,Investimentos Próprios,0.0,0.0,16568.82,SECRETARIA DE ESTADO DE EDUCACAO,SEE,SEE,TRILHAS DE FUTURO - ESTUDANTES,EPT
2026,2,2301,4293,32,0,Investimentos Próprios,601300.0,551278.13,0.0,DEPARTAMENTO DE ESTRADAS DE RODAGEM DO ESTADO DE MINAS GERAIS,DER-MG,DER-MG,CONSERVACAO ROTINEIRA DA MALHA VIARIA,Transportes
2026,2,1261,2118,10,0,Investimentos Próprios,3918.48,3918.48,3918.48,SECRETARIA DE ESTADO DE EDUCACAO,SEE,SEE,TRILHAS DE FUTURO - ESTUDANTES,EPT
2026,2,1261,2118,71,0,Investimentos Próprios,2900.0,2900.0,2900.0,SECRETARIA DE ESTADO DE EDUCACAO,SEE,SEE,TRILHAS DE FUTURO - ESTUDANTES,EPT
2026,2,2301,4293,32,0,Investimentos Próprios,840000.0,727698.59,0.0,DEPARTAMENTO DE ESTRADAS DE RODAGEM DO ESTADO DE MINAS GERAIS,DER-MG,DER-MG,CONSERVACAO ROTINEIRA DA MALHA VIARIA,Transportes
2026,2,2301,4293,32,0,Investimentos Próprios,180000.0,253539.01,0.0,DEPARTAMENTO DE ESTRADAS DE RODAGEM DO ESTADO DE MINAS GERAIS,DER-MG,DER-MG,CONSERVACAO ROTINEIRA DA MALHA VIARIA,Transportes
2026,2,2301,4284,10,0,Investimentos Próprios,53321.38,18229.01,71790.98,DEPARTAMENTO DE ESTRADAS DE RODAGEM DO ESTADO DE MINAS GERAIS,DER-MG,DER-MG,PREVENCAO E MITIGACAO DE DANOS AMBIENTAIS,Transportes
2026,2,1261,2118,10,0,Investimentos Próprios,0.0,0.0,0.0,SECRETARIA DE ESTADO DE EDUCACAO,SEE,SEE,TRILHAS DE FUTURO - ESTUDANTES,EPT
2026,2,2301,4293,32,0,Investimentos Próprios,0.0,690830.26,0.0,DEPARTAMENTO DE ESTRADAS DE RODAGEM DO ESTADO DE MINAS GERAIS,DER-MG,DER-MG,CONSERVACAO ROTINEIRA DA MALHA VIARIA,Transportes
2026,2,1261,2118,71,0,Investimentos Próprios,10.0,0.0,0.0,SECRETARIA DE ESTADO DE EDUCACAO,SEE,SEE,TRILHAS DE FUTURO - ESTUDANTES,EPT
2026,2,1261,2118,71,0,Investimentos Próprios,0.0,0.0,0.0,SECRETARIA DE ESTADO DE EDUCACAO,SEE,SEE,TRILHAS DE FUTURO - ESTUDANTES,EPT
2026,2,1261,2118,10,0,Investimentos Próprios,0.0,0.0,0.0,SECRETARIA DE ESTADO DE EDUCACAO,SEE,SEE,TRILHAS DE FUTURO - ESTUDANTES,EPT
2026,2,1261,2118,71,0,Investimentos Próprios,460.0,460.0,460.0,SECRETARIA DE ESTADO DE EDUCACAO,SEE,SEE,TRILHAS DE FUTURO - ESTUDANTES,EPT
2026,2,1261,2118,10,0,Investimentos Próprios,10524.57,0.0,10547.6,SECRETARIA DE ESTADO DE EDUCACAO,SEE,SEE,TRILHAS DE FUTURO - ESTUDANTES,EPT
2026,2,1261,2118,71,0,Investimentos Próprios,0.0,0.0,0.0,SECRETARIA DE ESTADO DE EDUCACAO,SEE,SEE,TRILHAS DE FUTURO - ESTUDANTES,EPT
2026,2,1261,2118,71,0,Investimentos Próprios,92740.0,92740.0,92740.0,SECRETARIA DE ESTADO DE EDUCACAO,SEE,SEE,TRILHAS DE FUTURO - ESTUDANTES,EPT
2026,2,1261,2118,10,0,Investimentos Próprios,77397.22,77397.22,111908.68,SECRETARIA DE ESTADO DE EDUCACAO,SEE,SEE,TRILHAS DE FUTURO - ESTUDANTES,EPT
2026,2,1261,2118,71,0,Investimentos Próprios,1800.0,1800.0,1800.0,SECRETARIA DE ESTADO DE EDUCACAO,SEE,SEE,TRILHAS DE FUTURO - ESTUDANTES,EPT
2026,2,1261,2118,71,0,Investimentos Próprios,240.0,240.0,240.0,SECRETARIA DE ESTADO DE EDUCACAO,SEE,SEE,TRILHAS DE FUTURO - ESTUDANTES,EPT
2026,2,1261,2118,71,0,Investimentos Próprios,0.0,0.0,10180.0,SECRETARIA DE ESTADO DE EDUCACAO,SEE,SEE,TRILHAS DE FUTURO - ESTUDANTES,EPT
2026,2,1261,2118,71,0,Investimentos Próprios,0.0,0.0,0.0,SECRETARIA DE ESTADO DE EDUCACAO,SEE,SEE,TRILHAS DE FUTURO - ESTUDANTES,EPT
2026,2,1261,2118,71,0,Investimentos Próprios,9760.0,9760.0,19080.0,SECRETARIA DE ESTADO DE EDUCACAO,SEE,SEE,TRILHAS DE FUTURO - ESTUDANTES,EPT
2026,2,1261,2118,10,0,Investimentos Próprios,0.0,0.0,0.0,SECRETARIA DE ESTADO DE EDUCACAO,SEE,SEE,TRILHAS DE FUTURO - ESTUDANTES,EPT
2026,2,1261,2118,10,0,Investimentos Próprios,0.0,0.0,0.0,SECRETARIA DE ESTADO DE EDUCACAO,SEE,SEE,TRILHAS DE FUTURO - ESTUDANTES,EPT
2026,2,1261,2118,71,0,Investimentos Próprios,0.0,0.0,16840.0,SECRETARIA DE ESTADO DE EDUCACAO,SEE,SEE,TRILHAS DE FUTURO - ESTUDANTES,EPT
2026,2,1261,2118,10,0,Investimentos Próprios,0.0,0.0,0.0,SECRETARIA DE ESTADO DE EDUCACAO,SEE,SEE,TRILHAS DE FUTURO - ESTUDANTES,EPT
2026,2,2301,4293,32,0,Investimentos Próprios,0.0,505479.59,0.0,DEPARTAMENTO DE ESTRADAS DE RODAGEM DO ESTADO DE MINAS GERAIS,DER-MG,DER-MG,CONSERVACAO ROTINEIRA DA MALHA VIARIA,Transportes
2026,2,2301,4268,33,0,Investimentos Próprios,62614.4,0.0,6924.76,DEPARTAMENTO DE ESTRADAS DE RODAGEM DO ESTADO DE MINAS GERAIS,DER-MG,DER-MG,AMPLIACAO DE CAPACIDADE DA MALHA E RESTAURACAO DO PAVIMENTO,Transportes
2026,2,1261,2118,10,0,Investimentos Próprios,4000.0,4000.0,4000.0,SECRETARIA DE ESTADO DE EDUCACAO,SEE,SEE,TRILHAS DE FUTURO - ESTUDANTES,EPT
2026,2,2301,4293,32,0,Investimentos Próprios,4275.0,10520.26,0.0,DEPARTAMENTO DE ESTRADAS DE RODAGEM DO ESTADO DE MINAS GERAIS,DER-MG,DER-MG,CONSERVACAO ROTINEIRA DA MALHA VIARIA,Transportes
2026,2,2301,4284,10,0,Investimentos Próprios,120239.2,17560.05,157459.75,DEPARTAMENTO DE ESTRADAS DE RODAGEM DO ESTADO DE MINAS GERAIS,DER-MG,DER-MG,PREVENCAO E MITIGACAO DE DANOS AMBIENTAIS,Transportes
2026,2,2301,4162,10,0,Investimentos Próprios,2332848.37,0.0,1464939.96,DEPARTAMENTO DE ESTRADAS DE RODAGEM DO ESTADO DE MINAS GERAIS,DER-MG,DER-MG,SUPORTE A GESTAO DOS ATIVOS RODOVIARIOS,Transportes
2026,2,2301,4293,32,0,Investimentos Próprios,0.0,27980.89,0.0,DEPARTAMENTO DE ESTRADAS DE RODAGEM DO ESTADO DE MINAS GERAIS,DER-MG,DER-MG,CONSERVACAO ROTINEIRA DA MALHA VIARIA,Transportes
2026,2,1261,2118,10,0,Investimentos Próprios,0.0,0.0,0.0,SECRETARIA DE ESTADO DE EDUCACAO,SEE,SEE,TRILHAS DE FUTURO - ESTUDANTES,EPT
2026,2,1261,2118,71,0,Investimentos Próprios,0.0,0.0,9780.0,SECRETARIA DE ESTADO DE EDUCACAO,SEE,SEE,TRILHAS DE FUTURO - ESTUDANTES,EPT
2026,2,1261,2118,71,0,Investimentos Próprios,0.0,0.0,0.0,SECRETARIA DE ESTADO DE EDUCACAO,SEE,SEE,TRILHAS DE FUTURO - ESTUDANTES,EPT
2026,2,1261,2118,10,0,Investimentos Próprios,0.0,0.0,0.0,SECRETARIA DE ESTADO DE EDUCACAO,SEE,SEE,TRILHAS DE FUTURO - ESTUDANTES,EPT
2026,2,2301,4272,10,0,Investimentos Próprios,500000.0,60359.95,367210.58,DEPARTAMENTO DE ESTRADAS DE RODAGEM DO ESTADO DE MINAS GERAIS,DER-MG,DER-MG,IMPLANTACAO E RESTAURACAO DE OBRAS DE ARTES ESPECIAIS,Transportes
2026,2,1261,2118,71,0,Investimentos Próprios,5220.0,5220.0,5220.0,SECRETARIA DE ESTADO DE EDUCACAO,SEE,SEE,TRILHAS DE FUTURO - ESTUDANTES,EPT
2026,2,2301,4385,10,0,Investimentos Próprios,2000000.0,0.0,3498226.83,DEPARTAMENTO DE ESTRADAS DE RODAGEM DO ESTADO DE MINAS GERAIS,DER-MG,DER-MG,REABILITACAO DA MALHA VIARIA,Transportes
2026,2,1261,2118,71,0,Investimentos Próprios,0.0,0.0,6060.0,SECRETARIA DE ESTADO DE EDUCACAO,SEE,SEE,TRILHAS DE FUTURO - ESTUDANTES,EPT
2026,2,1261,2118,71,0,Investimentos Próprios,0.0,0.0,7960.0,SECRETARIA DE ESTADO DE EDUCACAO,SEE,SEE,TRILHAS DE FUTURO - ESTUDANTES,EPT
2026,2,1261,2118,10,0,Investimentos Próprios,0.0,0.0,0.0,SECRETARIA DE ESTADO DE EDUCACAO,SEE,SEE,TRILHAS DE FUTURO - ESTUDANTES,EPT
2026,2,1261,2118,71,0,Investimentos Próprios,2340.0,2340.0,2340.0,SECRETARIA DE ESTADO DE EDUCACAO,SEE,SEE,TRILHAS DE FUTURO - ESTUDANTES,EPT
2026,2,1261,2118,10,0,Investimentos Próprios,36208.2,36208.2,70267.2,SECRETARIA DE ESTADO DE EDUCACAO,SEE,SEE,TRILHAS DE FUTURO - ESTUDANTES,EPT
2026,2,2301,4293,32,0,Investimentos Próprios,840000.0,688559.57,0.0,DEPARTAMENTO DE ESTRADAS DE RODAGEM DO ESTADO DE MINAS GERAIS,DER-MG,DER-MG,CONSERVACAO ROTINEIRA DA MALHA VIARIA,Transportes
2026,2,2301,4385,33,0,Investimentos Próprios,2280000.0,0.0,4231054.69,DEPARTAMENTO DE ESTRADAS DE RODAGEM DO ESTADO DE MINAS GERAIS,DER-MG,DER-MG,REABILITACAO DA MALHA VIARIA,Transportes
2026,2,1261,2118,10,0,Investimentos Próprios,0.0,0.0,0.0,SECRETARIA DE ESTADO DE EDUCACAO,SEE,SEE,TRILHAS DE FUTURO - ESTUDANTES,EPT
2026,2,2301,4293,32,0,Investimentos Próprios,23625.0,19202.04,0.0,DEPARTAMENTO DE ESTRADAS DE RODAGEM DO ESTADO DE MINAS GERAIS,DER-MG,DER-MG,CONSERVACAO ROTINEIRA DA MALHA VIARIA,Transportes
2026,2,1261,2118,71,0,Investimentos Próprios,0.0,0.0,0.0,SECRETARIA DE ESTADO DE EDUCACAO,SEE,SEE,TRILHAS DE FUTURO - ESTUDANTES,EPT
2026,2,1261,2118,71,0,Investimentos Próprios,10.0,0.0,0.0,SECRETARIA DE ESTADO DE EDUCACAO,SEE,SEE,TRILHAS DE FUTURO - ESTUDANTES,EPT
2026,2,1261,2118,71,0,Investimentos Próprios,10.0,0.0,0.0,SECRETARIA DE ESTADO DE EDUCACAO,SEE,SEE,TRILHAS DE FUTURO - ESTUDANTES,EPT
2026,2,1261,2118,71,0,Investimentos Próprios,0.0,0.0,0.0,SECRETARIA DE ESTADO DE EDUCACAO,SEE,SEE,TRILHAS DE FUTURO - ESTUDANTES,EPT
2026,2,1261,2118,10,0,Investimentos Próprios,0.0,0.0,0.0,SECRETARIA DE ESTADO DE EDUCACAO,SEE,SEE,TRILHAS DE FUTURO - ESTUDANTES,EPT
2026,2,1261,2118,10,0,Investimentos Próprios,0.0,0.0,0.0,SECRETARIA DE ESTADO DE EDUCACAO,SEE,SEE,TRILHAS DE FUTURO - ESTUDANTES,EPT
2026,2,1261,2118,71,0,Investimentos Próprios,0.0,0.0,0.0,SECRETARIA DE ESTADO DE EDUCACAO,SEE,SEE,TRILHAS DE FUTURO - ESTUDANTES,EPT
2026,2,1261,2118,71,0,Investimentos Próprios,6000.0,3700.0,10760.0,SECRETARIA DE ESTADO DE EDUCACAO,SEE,SEE,TRILHAS DE FUTURO - ESTUDANTES,EPT
2026,2,1261,2118,71,0,Investimentos Próprios,4220.0,4220.0,4220.0,SECRETARIA DE ESTADO DE EDUCACAO,SEE,SEE,TRILHAS DE FUTURO - ESTUDANTES,EPT
2026,2,1261,2118,10,0,Investimentos Próprios,0.0,0.0,0.0,SECRETARIA DE ESTADO DE EDUCACAO,SEE,SEE,TRILHAS DE FUTURO - ESTUDANTES,EPT
2026,2,1261,2118,71,0,Investimentos Próprios,0.0,0.0,7380.0,SECRETARIA DE ESTADO DE EDUCACAO,SEE,SEE,TRILHAS DE FUTURO - ESTUDANTES,EPT
2026,2,1261,2118,71,0,Investimentos Próprios,0.0,0.0,11900.0,SECRETARIA DE ESTADO DE EDUCACAO,SEE,SEE,TRILHAS DE FUTURO - ESTUDANTES,EPT
2026,2,1261,2118,71,0,Investimentos Próprios,2640.0,2640.0,9720.0,SECRETARIA DE ESTADO DE EDUCACAO,SEE,SEE,TRILHAS DE FUTURO - ESTUDANTES,EPT
2026,2,1261,2118,10,0,Investimentos Próprios,4125.96,4125.96,4125.96,SECRETARIA DE ESTADO DE EDUCACAO,SEE,SEE,TRILHAS DE FUTURO - ESTUDANTES,EPT
2026,2,1261,2118,71,0,Investimentos Próprios,0.0,0.0,0.0,SECRETARIA DE ESTADO DE EDUCACAO,SEE,SEE,TRILHAS DE FUTURO - ESTUDANTES,EPT
2026,2,1261,2118,71,0,Investimentos Próprios,3340.0,3340.0,9680.0,SECRETARIA DE ESTADO DE EDUCACAO,SEE,SEE,TRILHAS DE FUTURO - ESTUDANTES,EPT
2026,2,1261,2118,71,0,Investimentos Próprios,0.0,0.0,0.0,SECRETARIA DE ESTADO DE EDUCACAO,SEE,SEE,TRILHAS DE FUTURO - ESTUDANTES,EPT
2026,2,1261,2118,10,0,Investimentos Próprios,0.0,0.0,0.0,SECRETARIA DE ESTADO DE EDUCACAO,SEE,SEE,TRILHAS DE FUTURO - ESTUDANTES,EPT
2026,2,1261,2118,10,0,Investimentos Próprios,0.0,0.0,0.0,SECRETARIA DE ESTADO DE EDUCACAO,SEE,SEE,TRILHAS DE FUTURO - ESTUDANTES,EPT
2026,2,2301,4293,32,0,Investimentos Próprios,500000.0,0.0,0.0,DEPARTAMENTO DE ESTRADAS DE RODAGEM DO ESTADO DE MINAS GERAIS,DER-MG,DER-MG,CONSERVACAO ROTINEIRA DA MALHA VIARIA,Transportes
2026,2,1261,2118,10,0,Investimentos Próprios,0.0,0.0,0.0,SECRETARIA DE ESTADO DE EDUCACAO,SEE,SEE,TRILHAS DE FUTURO - ESTUDANTES,EPT
2026,2,1261,2118,10,0,Investimentos Próprios,0.0,0.0,0.0,SECRETARIA DE ESTADO DE EDUCACAO,SEE,SEE,TRILHAS DE FUTURO - ESTUDANTES,EPT
2026,2,1261,2118,10,0,Investimentos Próprios,118311.09,118311.09,118311.09,SECRETARIA DE ESTADO DE EDUCACAO,SEE,SEE,TRILHAS DE FUTURO - ESTUDANTES,EPT
2026,2,1261,2118,10,0,Investimentos Próprios,49435.79,49435.79,49435.79,SECRETARIA DE ESTADO DE EDUCACAO,SEE,SEE,TRILHAS DE FUTURO - ESTUDANTES,EPT
2026,2,2301,4162,10,0,Investimentos Próprios,933139.35,0.0,631764.51,DEPARTAMENTO DE ESTRADAS DE RODAGEM DO ESTADO DE MINAS GERAIS,DER-MG,DER-MG,SUPORTE A GESTAO DOS ATIVOS RODOVIARIOS,Transportes
2026,2,2301,4162,10,0,Investimentos Próprios,466569.67,0.0,315882.25,DEPARTAMENTO DE ESTRADAS DE RODAGEM DO ESTADO DE MINAS GERAIS,DER-MG,DER-MG,SUPORTE A GESTAO DOS ATIVOS RODOVIARIOS,Transportes
2026,2,1261,2118,71,0,Investimentos Próprios,0.0,0.0,8380.0,SECRETARIA DE ESTADO DE EDUCACAO,SEE,SEE,TRILHAS DE FUTURO - ESTUDANTES,EPT
2026,2,1261,2118,71,0,Investimentos Próprios,0.0,0.0,0.0,SECRETARIA DE ESTADO DE EDUCACAO,SEE,SEE,TRILHAS DE FUTURO - ESTUDANTES,EPT
2026,2,1261,2118,10,0,Investimentos Próprios,0.0,0.0,0.0,SECRETARIA DE ESTADO DE EDUCACAO,SEE,SEE,TRILHAS DE FUTURO - ESTUDANTES,EPT
2026,2,1261,2118,10,0,Investimentos Próprios,17682.84,17682.84,17682.84,SECRETARIA DE ESTADO DE EDUCACAO,SEE,SEE,TRILHAS DE FUTURO - ESTUDANTES,EPT
2026,2,1261,2118,71,0,Investimentos Próprios,4640.0,4640.0,10000.0,SECRETARIA DE ESTADO DE EDUCACAO,SEE,SEE,TRILHAS DE FUTURO - ESTUDANTES,EPT
2026,2,1261,2118,10,0,Investimentos Próprios,22353.2,22353.2,22353.2,SECRETARIA DE ESTADO DE EDUCACAO,SEE,SEE,TRILHAS DE FUTURO - ESTUDANTES,EPT
2026,2,1261,2118,71,0,Investimentos Próprios,0.0,0.0,0.0,SECRETARIA DE ESTADO DE EDUCACAO,SEE,SEE,TRILHAS DE FUTURO - ESTUDANTES,EPT
2026,2,1261,2118,71,0,Investimentos Próprios,0.0,0.0,0.0,SECRETARIA DE ESTADO DE EDUCACAO,SEE,SEE,TRILHAS DE FUTURO - ESTUDANTES,EPT
2026,2,2301,4385,10,0,Investimentos Próprios,254484.0,0.0,78748.66,DEPARTAMENTO DE ESTRADAS DE RODAGEM DO ESTADO DE MINAS GERAIS,DER-MG,DER-MG,REABILITACAO DA MALHA VIARIA,Transportes
2026,2,1261,2118,10,0,Investimentos Próprios,0.0,0.0,0.0,SECRETARIA DE ESTADO DE EDUCACAO,SEE,SEE,TRILHAS DE FUTURO - ESTUDANTES,EPT
2026,2,1261,2118,10,0,Investimentos Próprios,0.0,0.0,0.0,SECRETARIA DE ESTADO DE EDUCACAO,SEE,SEE,TRILHAS DE FUTURO - ESTUDANTES,EPT
2026,2,2301,4293,32,0,Investimentos Próprios,255840.0,267637.97,0.0,DEPARTAMENTO DE ESTRADAS DE RODAGEM DO ESTADO DE MINAS GERAIS,DER-MG,DER-MG,CONSERVACAO ROTINEIRA DA MALHA VIARIA,Transportes
2026,2,2301,4275,10,0,Investimentos Próprios,7200.0,7200.0,7200.0,DEPARTAMENTO DE ESTRADAS DE RODAGEM DO ESTADO DE MINAS GERAIS,DER-MG,DER-MG,IMPLANTACAO/PAVIMENTACAO DA MALHA,Transportes
2026,2,1261,2118,71,0,Investimentos Próprios,4380.0,4380.0,4380.0,SECRETARIA DE ESTADO DE EDUCACAO,SEE,SEE,TRILHAS DE FUTURO - ESTUDANTES,EPT
2026,2,1261,2118,10,0,Investimentos Próprios,0.0,0.0,0.0,SECRETARIA DE ESTADO DE EDUCACAO,SEE,SEE,TRILHAS DE FUTURO - ESTUDANTES,EPT
2026,2,1261,2118,10,0,Investimentos Próprios,0.0,0.0,0.0,SECRETARIA DE ESTADO DE EDUCACAO,SEE,SEE,TRILHAS DE FUTURO - ESTUDANTES,EPT
2026,2,1261,2118,10,0,Investimentos Próprios,22572.0,22572.0,22572.0,SECRETARIA DE ESTADO DE EDUCACAO,SEE,SEE,TRILHAS DE FUTURO - ESTUDANTES,EPT
2026,2,1261,2118,71,0,Investimentos Próprios,0.0,0.0,0.0,SECRETARIA DE ESTADO DE EDUCACAO,SEE,SEE,TRILHAS DE FUTURO - ESTUDANTES,EPT
2026,2,1261,2118,71,0,Investimentos Próprios,27000.0,27000.0,27000.0,SECRETARIA DE ESTADO DE EDUCACAO,SEE,SEE,TRILHAS DE FUTURO - ESTUDANTES,EPT
2026,2,1261,2118,71,0,Investimentos Próprios,0.0,0.0,7180.0,SECRETARIA DE ESTADO DE EDUCACAO,SEE,SEE,TRILHAS DE FUTURO - ESTUDANTES,EPT
2026,2,1261,2118,10,0,Investimentos Próprios,12452.44,12452.44,12452.44,SECRETARIA DE ESTADO DE EDUCACAO,SEE,SEE,TRILHAS DE FUTURO - ESTUDANTES,EPT
2026,2,1261,2118,10,0,Investimentos Próprios,13728.96,0.0,0.0,SECRETARIA DE ESTADO DE EDUCACAO,SEE,SEE,TRILHAS DE FUTURO - ESTUDANTES,EPT
2026,2,1261,2118,71,0,Investimentos Próprios,0.0,0.0,0.0,SECRETARIA DE ESTADO DE EDUCACAO,SEE,SEE,TRILHAS DE FUTURO - ESTUDANTES,EPT
2026,2,1261,2118,10,0,Investimentos Próprios,0.0,0.0,0.0,SECRETARIA DE ESTADO DE EDUCACAO,SEE,SEE,TRILHAS DE FUTURO - ESTUDANTES,EPT
2026,2,1261,2118,71,0,Investimentos Próprios,0.0,0.0,0.0,SECRETARIA DE ESTADO DE EDUCACAO,SEE,SEE,TRILHAS DE FUTURO - ESTUDANTES,EPT
2026,2,1261,2118,71,0,Investimentos Próprios,100.0,100.0,100.0,SECRETARIA DE ESTADO DE EDUCACAO,SEE,SEE,TRILHAS DE FUTURO - ESTUDANTES,EPT
2026,2,1261,2118,71,0,Investimentos Próprios,2920.0,2920.0,2920.0,SECRETARIA DE ESTADO DE EDUCACAO,SEE,SEE,TRILHAS DE FUTURO - ESTUDANTES,EPT
2026,2,1261,2118,71,0,Investimentos Próprios,22560.0,22560.0,22560.0,SECRETARIA DE ESTADO DE EDUCACAO,SEE,SEE,TRILHAS DE FUTURO - ESTUDANTES,EPT
2026,2,1261,2118,71,0,Investimentos Próprios,0.0,0.0,8100.0,SECRETARIA DE ESTADO DE EDUCACAO,SEE,SEE,TRILHAS DE FUTURO - ESTUDANTES,EPT
2026,2,1261,2118,71,0,Investimentos Próprios,5040.0,5040.0,10680.0,SECRETARIA DE ESTADO DE EDUCACAO,SEE,SEE,TRILHAS DE FUTURO - ESTUDANTES,EPT
2026,2,1261,2118,10,0,Investimentos Próprios,0.0,0.0,0.0,SECRETARIA DE ESTADO DE EDUCACAO,SEE,SEE,TRILHAS DE FUTURO - ESTUDANTES,EPT
2026,2,1261,2118,10,0,Investimentos Próprios,0.0,0.0,0.0,SECRETARIA DE ESTADO DE EDUCACAO,SEE,SEE,TRILHAS DE FUTURO - ESTUDANTES,EPT
2026,2,1261,2118,71,0,Investimentos Próprios,3600.0,3600.0,12300.0,SECRETARIA DE ESTADO DE EDUCACAO,SEE,SEE,TRILHAS DE FUTURO - ESTUDANTES,EPT
2026,2,1261,2118,10,0,Investimentos Próprios,18412.2,18412.2,18412.2,SECRETARIA DE ESTADO DE EDUCACAO,SEE,SEE,TRILHAS DE FUTURO - ESTUDANTES,EPT
2026,2,1261,2118,10,0,Investimentos Próprios,44905.73,44905.73,80720.33,SECRETARIA DE ESTADO DE EDUCACAO,SEE,SEE,TRILHAS DE FUTURO - ESTUDANTES,EPT
2026,2,1261,2118,10,0,Investimentos Próprios,0.0,0.0,0.0,SECRETARIA DE ESTADO DE EDUCACAO,SEE,SEE,TRILHAS DE FUTURO - ESTUDANTES,EPT
2026,2,1261,2118,71,0,Investimentos Próprios,0.0,0.0,0.0,SECRETARIA DE ESTADO DE EDUCACAO,SEE,SEE,TRILHAS DE FUTURO - ESTUDANTES,EPT
2026,2,1261,2118,10,0,Investimentos Próprios,9871.25,9871.25,9871.25,SECRETARIA DE ESTADO DE EDUCACAO,SEE,SEE,TRILHAS DE FUTURO - ESTUDANTES,EPT
2026,2,1261,2118,10,0,Investimentos Próprios,21716.75,21716.75,21716.75,SECRETARIA DE ESTADO DE EDUCACAO,SEE,SEE,TRILHAS DE FUTURO - ESTUDANTES,EPT
2026,2,1261,2118,71,0,Investimentos Próprios,3920.0,3920.0,3920.0,SECRETARIA DE ESTADO DE EDUCACAO,SEE,SEE,TRILHAS DE FUTURO - ESTUDANTES,EPT
2026,2,1261,2118,10,0,Investimentos Próprios,0.0,0.0,0.0,SECRETARIA DE ESTADO DE EDUCACAO,SEE,SEE,TRILHAS DE FUTURO - ESTUDANTES,EPT
2026,2,1261,2118,10,0,Investimentos Próprios,0.0,0.0,0.0,SECRETARIA DE ESTADO DE EDUCACAO,SEE,SEE,TRILHAS DE FUTURO - ESTUDANTES,EPT
2026,2,1261,2118,10,0,Investimentos Próprios,0.0,0.0,15274.01,SECRETARIA DE ESTADO DE EDUCACAO,SEE,SEE,TRILHAS DE FUTURO - ESTUDANTES,EPT
2026,2,2301,4293,32,0,Investimentos Próprios,204000.0,251798.86,0.0,DEPARTAMENTO DE ESTRADAS DE RODAGEM DO ESTADO DE MINAS GERAIS,DER-MG,DER-MG,CONSERVACAO ROTINEIRA DA MALHA VIARIA,Transportes
2026,2,2301,4385,10,0,Investimentos Próprios,166666.67,0.0,27313559.7,DEPARTAMENTO DE ESTRADAS DE RODAGEM DO ESTADO DE MINAS GERAIS,DER-MG,DER-MG,REABILITACAO DA MALHA VIARIA,Transportes
2026,2,1261,2118,10,0,Investimentos Próprios,0.0,0.0,0.0,SECRETARIA DE ESTADO DE EDUCACAO,SEE,SEE,TRILHAS DE FUTURO - ESTUDANTES,EPT
2026,2,1261,2118,10,0,Investimentos Próprios,53104.74,53104.74,53104.74,SECRETARIA DE ESTADO DE EDUCACAO,SEE,SEE,TRILHAS DE FUTURO - ESTUDANTES,EPT
2026,2,1261,2118,71,0,Investimentos Próprios,0.0,0.0,7240.0,SECRETARIA DE ESTADO DE EDUCACAO,SEE,SEE,TRILHAS DE FUTURO - ESTUDANTES,EPT
2026,2,1261,2118,71,0,Investimentos Próprios,0.0,0.0,0.0,SECRETARIA DE ESTADO DE EDUCACAO,SEE,SEE,TRILHAS DE FUTURO - ESTUDANTES,EPT
2026,2,1261,2118,10,0,Investimentos Próprios,15415.96,15415.96,15415.96,SECRETARIA DE ESTADO DE EDUCACAO,SEE,SEE,TRILHAS DE FUTURO - ESTUDANTES,EPT
2026,2,1261,2118,71,0,Investimentos Próprios,0.0,0.0,0.0,SECRETARIA DE ESTADO DE EDUCACAO,SEE,SEE,TRILHAS DE FUTURO - ESTUDANTES,EPT
2026,2,2301,4293,32,0,Investimentos Próprios,500000.0,570748.18,0.0,DEPARTAMENTO DE ESTRADAS DE RODAGEM DO ESTADO DE MINAS GERAIS,DER-MG,DER-MG,CONSERVACAO ROTINEIRA DA MALHA VIARIA,Transportes
2026,2,1261,2118,71,0,Investimentos Próprios,0.0,0.0,0.0,SECRETARIA DE ESTADO DE EDUCACAO,SEE,SEE,TRILHAS DE FUTURO - ESTUDANTES,EPT
2026,2,1261,2118,10,0,Investimentos Próprios,0.0,0.0,0.0,SECRETARIA DE ESTADO DE EDUCACAO,SEE,SEE,TRILHAS DE FUTURO - ESTUDANTES,EPT
2026,2,1261,2118,71,0,Investimentos Próprios,0.0,0.0,0.0,SECRETARIA DE ESTADO DE EDUCACAO,SEE,SEE,TRILHAS DE FUTURO - ESTUDANTES,EPT
2026,2,4381,4210,54,0,Investimentos Próprios,2924750.0,546512.16,2802295.72,FUNDO ESTADUAL DE DESENVOLVIMENTO DE TRANSPORTES,FUNTRANS,FUNTRANS,REGULACAO DO USO E OCUPACAO DA FAIXA DE DOMINIO,Transportes
2026,2,2301,4275,10,0,Investimentos Próprios,44301.24,44301.24,44301.24,DEPARTAMENTO DE ESTRADAS DE RODAGEM DO ESTADO DE MINAS GERAIS,DER-MG,DER-MG,IMPLANTACAO/PAVIMENTACAO DA MALHA,Transportes
2026,2,1261,2118,71,0,Investimentos Próprios,10.0,0.0,0.0,SECRETARIA DE ESTADO DE EDUCACAO,SEE,SEE,TRILHAS DE FUTURO - ESTUDANTES,EPT
2026,2,1261,2118,71,0,Investimentos Próprios,0.0,0.0,7360.0,SECRETARIA DE ESTADO DE EDUCACAO,SEE,SEE,TRILHAS DE FUTURO - ESTUDANTES,EPT
2026,2,1261,2118,71,0,Investimentos Próprios,0.0,0.0,0.0,SECRETARIA DE ESTADO DE EDUCACAO,SEE,SEE,TRILHAS DE FUTURO - ESTUDANTES,EPT
2026,2,1261,2118,71,0,Investimentos Próprios,0.0,0.0,0.0,SECRETARIA DE ESTADO DE EDUCACAO,SEE,SEE,TRILHAS DE FUTURO - ESTUDANTES,EPT
2026,2,1261,2118,10,0,Investimentos Próprios,89454.68,89454.68,169124.06,SECRETARIA DE ESTADO DE EDUCACAO,SEE,SEE,TRILHAS DE FUTURO - ESTUDANTES,EPT
2026,2,1261,2118,10,0,Investimentos Próprios,13133.2,13133.2,13133.2,SECRETARIA DE ESTADO DE EDUCACAO,SEE,SEE,TRILHAS DE FUTURO - ESTUDANTES,EPT
2026,2,1261,2118,10,0,Investimentos Próprios,12763.41,0.0,12617.0,SECRETARIA DE ESTADO DE EDUCACAO,SEE,SEE,TRILHAS DE FUTURO - ESTUDANTES,EPT
2026,2,1261,2118,71,0,Investimentos Próprios,0.0,0.0,0.0,SECRETARIA DE ESTADO DE EDUCACAO,SEE,SEE,TRILHAS DE FUTURO - ESTUDANTES,EPT
2026,2,1261,2118,71,0,Investimentos Próprios,0.0,0.0,0.0,SECRETARIA DE ESTADO DE EDUCACAO,SEE,SEE,TRILHAS DE FUTURO - ESTUDANTES,EPT
2026,2,1261,2118,71,0,Investimentos Próprios,4420.0,4420.0,4420.0,SECRETARIA DE ESTADO DE EDUCACAO,SEE,SEE,TRILHAS DE FUTURO - ESTUDANTES,EPT
2026,2,1261,2118,71,0,Investimentos Próprios,2800.0,2800.0,2800.0,SECRETARIA DE ESTADO DE EDUCACAO,SEE,SEE,TRILHAS DE FUTURO - ESTUDANTES,EPT
2026,2,2301,4385,10,0,Investimentos Próprios,1600000.0,0.0,2387451.34,DEPARTAMENTO DE ESTRADAS DE RODAGEM DO ESTADO DE MINAS GERAIS,DER-MG,DER-MG,REABILITACAO DA MALHA VIARIA,Transportes
2026,2,1261,2118,71,0,Investimentos Próprios,7100.0,7100.0,7100.0,SECRETARIA DE ESTADO DE EDUCACAO,SEE,SEE,TRILHAS DE FUTURO - ESTUDANTES,EPT
2026,2,1261,2118,10,0,Investimentos Próprios,0.0,0.0,0.0,SECRETARIA DE ESTADO DE EDUCACAO,SEE,SEE,TRILHAS DE FUTURO - ESTUDANTES,EPT
2026,2,1261,2118,10,0,Investimentos Próprios,0.0,0.0,0.0,SECRETARIA DE ESTADO DE EDUCACAO,SEE,SEE,TRILHAS DE FUTURO - ESTUDANTES,EPT
2026,2,1261,2118,71,0,Investimentos Próprios,4440.0,4440.0,8160.0,SECRETARIA DE ESTADO DE EDUCACAO,SEE,SEE,TRILHAS DE FUTURO - ESTUDANTES,EPT
2026,2,1261,2118,71,0,Investimentos Próprios,0.0,0.0,8580.0,SECRETARIA DE ESTADO DE EDUCACAO,SEE,SEE,TRILHAS DE FUTURO - ESTUDANTES,EPT
2026,2,2301,4293,32,0,Investimentos Próprios,780000.0,621879.15,0.0,DEPARTAMENTO DE ESTRADAS DE RODAGEM DO ESTADO DE MINAS GERAIS,DER-MG,DER-MG,CONSERVACAO ROTINEIRA DA MALHA VIARIA,Transportes
2026,2,1261,2118,10,0,Investimentos Próprios,0.0,0.0,0.0,SECRETARIA DE ESTADO DE EDUCACAO,SEE,SEE,TRILHAS DE FUTURO - ESTUDANTES,EPT
2026,2,1261,2118,10,0,Investimentos Próprios,0.0,0.0,0.0,SECRETARIA DE ESTADO DE EDUCACAO,SEE,SEE,TRILHAS DE FUTURO - ESTUDANTES,EPT
2026,2,1261,2118,10,0,Investimentos Próprios,0.0,0.0,13270.56,SECRETARIA DE ESTADO DE EDUCACAO,SEE,SEE,TRILHAS DE FUTURO - ESTUDANTES,EPT
2026,2,1261,2118,10,0,Investimentos Próprios,0.0,0.0,0.0,SECRETARIA DE ESTADO DE EDUCACAO,SEE,SEE,TRILHAS DE FUTURO - ESTUDANTES,EPT
2026,2,1261,2118,10,0,Investimentos Próprios,6204.26,6204.26,6204.26,SECRETARIA DE ESTADO DE EDUCACAO,SEE,SEE,TRILHAS DE FUTURO - ESTUDANTES,EPT
2026,2,1261,2118,10,0,Investimentos Próprios,0.0,0.0,0.0,SECRETARIA DE ESTADO DE EDUCACAO,SEE,SEE,TRILHAS DE FUTURO - ESTUDANTES,EPT
2026,2,2301,4284,10,0,Investimentos Próprios,137416.23,69101.4,173910.99,DEPARTAMENTO DE ESTRADAS DE RODAGEM DO ESTADO DE MINAS GERAIS,DER-MG,DER-MG,PREVENCAO E MITIGACAO DE DANOS AMBIENTAIS,Transportes
2026,2,1261,2118,10,0,Investimentos Próprios,36829.94,36829.94,36829.94,SECRETARIA DE ESTADO DE EDUCACAO,SEE,SEE,TRILHAS DE FUTURO - ESTUDANTES,EPT
2026,2,1261,2118,71,0,Investimentos Próprios,0.0,0.0,10760.0,SECRETARIA DE ESTADO DE EDUCACAO,SEE,SEE,TRILHAS DE FUTURO - ESTUDANTES,EPT
2026,2,1261,2118,71,0,Investimentos Próprios,0.0,0.0,0.0,SECRETARIA DE ESTADO DE EDUCACAO,SEE,SEE,TRILHAS DE FUTURO - ESTUDANTES,EPT
2026,2,1261,2118,10,0,Investimentos Próprios,0.0,0.0,0.0,SECRETARIA DE ESTADO DE EDUCACAO,SEE,SEE,TRILHAS DE FUTURO - ESTUDANTES,EPT
2026,2,1261,2118,10,0,Investimentos Próprios,12720.24,12720.24,23483.52,SECRETARIA DE ESTADO DE EDUCACAO,SEE,SEE,TRILHAS DE FUTURO - ESTUDANTES,EPT
2026,2,1261,2118,10,0,Investimentos Próprios,120647.12,120647.12,235607.79,SECRETARIA DE ESTADO DE EDUCACAO,SEE,SEE,TRILHAS DE FUTURO - ESTUDANTES,EPT
2026,2,1261,2118,10,0,Investimentos Próprios,0.0,0.0,0.0,SECRETARIA DE ESTADO DE EDUCACAO,SEE,SEE,TRILHAS DE FUTURO - ESTUDANTES,EPT
2026,2,1261,2118,10,0,Investimentos Próprios,79815.89,79815.89,79815.89,SECRETARIA DE ESTADO DE EDUCACAO,SEE,SEE,TRILHAS DE FUTURO - ESTUDANTES,EPT
2026,2,1261,2118,71,0,Investimentos Próprios,60440.0,60440.0,142000.0,SECRETARIA DE ESTADO DE EDUCACAO,SEE,SEE,TRILHAS DE FUTURO - ESTUDANTES,EPT
2026,2,1261,2118,10,0,Investimentos Próprios,7674.36,7674.36,7674.36,SECRETARIA DE ESTADO DE EDUCACAO,SEE,SEE,TRILHAS DE FUTURO - ESTUDANTES,EPT
2026,2,1261,2118,10,0,Investimentos Próprios,0.0,0.0,0.0,SECRETARIA DE ESTADO DE EDUCACAO,SEE,SEE,TRILHAS DE FUTURO - ESTUDANTES,EPT
2026,2,1261,2118,10,0,Investimentos Próprios,16458.3,16458.3,31485.52,SECRETARIA DE ESTADO DE EDUCACAO,SEE,SEE,TRILHAS DE FUTURO - ESTUDANTES,EPT
2026,2,2301,4293,32,0,Investimentos Próprios,200000.0,0.0,0.0,DEPARTAMENTO DE ESTRADAS DE RODAGEM DO ESTADO DE MINAS GERAIS,DER-MG,DER-MG,CONSERVACAO ROTINEIRA DA MALHA VIARIA,Transportes
2026,2,1261,2118,10,0,Investimentos Próprios,0.0,0.0,0.0,SECRETARIA DE ESTADO DE EDUCACAO,SEE,SEE,TRILHAS DE FUTURO - ESTUDANTES,EPT
2026,2,2301,4293,32,0,Investimentos Próprios,510592.0,911219.03,0.0,DEPARTAMENTO DE ESTRADAS DE RODAGEM DO ESTADO DE MINAS GERAIS,DER-MG,DER-MG,CONSERVACAO ROTINEIRA DA MALHA VIARIA,Transportes
2026,2,2301,4293,32,0,Investimentos Próprios,0.0,214261.43,0.0,DEPARTAMENTO DE ESTRADAS DE RODAGEM DO ESTADO DE MINAS GERAIS,DER-MG,DER-MG,CONSERVACAO ROTINEIRA DA MALHA VIARIA,Transportes
2026,2,1261,2118,10,0,Investimentos Próprios,0.0,0.0,0.0,SECRETARIA DE ESTADO DE EDUCACAO,SEE,SEE,TRILHAS DE FUTURO - ESTUDANTES,EPT
2026,2,1261,2118,10,0,Investimentos Próprios,13000.0,13000.0,13000.0,SECRETARIA DE ESTADO DE EDUCACAO,SEE,SEE,TRILHAS DE FUTURO - ESTUDANTES,EPT
2026,2,1261,2118,10,0,Investimentos Próprios,48912.5,48912.5,97825.0,SECRETARIA DE ESTADO DE EDUCACAO,SEE,SEE,TRILHAS DE FUTURO - ESTUDANTES,EPT
2026,2,1261,2118,71,0,Investimentos Próprios,0.0,0.0,5740.0,SECRETARIA DE ESTADO DE EDUCACAO,SEE,SEE,TRILHAS DE FUTURO - ESTUDANTES,EPT
2026,2,1261,2118,71,0,Investimentos Próprios,2800.0,2320.0,2320.0,SECRETARIA DE ESTADO DE EDUCACAO,SEE,SEE,TRILHAS DE FUTURO - ESTUDANTES,EPT
2026,2,1261,2118,10,0,Investimentos Próprios,0.0,0.0,0.0,SECRETARIA DE ESTADO DE EDUCACAO,SEE,SEE,TRILHAS DE FUTURO - ESTUDANTES,EPT
2026,2,1261,2118,71,0,Investimentos Próprios,1100.0,1100.0,1100.0,SECRETARIA DE ESTADO DE EDUCACAO,SEE,SEE,TRILHAS DE FUTURO - ESTUDANTES,EPT
2026,2,1261,2118,71,0,Investimentos Próprios,0.0,0.0,0.0,SECRETARIA DE ESTADO DE EDUCACAO,SEE,SEE,TRILHAS DE FUTURO - ESTUDANTES,EPT
2026,2,1261,2118,10,0,Investimentos Próprios,31306.07,31306.07,31306.07,SECRETARIA DE ESTADO DE EDUCACAO,SEE,SEE,TRILHAS DE FUTURO - ESTUDANTES,EPT
2026,2,1261,2118,71,0,Investimentos Próprios,980.0,980.0,3260.0,SECRETARIA DE ESTADO DE EDUCACAO,SEE,SEE,TRILHAS DE FUTURO - ESTUDANTES,EPT
2026,2,1261,2118,10,0,Investimentos Próprios,0.0,0.0,46946.5,SECRETARIA DE ESTADO DE EDUCACAO,SEE,SEE,TRILHAS DE FUTURO - ESTUDANTES,EPT
2026,2,2301,4385,10,0,Investimentos Próprios,0.0,66793.34,0.0,DEPARTAMENTO DE ESTRADAS DE RODAGEM DO ESTADO DE MINAS GERAIS,DER-MG,DER-MG,REABILITACAO DA MALHA VIARIA,Transportes
2026,2,1261,2118,10,0,Investimentos Próprios,26265.35,26265.35,26265.35,SECRETARIA DE ESTADO DE EDUCACAO,SEE,SEE,TRILHAS DE FUTURO - ESTUDANTES,EPT
2026,2,1261,2118,10,0,Investimentos Próprios,6204.26,6204.26,6204.26,SECRETARIA DE ESTADO DE EDUCACAO,SEE,SEE,TRILHAS DE FUTURO - ESTUDANTES,EPT
2026,2,1261,2118,10,0,Investimentos Próprios,9748.2,9748.2,18991.2,SECRETARIA DE ESTADO DE EDUCACAO,SEE,SEE,TRILHAS DE FUTURO - ESTUDANTES,EPT
2026,2,1261,2118,10,0,Investimentos Próprios,20933.29,20933.29,40736.37,SECRETARIA DE ESTADO DE EDUCACAO,SEE,SEE,TRILHAS DE FUTURO - ESTUDANTES,EPT
2026,2,1261,2118,71,0,Investimentos Próprios,21980.0,21980.0,21980.0,SECRETARIA DE ESTADO DE EDUCACAO,SEE,SEE,TRILHAS DE FUTURO - ESTUDANTES,EPT
2026,2,2301,4293,32,0,Investimentos Próprios,150000.0,548637.21,0.0,DEPARTAMENTO DE ESTRADAS DE RODAGEM DO ESTADO DE MINAS GERAIS,DER-MG,DER-MG,CONSERVACAO ROTINEIRA DA MALHA VIARIA,Transportes
2026,2,2301,4293,32,0,Investimentos Próprios,577500.0,389850.19,0.0,DEPARTAMENTO DE ESTRADAS DE RODAGEM DO ESTADO DE MINAS GERAIS,DER-MG,DER-MG,CONSERVACAO ROTINEIRA DA MALHA VIARIA,Transportes
2026,2,1261,2118,71,0,Investimentos Próprios,0.0,0.0,0.0,SECRETARIA DE ESTADO DE EDUCACAO,SEE,SEE,TRILHAS DE FUTURO - ESTUDANTES,EPT
2026,2,1261,2118,71,0,Investimentos Próprios,26520.0,26520.0,26520.0,SECRETARIA DE ESTADO DE EDUCACAO,SEE,SEE,TRILHAS DE FUTURO - ESTUDANTES,EPT
2026,2,1261,2118,71,0,Investimentos Próprios,10.0,0.0,1180.0,SECRETARIA DE ESTADO DE EDUCACAO,SEE,SEE,TRILHAS DE FUTURO - ESTUDANTES,EPT
2026,2,1261,2118,71,0,Investimentos Próprios,44740.0,44740.0,119540.0,SECRETARIA DE ESTADO DE EDUCACAO,SEE,SEE,TRILHAS DE FUTURO - ESTUDANTES,EPT
2026,2,1261,2118,71,0,Investimentos Próprios,0.0,0.0,0.0,SECRETARIA DE ESTADO DE EDUCACAO,SEE,SEE,TRILHAS DE FUTURO - ESTUDANTES,EPT
2026,2,1261,2118,71,0,Investimentos Próprios,0.0,0.0,0.0,SECRETARIA DE ESTADO DE EDUCACAO,SEE,SEE,TRILHAS DE FUTURO - ESTUDANTES,EPT
2026,2,1261,2118,71,0,Investimentos Próprios,0.0,0.0,9920.0,SECRETARIA DE ESTADO DE EDUCACAO,SEE,SEE,TRILHAS DE FUTURO - ESTUDANTES,EPT
2026,2,1261,2118,10,0,Investimentos Próprios,0.0,0.0,0.0,SECRETARIA DE ESTADO DE EDUCACAO,SEE,SEE,TRILHAS DE FUTURO - ESTUDANTES,EPT
2026,2,1261,2118,71,0,Investimentos Próprios,3800.0,1900.0,5440.0,SECRETARIA DE ESTADO DE EDUCACAO,SEE,SEE,TRILHAS DE FUTURO - ESTUDANTES,EPT
2026,2,1261,2118,71,0,Investimentos Próprios,16160.0,16160.0,16160.0,SECRETARIA DE ESTADO DE EDUCACAO,SEE,SEE,TRILHAS DE FUTURO - ESTUDANTES,EPT
2026,2,1261,2118,10,0,Investimentos Próprios,0.0,0.0,0.0,SECRETARIA DE ESTADO DE EDUCACAO,SEE,SEE,TRILHAS DE FUTURO - ESTUDANTES,EPT
2026,2,1261,2118,10,0,Investimentos Próprios,0.0,0.0,0.0,SECRETARIA DE ESTADO DE EDUCACAO,SEE,SEE,TRILHAS DE FUTURO - ESTUDANTES,EPT
2026,2,1261,2118,71,0,Investimentos Próprios,2660.0,2660.0,9640.0,SECRETARIA DE ESTADO DE EDUCACAO,SEE,SEE,TRILHAS DE FUTURO - ESTUDANTES,EPT
2026,2,1261,2118,10,0,Investimentos Próprios,24933.82,24933.82,50122.07,SECRETARIA DE ESTADO DE EDUCACAO,SEE,SEE,TRILHAS DE FUTURO - ESTUDANTES,EPT
2026,2,1261,2118,71,0,Investimentos Próprios,2740.0,2740.0,2740.0,SECRETARIA DE ESTADO DE EDUCACAO,SEE,SEE,TRILHAS DE FUTURO - ESTUDANTES,EPT
2026,2,1261,2118,10,0,Investimentos Próprios,0.0,0.0,0.0,SECRETARIA DE ESTADO DE EDUCACAO,SEE,SEE,TRILHAS DE FUTURO - ESTUDANTES,EPT
2026,2,1261,2118,10,0,Investimentos Próprios,0.0,0.0,18618.92,SECRETARIA DE ESTADO DE EDUCACAO,SEE,SEE,TRILHAS DE FUTURO - ESTUDANTES,EPT
2026,2,1261,2118,10,0,Investimentos Próprios,0.0,0.0,0.0,SECRETARIA DE ESTADO DE EDUCACAO,SEE,SEE,TRILHAS DE FUTURO - ESTUDANTES,EPT
2026,2,1261,2118,10,0,Investimentos Próprios,0.0,0.0,0.0,SECRETARIA DE ESTADO DE EDUCACAO,SEE,SEE,TRILHAS DE FUTURO - ESTUDANTES,EPT
2026,2,1261,2118,10,0,Investimentos Próprios,0.0,0.0,0.0,SECRETARIA DE ESTADO DE EDUCACAO,SEE,SEE,TRILHAS DE FUTURO - ESTUDANTES,EPT
2026,2,1261,2118,10,0,Investimentos Próprios,0.0,0.0,0.0,SECRETARIA DE ESTADO DE EDUCACAO,SEE,SEE,TRILHAS DE FUTURO - ESTUDANTES,EPT
2026,2,1261,2118,10,0,Investimentos Próprios,50906.56,50906.56,98625.72,SECRETARIA DE ESTADO DE EDUCACAO,SEE,SEE,TRILHAS DE FUTURO - ESTUDANTES,EPT
2026,2,1261,2118,10,0,Investimentos Próprios,0.0,0.0,0.0,SECRETARIA DE ESTADO DE EDUCACAO,SEE,SEE,TRILHAS DE FUTURO - ESTUDANTES,EPT
2026,2,1261,2118,10,0,Investimentos Próprios,14368.4,14368.4,14368.4,SECRETARIA DE ESTADO DE EDUCACAO,SEE,SEE,TRILHAS DE FUTURO - ESTUDANTES,EPT
2026,2,1261,2118,71,0,Investimentos Próprios,10.0,0.0,0.0,SECRETARIA DE ESTADO DE EDUCACAO,SEE,SEE,TRILHAS DE FUTURO - ESTUDANTES,EPT
2026,2,1261,2118,10,0,Investimentos Próprios,62107.91,62107.91,62107.91,SECRETARIA DE ESTADO DE EDUCACAO,SEE,SEE,TRILHAS DE FUTURO - ESTUDANTES,EPT
2026,2,1261,2118,71,0,Investimentos Próprios,0.0,0.0,0.0,SECRETARIA DE ESTADO DE EDUCACAO,SEE,SEE,TRILHAS DE FUTURO - ESTUDANTES,EPT
2026,2,1261,2118,10,0,Investimentos Próprios,0.0,0.0,0.0,SECRETARIA DE ESTADO DE EDUCACAO,SEE,SEE,TRILHAS DE FUTURO - ESTUDANTES,EPT
2026,2,1261,2118,10,0,Investimentos Próprios,0.0,0.0,0.0,SECRETARIA DE ESTADO DE EDUCACAO,SEE,SEE,TRILHAS DE FUTURO - ESTUDANTES,EPT
2026,2,1261,2118,10,0,Investimentos Próprios,5405.88,0.0,5214.55,SECRETARIA DE ESTADO DE EDUCACAO,SEE,SEE,TRILHAS DE FUTURO - ESTUDANTES,EPT
2026,2,1261,2118,71,0,Investimentos Próprios,2600.0,2600.0,14320.0,SECRETARIA DE ESTADO DE EDUCACAO,SEE,SEE,TRILHAS DE FUTURO - ESTUDANTES,EPT
2026,2,1261,2118,10,0,Investimentos Próprios,139749.72,139749.72,139749.72,SECRETARIA DE ESTADO DE EDUCACAO,SEE,SEE,TRILHAS DE FUTURO - ESTUDANTES,EPT
2026,2,1261,2118,71,0,Investimentos Próprios,0.0,0.0,0.0,SECRETARIA DE ESTADO DE EDUCACAO,SEE,SEE,TRILHAS DE FUTURO - ESTUDANTES,EPT
2026,2,1261,2118,71,0,Investimentos Próprios,0.0,0.0,0.0,SECRETARIA DE ESTADO DE EDUCACAO,SEE,SEE,TRILHAS DE FUTURO - ESTUDANTES,EPT
2026,2,1261,2118,10,0,Investimentos Próprios,0.0,0.0,0.0,SECRETARIA DE ESTADO DE EDUCACAO,SEE,SEE,TRILHAS DE FUTURO - ESTUDANTES,EPT
2026,2,1261,2118,10,0,Investimentos Próprios,0.0,0.0,0.0,SECRETARIA DE ESTADO DE EDUCACAO,SEE,SEE,TRILHAS DE FUTURO - ESTUDANTES,EPT
2026,2,1261,2118,71,0,Investimentos Próprios,0.0,0.0,0.0,SECRETARIA DE ESTADO DE EDUCACAO,SEE,SEE,TRILHAS DE FUTURO - ESTUDANTES,EPT
2026,2,2301,4385,10,0,Investimentos Próprios,1907490.36,0.0,1051215.19,DEPARTAMENTO DE ESTRADAS DE RODAGEM DO ESTADO DE MINAS GERAIS,DER-MG,DER-MG,REABILITACAO DA MALHA VIARIA,Transportes
2026,2,1261,2118,10,0,Investimentos Próprios,50050.0,50050.0,50050.0,SECRETARIA DE ESTADO DE EDUCACAO,SEE,SEE,TRILHAS DE FUTURO - ESTUDANTES,EPT
2026,2,2301,4162,10,0,Investimentos Próprios,332848.37,0.0,870537.07,DEPARTAMENTO DE ESTRADAS DE RODAGEM DO ESTADO DE MINAS GERAIS,DER-MG,DER-MG,SUPORTE A GESTAO DOS ATIVOS RODOVIARIOS,Transportes
2026,2,2301,4293,32,0,Investimentos Próprios,600000.0,0.0,0.0,DEPARTAMENTO DE ESTRADAS DE RODAGEM DO ESTADO DE MINAS GERAIS,DER-MG,DER-MG,CONSERVACAO ROTINEIRA DA MALHA VIARIA,Transportes
2026,2,1261,2118,10,0,Investimentos Próprios,0.0,0.0,0.0,SECRETARIA DE ESTADO DE EDUCACAO,SEE,SEE,TRILHAS DE FUTURO - ESTUDANTES,EPT
2026,2,1261,2118,10,0,Investimentos Próprios,85467.31,85467.31,85467.31,SECRETARIA DE ESTADO DE EDUCACAO,SEE,SEE,TRILHAS DE FUTURO - ESTUDANTES,EPT
2026,2,2301,4293,32,0,Investimentos Próprios,1273393.0,1056180.38,0.0,DEPARTAMENTO DE ESTRADAS DE RODAGEM DO ESTADO DE MINAS GERAIS,DER-MG,DER-MG,CONSERVACAO ROTINEIRA DA MALHA VIARIA,Transportes
2026,2,1261,2118,71,0,Investimentos Próprios,0.0,0.0,0.0,SECRETARIA DE ESTADO DE EDUCACAO,SEE,SEE,TRILHAS DE FUTURO - ESTUDANTES,EPT
2026,2,1261,2118,10,0,Investimentos Próprios,29549.7,29549.7,29549.7,SECRETARIA DE ESTADO DE EDUCACAO,SEE,SEE,TRILHAS DE FUTURO - ESTUDANTES,EPT
2026,2,1261,2118,71,0,Investimentos Próprios,0.0,0.0,0.0,SECRETARIA DE ESTADO DE EDUCACAO,SEE,SEE,TRILHAS DE FUTURO - ESTUDANTES,EPT
2026,2,1261,2118,10,0,Investimentos Próprios,265716.75,265716.75,521911.19,SECRETARIA DE ESTADO DE EDUCACAO,SEE,SEE,TRILHAS DE FUTURO - ESTUDANTES,EPT
2026,2,1261,2118,71,0,Investimentos Próprios,0.0,0.0,0.0,SECRETARIA DE ESTADO DE EDUCACAO,SEE,SEE,TRILHAS DE FUTURO - ESTUDANTES,EPT
2026,2,1261,2118,71,0,Investimentos Próprios,3080.0,3080.0,10660.0,SECRETARIA DE ESTADO DE EDUCACAO,SEE,SEE,TRILHAS DE FUTURO - ESTUDANTES,EPT
2026,2,1261,2118,10,0,Investimentos Próprios,65939.24,65939.24,65939.24,SECRETARIA DE ESTADO DE EDUCACAO,SEE,SEE,TRILHAS DE FUTURO - ESTUDANTES,EPT
2026,2,1261,2118,71,0,Investimentos Próprios,4980.0,4980.0,4980.0,SECRETARIA DE ESTADO DE EDUCACAO,SEE,SEE,TRILHAS DE FUTURO - ESTUDANTES,EPT
2026,2,1261,2118,71,0,Investimentos Próprios,0.0,0.0,0.0,SECRETARIA DE ESTADO DE EDUCACAO,SEE,SEE,TRILHAS DE FUTURO - ESTUDANTES,EPT
2026,2,1261,2118,71,0,Investimentos Próprios,0.0,0.0,42520.0,SECRETARIA DE ESTADO DE EDUCACAO,SEE,SEE,TRILHAS DE FUTURO - ESTUDANTES,EPT
2026,2,2301,4275,10,0,Investimentos Próprios,30695.72,30695.72,30695.72,DEPARTAMENTO DE ESTRADAS DE RODAGEM DO ESTADO DE MINAS GERAIS,DER-MG,DER-MG,IMPLANTACAO/PAVIMENTACAO DA MALHA,Transportes
2026,2,1261,2118,10,0,Investimentos Próprios,19777.86,19777.86,19777.86,SECRETARIA DE ESTADO DE EDUCACAO,SEE,SEE,TRILHAS DE FUTURO - ESTUDANTES,EPT
2026,2,2301,4385,10,0,Investimentos Próprios,137000.0,0.0,73086.84,DEPARTAMENTO DE ESTRADAS DE RODAGEM DO ESTADO DE MINAS GERAIS,DER-MG,DER-MG,REABILITACAO DA MALHA VIARIA,Transportes
2026,2,1261,2118,71,0,Investimentos Próprios,0.0,0.0,11420.0,SECRETARIA DE ESTADO DE EDUCACAO,SEE,SEE,TRILHAS DE FUTURO - ESTUDANTES,EPT
2026,2,1261,2118,10,0,Investimentos Próprios,0.0,0.0,0.0,SECRETARIA DE ESTADO DE EDUCACAO,SEE,SEE,TRILHAS DE FUTURO - ESTUDANTES,EPT
2026,2,2301,4293,32,0,Investimentos Próprios,0.0,6070.36,0.0,DEPARTAMENTO DE ESTRADAS DE RODAGEM DO ESTADO DE MINAS GERAIS,DER-MG,DER-MG,CONSERVACAO ROTINEIRA DA MALHA VIARIA,Transportes
2026,2,1261,2118,71,0,Investimentos Próprios,3640.0,3640.0,3640.0,SECRETARIA DE ESTADO DE EDUCACAO,SEE,SEE,TRILHAS DE FUTURO - ESTUDANTES,EPT
2026,2,1261,2118,10,0,Investimentos Próprios,0.0,0.0,0.0,SECRETARIA DE ESTADO DE EDUCACAO,SEE,SEE,TRILHAS DE FUTURO - ESTUDANTES,EPT
2026,2,1261,2118,71,0,Investimentos Próprios,0.0,0.0,0.0,SECRETARIA DE ESTADO DE EDUCACAO,SEE,SEE,TRILHAS DE FUTURO - ESTUDANTES,EPT
2026,2,1301,1036,10,0,Investimentos Próprios,384600.34,0.0,397549.11,"SECRETARIA DE ESTADO DE INFRAESTRUTURA, MOBILIDADE E PARCERIAS",SEINFRA,SEINFRA,CONTENCAO DE ENCOSTAS EM AREAS DE RISCO - PAC ENCOSTAS,Saneamento
2026,2,1261,2118,71,0,Investimentos Próprios,0.0,0.0,0.0,SECRETARIA DE ESTADO DE EDUCACAO,SEE,SEE,TRILHAS DE FUTURO - ESTUDANTES,EPT
2026,2,1261,2118,71,0,Investimentos Próprios,0.0,0.0,0.0,SECRETARIA DE ESTADO DE EDUCACAO,SEE,SEE,TRILHAS DE FUTURO - ESTUDANTES,EPT
2026,2,1261,2118,71,0,Investimentos Próprios,0.0,0.0,0.0,SECRETARIA DE ESTADO DE EDUCACAO,SEE,SEE,TRILHAS DE FUTURO - ESTUDANTES,EPT
2026,2,1261,2118,10,0,Investimentos Próprios,10632.0,0.0,11188.08,SECRETARIA DE ESTADO DE EDUCACAO,SEE,SEE,TRILHAS DE FUTURO - ESTUDANTES,EPT
2026,2,1261,2118,10,0,Investimentos Próprios,96194.24,96194.24,96194.24,SECRETARIA DE ESTADO DE EDUCACAO,SEE,SEE,TRILHAS DE FUTURO - ESTUDANTES,EPT
2026,2,1261,2118,71,0,Investimentos Próprios,0.0,0.0,3500.0,SECRETARIA DE ESTADO DE EDUCACAO,SEE,SEE,TRILHAS DE FUTURO - ESTUDANTES,EPT
2026,2,1261,2118,71,0,Investimentos Próprios,0.0,0.0,0.0,SECRETARIA DE ESTADO DE EDUCACAO,SEE,SEE,TRILHAS DE FUTURO - ESTUDANTES,EPT
2026,2,2301,4275,10,0,Investimentos Próprios,504483.76,0.0,0.0,DEPARTAMENTO DE ESTRADAS DE RODAGEM DO ESTADO DE MINAS GERAIS,DER-MG,DER-MG,IMPLANTACAO/PAVIMENTACAO DA MALHA,Transportes
2026,2,1261,2118,71,0,Investimentos Próprios,2760.0,2760.0,2760.0,SECRETARIA DE ESTADO DE EDUCACAO,SEE,SEE,TRILHAS DE FUTURO - ESTUDANTES,EPT
2026,2,1261,2118,10,0,Investimentos Próprios,0.0,0.0,0.0,SECRETARIA DE ESTADO DE EDUCACAO,SEE,SEE,TRILHAS DE FUTURO - ESTUDANTES,EPT
2026,2,1261,2118,10,0,Investimentos Próprios,0.0,0.0,0.0,SECRETARIA DE ESTADO DE EDUCACAO,SEE,SEE,TRILHAS DE FUTURO - ESTUDANTES,EPT
2026,2,1261,2118,10,0,Investimentos Próprios,14174.33,14174.33,14174.33,SECRETARIA DE ESTADO DE EDUCACAO,SEE,SEE,TRILHAS DE FUTURO - ESTUDANTES,EPT
2026,2,1261,2118,10,0,Investimentos Próprios,112507.76,112507.76,112507.76,SECRETARIA DE ESTADO DE EDUCACAO,SEE,SEE,TRILHAS DE FUTURO - ESTUDANTES,EPT
2026,2,1261,2118,10,0,Investimentos Próprios,0.0,0.0,0.0,SECRETARIA DE ESTADO DE EDUCACAO,SEE,SEE,TRILHAS DE FUTURO - ESTUDANTES,EPT
2026,2,2301,4275,10,0,Investimentos Próprios,1253.14,1253.14,1253.14,DEPARTAMENTO DE ESTRADAS DE RODAGEM DO ESTADO DE MINAS GERAIS,DER-MG,DER-MG,IMPLANTACAO/PAVIMENTACAO DA MALHA,Transportes
2026,2,1261,2118,10,0,Investimentos Próprios,0.0,0.0,0.0,SECRETARIA DE ESTADO DE EDUCACAO,SEE,SEE,TRILHAS DE FUTURO - ESTUDANTES,EPT
2026,2,2301,4385,10,0,Investimentos Próprios,0.0,7109.46,0.0,DEPARTAMENTO DE ESTRADAS DE RODAGEM DO ESTADO DE MINAS GERAIS,DER-MG,DER-MG,REABILITACAO DA MALHA VIARIA,Transportes
2026,2,2301,4268,33,0,Investimentos Próprios,0.0,133557.2,0.0,DEPARTAMENTO DE ESTRADAS DE RODAGEM DO ESTADO DE MINAS GERAIS,DER-MG,DER-MG,AMPLIACAO DE CAPACIDADE DA MALHA E RESTAURACAO DO PAVIMENTO,Transportes
2026,2,1261,2118,10,0,Investimentos Próprios,30580.78,30580.78,30580.78,SECRETARIA DE ESTADO DE EDUCACAO,SEE,SEE,TRILHAS DE FUTURO - ESTUDANTES,EPT
2026,2,1261,2118,10,0,Investimentos Próprios,0.0,0.0,0.0,SECRETARIA DE ESTADO DE EDUCACAO,SEE,SEE,TRILHAS DE FUTURO - ESTUDANTES,EPT
2026,2,1261,2118,71,0,Investimentos Próprios,16840.0,16840.0,16840.0,SECRETARIA DE ESTADO DE EDUCACAO,SEE,SEE,TRILHAS DE FUTURO - ESTUDANTES,EPT
2026,2,1261,2118,71,0,Investimentos Próprios,0.0,0.0,0.0,SECRETARIA DE ESTADO DE EDUCACAO,SEE,SEE,TRILHAS DE FUTURO - ESTUDANTES,EPT
2026,2,1301,1041,32,0,Investimentos Próprios,864702.21,864702.21,864702.21,"SECRETARIA DE ESTADO DE INFRAESTRUTURA, MOBILIDADE E PARCERIAS",SEINFRA,SEINFRA,REQUALIFICACAO URBANA E AMBIENTAL E DE CONTROLE DE CHEIAS DO CORREGO RIACHO DAS PEDRAS - PAC RIACHO,Saneamento
2026,2,1261,2118,71,0,Investimentos Próprios,0.0,0.0,0.0,SECRETARIA DE ESTADO DE EDUCACAO,SEE,SEE,TRILHAS DE FUTURO - ESTUDANTES,EPT
2026,2,2301,4385,10,0,Investimentos Próprios,150623.27,0.0,113517.75,DEPARTAMENTO DE ESTRADAS DE RODAGEM DO ESTADO DE MINAS GERAIS,DER-MG,DER-MG,REABILITACAO DA MALHA VIARIA,Transportes
2026,2,1261,2118,10,0,Investimentos Próprios,38226.35,38226.35,38226.35,SECRETARIA DE ESTADO DE EDUCACAO,SEE,SEE,TRILHAS DE FUTURO - ESTUDANTES,EPT
2026,2,1261,2118,71,0,Investimentos Próprios,0.0,0.0,0.0,SECRETARIA DE ESTADO DE EDUCACAO,SEE,SEE,TRILHAS DE FUTURO - ESTUDANTES,EPT
2026,2,1261,2118,71,0,Investimentos Próprios,0.0,0.0,0.0,SECRETARIA DE ESTADO DE EDUCACAO,SEE,SEE,TRILHAS DE FUTURO - ESTUDANTES,EPT
2026,2,1261,2118,71,0,Investimentos Próprios,0.0,0.0,0.0,SECRETARIA DE ESTADO DE EDUCACAO,SEE,SEE,TRILHAS DE FUTURO - ESTUDANTES,EPT
2026,2,1261,2118,10,0,Investimentos Próprios,70458.63,70458.63,70458.63,SECRETARIA DE ESTADO DE EDUCACAO,SEE,SEE,TRILHAS DE FUTURO - ESTUDANTES,EPT
2026,2,1261,2118,10,0,Investimentos Próprios,0.0,0.0,0.0,SECRETARIA DE ESTADO DE EDUCACAO,SEE,SEE,TRILHAS DE FUTURO - ESTUDANTES,EPT
2026,2,1261,2118,71,0,Investimentos Próprios,0.0,0.0,0.0,SECRETARIA DE ESTADO DE EDUCACAO,SEE,SEE,TRILHAS DE FUTURO - ESTUDANTES,EPT
2026,2,1261,2118,10,0,Investimentos Próprios,0.0,0.0,0.0,SECRETARIA DE ESTADO DE EDUCACAO,SEE,SEE,TRILHAS DE FUTURO - ESTUDANTES,EPT
2026,2,2301,4162,10,0,Investimentos Próprios,400000.0,236868.4,1714340.86,DEPARTAMENTO DE ESTRADAS DE RODAGEM DO ESTADO DE MINAS GERAIS,DER-MG,DER-MG,SUPORTE A GESTAO DOS ATIVOS RODOVIARIOS,Transportes
2026,2,2301,4275,10,0,Investimentos Próprios,50000.0,0.0,0.0,DEPARTAMENTO DE ESTRADAS DE RODAGEM DO ESTADO DE MINAS GERAIS,DER-MG,DER-MG,IMPLANTACAO/PAVIMENTACAO DA MALHA,Transportes
2026,2,1261,2118,71,0,Investimentos Próprios,6920.0,6920.0,12540.0,SECRETARIA DE ESTADO DE EDUCACAO,SEE,SEE,TRILHAS DE FUTURO - ESTUDANTES,EPT
2026,2,1261,2118,10,0,Investimentos Próprios,0.0,0.0,0.0,SECRETARIA DE ESTADO DE EDUCACAO,SEE,SEE,TRILHAS DE FUTURO - ESTUDANTES,EPT
2026,2,1261,2118,10,0,Investimentos Próprios,0.0,0.0,0.0,SECRETARIA DE ESTADO DE EDUCACAO,SEE,SEE,TRILHAS DE FUTURO - ESTUDANTES,EPT
2026,2,1261,2118,71,0,Investimentos Próprios,3080.0,3080.0,3080.0,SECRETARIA DE ESTADO DE EDUCACAO,SEE,SEE,TRILHAS DE FUTURO - ESTUDANTES,EPT
2026,2,1261,2118,71,0,Investimentos Próprios,0.0,0.0,0.0,SECRETARIA DE ESTADO DE EDUCACAO,SEE,SEE,TRILHAS DE FUTURO - ESTUDANTES,EPT
2026,2,1261,2118,10,0,Investimentos Próprios,10878.77,10878.77,10878.77,SECRETARIA DE ESTADO DE EDUCACAO,SEE,SEE,TRILHAS DE FUTURO - ESTUDANTES,EPT
2026,2,1261,2118,10,0,Investimentos Próprios,0.0,0.0,0.0,SECRETARIA DE ESTADO DE EDUCACAO,SEE,SEE,TRILHAS DE FUTURO - ESTUDANTES,EPT
2026,2,1261,2118,10,0,Investimentos Próprios,9454.5,9454.5,15333.49,SECRETARIA DE ESTADO DE EDUCACAO,SEE,SEE,TRILHAS DE FUTURO - ESTUDANTES,EPT
2026,2,1261,2118,10,0,Investimentos Próprios,16366.4,16366.4,16366.4,SECRETARIA DE ESTADO DE EDUCACAO,SEE,SEE,TRILHAS DE FUTURO - ESTUDANTES,EPT
2026,2,1261,2118,71,0,Investimentos Próprios,0.0,0.0,2140.0,SECRETARIA DE ESTADO DE EDUCACAO,SEE,SEE,TRILHAS DE FUTURO - ESTUDANTES,EPT
2026,2,1261,2118,10,0,Investimentos Próprios,0.0,0.0,0.0,SECRETARIA DE ESTADO DE EDUCACAO,SEE,SEE,TRILHAS DE FUTURO - ESTUDANTES,EPT
2026,2,2301,4293,32,0,Investimentos Próprios,400000.0,570714.7,0.0,DEPARTAMENTO DE ESTRADAS DE RODAGEM DO ESTADO DE MINAS GERAIS,DER-MG,DER-MG,CONSERVACAO ROTINEIRA DA MALHA VIARIA,Transportes
2026,2,1261,2118,10,0,Investimentos Próprios,21763.49,21763.49,21763.49,SECRETARIA DE ESTADO DE EDUCACAO,SEE,SEE,TRILHAS DE FUTURO - ESTUDANTES,EPT
2026,2,1261,2118,10,0,Investimentos Próprios,20958.63,20958.63,42525.63,SECRETARIA DE ESTADO DE EDUCACAO,SEE,SEE,TRILHAS DE FUTURO - ESTUDANTES,EPT
2026,2,2301,4275,10,0,Investimentos Próprios,4000000.0,0.0,356526.51,DEPARTAMENTO DE ESTRADAS DE RODAGEM DO ESTADO DE MINAS GERAIS,DER-MG,DER-MG,IMPLANTACAO/PAVIMENTACAO DA MALHA,Transportes
2026,2,1261,2118,71,0,Investimentos Próprios,0.0,0.0,0.0,SECRETARIA DE ESTADO DE EDUCACAO,SEE,SEE,TRILHAS DE FUTURO - ESTUDANTES,EPT
2026,2,1261,2118,10,0,Investimentos Próprios,0.0,0.0,0.0,SECRETARIA DE ESTADO DE EDUCACAO,SEE,SEE,TRILHAS DE FUTURO - ESTUDANTES,EPT
2026,2,1261,2118,71,0,Investimentos Próprios,0.0,0.0,7500.0,SECRETARIA DE ESTADO DE EDUCACAO,SEE,SEE,TRILHAS DE FUTURO - ESTUDANTES,EPT
2026,2,1261,2118,10,0,Investimentos Próprios,143088.71,143088.71,275420.3,SECRETARIA DE ESTADO DE EDUCACAO,SEE,SEE,TRILHAS DE FUTURO - ESTUDANTES,EPT
2026,2,1261,2118,10,0,Investimentos Próprios,32775.0,32775.0,32775.0,SECRETARIA DE ESTADO DE EDUCACAO,SEE,SEE,TRILHAS DE FUTURO - ESTUDANTES,EPT
2026,2,1261,2118,71,0,Investimentos Próprios,3140.0,3140.0,3140.0,SECRETARIA DE ESTADO DE EDUCACAO,SEE,SEE,TRILHAS DE FUTURO - ESTUDANTES,EPT
2026,2,1261,2118,10,0,Investimentos Próprios,23887.5,23887.5,23887.5,SECRETARIA DE ESTADO DE EDUCACAO,SEE,SEE,TRILHAS DE FUTURO - ESTUDANTES,EPT
2026,2,1261,2118,71,0,Investimentos Próprios,0.0,0.0,0.0,SECRETARIA DE ESTADO DE EDUCACAO,SEE,SEE,TRILHAS DE FUTURO - ESTUDANTES,EPT
2026,2,1261,2118,71,0,Investimentos Próprios,2360.0,2360.0,6520.0,SECRETARIA DE ESTADO DE EDUCACAO,SEE,SEE,TRILHAS DE FUTURO - ESTUDANTES,EPT
2026,2,1261,2118,10,0,Investimentos Próprios,13866.58,13866.58,13866.58,SECRETARIA DE ESTADO DE EDUCACAO,SEE,SEE,TRILHAS DE FUTURO - ESTUDANTES,EPT
2026,2,1261,2118,71,0,Investimentos Próprios,3220.0,3220.0,3220.0,SECRETARIA DE ESTADO DE EDUCACAO,SEE,SEE,TRILHAS DE FUTURO - ESTUDANTES,EPT
2026,2,1261,2118,71,0,Investimentos Próprios,0.0,0.0,0.0,SECRETARIA DE ESTADO DE EDUCACAO,SEE,SEE,TRILHAS DE FUTURO - ESTUDANTES,EPT
2026,2,1261,2118,71,0,Investimentos Próprios,340.0,340.0,340.0,SECRETARIA DE ESTADO DE EDUCACAO,SEE,SEE,TRILHAS DE FUTURO - ESTUDANTES,EPT
2026,2,1261,2118,71,0,Investimentos Próprios,0.0,0.0,71300.0,SECRETARIA DE ESTADO DE EDUCACAO,SEE,SEE,TRILHAS DE FUTURO - ESTUDANTES,EPT
2026,2,1261,2118,10,0,Investimentos Próprios,0.0,0.0,0.0,SECRETARIA DE ESTADO DE EDUCACAO,SEE,SEE,TRILHAS DE FUTURO - ESTUDANTES,EPT
2026,2,1261,2118,71,0,Investimentos Próprios,0.0,0.0,25040.0,SECRETARIA DE ESTADO DE EDUCACAO,SEE,SEE,TRILHAS DE FUTURO - ESTUDANTES,EPT
2026,2,2301,4293,32,0,Investimentos Próprios,0.0,110351.25,0.0,DEPARTAMENTO DE ESTRADAS DE RODAGEM DO ESTADO DE MINAS GERAIS,DER-MG,DER-MG,CONSERVACAO ROTINEIRA DA MALHA VIARIA,Transportes
2026,2,1261,2118,10,0,Investimentos Próprios,0.0,0.0,0.0,SECRETARIA DE ESTADO DE EDUCACAO,SEE,SEE,TRILHAS DE FUTURO - ESTUDANTES,EPT
2026,2,1261,2118,10,0,Investimentos Próprios,0.0,0.0,0.0,SECRETARIA DE ESTADO DE EDUCACAO,SEE,SEE,TRILHAS DE FUTURO - ESTUDANTES,EPT
2026,2,1261,2118,10,0,Investimentos Próprios,0.0,0.0,13823.5,SECRETARIA DE ESTADO DE EDUCACAO,SEE,SEE,TRILHAS DE FUTURO - ESTUDANTES,EPT
2026,2,1261,2118,10,0,Investimentos Próprios,17854.2,17854.2,17854.2,SECRETARIA DE ESTADO DE EDUCACAO,SEE,SEE,TRILHAS DE FUTURO - ESTUDANTES,EPT
2026,2,1261,2118,10,0,Investimentos Próprios,17006.91,17006.91,32034.13,SECRETARIA DE ESTADO DE EDUCACAO,SEE,SEE,TRILHAS DE FUTURO - ESTUDANTES,EPT
2026,2,1261,2118,10,0,Investimentos Próprios,13070.59,13070.59,24466.51,SECRETARIA DE ESTADO DE EDUCACAO,SEE,SEE,TRILHAS DE FUTURO - ESTUDANTES,EPT
2026,2,1261,2118,71,0,Investimentos Próprios,0.0,0.0,0.0,SECRETARIA DE ESTADO DE EDUCACAO,SEE,SEE,TRILHAS DE FUTURO - ESTUDANTES,EPT
2026,2,1261,2118,10,0,Investimentos Próprios,0.0,0.0,0.0,SECRETARIA DE ESTADO DE EDUCACAO,SEE,SEE,TRILHAS DE FUTURO - ESTUDANTES,EPT
2026,2,1261,2118,10,0,Investimentos Próprios,0.0,0.0,0.0,SECRETARIA DE ESTADO DE EDUCACAO,SEE,SEE,TRILHAS DE FUTURO - ESTUDANTES,EPT
2026,2,1261,2118,10,0,Investimentos Próprios,0.0,0.0,0.0,SECRETARIA DE ESTADO DE EDUCACAO,SEE,SEE,TRILHAS DE FUTURO - ESTUDANTES,EPT
2026,2,1261,2118,71,0,Investimentos Próprios,0.0,0.0,0.0,SECRETARIA DE ESTADO DE EDUCACAO,SEE,SEE,TRILHAS DE FUTURO - ESTUDANTES,EPT
2026,2,1261,2118,71,0,Investimentos Próprios,0.0,0.0,0.0,SECRETARIA DE ESTADO DE EDUCACAO,SEE,SEE,TRILHAS DE FUTURO - ESTUDANTES,EPT
2026,2,2301,4275,10,0,Investimentos Próprios,-50000.0,9402.3,0.0,DEPARTAMENTO DE ESTRADAS DE RODAGEM DO ESTADO DE MINAS GERAIS,DER-MG,DER-MG,IMPLANTACAO/PAVIMENTACAO DA MALHA,Transportes
2026,2,1261,2118,71,0,Investimentos Próprios,0.0,0.0,1100.0,SECRETARIA DE ESTADO DE EDUCACAO,SEE,SEE,TRILHAS DE FUTURO - ESTUDANTES,EPT
2026,2,1261,2118,10,0,Investimentos Próprios,0.0,0.0,0.0,SECRETARIA DE ESTADO DE EDUCACAO,SEE,SEE,TRILHAS DE FUTURO - ESTUDANTES,EPT
2026,2,1261,2118,10,0,Investimentos Próprios,19582.63,19582.63,19582.63,SECRETARIA DE ESTADO DE EDUCACAO,SEE,SEE,TRILHAS DE FUTURO - ESTUDANTES,EPT
2026,2,1261,2118,71,0,Investimentos Próprios,32320.0,32320.0,84800.0,SECRETARIA DE ESTADO DE EDUCACAO,SEE,SEE,TRILHAS DE FUTURO - ESTUDANTES,EPT
2026,2,1261,2118,71,0,Investimentos Próprios,5780.0,5780.0,15920.0,SECRETARIA DE ESTADO DE EDUCACAO,SEE,SEE,TRILHAS DE FUTURO - ESTUDANTES,EPT
2026,2,1261,2118,10,0,Investimentos Próprios,0.0,0.0,0.0,SECRETARIA DE ESTADO DE EDUCACAO,SEE,SEE,TRILHAS DE FUTURO - ESTUDANTES,EPT
2026,2,1261,2118,10,0,Investimentos Próprios,54337.26,54337.26,52707.14,SECRETARIA DE ESTADO DE EDUCACAO,SEE,SEE,TRILHAS DE FUTURO - ESTUDANTES,EPT
2026,2,1261,2118,10,0,Investimentos Próprios,1988.32,1988.32,1988.32,SECRETARIA DE ESTADO DE EDUCACAO,SEE,SEE,TRILHAS DE FUTURO - ESTUDANTES,EPT
2026,2,1261,2118,10,0,Investimentos Próprios,21395.79,21395.79,42794.37,SECRETARIA DE ESTADO DE EDUCACAO,SEE,SEE,TRILHAS DE FUTURO - ESTUDANTES,EPT
2026,2,2301,4293,32,0,Investimentos Próprios,620000.0,687366.36,0.0,DEPARTAMENTO DE ESTRADAS DE RODAGEM DO ESTADO DE MINAS GERAIS,DER-MG,DER-MG,CONSERVACAO ROTINEIRA DA MALHA VIARIA,Transportes
2026,2,1261,2118,71,0,Investimentos Próprios,0.0,0.0,0.0,SECRETARIA DE ESTADO DE EDUCACAO,SEE,SEE,TRILHAS DE FUTURO - ESTUDANTES,EPT
2026,2,1261,2118,10,0,Investimentos Próprios,12012.96,0.0,10534.4,SECRETARIA DE ESTADO DE EDUCACAO,SEE,SEE,TRILHAS DE FUTURO - ESTUDANTES,EPT
2026,2,1261,2118,10,0,Investimentos Próprios,9009.63,0.0,0.0,SECRETARIA DE ESTADO DE EDUCACAO,SEE,SEE,TRILHAS DE FUTURO - ESTUDANTES,EPT
2026,2,1261,2118,10,0,Investimentos Próprios,15805.02,15805.02,15805.02,SECRETARIA DE ESTADO DE EDUCACAO,SEE,SEE,TRILHAS DE FUTURO - ESTUDANTES,EPT
2026,2,1261,2118,71,0,Investimentos Próprios,0.0,0.0,0.0,SECRETARIA DE ESTADO DE EDUCACAO,SEE,SEE,TRILHAS DE FUTURO - ESTUDANTES,EPT
2026,2,1261,2118,71,0,Investimentos Próprios,900.0,900.0,900.0,SECRETARIA DE ESTADO DE EDUCACAO,SEE,SEE,TRILHAS DE FUTURO - ESTUDANTES,EPT
2026,2,1261,2118,10,0,Investimentos Próprios,11221.79,11221.79,11221.79,SECRETARIA DE ESTADO DE EDUCACAO,SEE,SEE,TRILHAS DE FUTURO - ESTUDANTES,EPT
2026,2,1261,2118,10,0,Investimentos Próprios,22909.04,0.0,22815.44,SECRETARIA DE ESTADO DE EDUCACAO,SEE,SEE,TRILHAS DE FUTURO - ESTUDANTES,EPT
2026,2,1261,2118,71,0,Investimentos Próprios,0.0,0.0,0.0,SECRETARIA DE ESTADO DE EDUCACAO,SEE,SEE,TRILHAS DE FUTURO - ESTUDANTES,EPT
2026,2,1261,2118,71,0,Investimentos Próprios,0.0,0.0,0.0,SECRETARIA DE ESTADO DE EDUCACAO,SEE,SEE,TRILHAS DE FUTURO - ESTUDANTES,EPT
2026,2,1261,2118,71,0,Investimentos Próprios,940.0,940.0,940.0,SECRETARIA DE ESTADO DE EDUCACAO,SEE,SEE,TRILHAS DE FUTURO - ESTUDANTES,EPT
2026,2,1261,2118,71,0,Investimentos Próprios,0.0,0.0,0.0,SECRETARIA DE ESTADO DE EDUCACAO,SEE,SEE,TRILHAS DE FUTURO - ESTUDANTES,EPT
2026,2,1261,2118,10,0,Investimentos Próprios,0.0,0.0,0.0,SECRETARIA DE ESTADO DE EDUCACAO,SEE,SEE,TRILHAS DE FUTURO - ESTUDANTES,EPT
2026,2,1261,2118,71,0,Investimentos Próprios,3080.0,3080.0,3080.0,SECRETARIA DE ESTADO DE EDUCACAO,SEE,SEE,TRILHAS DE FUTURO - ESTUDANTES,EPT
2026,2,1261,2118,10,0,Investimentos Próprios,150540.58,150540.58,150540.58,SECRETARIA DE ESTADO DE EDUCACAO,SEE,SEE,TRILHAS DE FUTURO - ESTUDANTES,EPT
2026,2,1261,2118,10,0,Investimentos Próprios,0.0,0.0,0.0,SECRETARIA DE ESTADO DE EDUCACAO,SEE,SEE,TRILHAS DE FUTURO - ESTUDANTES,EPT
2026,2,1261,2118,10,0,Investimentos Próprios,0.0,0.0,0.0,SECRETARIA DE ESTADO DE EDUCACAO,SEE,SEE,TRILHAS DE FUTURO - ESTUDANTES,EPT
2026,2,1261,2118,71,0,Investimentos Próprios,12320.0,12320.0,51020.0,SECRETARIA DE ESTADO DE EDUCACAO,SEE,SEE,TRILHAS DE FUTURO - ESTUDANTES,EPT
2026,2,1261,2118,10,0,Investimentos Próprios,0.0,0.0,0.0,SECRETARIA DE ESTADO DE EDUCACAO,SEE,SEE,TRILHAS DE FUTURO - ESTUDANTES,EPT
2026,2,1261,2118,10,0,Investimentos Próprios,93219.94,93219.94,170636.62,SECRETARIA DE ESTADO DE EDUCACAO,SEE,SEE,TRILHAS DE FUTURO - ESTUDANTES,EPT
2026,2,1261,2118,10,0,Investimentos Próprios,0.0,0.0,0.0,SECRETARIA DE ESTADO DE EDUCACAO,SEE,SEE,TRILHAS DE FUTURO - ESTUDANTES,EPT
2026,2,1261,2118,71,0,Investimentos Próprios,0.0,0.0,0.0,SECRETARIA DE ESTADO DE EDUCACAO,SEE,SEE,TRILHAS DE FUTURO - ESTUDANTES,EPT
2026,2,1261,2118,71,0,Investimentos Próprios,0.0,0.0,0.0,SECRETARIA DE ESTADO DE EDUCACAO,SEE,SEE,TRILHAS DE FUTURO - ESTUDANTES,EPT
2026,2,1261,2118,71,0,Investimentos Próprios,0.0,0.0,17920.0,SECRETARIA DE ESTADO DE EDUCACAO,SEE,SEE,TRILHAS DE FUTURO - ESTUDANTES,EPT
2026,2,1261,2118,10,0,Investimentos Próprios,0.0,0.0,0.0,SECRETARIA DE ESTADO DE EDUCACAO,SEE,SEE,TRILHAS DE FUTURO - ESTUDANTES,EPT
2026,2,1261,2118,71,0,Investimentos Próprios,0.0,0.0,0.0,SECRETARIA DE ESTADO DE EDUCACAO,SEE,SEE,TRILHAS DE FUTURO - ESTUDANTES,EPT
2026,2,1261,2118,71,0,Investimentos Próprios,5080.0,5080.0,5080.0,SECRETARIA DE ESTADO DE EDUCACAO,SEE,SEE,TRILHAS DE FUTURO - ESTUDANTES,EPT
2026,2,1261,2118,10,0,Investimentos Próprios,12164.88,12164.88,12164.88,SECRETARIA DE ESTADO DE EDUCACAO,SEE,SEE,TRILHAS DE FUTURO - ESTUDANTES,EPT
2026,2,1261,2118,10,0,Investimentos Próprios,11853.93,11853.93,11853.93,SECRETARIA DE ESTADO DE EDUCACAO,SEE,SEE,TRILHAS DE FUTURO - ESTUDANTES,EPT
2026,2,1261,2118,10,0,Investimentos Próprios,0.0,0.0,0.0,SECRETARIA DE ESTADO DE EDUCACAO,SEE,SEE,TRILHAS DE FUTURO - ESTUDANTES,EPT
2026,2,2301,4385,10,0,Investimentos Próprios,2000000.0,0.0,4330763.89,DEPARTAMENTO DE ESTRADAS DE RODAGEM DO ESTADO DE MINAS GERAIS,DER-MG,DER-MG,REABILITACAO DA MALHA VIARIA,Transportes
2026,2,1261,2118,10,0,Investimentos Próprios,0.0,0.0,0.0,SECRETARIA DE ESTADO DE EDUCACAO,SEE,SEE,TRILHAS DE FUTURO - ESTUDANTES,EPT
2026,2,1261,2118,10,0,Investimentos Próprios,0.0,0.0,0.0,SECRETARIA DE ESTADO DE EDUCACAO,SEE,SEE,TRILHAS DE FUTURO - ESTUDANTES,EPT
2026,2,1261,2118,10,0,Investimentos Próprios,14766.6,0.0,13984.92,SECRETARIA DE ESTADO DE EDUCACAO,SEE,SEE,TRILHAS DE FUTURO - ESTUDANTES,EPT
2026,2,1261,2118,71,0,Investimentos Próprios,0.0,0.0,0.0,SECRETARIA DE ESTADO DE EDUCACAO,SEE,SEE,TRILHAS DE FUTURO - ESTUDANTES,EPT
2026,2,1261,2118,71,0,Investimentos Próprios,0.0,0.0,8240.0,SECRETARIA DE ESTADO DE EDUCACAO,SEE,SEE,TRILHAS DE FUTURO - ESTUDANTES,EPT
2026,2,1261,2118,71,0,Investimentos Próprios,63000.0,63000.0,168820.0,SECRETARIA DE ESTADO DE EDUCACAO,SEE,SEE,TRILHAS DE FUTURO - ESTUDANTES,EPT
2026,2,1261,2118,10,0,Investimentos Próprios,106166.2,106166.2,205507.43,SECRETARIA DE ESTADO DE EDUCACAO,SEE,SEE,TRILHAS DE FUTURO - ESTUDANTES,EPT
2026,2,1261,2118,10,0,Investimentos Próprios,0.0,0.0,0.0,SECRETARIA DE ESTADO DE EDUCACAO,SEE,SEE,TRILHAS DE FUTURO - ESTUDANTES,EPT
2026,2,1261,2118,10,0,Investimentos Próprios,104463.82,104463.82,104463.82,SECRETARIA DE ESTADO DE EDUCACAO,SEE,SEE,TRILHAS DE FUTURO - ESTUDANTES,EPT
2026,2,1261,2118,71,0,Investimentos Próprios,0.0,0.0,0.0,SECRETARIA DE ESTADO DE EDUCACAO,SEE,SEE,TRILHAS DE FUTURO - ESTUDANTES,EPT
2026,2,2301,4385,10,0,Investimentos Próprios,70000.0,0.0,16231.77,DEPARTAMENTO DE ESTRADAS DE RODAGEM DO ESTADO DE MINAS GERAIS,DER-MG,DER-MG,REABILITACAO DA MALHA VIARIA,Transportes
2026,2,1261,2118,10,0,Investimentos Próprios,0.0,0.0,0.0,SECRETARIA DE ESTADO DE EDUCACAO,SEE,SEE,TRILHAS DE FUTURO - ESTUDANTES,EPT
2026,2,1261,2118,10,0,Investimentos Próprios,19465.99,19465.99,18882.01,SECRETARIA DE ESTADO DE EDUCACAO,SEE,SEE,TRILHAS DE FUTURO - ESTUDANTES,EPT
2026,2,1261,2118,10,0,Investimentos Próprios,0.0,0.0,0.0,SECRETARIA DE ESTADO DE EDUCACAO,SEE,SEE,TRILHAS DE FUTURO - ESTUDANTES,EPT
2026,2,1261,2118,71,0,Investimentos Próprios,36540.0,36540.0,36540.0,SECRETARIA DE ESTADO DE EDUCACAO,SEE,SEE,TRILHAS DE FUTURO - ESTUDANTES,EPT
2026,2,2301,4293,32,0,Investimentos Próprios,1326375.0,1078057.33,0.0,DEPARTAMENTO DE ESTRADAS DE RODAGEM DO ESTADO DE MINAS GERAIS,DER-MG,DER-MG,CONSERVACAO ROTINEIRA DA MALHA VIARIA,Transportes
2026,2,1261,2118,10,0,Investimentos Próprios,0.0,0.0,0.0,SECRETARIA DE ESTADO DE EDUCACAO,SEE,SEE,TRILHAS DE FUTURO - ESTUDANTES,EPT
2026,2,1261,2118,10,0,Investimentos Próprios,0.0,0.0,0.0,SECRETARIA DE ESTADO DE EDUCACAO,SEE,SEE,TRILHAS DE FUTURO - ESTUDANTES,EPT
2026,2,1261,2118,10,0,Investimentos Próprios,8882.69,8882.69,8882.69,SECRETARIA DE ESTADO DE EDUCACAO,SEE,SEE,TRILHAS DE FUTURO - ESTUDANTES,EPT
2026,2,1261,2118,10,0,Investimentos Próprios,12427.0,12427.0,12427.0,SECRETARIA DE ESTADO DE EDUCACAO,SEE,SEE,TRILHAS DE FUTURO - ESTUDANTES,EPT
2026,2,1261,2118,10,0,Investimentos Próprios,16800.0,16800.0,16800.0,SECRETARIA DE ESTADO DE EDUCACAO,SEE,SEE,TRILHAS DE FUTURO - ESTUDANTES,EPT
2026,2,1261,2118,71,0,Investimentos Próprios,0.0,0.0,0.0,SECRETARIA DE ESTADO DE EDUCACAO,SEE,SEE,TRILHAS DE FUTURO - ESTUDANTES,EPT
2026,2,2301,4385,10,0,Investimentos Próprios,3000000.0,0.0,7725418.62,DEPARTAMENTO DE ESTRADAS DE RODAGEM DO ESTADO DE MINAS GERAIS,DER-MG,DER-MG,REABILITACAO DA MALHA VIARIA,Transportes
2026,2,1261,2118,10,0,Investimentos Próprios,0.0,0.0,0.0,SECRETARIA DE ESTADO DE EDUCACAO,SEE,SEE,TRILHAS DE FUTURO - ESTUDANTES,EPT
2026,2,2301,4284,10,0,Investimentos Próprios,206124.35,103652.09,260866.49,DEPARTAMENTO DE ESTRADAS DE RODAGEM DO ESTADO DE MINAS GERAIS,DER-MG,DER-MG,PREVENCAO E MITIGACAO DE DANOS AMBIENTAIS,Transportes
2026,2,1261,2118,10,0,Investimentos Próprios,0.0,0.0,0.0,SECRETARIA DE ESTADO DE EDUCACAO,SEE,SEE,TRILHAS DE FUTURO - ESTUDANTES,EPT
2026,2,1261,2118,10,0,Investimentos Próprios,0.0,0.0,0.0,SECRETARIA DE ESTADO DE EDUCACAO,SEE,SEE,TRILHAS DE FUTURO - ESTUDANTES,EPT
2026,2,1261,2118,71,0,Investimentos Próprios,3120.0,3120.0,3120.0,SECRETARIA DE ESTADO DE EDUCACAO,SEE,SEE,TRILHAS DE FUTURO - ESTUDANTES,EPT
2026,2,1261,2118,10,0,Investimentos Próprios,137152.19,137152.19,137152.19,SECRETARIA DE ESTADO DE EDUCACAO,SEE,SEE,TRILHAS DE FUTURO - ESTUDANTES,EPT
2026,2,2301,4293,32,0,Investimentos Próprios,267500.0,129950.06,251592.94,DEPARTAMENTO DE ESTRADAS DE RODAGEM DO ESTADO DE MINAS GERAIS,DER-MG,DER-MG,CONSERVACAO ROTINEIRA DA MALHA VIARIA,Transportes
2026,2,1261,2118,10,0,Investimentos Próprios,5218.56,5218.56,10437.12,SECRETARIA DE ESTADO DE EDUCACAO,SEE,SEE,TRILHAS DE FUTURO - ESTUDANTES,EPT
2026,2,1261,2118,10,0,Investimentos Próprios,85662.82,85662.82,85662.82,SECRETARIA DE ESTADO DE EDUCACAO,SEE,SEE,TRILHAS DE FUTURO - ESTUDANTES,EPT
2026,2,1261,2118,71,0,Investimentos Próprios,2020.0,2020.0,2020.0,SECRETARIA DE ESTADO DE EDUCACAO,SEE,SEE,TRILHAS DE FUTURO - ESTUDANTES,EPT
2026,2,1261,2118,10,0,Investimentos Próprios,0.0,0.0,0.0,SECRETARIA DE ESTADO DE EDUCACAO,SEE,SEE,TRILHAS DE FUTURO - ESTUDANTES,EPT
2026,2,1261,2118,71,0,Investimentos Próprios,0.0,0.0,0.0,SECRETARIA DE ESTADO DE EDUCACAO,SEE,SEE,TRILHAS DE FUTURO - ESTUDANTES,EPT
2026,2,1261,2118,71,0,Investimentos Próprios,4600.0,4600.0,4600.0,SECRETARIA DE ESTADO DE EDUCACAO,SEE,SEE,TRILHAS DE FUTURO - ESTUDANTES,EPT
2026,2,1261,2118,71,0,Investimentos Próprios,0.0,0.0,57960.0,SECRETARIA DE ESTADO DE EDUCACAO,SEE,SEE,TRILHAS DE FUTURO - ESTUDANTES,EPT
2026,2,1261,2118,10,0,Investimentos Próprios,0.0,0.0,0.0,SECRETARIA DE ESTADO DE EDUCACAO,SEE,SEE,TRILHAS DE FUTURO - ESTUDANTES,EPT
2026,2,1261,2118,71,0,Investimentos Próprios,0.0,0.0,34740.0,SECRETARIA DE ESTADO DE EDUCACAO,SEE,SEE,TRILHAS DE FUTURO - ESTUDANTES,EPT
2026,2,1261,2118,71,0,Investimentos Próprios,0.0,0.0,4100.0,SECRETARIA DE ESTADO DE EDUCACAO,SEE,SEE,TRILHAS DE FUTURO - ESTUDANTES,EPT
2026,2,1261,2118,10,0,Investimentos Próprios,0.0,0.0,0.0,SECRETARIA DE ESTADO DE EDUCACAO,SEE,SEE,TRILHAS DE FUTURO - ESTUDANTES,EPT
2026,2,1261,2118,10,0,Investimentos Próprios,84364.21,84364.21,84364.21,SECRETARIA DE ESTADO DE EDUCACAO,SEE,SEE,TRILHAS DE FUTURO - ESTUDANTES,EPT
2026,2,1261,2118,10,0,Investimentos Próprios,6862.72,6862.72,6862.72,SECRETARIA DE ESTADO DE EDUCACAO,SEE,SEE,TRILHAS DE FUTURO - ESTUDANTES,EPT
2026,2,1261,2118,10,0,Investimentos Próprios,23112.77,23112.77,23112.77,SECRETARIA DE ESTADO DE EDUCACAO,SEE,SEE,TRILHAS DE FUTURO - ESTUDANTES,EPT
2026,2,2301,4284,10,0,Investimentos Próprios,13721.95,4429.53,137040.69,DEPARTAMENTO DE ESTRADAS DE RODAGEM DO ESTADO DE MINAS GERAIS,DER-MG,DER-MG,PREVENCAO E MITIGACAO DE DANOS AMBIENTAIS,Transportes
2026,2,1261,2118,10,0,Investimentos Próprios,0.0,0.0,0.0,SECRETARIA DE ESTADO DE EDUCACAO,SEE,SEE,TRILHAS DE FUTURO - ESTUDANTES,EPT
2026,2,4381,4210,54,0,Investimentos Próprios,0.0,156543.28,0.0,FUNDO ESTADUAL DE DESENVOLVIMENTO DE TRANSPORTES,FUNTRANS,FUNTRANS,REGULACAO DO USO E OCUPACAO DA FAIXA DE DOMINIO,Transportes
2026,2,1261,2118,10,0,Investimentos Próprios,37243.14,0.0,0.0,SECRETARIA DE ESTADO DE EDUCACAO,SEE,SEE,TRILHAS DE FUTURO - ESTUDANTES,EPT
2026,2,1261,2118,71,0,Investimentos Próprios,0.0,0.0,0.0,SECRETARIA DE ESTADO DE EDUCACAO,SEE,SEE,TRILHAS DE FUTURO - ESTUDANTES,EPT
2026,2,1261,2118,71,0,Investimentos Próprios,0.0,0.0,0.0,SECRETARIA DE ESTADO DE EDUCACAO,SEE,SEE,TRILHAS DE FUTURO - ESTUDANTES,EPT
2026,2,1261,2118,71,0,Investimentos Próprios,0.0,0.0,5700.0,SECRETARIA DE ESTADO DE EDUCACAO,SEE,SEE,TRILHAS DE FUTURO - ESTUDANTES,EPT
2026,2,1261,2118,71,0,Investimentos Próprios,0.0,0.0,6480.0,SECRETARIA DE ESTADO DE EDUCACAO,SEE,SEE,TRILHAS DE FUTURO - ESTUDANTES,EPT
2026,2,1261,2118,71,0,Investimentos Próprios,0.0,0.0,1280.0,SECRETARIA DE ESTADO DE EDUCACAO,SEE,SEE,TRILHAS DE FUTURO - ESTUDANTES,EPT
2026,2,1261,2118,71,0,Investimentos Próprios,0.0,0.0,7300.0,SECRETARIA DE ESTADO DE EDUCACAO,SEE,SEE,TRILHAS DE FUTURO - ESTUDANTES,EPT
2026,2,2301,4162,10,0,Investimentos Próprios,400000.0,236868.4,1714340.85,DEPARTAMENTO DE ESTRADAS DE RODAGEM DO ESTADO DE MINAS GERAIS,DER-MG,DER-MG,SUPORTE A GESTAO DOS ATIVOS RODOVIARIOS,Transportes
2026,2,1261,2118,71,0,Investimentos Próprios,0.0,0.0,8180.0,SECRETARIA DE ESTADO DE EDUCACAO,SEE,SEE,TRILHAS DE FUTURO - ESTUDANTES,EPT
2026,2,1261,2118,71,0,Investimentos Próprios,0.0,0.0,0.0,SECRETARIA DE ESTADO DE EDUCACAO,SEE,SEE,TRILHAS DE FUTURO - ESTUDANTES,EPT
2026,2,1261,2118,71,0,Investimentos Próprios,4400.0,4400.0,4400.0,SECRETARIA DE ESTADO DE EDUCACAO,SEE,SEE,TRILHAS DE FUTURO - ESTUDANTES,EPT
2026,2,1261,2118,71,0,Investimentos Próprios,1540.0,1540.0,6060.0,SECRETARIA DE ESTADO DE EDUCACAO,SEE,SEE,TRILHAS DE FUTURO - ESTUDANTES,EPT
2026,2,1261,2118,10,0,Investimentos Próprios,15419.4,15419.4,15419.4,SECRETARIA DE ESTADO DE EDUCACAO,SEE,SEE,TRILHAS DE FUTURO - ESTUDANTES,EPT
2026,2,1261,2118,71,0,Investimentos Próprios,0.0,0.0,0.0,SECRETARIA DE ESTADO DE EDUCACAO,SEE,SEE,TRILHAS DE FUTURO - ESTUDANTES,EPT
2026,2,1261,2118,10,0,Investimentos Próprios,0.0,0.0,0.0,SECRETARIA DE ESTADO DE EDUCACAO,SEE,SEE,TRILHAS DE FUTURO - ESTUDANTES,EPT
2026,2,2301,4293,32,0,Investimentos Próprios,196000.0,241924.39,0.0,DEPARTAMENTO DE ESTRADAS DE RODAGEM DO ESTADO DE MINAS GERAIS,DER-MG,DER-MG,CONSERVACAO ROTINEIRA DA MALHA VIARIA,Transportes
2026,2,1261,2118,71,0,Investimentos Próprios,0.0,0.0,10360.0,SECRETARIA DE ESTADO DE EDUCACAO,SEE,SEE,TRILHAS DE FUTURO - ESTUDANTES,EPT
2026,2,1261,2118,10,0,Investimentos Próprios,0.0,0.0,0.0,SECRETARIA DE ESTADO DE EDUCACAO,SEE,SEE,TRILHAS DE FUTURO - ESTUDANTES,EPT
2026,2,1261,2118,10,0,Investimentos Próprios,0.0,0.0,0.0,SECRETARIA DE ESTADO DE EDUCACAO,SEE,SEE,TRILHAS DE FUTURO - ESTUDANTES,EPT
2026,2,1261,2118,10,0,Investimentos Próprios,14016.0,14016.0,14016.0,SECRETARIA DE ESTADO DE EDUCACAO,SEE,SEE,TRILHAS DE FUTURO - ESTUDANTES,EPT
2026,2,1261,2118,71,0,Investimentos Próprios,0.0,0.0,0.0,SECRETARIA DE ESTADO DE EDUCACAO,SEE,SEE,TRILHAS DE FUTURO - ESTUDANTES,EPT
2026,2,1261,2118,10,0,Investimentos Próprios,0.0,0.0,0.0,SECRETARIA DE ESTADO DE EDUCACAO,SEE,SEE,TRILHAS DE FUTURO - ESTUDANTES,EPT
2026,2,2301,4162,10,0,Investimentos Próprios,933139.35,0.0,631764.52,DEPARTAMENTO DE ESTRADAS DE RODAGEM DO ESTADO DE MINAS GERAIS,DER-MG,DER-MG,SUPORTE A GESTAO DOS ATIVOS RODOVIARIOS,Transportes
2026,2,2301,4275,10,0,Investimentos Próprios,0.0,0.0,0.0,DEPARTAMENTO DE ESTRADAS DE RODAGEM DO ESTADO DE MINAS GERAIS,DER-MG,DER-MG,IMPLANTACAO/PAVIMENTACAO DA MALHA,Transportes
2026,2,1261,2118,10,0,Investimentos Próprios,0.0,0.0,0.0,SECRETARIA DE ESTADO DE EDUCACAO,SEE,SEE,TRILHAS DE FUTURO - ESTUDANTES,EPT
2026,2,1261,2118,10,0,Investimentos Próprios,0.0,0.0,0.0,SECRETARIA DE ESTADO DE EDUCACAO,SEE,SEE,TRILHAS DE FUTURO - ESTUDANTES,EPT
2026,2,1261,2118,10,0,Investimentos Próprios,5383.42,0.0,0.0,SECRETARIA DE ESTADO DE EDUCACAO,SEE,SEE,TRILHAS DE FUTURO - ESTUDANTES,EPT
2026,2,1261,2118,71,0,Investimentos Próprios,560.0,560.0,7560.0,SECRETARIA DE ESTADO DE EDUCACAO,SEE,SEE,TRILHAS DE FUTURO - ESTUDANTES,EPT
2026,2,1261,2118,10,0,Investimentos Próprios,15880.68,15880.68,31513.42,SECRETARIA DE ESTADO DE EDUCACAO,SEE,SEE,TRILHAS DE FUTURO - ESTUDANTES,EPT
2026,2,1261,2118,10,0,Investimentos Próprios,0.0,0.0,115930.73,SECRETARIA DE ESTADO DE EDUCACAO,SEE,SEE,TRILHAS DE FUTURO - ESTUDANTES,EPT
2026,2,1261,2118,71,0,Investimentos Próprios,0.0,0.0,6160.0,SECRETARIA DE ESTADO DE EDUCACAO,SEE,SEE,TRILHAS DE FUTURO - ESTUDANTES,EPT
2026,2,1261,2118,10,0,Investimentos Próprios,0.0,0.0,0.0,SECRETARIA DE ESTADO DE EDUCACAO,SEE,SEE,TRILHAS DE FUTURO - ESTUDANTES,EPT
2026,2,1261,2118,71,0,Investimentos Próprios,2140.0,2140.0,2140.0,SECRETARIA DE ESTADO DE EDUCACAO,SEE,SEE,TRILHAS DE FUTURO - ESTUDANTES,EPT
2026,2,1261,2118,10,0,Investimentos Próprios,0.0,0.0,0.0,SECRETARIA DE ESTADO DE EDUCACAO,SEE,SEE,TRILHAS DE FUTURO - ESTUDANTES,EPT
2026,2,1261,2118,71,0,Investimentos Próprios,0.0,0.0,0.0,SECRETARIA DE ESTADO DE EDUCACAO,SEE,SEE,TRILHAS DE FUTURO - ESTUDANTES,EPT
2026,2,1261,2118,10,0,Investimentos Próprios,12791.9,12791.9,25583.8,SECRETARIA DE ESTADO DE EDUCACAO,SEE,SEE,TRILHAS DE FUTURO - ESTUDANTES,EPT
2026,2,1261,2118,10,0,Investimentos Próprios,0.0,0.0,0.0,SECRETARIA DE ESTADO DE EDUCACAO,SEE,SEE,TRILHAS DE FUTURO - ESTUDANTES,EPT
2026,2,2301,4293,32,0,Investimentos Próprios,0.0,7221.26,0.0,DEPARTAMENTO DE ESTRADAS DE RODAGEM DO ESTADO DE MINAS GERAIS,DER-MG,DER-MG,CONSERVACAO ROTINEIRA DA MALHA VIARIA,Transportes
2026,2,1261,2118,10,0,Investimentos Próprios,0.0,0.0,0.0,SECRETARIA DE ESTADO DE EDUCACAO,SEE,SEE,TRILHAS DE FUTURO - ESTUDANTES,EPT
2026,2,2301,4293,32,0,Investimentos Próprios,890000.0,788079.62,0.0,DEPARTAMENTO DE ESTRADAS DE RODAGEM DO ESTADO DE MINAS GERAIS,DER-MG,DER-MG,CONSERVACAO ROTINEIRA DA MALHA VIARIA,Transportes
2026,2,1261,2118,71,0,Investimentos Próprios,0.0,0.0,0.0,SECRETARIA DE ESTADO DE EDUCACAO,SEE,SEE,TRILHAS DE FUTURO - ESTUDANTES,EPT
2026,2,1261,2118,71,0,Investimentos Próprios,0.0,0.0,0.0,SECRETARIA DE ESTADO DE EDUCACAO,SEE,SEE,TRILHAS DE FUTURO - ESTUDANTES,EPT
2026,2,2301,4162,10,0,Investimentos Próprios,2332848.37,0.0,1317246.73,DEPARTAMENTO DE ESTRADAS DE RODAGEM DO ESTADO DE MINAS GERAIS,DER-MG,DER-MG,SUPORTE A GESTAO DOS ATIVOS RODOVIARIOS,Transportes
2026,2,2301,4385,10,0,Investimentos Próprios,13000.0,0.0,9166.8,DEPARTAMENTO DE ESTRADAS DE RODAGEM DO ESTADO DE MINAS GERAIS,DER-MG,DER-MG,REABILITACAO DA MALHA VIARIA,Transportes
2026,2,1261,2118,71,0,Investimentos Próprios,10.0,0.0,0.0,SECRETARIA DE ESTADO DE EDUCACAO,SEE,SEE,TRILHAS DE FUTURO - ESTUDANTES,EPT
2026,2,1261,2118,10,0,Investimentos Próprios,40918.8,40918.8,40918.8,SECRETARIA DE ESTADO DE EDUCACAO,SEE,SEE,TRILHAS DE FUTURO - ESTUDANTES,EPT
2026,2,1261,2118,10,0,Investimentos Próprios,9997.0,9997.0,9997.0,SECRETARIA DE ESTADO DE EDUCACAO,SEE,SEE,TRILHAS DE FUTURO - ESTUDANTES,EPT
2026,2,1261,2118,71,0,Investimentos Próprios,1920.0,1920.0,1920.0,SECRETARIA DE ESTADO DE EDUCACAO,SEE,SEE,TRILHAS DE FUTURO - ESTUDANTES,EPT
2026,2,1261,2118,71,0,Investimentos Próprios,0.0,0.0,10120.0,SECRETARIA DE ESTADO DE EDUCACAO,SEE,SEE,TRILHAS DE FUTURO - ESTUDANTES,EPT
2026,2,1261,2118,10,0,Investimentos Próprios,15985.06,15985.06,15985.06,SECRETARIA DE ESTADO DE EDUCACAO,SEE,SEE,TRILHAS DE FUTURO - ESTUDANTES,EPT
2026,2,1261,2118,71,0,Investimentos Próprios,0.0,0.0,8020.0,SECRETARIA DE ESTADO DE EDUCACAO,SEE,SEE,TRILHAS DE FUTURO - ESTUDANTES,EPT
2026,2,1261,2118,10,0,Investimentos Próprios,6608.4,0.0,0.0,SECRETARIA DE ESTADO DE EDUCACAO,SEE,SEE,TRILHAS DE FUTURO - ESTUDANTES,EPT
2026,2,1261,2118,71,0,Investimentos Próprios,4800.0,2680.0,8720.0,SECRETARIA DE ESTADO DE EDUCACAO,SEE,SEE,TRILHAS DE FUTURO - ESTUDANTES,EPT
2026,2,1261,2118,71,0,Investimentos Próprios,3420.0,3420.0,3420.0,SECRETARIA DE ESTADO DE EDUCACAO,SEE,SEE,TRILHAS DE FUTURO - ESTUDANTES,EPT
2026,2,1261,2118,71,0,Investimentos Próprios,0.0,0.0,0.0,SECRETARIA DE ESTADO DE EDUCACAO,SEE,SEE,TRILHAS DE FUTURO - ESTUDANTES,EPT
2026,2,1261,2118,71,0,Investimentos Próprios,0.0,0.0,0.0,SECRETARIA DE ESTADO DE EDUCACAO,SEE,SEE,TRILHAS DE FUTURO - ESTUDANTES,EPT
2026,2,1261,2118,71,0,Investimentos Próprios,0.0,0.0,0.0,SECRETARIA DE ESTADO DE EDUCACAO,SEE,SEE,TRILHAS DE FUTURO - ESTUDANTES,EPT
2026,2,1261,2118,10,0,Investimentos Próprios,79237.12,79237.12,79237.12,SECRETARIA DE ESTADO DE EDUCACAO,SEE,SEE,TRILHAS DE FUTURO - ESTUDANTES,EPT
2026,2,1261,2118,71,0,Investimentos Próprios,5400.0,5400.0,11460.0,SECRETARIA DE ESTADO DE EDUCACAO,SEE,SEE,TRILHAS DE FUTURO - ESTUDANTES,EPT
2026,2,1261,2118,71,0,Investimentos Próprios,5180.0,5180.0,16580.0,SECRETARIA DE ESTADO DE EDUCACAO,SEE,SEE,TRILHAS DE FUTURO - ESTUDANTES,EPT
2026,2,1261,2118,10,0,Investimentos Próprios,0.0,0.0,0.0,SECRETARIA DE ESTADO DE EDUCACAO,SEE,SEE,TRILHAS DE FUTURO - ESTUDANTES,EPT
2026,2,1261,2118,71,0,Investimentos Próprios,0.0,0.0,0.0,SECRETARIA DE ESTADO DE EDUCACAO,SEE,SEE,TRILHAS DE FUTURO - ESTUDANTES,EPT
2026,2,1261,2118,71,0,Investimentos Próprios,3100.0,3100.0,9420.0,SECRETARIA DE ESTADO DE EDUCACAO,SEE,SEE,TRILHAS DE FUTURO - ESTUDANTES,EPT
2026,2,1261,2118,10,0,Investimentos Próprios,0.0,0.0,0.0,SECRETARIA DE ESTADO DE EDUCACAO,SEE,SEE,TRILHAS DE FUTURO - ESTUDANTES,EPT
2026,2,1261,2118,10,0,Investimentos Próprios,17550.0,17550.0,17550.0,SECRETARIA DE ESTADO DE EDUCACAO,SEE,SEE,TRILHAS DE FUTURO - ESTUDANTES,EPT
2026,2,1261,2118,10,0,Investimentos Próprios,0.0,0.0,0.0,SECRETARIA DE ESTADO DE EDUCACAO,SEE,SEE,TRILHAS DE FUTURO - ESTUDANTES,EPT
2026,2,1261,2118,10,0,Investimentos Próprios,0.0,0.0,0.0,SECRETARIA DE ESTADO DE EDUCACAO,SEE,SEE,TRILHAS DE FUTURO - ESTUDANTES,EPT
2026,2,1261,2118,71,0,Investimentos Próprios,0.0,0.0,26660.0,SECRETARIA DE ESTADO DE EDUCACAO,SEE,SEE,TRILHAS DE FUTURO - ESTUDANTES,EPT
2026,2,1261,2118,71,0,Investimentos Próprios,7400.0,7400.0,7400.0,SECRETARIA DE ESTADO DE EDUCACAO,SEE,SEE,TRILHAS DE FUTURO - ESTUDANTES,EPT
2026,2,1261,2118,10,0,Investimentos Próprios,26479.44,26479.44,26479.44,SECRETARIA DE ESTADO DE EDUCACAO,SEE,SEE,TRILHAS DE FUTURO - ESTUDANTES,EPT
2026,2,1261,2118,10,0,Investimentos Próprios,24410.88,24410.88,24410.88,SECRETARIA DE ESTADO DE EDUCACAO,SEE,SEE,TRILHAS DE FUTURO - ESTUDANTES,EPT
2026,2,1301,1036,10,0,Investimentos Próprios,365565.76,0.0,700969.13,"SECRETARIA DE ESTADO DE INFRAESTRUTURA, MOBILIDADE E PARCERIAS",SEINFRA,SEINFRA,CONTENCAO DE ENCOSTAS EM AREAS DE RISCO - PAC ENCOSTAS,Saneamento
2026,2,1261,2118,71,0,Investimentos Próprios,0.0,0.0,0.0,SECRETARIA DE ESTADO DE EDUCACAO,SEE,SEE,TRILHAS DE FUTURO - ESTUDANTES,EPT
2026,2,1261,2118,10,0,Investimentos Próprios,38572.45,38572.45,38572.45,SECRETARIA DE ESTADO DE EDUCACAO,SEE,SEE,TRILHAS DE FUTURO - ESTUDANTES,EPT
2026,2,1261,2118,10,0,Investimentos Próprios,24757.85,24757.85,47548.95,SECRETARIA DE ESTADO DE EDUCACAO,SEE,SEE,TRILHAS DE FUTURO - ESTUDANTES,EPT
2026,2,1261,2118,71,0,Investimentos Próprios,0.0,0.0,0.0,SECRETARIA DE ESTADO DE EDUCACAO,SEE,SEE,TRILHAS DE FUTURO - ESTUDANTES,EPT
2026,2,1261,2118,10,0,Investimentos Próprios,25989.08,25989.08,25989.08,SECRETARIA DE ESTADO DE EDUCACAO,SEE,SEE,TRILHAS DE FUTURO - ESTUDANTES,EPT
2026,2,1261,2118,71,0,Investimentos Próprios,0.0,0.0,53200.0,SECRETARIA DE ESTADO DE EDUCACAO,SEE,SEE,TRILHAS DE FUTURO - ESTUDANTES,EPT
2026,2,1261,2118,71,0,Investimentos Próprios,0.0,0.0,0.0,SECRETARIA DE ESTADO DE EDUCACAO,SEE,SEE,TRILHAS DE FUTURO - ESTUDANTES,EPT
2026,2,2301,4275,10,0,Investimentos Próprios,2300000.0,0.0,482167.63,DEPARTAMENTO DE ESTRADAS DE RODAGEM DO ESTADO DE MINAS GERAIS,DER-MG,DER-MG,IMPLANTACAO/PAVIMENTACAO DA MALHA,Transportes
2026,2,2301,4275,10,0,Investimentos Próprios,-504483.76,127372.99,0.0,DEPARTAMENTO DE ESTRADAS DE RODAGEM DO ESTADO DE MINAS GERAIS,DER-MG,DER-MG,IMPLANTACAO/PAVIMENTACAO DA MALHA,Transportes
2026,2,2301,4162,10,0,Investimentos Próprios,450000.0,444288.43,2900638.88,DEPARTAMENTO DE ESTRADAS DE RODAGEM DO ESTADO DE MINAS GERAIS,DER-MG,DER-MG,SUPORTE A GESTAO DOS ATIVOS RODOVIARIOS,Transportes
2026,2,1261,2118,71,0,Investimentos Próprios,0.0,0.0,4660.0,SECRETARIA DE ESTADO DE EDUCACAO,SEE,SEE,TRILHAS DE FUTURO - ESTUDANTES,EPT
2026,2,1261,2118,71,0,Investimentos Próprios,4840.0,4840.0,10340.0,SECRETARIA DE ESTADO DE EDUCACAO,SEE,SEE,TRILHAS DE FUTURO - ESTUDANTES,EPT
2026,2,1261,2118,71,0,Investimentos Próprios,0.0,0.0,0.0,SECRETARIA DE ESTADO DE EDUCACAO,SEE,SEE,TRILHAS DE FUTURO - ESTUDANTES,EPT
2026,2,1261,2118,71,0,Investimentos Próprios,2260.0,2260.0,2260.0,SECRETARIA DE ESTADO DE EDUCACAO,SEE,SEE,TRILHAS DE FUTURO - ESTUDANTES,EPT
2026,2,1261,2118,10,0,Investimentos Próprios,0.0,0.0,0.0,SECRETARIA DE ESTADO DE EDUCACAO,SEE,SEE,TRILHAS DE FUTURO - ESTUDANTES,EPT
2026,2,1261,2118,10,0,Investimentos Próprios,7160.3,7160.3,7160.3,SECRETARIA DE ESTADO DE EDUCACAO,SEE,SEE,TRILHAS DE FUTURO - ESTUDANTES,EPT
2026,2,1261,2118,10,0,Investimentos Próprios,0.0,0.0,0.0,SECRETARIA DE ESTADO DE EDUCACAO,SEE,SEE,TRILHAS DE FUTURO - ESTUDANTES,EPT
2026,2,1261,2118,10,0,Investimentos Próprios,0.0,0.0,15341.5,SECRETARIA DE ESTADO DE EDUCACAO,SEE,SEE,TRILHAS DE FUTURO - ESTUDANTES,EPT
2026,2,1261,2118,10,0,Investimentos Próprios,0.0,0.0,0.0,SECRETARIA DE ESTADO DE EDUCACAO,SEE,SEE,TRILHAS DE FUTURO - ESTUDANTES,EPT
2026,2,2301,4293,32,0,Investimentos Próprios,0.0,105577.8,0.0,DEPARTAMENTO DE ESTRADAS DE RODAGEM DO ESTADO DE MINAS GERAIS,DER-MG,DER-MG,CONSERVACAO ROTINEIRA DA MALHA VIARIA,Transportes
2026,2,2301,4268,33,0,Investimentos Próprios,84828.0,0.0,82848.68,DEPARTAMENTO DE ESTRADAS DE RODAGEM DO ESTADO DE MINAS GERAIS,DER-MG,DER-MG,AMPLIACAO DE CAPACIDADE DA MALHA E RESTAURACAO DO PAVIMENTO,Transportes
2026,2,1261,2118,10,0,Investimentos Próprios,14516.8,14516.8,14516.8,SECRETARIA DE ESTADO DE EDUCACAO,SEE,SEE,TRILHAS DE FUTURO - ESTUDANTES,EPT
2026,2,1261,2118,10,0,Investimentos Próprios,10423.59,10423.59,20833.71,SECRETARIA DE ESTADO DE EDUCACAO,SEE,SEE,TRILHAS DE FUTURO - ESTUDANTES,EPT
2026,2,1261,2118,10,0,Investimentos Próprios,18816.33,18816.33,18816.33,SECRETARIA DE ESTADO DE EDUCACAO,SEE,SEE,TRILHAS DE FUTURO - ESTUDANTES,EPT
2026,2,1261,2118,71,0,Investimentos Próprios,4880.0,4880.0,4880.0,SECRETARIA DE ESTADO DE EDUCACAO,SEE,SEE,TRILHAS DE FUTURO - ESTUDANTES,EPT
2026,2,1261,2118,71,0,Investimentos Próprios,480.0,480.0,8340.0,SECRETARIA DE ESTADO DE EDUCACAO,SEE,SEE,TRILHAS DE FUTURO - ESTUDANTES,EPT
2026,2,1261,2118,71,0,Investimentos Próprios,0.0,0.0,0.0,SECRETARIA DE ESTADO DE EDUCACAO,SEE,SEE,TRILHAS DE FUTURO - ESTUDANTES,EPT
2026,2,1261,2118,71,0,Investimentos Próprios,6980.0,6980.0,14560.0,SECRETARIA DE ESTADO DE EDUCACAO,SEE,SEE,TRILHAS DE FUTURO - ESTUDANTES,EPT
2026,2,1261,2118,10,0,Investimentos Próprios,52087.55,52087.55,52087.55,SECRETARIA DE ESTADO DE EDUCACAO,SEE,SEE,TRILHAS DE FUTURO - ESTUDANTES,EPT
2026,2,1261,2118,71,0,Investimentos Próprios,2720.0,2720.0,2720.0,SECRETARIA DE ESTADO DE EDUCACAO,SEE,SEE,TRILHAS DE FUTURO - ESTUDANTES,EPT
2026,2,1261,2118,71,0,Investimentos Próprios,3320.0,3320.0,10700.0,SECRETARIA DE ESTADO DE EDUCACAO,SEE,SEE,TRILHAS DE FUTURO - ESTUDANTES,EPT
2026,2,1261,2118,10,0,Investimentos Próprios,21192.99,21192.99,21192.99,SECRETARIA DE ESTADO DE EDUCACAO,SEE,SEE,TRILHAS DE FUTURO - ESTUDANTES,EPT
2026,2,1261,2118,10,0,Investimentos Próprios,0.0,0.0,0.0,SECRETARIA DE ESTADO DE EDUCACAO,SEE,SEE,TRILHAS DE FUTURO - ESTUDANTES,EPT
2026,2,1261,2118,71,0,Investimentos Próprios,4660.0,4660.0,4660.0,SECRETARIA DE ESTADO DE EDUCACAO,SEE,SEE,TRILHAS DE FUTURO - ESTUDANTES,EPT
2026,2,1261,2118,71,0,Investimentos Próprios,3860.0,3860.0,10400.0,SECRETARIA DE ESTADO DE EDUCACAO,SEE,SEE,TRILHAS DE FUTURO - ESTUDANTES,EPT
2026,2,1261,2118,10,0,Investimentos Próprios,0.0,0.0,0.0,SECRETARIA DE ESTADO DE EDUCACAO,SEE,SEE,TRILHAS DE FUTURO - ESTUDANTES,EPT
2026,2,1261,2118,10,0,Investimentos Próprios,0.0,0.0,0.0,SECRETARIA DE ESTADO DE EDUCACAO,SEE,SEE,TRILHAS DE FUTURO - ESTUDANTES,EPT
2026,2,1261,2118,10,0,Investimentos Próprios,0.0,0.0,0.0,SECRETARIA DE ESTADO DE EDUCACAO,SEE,SEE,TRILHAS DE FUTURO - ESTUDANTES,EPT
2026,2,1261,2118,71,0,Investimentos Próprios,0.0,0.0,5300.0,SECRETARIA DE ESTADO DE EDUCACAO,SEE,SEE,TRILHAS DE FUTURO - ESTUDANTES,EPT
2026,2,2301,4162,10,0,Investimentos Próprios,50000.0,5679.73,61235.28,DEPARTAMENTO DE ESTRADAS DE RODAGEM DO ESTADO DE MINAS GERAIS,DER-MG,DER-MG,SUPORTE A GESTAO DOS ATIVOS RODOVIARIOS,Transportes
2026,2,1261,2118,71,0,Investimentos Próprios,41280.0,41280.0,41280.0,SECRETARIA DE ESTADO DE EDUCACAO,SEE,SEE,TRILHAS DE FUTURO - ESTUDANTES,EPT
2026,2,2301,4268,33,0,Investimentos Próprios,0.0,7524.6,0.0,DEPARTAMENTO DE ESTRADAS DE RODAGEM DO ESTADO DE MINAS GERAIS,DER-MG,DER-MG,AMPLIACAO DE CAPACIDADE DA MALHA E RESTAURACAO DO PAVIMENTO,Transportes
2026,2,1261,2118,10,0,Investimentos Próprios,62749.14,62749.14,62749.14,SECRETARIA DE ESTADO DE EDUCACAO,SEE,SEE,TRILHAS DE FUTURO - ESTUDANTES,EPT
2026,2,2301,4293,32,0,Investimentos Próprios,9500.0,7939.63,0.0,DEPARTAMENTO DE ESTRADAS DE RODAGEM DO ESTADO DE MINAS GERAIS,DER-MG,DER-MG,CONSERVACAO ROTINEIRA DA MALHA VIARIA,Transportes
2026,2,1261,2118,10,0,Investimentos Próprios,0.0,0.0,0.0,SECRETARIA DE ESTADO DE EDUCACAO,SEE,SEE,TRILHAS DE FUTURO - ESTUDANTES,EPT
2026,2,1261,2118,10,0,Investimentos Próprios,0.0,0.0,0.0,SECRETARIA DE ESTADO DE EDUCACAO,SEE,SEE,TRILHAS DE FUTURO - ESTUDANTES,EPT
2026,2,2301,4284,10,0,Investimentos Próprios,13721.96,4429.53,137040.64,DEPARTAMENTO DE ESTRADAS DE RODAGEM DO ESTADO DE MINAS GERAIS,DER-MG,DER-MG,PREVENCAO E MITIGACAO DE DANOS AMBIENTAIS,Transportes
2026,2,2301,4275,10,0,Investimentos Próprios,12000000.0,0.0,32399315.99,DEPARTAMENTO DE ESTRADAS DE RODAGEM DO ESTADO DE MINAS GERAIS,DER-MG,DER-MG,IMPLANTACAO/PAVIMENTACAO DA MALHA,Transportes
2026,3,2301,4293,32,0,Investimentos Próprios,0.0,0.0,0.0,DEPARTAMENTO DE ESTRADAS DE RODAGEM DO ESTADO DE MINAS GERAIS,DER-MG,DER-MG,CONSERVACAO ROTINEIRA DA MALHA VIARIA,Transportes
2026,3,2301,4385,33,0,Investimentos Próprios,182613.6,0.0,129153.47,DEPARTAMENTO DE ESTRADAS DE RODAGEM DO ESTADO DE MINAS GERAIS,DER-MG,DER-MG,REABILITACAO DA MALHA VIARIA,Transportes
2026,3,2301,4385,33,0,Investimentos Próprios,66837.9,0.0,0.0,DEPARTAMENTO DE ESTRADAS DE RODAGEM DO ESTADO DE MINAS GERAIS,DER-MG,DER-MG,REABILITACAO DA MALHA VIARIA,Transportes
2026,3,2301,4162,10,0,Investimentos Próprios,2332848.37,212161.89,1430370.67,DEPARTAMENTO DE ESTRADAS DE RODAGEM DO ESTADO DE MINAS GERAIS,DER-MG,DER-MG,SUPORTE A GESTAO DOS ATIVOS RODOVIARIOS,Transportes
2026,3,2301,4293,32,0,Investimentos Próprios,7098.0,4451.39,0.0,DEPARTAMENTO DE ESTRADAS DE RODAGEM DO ESTADO DE MINAS GERAIS,DER-MG,DER-MG,CONSERVACAO ROTINEIRA DA MALHA VIARIA,Transportes
2026,3,2301,4293,32,0,Investimentos Próprios,1398366.0,876924.68,0.0,DEPARTAMENTO DE ESTRADAS DE RODAGEM DO ESTADO DE MINAS GERAIS,DER-MG,DER-MG,CONSERVACAO ROTINEIRA DA MALHA VIARIA,Transportes
2026,3,2301,4275,10,0,Investimentos Próprios,504483.76,0.0,0.0,DEPARTAMENTO DE ESTRADAS DE RODAGEM DO ESTADO DE MINAS GERAIS,DER-MG,DER-MG,IMPLANTACAO/PAVIMENTACAO DA MALHA,Transportes
2026,3,1511,1051,48,0,Investimentos Próprios,10640.0,0.0,10640.0,POLICIA CIVIL DO ESTADO DE MINAS GERAIS,PCMG,PCMG,IMPLEMENTACAO DA CADEIA DE CUSTODIA DA PROVA EM MINAS GERAIS,Segurança Pública
2026,3,2301,4275,10,0,Investimentos Próprios,-254484.0,0.0,0.0,DEPARTAMENTO DE ESTRADAS DE RODAGEM DO ESTADO DE MINAS GERAIS,DER-MG,DER-MG,IMPLANTACAO/PAVIMENTACAO DA MALHA,Transportes
2026,3,2301,4162,10,0,Investimentos Próprios,0.0,164243.96,0.0,DEPARTAMENTO DE ESTRADAS DE RODAGEM DO ESTADO DE MINAS GERAIS,DER-MG,DER-MG,SUPORTE A GESTAO DOS ATIVOS RODOVIARIOS,Transportes
2026,3,2301,4385,10,0,Investimentos Próprios,80000.0,0.0,1214528.46,DEPARTAMENTO DE ESTRADAS DE RODAGEM DO ESTADO DE MINAS GERAIS,DER-MG,DER-MG,REABILITACAO DA MALHA VIARIA,Transportes
2026,3,2301,4293,32,0,Investimentos Próprios,1579128.9,945273.44,0.0,DEPARTAMENTO DE ESTRADAS DE RODAGEM DO ESTADO DE MINAS GERAIS,DER-MG,DER-MG,CONSERVACAO ROTINEIRA DA MALHA VIARIA,Transportes
2026,3,2301,4293,32,0,Investimentos Próprios,15951.1,9548.22,0.0,DEPARTAMENTO DE ESTRADAS DE RODAGEM DO ESTADO DE MINAS GERAIS,DER-MG,DER-MG,CONSERVACAO ROTINEIRA DA MALHA VIARIA,Transportes
2026,3,2301,4385,10,0,Investimentos Próprios,28000.0,0.0,325198.41,DEPARTAMENTO DE ESTRADAS DE RODAGEM DO ESTADO DE MINAS GERAIS,DER-MG,DER-MG,REABILITACAO DA MALHA VIARIA,Transportes
2026,3,2301,4385,10,0,Investimentos Próprios,612900.0,0.0,692265.4,DEPARTAMENTO DE ESTRADAS DE RODAGEM DO ESTADO DE MINAS GERAIS,DER-MG,DER-MG,REABILITACAO DA MALHA VIARIA,Transportes
2026,3,2301,4385,10,0,Investimentos Próprios,366377.2,0.0,244564.85,DEPARTAMENTO DE ESTRADAS DE RODAGEM DO ESTADO DE MINAS GERAIS,DER-MG,DER-MG,REABILITACAO DA MALHA VIARIA,Transportes
2026,3,2301,4385,10,0,Investimentos Próprios,113000.0,0.0,98439.19,DEPARTAMENTO DE ESTRADAS DE RODAGEM DO ESTADO DE MINAS GERAIS,DER-MG,DER-MG,REABILITACAO DA MALHA VIARIA,Transportes
2026,3,2301,4268,33,0,Investimentos Próprios,100000.0,0.0,74699.17,DEPARTAMENTO DE ESTRADAS DE RODAGEM DO ESTADO DE MINAS GERAIS,DER-MG,DER-MG,AMPLIACAO DE CAPACIDADE DA MALHA E RESTAURACAO DO PAVIMENTO,Transportes
2026,3,2301,4293,32,0,Investimentos Próprios,356166.12,178083.06,1699645.62,DEPARTAMENTO DE ESTRADAS DE RODAGEM DO ESTADO DE MINAS GERAIS,DER-MG,DER-MG,CONSERVACAO ROTINEIRA DA MALHA VIARIA,Transportes
2026,3,2301,4293,32,0,Investimentos Próprios,8239.45,5410.18,0.0,DEPARTAMENTO DE ESTRADAS DE RODAGEM DO ESTADO DE MINAS GERAIS,DER-MG,DER-MG,CONSERVACAO ROTINEIRA DA MALHA VIARIA,Transportes
2026,3,2301,4275,10,0,Investimentos Próprios,3200000.0,0.0,0.0,DEPARTAMENTO DE ESTRADAS DE RODAGEM DO ESTADO DE MINAS GERAIS,DER-MG,DER-MG,IMPLANTACAO/PAVIMENTACAO DA MALHA,Transportes
2026,3,2301,4293,32,0,Investimentos Próprios,265066.0,651633.25,0.0,DEPARTAMENTO DE ESTRADAS DE RODAGEM DO ESTADO DE MINAS GERAIS,DER-MG,DER-MG,CONSERVACAO ROTINEIRA DA MALHA VIARIA,Transportes
2026,3,2301,4293,32,0,Investimentos Próprios,447004.0,510618.88,0.0,DEPARTAMENTO DE ESTRADAS DE RODAGEM DO ESTADO DE MINAS GERAIS,DER-MG,DER-MG,CONSERVACAO ROTINEIRA DA MALHA VIARIA,Transportes
2026,3,2301,4293,32,0,Investimentos Próprios,1164744.96,768104.67,0.0,DEPARTAMENTO DE ESTRADAS DE RODAGEM DO ESTADO DE MINAS GERAIS,DER-MG,DER-MG,CONSERVACAO ROTINEIRA DA MALHA VIARIA,Transportes
2026,3,2301,4385,10,0,Investimentos Próprios,122580.0,0.0,391805.81,DEPARTAMENTO DE ESTRADAS DE RODAGEM DO ESTADO DE MINAS GERAIS,DER-MG,DER-MG,REABILITACAO DA MALHA VIARIA,Transportes
2026,3,2301,4293,32,0,Investimentos Próprios,190298.6,0.0,249848.61,DEPARTAMENTO DE ESTRADAS DE RODAGEM DO ESTADO DE MINAS GERAIS,DER-MG,DER-MG,CONSERVACAO ROTINEIRA DA MALHA VIARIA,Transportes
2026,3,1261,2118,71,0,Investimentos Próprios,-1980.0,0.0,0.0,SECRETARIA DE ESTADO DE EDUCACAO,SEE,SEE,TRILHAS DE FUTURO - ESTUDANTES,EPT
2026,3,1511,1051,48,0,Investimentos Próprios,215025.06,0.0,215025.06,POLICIA CIVIL DO ESTADO DE MINAS GERAIS,PCMG,PCMG,IMPLEMENTACAO DA CADEIA DE CUSTODIA DA PROVA EM MINAS GERAIS,Segurança Pública
2026,3,2301,4385,10,0,Investimentos Próprios,778776.9,0.0,7928748.7,DEPARTAMENTO DE ESTRADAS DE RODAGEM DO ESTADO DE MINAS GERAIS,DER-MG,DER-MG,REABILITACAO DA MALHA VIARIA,Transportes
2026,3,2301,4162,10,0,Investimentos Próprios,100000.0,0.0,0.0,DEPARTAMENTO DE ESTRADAS DE RODAGEM DO ESTADO DE MINAS GERAIS,DER-MG,DER-MG,SUPORTE A GESTAO DOS ATIVOS RODOVIARIOS,Transportes
2026,3,1511,1051,48,0,Investimentos Próprios,60840.0,0.0,75036.0,POLICIA CIVIL DO ESTADO DE MINAS GERAIS,PCMG,PCMG,IMPLEMENTACAO DA CADEIA DE CUSTODIA DA PROVA EM MINAS GERAIS,Segurança Pública
2026,3,2301,4385,10,0,Investimentos Próprios,521640.0,0.0,469326.96,DEPARTAMENTO DE ESTRADAS DE RODAGEM DO ESTADO DE MINAS GERAIS,DER-MG,DER-MG,REABILITACAO DA MALHA VIARIA,Transportes
2026,3,2301,4385,10,0,Investimentos Próprios,35000.0,0.0,120467.02,DEPARTAMENTO DE ESTRADAS DE RODAGEM DO ESTADO DE MINAS GERAIS,DER-MG,DER-MG,REABILITACAO DA MALHA VIARIA,Transportes
2026,3,2301,4385,10,0,Investimentos Próprios,298080.0,0.0,139203.36,DEPARTAMENTO DE ESTRADAS DE RODAGEM DO ESTADO DE MINAS GERAIS,DER-MG,DER-MG,REABILITACAO DA MALHA VIARIA,Transportes
2026,3,1511,4060,48,0,Investimentos Próprios,44850.0,0.0,44850.0,POLICIA CIVIL DO ESTADO DE MINAS GERAIS,PCMG,PCMG,GESTAO DAS UNIDADES POLICIAIS,Segurança Pública
2026,3,1511,4061,48,0,Investimentos Próprios,57408.0,0.0,57408.0,POLICIA CIVIL DO ESTADO DE MINAS GERAIS,PCMG,PCMG,PERICIAS TECNICO-CIENTIFICAS,Segurança Pública
2026,3,1261,2118,71,0,Investimentos Próprios,-10.0,0.0,0.0,SECRETARIA DE ESTADO DE EDUCACAO,SEE,SEE,TRILHAS DE FUTURO - ESTUDANTES,EPT
2026,3,1261,2118,10,0,Investimentos Próprios,-9301.64,0.0,0.0,SECRETARIA DE ESTADO DE EDUCACAO,SEE,SEE,TRILHAS DE FUTURO - ESTUDANTES,EPT
2026,3,1261,2118,10,0,Investimentos Próprios,-23400.0,0.0,0.0,SECRETARIA DE ESTADO DE EDUCACAO,SEE,SEE,TRILHAS DE FUTURO - ESTUDANTES,EPT
2026,3,2301,4275,10,0,Investimentos Próprios,-100000.0,0.0,0.0,DEPARTAMENTO DE ESTRADAS DE RODAGEM DO ESTADO DE MINAS GERAIS,DER-MG,DER-MG,IMPLANTACAO/PAVIMENTACAO DA MALHA,Transportes
2026,3,2301,4293,32,0,Investimentos Próprios,767849.0,572011.12,0.0,DEPARTAMENTO DE ESTRADAS DE RODAGEM DO ESTADO DE MINAS GERAIS,DER-MG,DER-MG,CONSERVACAO ROTINEIRA DA MALHA VIARIA,Transportes
2026,3,2301,4293,32,0,Investimentos Próprios,510266.0,21834.63,0.0,DEPARTAMENTO DE ESTRADAS DE RODAGEM DO ESTADO DE MINAS GERAIS,DER-MG,DER-MG,CONSERVACAO ROTINEIRA DA MALHA VIARIA,Transportes
2026,3,2301,4385,10,0,Investimentos Próprios,-1323948.6,385999.5,0.0,DEPARTAMENTO DE ESTRADAS DE RODAGEM DO ESTADO DE MINAS GERAIS,DER-MG,DER-MG,REABILITACAO DA MALHA VIARIA,Transportes
2026,3,2301,4385,10,0,Investimentos Próprios,-120000.0,23091.45,0.0,DEPARTAMENTO DE ESTRADAS DE RODAGEM DO ESTADO DE MINAS GERAIS,DER-MG,DER-MG,REABILITACAO DA MALHA VIARIA,Transportes
2026,3,2301,4275,10,0,Investimentos Próprios,170000.0,0.0,110172.9,DEPARTAMENTO DE ESTRADAS DE RODAGEM DO ESTADO DE MINAS GERAIS,DER-MG,DER-MG,IMPLANTACAO/PAVIMENTACAO DA MALHA,Transportes
2026,3,1251,4365,48,0,Investimentos Próprios,1310400.0,0.0,1235052.0,POLICIA MILITAR DO ESTADO DE MINAS GERAIS,PMMG,PMMG,POLICIAMENTO OSTENSIVO GERAL,Segurança Pública
2026,3,2301,4275,10,0,Investimentos Próprios,111396.5,0.0,0.0,DEPARTAMENTO DE ESTRADAS DE RODAGEM DO ESTADO DE MINAS GERAIS,DER-MG,DER-MG,IMPLANTACAO/PAVIMENTACAO DA MALHA,Transportes
2026,3,2301,4284,10,0,Investimentos Próprios,0.0,33880.73,0.0,DEPARTAMENTO DE ESTRADAS DE RODAGEM DO ESTADO DE MINAS GERAIS,DER-MG,DER-MG,PREVENCAO E MITIGACAO DE DANOS AMBIENTAIS,Transportes
2026,3,1251,4365,48,0,Investimentos Próprios,470400.0,0.0,0.0,POLICIA MILITAR DO ESTADO DE MINAS GERAIS,PMMG,PMMG,POLICIAMENTO OSTENSIVO GERAL,Segurança Pública
2026,3,2301,4268,10,0,Investimentos Próprios,-1293421.2,0.0,0.0,DEPARTAMENTO DE ESTRADAS DE RODAGEM DO ESTADO DE MINAS GERAIS,DER-MG,DER-MG,AMPLIACAO DE CAPACIDADE DA MALHA E RESTAURACAO DO PAVIMENTO,Transportes
2026,3,2301,4268,33,0,Investimentos Próprios,-193164.19,6835.81,0.0,DEPARTAMENTO DE ESTRADAS DE RODAGEM DO ESTADO DE MINAS GERAIS,DER-MG,DER-MG,AMPLIACAO DE CAPACIDADE DA MALHA E RESTAURACAO DO PAVIMENTO,Transportes
2026,3,2301,4268,33,0,Investimentos Próprios,-133675.8,0.0,0.0,DEPARTAMENTO DE ESTRADAS DE RODAGEM DO ESTADO DE MINAS GERAIS,DER-MG,DER-MG,AMPLIACAO DE CAPACIDADE DA MALHA E RESTAURACAO DO PAVIMENTO,Transportes
2026,3,2301,4268,33,0,Investimentos Próprios,-747520.39,104084.14,0.0,DEPARTAMENTO DE ESTRADAS DE RODAGEM DO ESTADO DE MINAS GERAIS,DER-MG,DER-MG,AMPLIACAO DE CAPACIDADE DA MALHA E RESTAURACAO DO PAVIMENTO,Transportes
2026,3,2301,4275,10,0,Investimentos Próprios,100000.0,0.0,234290.97,DEPARTAMENTO DE ESTRADAS DE RODAGEM DO ESTADO DE MINAS GERAIS,DER-MG,DER-MG,IMPLANTACAO/PAVIMENTACAO DA MALHA,Transportes
2026,3,2301,4268,33,0,Investimentos Próprios,50000.0,0.0,26386.84,DEPARTAMENTO DE ESTRADAS DE RODAGEM DO ESTADO DE MINAS GERAIS,DER-MG,DER-MG,AMPLIACAO DE CAPACIDADE DA MALHA E RESTAURACAO DO PAVIMENTO,Transportes
2026,3,1251,4365,48,0,Investimentos Próprios,6232587.0,0.0,0.0,POLICIA MILITAR DO ESTADO DE MINAS GERAIS,PMMG,PMMG,POLICIAMENTO OSTENSIVO GERAL,Segurança Pública
2026,3,1511,4060,48,0,Investimentos Próprios,642492.3,0.0,115597.35,POLICIA CIVIL DO ESTADO DE MINAS GERAIS,PCMG,PCMG,GESTAO DAS UNIDADES POLICIAIS,Segurança Pública
2026,3,2301,4293,32,0,Investimentos Próprios,753862.14,966635.63,0.0,DEPARTAMENTO DE ESTRADAS DE RODAGEM DO ESTADO DE MINAS GERAIS,DER-MG,DER-MG,CONSERVACAO ROTINEIRA DA MALHA VIARIA,Transportes
2026,3,1301,1037,32,0,Investimentos Próprios,34142.12,0.0,0.0,"SECRETARIA DE ESTADO DE INFRAESTRUTURA, MOBILIDADE E PARCERIAS",SEINFRA,SEINFRA,"INTERVENCOES NA INFRAESTRUTURA RODOVIARIA ESTADUAL, MUNICIPAL E REGIONAL",Transportes
2026,3,2301,4385,10,0,Investimentos Próprios,330758.3,0.0,4842041.49,DEPARTAMENTO DE ESTRADAS DE RODAGEM DO ESTADO DE MINAS GERAIS,DER-MG,DER-MG,REABILITACAO DA MALHA VIARIA,Transportes
2026,3,2301,4385,10,0,Investimentos Próprios,99000.0,0.0,58395.93,DEPARTAMENTO DE ESTRADAS DE RODAGEM DO ESTADO DE MINAS GERAIS,DER-MG,DER-MG,REABILITACAO DA MALHA VIARIA,Transportes
2026,3,2301,4275,10,0,Investimentos Próprios,400000.0,520927.27,0.0,DEPARTAMENTO DE ESTRADAS DE RODAGEM DO ESTADO DE MINAS GERAIS,DER-MG,DER-MG,IMPLANTACAO/PAVIMENTACAO DA MALHA,Transportes
2026,3,1251,4365,48,0,Investimentos Próprios,1275000.0,0.0,1275000.0,POLICIA MILITAR DO ESTADO DE MINAS GERAIS,PMMG,PMMG,POLICIAMENTO OSTENSIVO GERAL,Segurança Pública
2026,3,2301,4293,32,0,Investimentos Próprios,761870.55,500213.72,0.0,DEPARTAMENTO DE ESTRADAS DE RODAGEM DO ESTADO DE MINAS GERAIS,DER-MG,DER-MG,CONSERVACAO ROTINEIRA DA MALHA VIARIA,Transportes
2026,3,2301,4275,10,0,Investimentos Próprios,13781.92,13781.92,13781.92,DEPARTAMENTO DE ESTRADAS DE RODAGEM DO ESTADO DE MINAS GERAIS,DER-MG,DER-MG,IMPLANTACAO/PAVIMENTACAO DA MALHA,Transportes
2026,3,2301,4162,10,0,Investimentos Próprios,20000.0,0.0,0.0,DEPARTAMENTO DE ESTRADAS DE RODAGEM DO ESTADO DE MINAS GERAIS,DER-MG,DER-MG,SUPORTE A GESTAO DOS ATIVOS RODOVIARIOS,Transportes
2026,3,2301,4293,32,0,Investimentos Próprios,333336.0,378801.36,0.0,DEPARTAMENTO DE ESTRADAS DE RODAGEM DO ESTADO DE MINAS GERAIS,DER-MG,DER-MG,CONSERVACAO ROTINEIRA DA MALHA VIARIA,Transportes
2026,3,2301,4385,10,0,Investimentos Próprios,-200513.7,0.0,0.0,DEPARTAMENTO DE ESTRADAS DE RODAGEM DO ESTADO DE MINAS GERAIS,DER-MG,DER-MG,REABILITACAO DA MALHA VIARIA,Transportes
2026,3,2301,4162,10,0,Investimentos Próprios,20000.0,0.0,0.0,DEPARTAMENTO DE ESTRADAS DE RODAGEM DO ESTADO DE MINAS GERAIS,DER-MG,DER-MG,SUPORTE A GESTAO DOS ATIVOS RODOVIARIOS,Transportes
2026,3,2301,4293,32,0,Investimentos Próprios,342198.84,0.0,1632992.84,DEPARTAMENTO DE ESTRADAS DE RODAGEM DO ESTADO DE MINAS GERAIS,DER-MG,DER-MG,CONSERVACAO ROTINEIRA DA MALHA VIARIA,Transportes
2026,3,2301,4293,32,0,Investimentos Próprios,-200000.0,0.0,0.0,DEPARTAMENTO DE ESTRADAS DE RODAGEM DO ESTADO DE MINAS GERAIS,DER-MG,DER-MG,CONSERVACAO ROTINEIRA DA MALHA VIARIA,Transportes
2026,3,2301,4162,10,0,Investimentos Próprios,200000.0,52229.76,0.0,DEPARTAMENTO DE ESTRADAS DE RODAGEM DO ESTADO DE MINAS GERAIS,DER-MG,DER-MG,SUPORTE A GESTAO DOS ATIVOS RODOVIARIOS,Transportes
2026,3,2301,4293,32,0,Investimentos Próprios,1099890.5,0.0,2866319.21,DEPARTAMENTO DE ESTRADAS DE RODAGEM DO ESTADO DE MINAS GERAIS,DER-MG,DER-MG,CONSERVACAO ROTINEIRA DA MALHA VIARIA,Transportes
2026,3,2301,4293,32,0,Investimentos Próprios,639389.0,174997.13,1202647.28,DEPARTAMENTO DE ESTRADAS DE RODAGEM DO ESTADO DE MINAS GERAIS,DER-MG,DER-MG,CONSERVACAO ROTINEIRA DA MALHA VIARIA,Transportes
2026,3,1511,1051,48,0,Investimentos Próprios,2020951.5,0.0,0.0,POLICIA CIVIL DO ESTADO DE MINAS GERAIS,PCMG,PCMG,IMPLEMENTACAO DA CADEIA DE CUSTODIA DA PROVA EM MINAS GERAIS,Segurança Pública
2026,3,2301,4280,10,0,Investimentos Próprios,0.0,320207.17,0.0,DEPARTAMENTO DE ESTRADAS DE RODAGEM DO ESTADO DE MINAS GERAIS,DER-MG,DER-MG,MITIGACAO DE DANOS PONTUAIS NAS RODOVIAS,Transportes
2026,3,2301,4275,10,0,Investimentos Próprios,6000000.0,0.0,1852306.36,DEPARTAMENTO DE ESTRADAS DE RODAGEM DO ESTADO DE MINAS GERAIS,DER-MG,DER-MG,IMPLANTACAO/PAVIMENTACAO DA MALHA,Transportes
2026,3,2301,4293,32,0,Investimentos Próprios,858000.0,0.0,3718061.35,DEPARTAMENTO DE ESTRADAS DE RODAGEM DO ESTADO DE MINAS GERAIS,DER-MG,DER-MG,CONSERVACAO ROTINEIRA DA MALHA VIARIA,Transportes
2026,3,2301,4293,32,0,Investimentos Próprios,95000.0,0.0,492572.98,DEPARTAMENTO DE ESTRADAS DE RODAGEM DO ESTADO DE MINAS GERAIS,DER-MG,DER-MG,CONSERVACAO ROTINEIRA DA MALHA VIARIA,Transportes
2026,3,1251,4365,48,0,Investimentos Próprios,45914310.0,0.0,0.0,POLICIA MILITAR DO ESTADO DE MINAS GERAIS,PMMG,PMMG,POLICIAMENTO OSTENSIVO GERAL,Segurança Pública
2026,3,1511,4060,48,0,Investimentos Próprios,6445.0,0.0,6445.0,POLICIA CIVIL DO ESTADO DE MINAS GERAIS,PCMG,PCMG,GESTAO DAS UNIDADES POLICIAIS,Segurança Pública
2026,3,1261,2118,71,0,Investimentos Próprios,-10.0,0.0,0.0,SECRETARIA DE ESTADO DE EDUCACAO,SEE,SEE,TRILHAS DE FUTURO - ESTUDANTES,EPT
2026,3,2301,4293,32,0,Investimentos Próprios,15000.0,10681.52,0.0,DEPARTAMENTO DE ESTRADAS DE RODAGEM DO ESTADO DE MINAS GERAIS,DER-MG,DER-MG,CONSERVACAO ROTINEIRA DA MALHA VIARIA,Transportes
2026,3,2301,4385,33,0,Investimentos Próprios,15000.0,0.0,9724.69,DEPARTAMENTO DE ESTRADAS DE RODAGEM DO ESTADO DE MINAS GERAIS,DER-MG,DER-MG,REABILITACAO DA MALHA VIARIA,Transportes
2026,3,2301,4293,32,0,Investimentos Próprios,12916.9,22106.07,0.0,DEPARTAMENTO DE ESTRADAS DE RODAGEM DO ESTADO DE MINAS GERAIS,DER-MG,DER-MG,CONSERVACAO ROTINEIRA DA MALHA VIARIA,Transportes
2026,3,2301,4293,32,0,Investimentos Próprios,1003536.1,1451631.61,0.0,DEPARTAMENTO DE ESTRADAS DE RODAGEM DO ESTADO DE MINAS GERAIS,DER-MG,DER-MG,CONSERVACAO ROTINEIRA DA MALHA VIARIA,Transportes
2026,3,2301,4293,32,0,Investimentos Próprios,329302.0,225454.71,0.0,DEPARTAMENTO DE ESTRADAS DE RODAGEM DO ESTADO DE MINAS GERAIS,DER-MG,DER-MG,CONSERVACAO ROTINEIRA DA MALHA VIARIA,Transportes
2026,3,2301,4293,32,0,Investimentos Próprios,820855.0,357155.99,0.0,DEPARTAMENTO DE ESTRADAS DE RODAGEM DO ESTADO DE MINAS GERAIS,DER-MG,DER-MG,CONSERVACAO ROTINEIRA DA MALHA VIARIA,Transportes
2026,3,2301,4275,10,0,Investimentos Próprios,169656.0,0.0,0.0,DEPARTAMENTO DE ESTRADAS DE RODAGEM DO ESTADO DE MINAS GERAIS,DER-MG,DER-MG,IMPLANTACAO/PAVIMENTACAO DA MALHA,Transportes
2026,3,2301,4162,10,0,Investimentos Próprios,0.0,51776.45,0.0,DEPARTAMENTO DE ESTRADAS DE RODAGEM DO ESTADO DE MINAS GERAIS,DER-MG,DER-MG,SUPORTE A GESTAO DOS ATIVOS RODOVIARIOS,Transportes
2026,3,2301,4284,10,0,Investimentos Próprios,0.0,33880.72,0.0,DEPARTAMENTO DE ESTRADAS DE RODAGEM DO ESTADO DE MINAS GERAIS,DER-MG,DER-MG,PREVENCAO E MITIGACAO DE DANOS AMBIENTAIS,Transportes
2026,3,2301,4275,10,0,Investimentos Próprios,-169656.0,0.0,0.0,DEPARTAMENTO DE ESTRADAS DE RODAGEM DO ESTADO DE MINAS GERAIS,DER-MG,DER-MG,IMPLANTACAO/PAVIMENTACAO DA MALHA,Transportes
2026,3,2301,4268,33,0,Investimentos Próprios,30000.0,0.0,0.0,DEPARTAMENTO DE ESTRADAS DE RODAGEM DO ESTADO DE MINAS GERAIS,DER-MG,DER-MG,AMPLIACAO DE CAPACIDADE DA MALHA E RESTAURACAO DO PAVIMENTO,Transportes
2026,3,2301,4268,33,0,Investimentos Próprios,-50000.0,0.0,0.0,DEPARTAMENTO DE ESTRADAS DE RODAGEM DO ESTADO DE MINAS GERAIS,DER-MG,DER-MG,AMPLIACAO DE CAPACIDADE DA MALHA E RESTAURACAO DO PAVIMENTO,Transportes
2026,3,2301,4293,32,0,Investimentos Próprios,1670001.0,908897.01,0.0,DEPARTAMENTO DE ESTRADAS DE RODAGEM DO ESTADO DE MINAS GERAIS,DER-MG,DER-MG,CONSERVACAO ROTINEIRA DA MALHA VIARIA,Transportes
2026,3,2301,4275,10,0,Investimentos Próprios,1028164.4,0.0,3902194.08,DEPARTAMENTO DE ESTRADAS DE RODAGEM DO ESTADO DE MINAS GERAIS,DER-MG,DER-MG,IMPLANTACAO/PAVIMENTACAO DA MALHA,Transportes
2026,3,2301,4268,33,0,Investimentos Próprios,133675.8,0.0,64115.05,DEPARTAMENTO DE ESTRADAS DE RODAGEM DO ESTADO DE MINAS GERAIS,DER-MG,DER-MG,AMPLIACAO DE CAPACIDADE DA MALHA E RESTAURACAO DO PAVIMENTO,Transportes
2026,3,1251,4365,48,0,Investimentos Próprios,4400546.02,0.0,0.0,POLICIA MILITAR DO ESTADO DE MINAS GERAIS,PMMG,PMMG,POLICIAMENTO OSTENSIVO GERAL,Segurança Pública
2026,3,2301,4272,10,0,Investimentos Próprios,1500000.0,0.0,0.0,DEPARTAMENTO DE ESTRADAS DE RODAGEM DO ESTADO DE MINAS GERAIS,DER-MG,DER-MG,IMPLANTACAO E RESTAURACAO DE OBRAS DE ARTES ESPECIAIS,Transportes
2026,3,2301,4268,33,0,Investimentos Próprios,747520.39,0.0,0.0,DEPARTAMENTO DE ESTRADAS DE RODAGEM DO ESTADO DE MINAS GERAIS,DER-MG,DER-MG,AMPLIACAO DE CAPACIDADE DA MALHA E RESTAURACAO DO PAVIMENTO,Transportes
2026,3,1251,4365,48,0,Investimentos Próprios,1632000.0,0.0,1632000.0,POLICIA MILITAR DO ESTADO DE MINAS GERAIS,PMMG,PMMG,POLICIAMENTO OSTENSIVO GERAL,Segurança Pública
2026,3,2301,4272,10,0,Investimentos Próprios,0.0,53399.67,0.0,DEPARTAMENTO DE ESTRADAS DE RODAGEM DO ESTADO DE MINAS GERAIS,DER-MG,DER-MG,IMPLANTACAO E RESTAURACAO DE OBRAS DE ARTES ESPECIAIS,Transportes
2026,3,2301,4293,32,0,Investimentos Próprios,936531.0,775188.69,0.0,DEPARTAMENTO DE ESTRADAS DE RODAGEM DO ESTADO DE MINAS GERAIS,DER-MG,DER-MG,CONSERVACAO ROTINEIRA DA MALHA VIARIA,Transportes
2026,3,2301,4385,10,0,Investimentos Próprios,509250.0,0.0,0.0,DEPARTAMENTO DE ESTRADAS DE RODAGEM DO ESTADO DE MINAS GERAIS,DER-MG,DER-MG,REABILITACAO DA MALHA VIARIA,Transportes
2026,3,2301,4162,10,0,Investimentos Próprios,0.0,236728.59,0.0,DEPARTAMENTO DE ESTRADAS DE RODAGEM DO ESTADO DE MINAS GERAIS,DER-MG,DER-MG,SUPORTE A GESTAO DOS ATIVOS RODOVIARIOS,Transportes
2026,3,2301,4293,32,0,Investimentos Próprios,1208805.0,755797.05,0.0,DEPARTAMENTO DE ESTRADAS DE RODAGEM DO ESTADO DE MINAS GERAIS,DER-MG,DER-MG,CONSERVACAO ROTINEIRA DA MALHA VIARIA,Transportes
2026,3,2301,4162,10,0,Investimentos Próprios,50000.0,3505.34,0.0,DEPARTAMENTO DE ESTRADAS DE RODAGEM DO ESTADO DE MINAS GERAIS,DER-MG,DER-MG,SUPORTE A GESTAO DOS ATIVOS RODOVIARIOS,Transportes
2026,3,2301,4293,32,0,Investimentos Próprios,41200.0,24325.46,0.0,DEPARTAMENTO DE ESTRADAS DE RODAGEM DO ESTADO DE MINAS GERAIS,DER-MG,DER-MG,CONSERVACAO ROTINEIRA DA MALHA VIARIA,Transportes
2026,3,2301,4293,32,0,Investimentos Próprios,-200000.0,0.0,0.0,DEPARTAMENTO DE ESTRADAS DE RODAGEM DO ESTADO DE MINAS GERAIS,DER-MG,DER-MG,CONSERVACAO ROTINEIRA DA MALHA VIARIA,Transportes
2026,3,2301,4293,32,0,Investimentos Próprios,-200000.0,0.0,0.0,DEPARTAMENTO DE ESTRADAS DE RODAGEM DO ESTADO DE MINAS GERAIS,DER-MG,DER-MG,CONSERVACAO ROTINEIRA DA MALHA VIARIA,Transportes
2026,3,1511,4060,48,0,Investimentos Próprios,2149000.0,0.0,1873928.0,POLICIA CIVIL DO ESTADO DE MINAS GERAIS,PCMG,PCMG,GESTAO DAS UNIDADES POLICIAIS,Segurança Pública
2026,3,1511,4060,48,0,Investimentos Próprios,780606.34,0.0,613980.66,POLICIA CIVIL DO ESTADO DE MINAS GERAIS,PCMG,PCMG,GESTAO DAS UNIDADES POLICIAIS,Segurança Pública
2026,3,1261,2118,71,0,Investimentos Próprios,-2300.0,0.0,0.0,SECRETARIA DE ESTADO DE EDUCACAO,SEE,SEE,TRILHAS DE FUTURO - ESTUDANTES,EPT
2026,3,2301,4293,32,0,Investimentos Próprios,61290.0,0.0,404855.88,DEPARTAMENTO DE ESTRADAS DE RODAGEM DO ESTADO DE MINAS GERAIS,DER-MG,DER-MG,CONSERVACAO ROTINEIRA DA MALHA VIARIA,Transportes
2026,3,2301,4293,32,0,Investimentos Próprios,901578.0,0.0,0.0,DEPARTAMENTO DE ESTRADAS DE RODAGEM DO ESTADO DE MINAS GERAIS,DER-MG,DER-MG,CONSERVACAO ROTINEIRA DA MALHA VIARIA,Transportes
2026,3,2301,4162,10,0,Investimentos Próprios,0.0,103552.9,0.0,DEPARTAMENTO DE ESTRADAS DE RODAGEM DO ESTADO DE MINAS GERAIS,DER-MG,DER-MG,SUPORTE A GESTAO DOS ATIVOS RODOVIARIOS,Transportes
2026,3,2301,4385,10,0,Investimentos Próprios,22000.0,0.0,10137.52,DEPARTAMENTO DE ESTRADAS DE RODAGEM DO ESTADO DE MINAS GERAIS,DER-MG,DER-MG,REABILITACAO DA MALHA VIARIA,Transportes
2026,3,2301,4385,10,0,Investimentos Próprios,1071000.0,0.0,555869.46,DEPARTAMENTO DE ESTRADAS DE RODAGEM DO ESTADO DE MINAS GERAIS,DER-MG,DER-MG,REABILITACAO DA MALHA VIARIA,Transportes
2026,3,2301,4385,33,0,Investimentos Próprios,-550000.0,0.0,0.0,DEPARTAMENTO DE ESTRADAS DE RODAGEM DO ESTADO DE MINAS GERAIS,DER-MG,DER-MG,REABILITACAO DA MALHA VIARIA,Transportes
2026,3,1261,2118,71,0,Investimentos Próprios,-10.0,0.0,0.0,SECRETARIA DE ESTADO DE EDUCACAO,SEE,SEE,TRILHAS DE FUTURO - ESTUDANTES,EPT
2026,3,1261,2118,71,0,Investimentos Próprios,-10.0,0.0,0.0,SECRETARIA DE ESTADO DE EDUCACAO,SEE,SEE,TRILHAS DE FUTURO - ESTUDANTES,EPT
2026,3,1261,2118,71,0,Investimentos Próprios,-10.0,0.0,0.0,SECRETARIA DE ESTADO DE EDUCACAO,SEE,SEE,TRILHAS DE FUTURO - ESTUDANTES,EPT
2026,3,1261,2118,10,0,Investimentos Próprios,-10524.57,0.0,0.0,SECRETARIA DE ESTADO DE EDUCACAO,SEE,SEE,TRILHAS DE FUTURO - ESTUDANTES,EPT
2026,3,2301,4293,32,0,Investimentos Próprios,80711.96,80423.7,0.0,DEPARTAMENTO DE ESTRADAS DE RODAGEM DO ESTADO DE MINAS GERAIS,DER-MG,DER-MG,CONSERVACAO ROTINEIRA DA MALHA VIARIA,Transportes
2026,3,4381,4210,54,0,Investimentos Próprios,0.0,563945.89,0.0,FUNDO ESTADUAL DE DESENVOLVIMENTO DE TRANSPORTES,FUNTRANS,FUNTRANS,REGULACAO DO USO E OCUPACAO DA FAIXA DE DOMINIO,Transportes
2026,3,2301,4275,10,0,Investimentos Próprios,0.0,0.0,0.0,DEPARTAMENTO DE ESTRADAS DE RODAGEM DO ESTADO DE MINAS GERAIS,DER-MG,DER-MG,IMPLANTACAO/PAVIMENTACAO DA MALHA,Transportes
2026,3,2301,4293,32,0,Investimentos Próprios,3075024.0,1231044.55,0.0,DEPARTAMENTO DE ESTRADAS DE RODAGEM DO ESTADO DE MINAS GERAIS,DER-MG,DER-MG,CONSERVACAO ROTINEIRA DA MALHA VIARIA,Transportes
2026,3,2301,4293,32,0,Investimentos Próprios,1045451.0,649881.03,0.0,DEPARTAMENTO DE ESTRADAS DE RODAGEM DO ESTADO DE MINAS GERAIS,DER-MG,DER-MG,CONSERVACAO ROTINEIRA DA MALHA VIARIA,Transportes
2026,3,1251,4365,48,0,Investimentos Próprios,429800.0,0.0,429800.0,POLICIA MILITAR DO ESTADO DE MINAS GERAIS,PMMG,PMMG,POLICIAMENTO OSTENSIVO GERAL,Segurança Pública
2026,3,2301,4275,10,0,Investimentos Próprios,267351.6,0.0,262152.86,DEPARTAMENTO DE ESTRADAS DE RODAGEM DO ESTADO DE MINAS GERAIS,DER-MG,DER-MG,IMPLANTACAO/PAVIMENTACAO DA MALHA,Transportes
2026,3,1511,4060,48,0,Investimentos Próprios,266000.0,0.0,266000.0,POLICIA CIVIL DO ESTADO DE MINAS GERAIS,PCMG,PCMG,GESTAO DAS UNIDADES POLICIAIS,Segurança Pública
2026,3,2301,4275,10,0,Investimentos Próprios,55000.0,0.0,42222.37,DEPARTAMENTO DE ESTRADAS DE RODAGEM DO ESTADO DE MINAS GERAIS,DER-MG,DER-MG,IMPLANTACAO/PAVIMENTACAO DA MALHA,Transportes
2026,3,1511,4060,48,0,Investimentos Próprios,76630.0,0.0,76630.0,POLICIA CIVIL DO ESTADO DE MINAS GERAIS,PCMG,PCMG,GESTAO DAS UNIDADES POLICIAIS,Segurança Pública
2026,3,2301,4385,10,0,Investimentos Próprios,132795.0,0.0,123878.67,DEPARTAMENTO DE ESTRADAS DE RODAGEM DO ESTADO DE MINAS GERAIS,DER-MG,DER-MG,REABILITACAO DA MALHA VIARIA,Transportes
2026,3,2301,4385,10,0,Investimentos Próprios,25000.0,0.0,13518.37,DEPARTAMENTO DE ESTRADAS DE RODAGEM DO ESTADO DE MINAS GERAIS,DER-MG,DER-MG,REABILITACAO DA MALHA VIARIA,Transportes
2026,3,1511,4060,48,0,Investimentos Próprios,47800.0,0.0,47800.0,POLICIA CIVIL DO ESTADO DE MINAS GERAIS,PCMG,PCMG,GESTAO DAS UNIDADES POLICIAIS,Segurança Pública
2026,3,2301,4293,32,0,Investimentos Próprios,-400000.0,0.0,0.0,DEPARTAMENTO DE ESTRADAS DE RODAGEM DO ESTADO DE MINAS GERAIS,DER-MG,DER-MG,CONSERVACAO ROTINEIRA DA MALHA VIARIA,Transportes
2026,3,2301,4385,10,0,Investimentos Próprios,25000.0,0.0,7079.4,DEPARTAMENTO DE ESTRADAS DE RODAGEM DO ESTADO DE MINAS GERAIS,DER-MG,DER-MG,REABILITACAO DA MALHA VIARIA,Transportes
2026,3,2301,4385,10,0,Investimentos Próprios,791849.52,0.0,946504.03,DEPARTAMENTO DE ESTRADAS DE RODAGEM DO ESTADO DE MINAS GERAIS,DER-MG,DER-MG,REABILITACAO DA MALHA VIARIA,Transportes
2026,3,1251,4365,48,0,Investimentos Próprios,1141390.0,0.0,1141390.0,POLICIA MILITAR DO ESTADO DE MINAS GERAIS,PMMG,PMMG,POLICIAMENTO OSTENSIVO GERAL,Segurança Pública
2026,3,2301,4268,10,0,Investimentos Próprios,670680.0,0.0,1116248.42,DEPARTAMENTO DE ESTRADAS DE RODAGEM DO ESTADO DE MINAS GERAIS,DER-MG,DER-MG,AMPLIACAO DE CAPACIDADE DA MALHA E RESTAURACAO DO PAVIMENTO,Transportes
2026,3,2301,4293,32,0,Investimentos Próprios,367814.04,242559.37,0.0,DEPARTAMENTO DE ESTRADAS DE RODAGEM DO ESTADO DE MINAS GERAIS,DER-MG,DER-MG,CONSERVACAO ROTINEIRA DA MALHA VIARIA,Transportes
2026,3,2301,4275,10,0,Investimentos Próprios,14143.04,14143.04,14143.04,DEPARTAMENTO DE ESTRADAS DE RODAGEM DO ESTADO DE MINAS GERAIS,DER-MG,DER-MG,IMPLANTACAO/PAVIMENTACAO DA MALHA,Transportes
2026,3,1251,4365,48,0,Investimentos Próprios,265650.0,0.0,265650.0,POLICIA MILITAR DO ESTADO DE MINAS GERAIS,PMMG,PMMG,POLICIAMENTO OSTENSIVO GERAL,Segurança Pública
2026,3,2301,4385,10,0,Investimentos Próprios,-169656.0,0.0,0.0,DEPARTAMENTO DE ESTRADAS DE RODAGEM DO ESTADO DE MINAS GERAIS,DER-MG,DER-MG,REABILITACAO DA MALHA VIARIA,Transportes
2026,3,2301,4293,32,0,Investimentos Próprios,649890.5,205737.52,0.0,DEPARTAMENTO DE ESTRADAS DE RODAGEM DO ESTADO DE MINAS GERAIS,DER-MG,DER-MG,CONSERVACAO ROTINEIRA DA MALHA VIARIA,Transportes
2026,3,2301,4293,32,0,Investimentos Próprios,-300000.0,0.0,0.0,DEPARTAMENTO DE ESTRADAS DE RODAGEM DO ESTADO DE MINAS GERAIS,DER-MG,DER-MG,CONSERVACAO ROTINEIRA DA MALHA VIARIA,Transportes
2026,3,2301,4293,32,0,Investimentos Próprios,952063.0,764073.39,0.0,DEPARTAMENTO DE ESTRADAS DE RODAGEM DO ESTADO DE MINAS GERAIS,DER-MG,DER-MG,CONSERVACAO ROTINEIRA DA MALHA VIARIA,Transportes
2026,3,2301,4293,32,0,Investimentos Próprios,641007.92,0.0,0.0,DEPARTAMENTO DE ESTRADAS DE RODAGEM DO ESTADO DE MINAS GERAIS,DER-MG,DER-MG,CONSERVACAO ROTINEIRA DA MALHA VIARIA,Transportes
2026,3,2301,4385,10,0,Investimentos Próprios,142800.0,0.0,752432.62,DEPARTAMENTO DE ESTRADAS DE RODAGEM DO ESTADO DE MINAS GERAIS,DER-MG,DER-MG,REABILITACAO DA MALHA VIARIA,Transportes
2026,3,2301,4385,10,0,Investimentos Próprios,50000.0,0.0,141833.03,DEPARTAMENTO DE ESTRADAS DE RODAGEM DO ESTADO DE MINAS GERAIS,DER-MG,DER-MG,REABILITACAO DA MALHA VIARIA,Transportes
2026,3,2301,4268,10,0,Investimentos Próprios,2958892.0,0.0,1055629.96,DEPARTAMENTO DE ESTRADAS DE RODAGEM DO ESTADO DE MINAS GERAIS,DER-MG,DER-MG,AMPLIACAO DE CAPACIDADE DA MALHA E RESTAURACAO DO PAVIMENTO,Transportes
2026,3,4381,4209,83,0,Investimentos Próprios,48488.4,0.0,48488.4,FUNDO ESTADUAL DE DESENVOLVIMENTO DE TRANSPORTES,FUNTRANS,FUNTRANS,EDUCACAO PARA O TRANSITO,Transportes
2026,3,1511,4061,48,0,Investimentos Próprios,29868.0,0.0,0.0,POLICIA CIVIL DO ESTADO DE MINAS GERAIS,PCMG,PCMG,PERICIAS TECNICO-CIENTIFICAS,Segurança Pública
2026,3,1261,2118,71,0,Investimentos Próprios,-10.0,0.0,0.0,SECRETARIA DE ESTADO DE EDUCACAO,SEE,SEE,TRILHAS DE FUTURO - ESTUDANTES,EPT
2026,3,1261,2118,10,0,Investimentos Próprios,-12763.41,0.0,0.0,SECRETARIA DE ESTADO DE EDUCACAO,SEE,SEE,TRILHAS DE FUTURO - ESTUDANTES,EPT
2026,3,1261,2118,10,0,Investimentos Próprios,-13728.96,0.0,0.0,SECRETARIA DE ESTADO DE EDUCACAO,SEE,SEE,TRILHAS DE FUTURO - ESTUDANTES,EPT
2026,3,1251,4365,48,0,Investimentos Próprios,2125200.0,0.0,2125200.0,POLICIA MILITAR DO ESTADO DE MINAS GERAIS,PMMG,PMMG,POLICIAMENTO OSTENSIVO GERAL,Segurança Pública
2026,3,2301,4162,10,0,Investimentos Próprios,1818370.77,178509.61,0.0,DEPARTAMENTO DE ESTRADAS DE RODAGEM DO ESTADO DE MINAS GERAIS,DER-MG,DER-MG,SUPORTE A GESTAO DOS ATIVOS RODOVIARIOS,Transportes
2026,3,2301,4293,32,0,Investimentos Próprios,-21000.0,5445.89,0.0,DEPARTAMENTO DE ESTRADAS DE RODAGEM DO ESTADO DE MINAS GERAIS,DER-MG,DER-MG,CONSERVACAO ROTINEIRA DA MALHA VIARIA,Transportes
2026,3,2301,4385,33,0,Investimentos Próprios,15000.0,0.0,10491.25,DEPARTAMENTO DE ESTRADAS DE RODAGEM DO ESTADO DE MINAS GERAIS,DER-MG,DER-MG,REABILITACAO DA MALHA VIARIA,Transportes
2026,3,2301,4268,33,0,Investimentos Próprios,2639477.54,503372.75,7205099.01,DEPARTAMENTO DE ESTRADAS DE RODAGEM DO ESTADO DE MINAS GERAIS,DER-MG,DER-MG,AMPLIACAO DE CAPACIDADE DA MALHA E RESTAURACAO DO PAVIMENTO,Transportes
2026,3,2301,4293,32,0,Investimentos Próprios,867782.0,1170595.91,0.0,DEPARTAMENTO DE ESTRADAS DE RODAGEM DO ESTADO DE MINAS GERAIS,DER-MG,DER-MG,CONSERVACAO ROTINEIRA DA MALHA VIARIA,Transportes
2026,3,2301,4385,10,0,Investimentos Próprios,-84828.0,41028.48,0.0,DEPARTAMENTO DE ESTRADAS DE RODAGEM DO ESTADO DE MINAS GERAIS,DER-MG,DER-MG,REABILITACAO DA MALHA VIARIA,Transportes
2026,3,1251,4365,48,0,Investimentos Próprios,10864929.6,0.0,10174230.5,POLICIA MILITAR DO ESTADO DE MINAS GERAIS,PMMG,PMMG,POLICIAMENTO OSTENSIVO GERAL,Segurança Pública
2026,3,2301,4275,10,0,Investimentos Próprios,-55000.0,0.0,0.0,DEPARTAMENTO DE ESTRADAS DE RODAGEM DO ESTADO DE MINAS GERAIS,DER-MG,DER-MG,IMPLANTACAO/PAVIMENTACAO DA MALHA,Transportes
2026,3,1511,4061,48,0,Investimentos Próprios,14340.0,0.0,14340.0,POLICIA CIVIL DO ESTADO DE MINAS GERAIS,PCMG,PCMG,PERICIAS TECNICO-CIENTIFICAS,Segurança Pública
2026,3,2301,4268,33,0,Investimentos Próprios,244001.33,0.0,0.0,DEPARTAMENTO DE ESTRADAS DE RODAGEM DO ESTADO DE MINAS GERAIS,DER-MG,DER-MG,AMPLIACAO DE CAPACIDADE DA MALHA E RESTAURACAO DO PAVIMENTO,Transportes
2026,3,2301,4275,10,0,Investimentos Próprios,74410.56,74410.56,74410.56,DEPARTAMENTO DE ESTRADAS DE RODAGEM DO ESTADO DE MINAS GERAIS,DER-MG,DER-MG,IMPLANTACAO/PAVIMENTACAO DA MALHA,Transportes
2026,3,2301,4385,10,0,Investimentos Próprios,95200.0,0.0,80502.44,DEPARTAMENTO DE ESTRADAS DE RODAGEM DO ESTADO DE MINAS GERAIS,DER-MG,DER-MG,REABILITACAO DA MALHA VIARIA,Transportes
2026,3,2301,4385,10,0,Investimentos Próprios,138040.0,0.0,86167.75,DEPARTAMENTO DE ESTRADAS DE RODAGEM DO ESTADO DE MINAS GERAIS,DER-MG,DER-MG,REABILITACAO DA MALHA VIARIA,Transportes
2026,3,2301,4293,32,0,Investimentos Próprios,-47721.19,364928.62,0.0,DEPARTAMENTO DE ESTRADAS DE RODAGEM DO ESTADO DE MINAS GERAIS,DER-MG,DER-MG,CONSERVACAO ROTINEIRA DA MALHA VIARIA,Transportes
2026,3,2301,4293,32,0,Investimentos Próprios,-400000.0,0.0,0.0,DEPARTAMENTO DE ESTRADAS DE RODAGEM DO ESTADO DE MINAS GERAIS,DER-MG,DER-MG,CONSERVACAO ROTINEIRA DA MALHA VIARIA,Transportes
2026,3,2301,4293,32,0,Investimentos Próprios,1340700.0,916279.67,0.0,DEPARTAMENTO DE ESTRADAS DE RODAGEM DO ESTADO DE MINAS GERAIS,DER-MG,DER-MG,CONSERVACAO ROTINEIRA DA MALHA VIARIA,Transportes
2026,3,2301,4293,32,0,Investimentos Próprios,1282837.46,1432094.57,0.0,DEPARTAMENTO DE ESTRADAS DE RODAGEM DO ESTADO DE MINAS GERAIS,DER-MG,DER-MG,CONSERVACAO ROTINEIRA DA MALHA VIARIA,Transportes
2026,3,1251,4365,48,0,Investimentos Próprios,2486903.38,0.0,2306315.93,POLICIA MILITAR DO ESTADO DE MINAS GERAIS,PMMG,PMMG,POLICIAMENTO OSTENSIVO GERAL,Segurança Pública
2026,3,1251,4365,48,0,Investimentos Próprios,43459718.4,0.0,40696922.02,POLICIA MILITAR DO ESTADO DE MINAS GERAIS,PMMG,PMMG,POLICIAMENTO OSTENSIVO GERAL,Segurança Pública
2026,3,2301,4385,10,0,Investimentos Próprios,40860.0,0.0,50809.41,DEPARTAMENTO DE ESTRADAS DE RODAGEM DO ESTADO DE MINAS GERAIS,DER-MG,DER-MG,REABILITACAO DA MALHA VIARIA,Transportes
2026,3,2301,4385,10,0,Investimentos Próprios,-63000.0,0.0,0.0,DEPARTAMENTO DE ESTRADAS DE RODAGEM DO ESTADO DE MINAS GERAIS,DER-MG,DER-MG,REABILITACAO DA MALHA VIARIA,Transportes
2026,3,2301,4385,10,0,Investimentos Próprios,-835457.22,0.0,0.0,DEPARTAMENTO DE ESTRADAS DE RODAGEM DO ESTADO DE MINAS GERAIS,DER-MG,DER-MG,REABILITACAO DA MALHA VIARIA,Transportes
2026,3,2301,4385,10,0,Investimentos Próprios,-69065.83,0.0,0.0,DEPARTAMENTO DE ESTRADAS DE RODAGEM DO ESTADO DE MINAS GERAIS,DER-MG,DER-MG,REABILITACAO DA MALHA VIARIA,Transportes
2026,3,2301,4293,32,0,Investimentos Próprios,686187.0,769128.73,0.0,DEPARTAMENTO DE ESTRADAS DE RODAGEM DO ESTADO DE MINAS GERAIS,DER-MG,DER-MG,CONSERVACAO ROTINEIRA DA MALHA VIARIA,Transportes
2026,3,2301,4293,32,0,Investimentos Próprios,6721.0,287.59,0.0,DEPARTAMENTO DE ESTRADAS DE RODAGEM DO ESTADO DE MINAS GERAIS,DER-MG,DER-MG,CONSERVACAO ROTINEIRA DA MALHA VIARIA,Transportes
2026,3,2301,4293,32,0,Investimentos Próprios,-200000.0,0.0,0.0,DEPARTAMENTO DE ESTRADAS DE RODAGEM DO ESTADO DE MINAS GERAIS,DER-MG,DER-MG,CONSERVACAO ROTINEIRA DA MALHA VIARIA,Transportes
2026,3,2301,4293,32,0,Investimentos Próprios,17659.86,0.0,46116.24,DEPARTAMENTO DE ESTRADAS DE RODAGEM DO ESTADO DE MINAS GERAIS,DER-MG,DER-MG,CONSERVACAO ROTINEIRA DA MALHA VIARIA,Transportes
2026,3,1261,2118,71,0,Investimentos Próprios,-1900.0,0.0,0.0,SECRETARIA DE ESTADO DE EDUCACAO,SEE,SEE,TRILHAS DE FUTURO - ESTUDANTES,EPT
2026,3,1261,2118,71,0,Investimentos Próprios,-480.0,0.0,0.0,SECRETARIA DE ESTADO DE EDUCACAO,SEE,SEE,TRILHAS DE FUTURO - ESTUDANTES,EPT
2026,3,2301,4293,32,0,Investimentos Próprios,3359920.5,0.0,21259491.96,DEPARTAMENTO DE ESTRADAS DE RODAGEM DO ESTADO DE MINAS GERAIS,DER-MG,DER-MG,CONSERVACAO ROTINEIRA DA MALHA VIARIA,Transportes
2026,3,2301,4293,32,0,Investimentos Próprios,55000.0,0.0,162783.68,DEPARTAMENTO DE ESTRADAS DE RODAGEM DO ESTADO DE MINAS GERAIS,DER-MG,DER-MG,CONSERVACAO ROTINEIRA DA MALHA VIARIA,Transportes
2026,3,1301,1041,32,0,Investimentos Próprios,356283.98,0.0,356283.98,"SECRETARIA DE ESTADO DE INFRAESTRUTURA, MOBILIDADE E PARCERIAS",SEINFRA,SEINFRA,REQUALIFICACAO URBANA E AMBIENTAL E DE CONTROLE DE CHEIAS DO CORREGO RIACHO DAS PEDRAS - PAC RIACHO,Saneamento
2026,3,2301,4268,10,0,Investimentos Próprios,142800.0,0.0,132882.21,DEPARTAMENTO DE ESTRADAS DE RODAGEM DO ESTADO DE MINAS GERAIS,DER-MG,DER-MG,AMPLIACAO DE CAPACIDADE DA MALHA E RESTAURACAO DO PAVIMENTO,Transportes
2026,3,1301,1041,32,0,Investimentos Próprios,286099.59,0.0,286099.59,"SECRETARIA DE ESTADO DE INFRAESTRUTURA, MOBILIDADE E PARCERIAS",SEINFRA,SEINFRA,REQUALIFICACAO URBANA E AMBIENTAL E DE CONTROLE DE CHEIAS DO CORREGO RIACHO DAS PEDRAS - PAC RIACHO,Saneamento
2026,3,1511,4060,48,0,Investimentos Próprios,1264909.8,0.0,298680.0,POLICIA CIVIL DO ESTADO DE MINAS GERAIS,PCMG,PCMG,GESTAO DAS UNIDADES POLICIAIS,Segurança Pública
2026,3,2301,4275,10,0,Investimentos Próprios,17600.35,17600.35,17600.35,DEPARTAMENTO DE ESTRADAS DE RODAGEM DO ESTADO DE MINAS GERAIS,DER-MG,DER-MG,IMPLANTACAO/PAVIMENTACAO DA MALHA,Transportes
2026,3,2301,4275,10,0,Investimentos Próprios,512693.0,0.0,0.0,DEPARTAMENTO DE ESTRADAS DE RODAGEM DO ESTADO DE MINAS GERAIS,DER-MG,DER-MG,IMPLANTACAO/PAVIMENTACAO DA MALHA,Transportes
2026,3,1261,2118,71,0,Investimentos Próprios,-10.0,0.0,0.0,SECRETARIA DE ESTADO DE EDUCACAO,SEE,SEE,TRILHAS DE FUTURO - ESTUDANTES,EPT
2026,3,1261,2118,71,0,Investimentos Próprios,-10.0,0.0,0.0,SECRETARIA DE ESTADO DE EDUCACAO,SEE,SEE,TRILHAS DE FUTURO - ESTUDANTES,EPT
2026,3,1261,2118,10,0,Investimentos Próprios,-5405.88,0.0,0.0,SECRETARIA DE ESTADO DE EDUCACAO,SEE,SEE,TRILHAS DE FUTURO - ESTUDANTES,EPT
2026,3,1511,4060,48,0,Investimentos Próprios,1592144.5,0.0,1367548.4,POLICIA CIVIL DO ESTADO DE MINAS GERAIS,PCMG,PCMG,GESTAO DAS UNIDADES POLICIAIS,Segurança Pública
2026,3,1511,4061,48,0,Investimentos Próprios,6492.15,0.0,6492.15,POLICIA CIVIL DO ESTADO DE MINAS GERAIS,PCMG,PCMG,PERICIAS TECNICO-CIENTIFICAS,Segurança Pública
2026,3,2301,4385,33,0,Investimentos Próprios,25000.0,0.0,8708.23,DEPARTAMENTO DE ESTRADAS DE RODAGEM DO ESTADO DE MINAS GERAIS,DER-MG,DER-MG,REABILITACAO DA MALHA VIARIA,Transportes
2026,3,2301,4162,10,0,Investimentos Próprios,500000.0,257291.63,0.0,DEPARTAMENTO DE ESTRADAS DE RODAGEM DO ESTADO DE MINAS GERAIS,DER-MG,DER-MG,SUPORTE A GESTAO DOS ATIVOS RODOVIARIOS,Transportes
2026,3,2301,4293,32,0,Investimentos Próprios,-439986.26,260647.38,0.0,DEPARTAMENTO DE ESTRADAS DE RODAGEM DO ESTADO DE MINAS GERAIS,DER-MG,DER-MG,CONSERVACAO ROTINEIRA DA MALHA VIARIA,Transportes
2026,3,2301,4385,10,0,Investimentos Próprios,-37105.52,113517.75,0.0,DEPARTAMENTO DE ESTRADAS DE RODAGEM DO ESTADO DE MINAS GERAIS,DER-MG,DER-MG,REABILITACAO DA MALHA VIARIA,Transportes
2026,3,2301,4385,10,0,Investimentos Próprios,-21000.0,4222.41,0.0,DEPARTAMENTO DE ESTRADAS DE RODAGEM DO ESTADO DE MINAS GERAIS,DER-MG,DER-MG,REABILITACAO DA MALHA VIARIA,Transportes
2026,3,2301,4275,10,0,Investimentos Próprios,1369602.0,0.0,1347051.14,DEPARTAMENTO DE ESTRADAS DE RODAGEM DO ESTADO DE MINAS GERAIS,DER-MG,DER-MG,IMPLANTACAO/PAVIMENTACAO DA MALHA,Transportes
2026,3,1251,4365,48,0,Investimentos Próprios,449111.13,0.0,416498.75,POLICIA MILITAR DO ESTADO DE MINAS GERAIS,PMMG,PMMG,POLICIAMENTO OSTENSIVO GERAL,Segurança Pública
2026,3,2301,4293,32,0,Investimentos Próprios,1918167.0,524991.37,3607941.76,DEPARTAMENTO DE ESTRADAS DE RODAGEM DO ESTADO DE MINAS GERAIS,DER-MG,DER-MG,CONSERVACAO ROTINEIRA DA MALHA VIARIA,Transportes
2026,3,2301,4275,10,0,Investimentos Próprios,68000.0,0.0,0.0,DEPARTAMENTO DE ESTRADAS DE RODAGEM DO ESTADO DE MINAS GERAIS,DER-MG,DER-MG,IMPLANTACAO/PAVIMENTACAO DA MALHA,Transportes
2026,3,2301,4268,33,0,Investimentos Próprios,172503.19,0.0,0.0,DEPARTAMENTO DE ESTRADAS DE RODAGEM DO ESTADO DE MINAS GERAIS,DER-MG,DER-MG,AMPLIACAO DE CAPACIDADE DA MALHA E RESTAURACAO DO PAVIMENTO,Transportes
2026,3,2301,4275,10,0,Investimentos Próprios,-120000.0,19556.22,0.0,DEPARTAMENTO DE ESTRADAS DE RODAGEM DO ESTADO DE MINAS GERAIS,DER-MG,DER-MG,IMPLANTACAO/PAVIMENTACAO DA MALHA,Transportes
2026,3,2301,4275,10,0,Investimentos Próprios,-504483.76,0.0,0.0,DEPARTAMENTO DE ESTRADAS DE RODAGEM DO ESTADO DE MINAS GERAIS,DER-MG,DER-MG,IMPLANTACAO/PAVIMENTACAO DA MALHA,Transportes
2026,3,2301,4275,10,0,Investimentos Próprios,-267351.6,0.0,0.0,DEPARTAMENTO DE ESTRADAS DE RODAGEM DO ESTADO DE MINAS GERAIS,DER-MG,DER-MG,IMPLANTACAO/PAVIMENTACAO DA MALHA,Transportes
2026,3,2301,4275,10,0,Investimentos Próprios,-50000.0,0.0,0.0,DEPARTAMENTO DE ESTRADAS DE RODAGEM DO ESTADO DE MINAS GERAIS,DER-MG,DER-MG,IMPLANTACAO/PAVIMENTACAO DA MALHA,Transportes
2026,3,1511,4060,48,0,Investimentos Próprios,8411.13,0.0,8411.0,POLICIA CIVIL DO ESTADO DE MINAS GERAIS,PCMG,PCMG,GESTAO DAS UNIDADES POLICIAIS,Segurança Pública
2026,3,2301,4268,33,0,Investimentos Próprios,54264.59,0.0,0.0,DEPARTAMENTO DE ESTRADAS DE RODAGEM DO ESTADO DE MINAS GERAIS,DER-MG,DER-MG,AMPLIACAO DE CAPACIDADE DA MALHA E RESTAURACAO DO PAVIMENTO,Transportes
2026,3,2301,4268,33,0,Investimentos Próprios,-172503.19,652661.01,0.0,DEPARTAMENTO DE ESTRADAS DE RODAGEM DO ESTADO DE MINAS GERAIS,DER-MG,DER-MG,AMPLIACAO DE CAPACIDADE DA MALHA E RESTAURACAO DO PAVIMENTO,Transportes
2026,3,2301,4275,10,0,Investimentos Próprios,1530248.0,0.0,0.0,DEPARTAMENTO DE ESTRADAS DE RODAGEM DO ESTADO DE MINAS GERAIS,DER-MG,DER-MG,IMPLANTACAO/PAVIMENTACAO DA MALHA,Transportes
2026,3,2301,4293,32,0,Investimentos Próprios,305550.0,0.0,1729176.91,DEPARTAMENTO DE ESTRADAS DE RODAGEM DO ESTADO DE MINAS GERAIS,DER-MG,DER-MG,CONSERVACAO ROTINEIRA DA MALHA VIARIA,Transportes
2026,3,2301,4293,32,0,Investimentos Próprios,-108370.68,113228.68,0.0,DEPARTAMENTO DE ESTRADAS DE RODAGEM DO ESTADO DE MINAS GERAIS,DER-MG,DER-MG,CONSERVACAO ROTINEIRA DA MALHA VIARIA,Transportes
2026,3,2301,4293,32,0,Investimentos Próprios,226787.0,308414.97,0.0,DEPARTAMENTO DE ESTRADAS DE RODAGEM DO ESTADO DE MINAS GERAIS,DER-MG,DER-MG,CONSERVACAO ROTINEIRA DA MALHA VIARIA,Transportes
2026,3,1261,2118,10,0,Investimentos Próprios,-1630.12,-1630.12,0.0,SECRETARIA DE ESTADO DE EDUCACAO,SEE,SEE,TRILHAS DE FUTURO - ESTUDANTES,EPT
2026,3,2301,4293,32,0,Investimentos Próprios,1276657.0,1226457.21,0.0,DEPARTAMENTO DE ESTRADAS DE RODAGEM DO ESTADO DE MINAS GERAIS,DER-MG,DER-MG,CONSERVACAO ROTINEIRA DA MALHA VIARIA,Transportes
2026,3,2301,4385,10,0,Investimentos Próprios,21000.0,0.0,15183.47,DEPARTAMENTO DE ESTRADAS DE RODAGEM DO ESTADO DE MINAS GERAIS,DER-MG,DER-MG,REABILITACAO DA MALHA VIARIA,Transportes
2026,3,2301,4385,10,0,Investimentos Próprios,75000.0,0.0,36604.09,DEPARTAMENTO DE ESTRADAS DE RODAGEM DO ESTADO DE MINAS GERAIS,DER-MG,DER-MG,REABILITACAO DA MALHA VIARIA,Transportes
2026,3,1251,4365,48,0,Investimentos Próprios,0.0,0.0,0.0,POLICIA MILITAR DO ESTADO DE MINAS GERAIS,PMMG,PMMG,POLICIAMENTO OSTENSIVO GERAL,Segurança Pública
2026,3,2301,4272,89,1,FEF,73857.42,73857.42,73857.42,DEPARTAMENTO DE ESTRADAS DE RODAGEM DO ESTADO DE MINAS GERAIS,DER-MG,DER-MG,IMPLANTACAO E RESTAURACAO DE OBRAS DE ARTES ESPECIAIS,Transportes
2026,3,1301,1037,32,0,Investimentos Próprios,0.0,0.0,0.0,"SECRETARIA DE ESTADO DE INFRAESTRUTURA, MOBILIDADE E PARCERIAS",SEINFRA,SEINFRA,"INTERVENCOES NA INFRAESTRUTURA RODOVIARIA ESTADUAL, MUNICIPAL E REGIONAL",Transportes
2026,3,2301,4162,10,0,Investimentos Próprios,20000.0,0.0,0.0,DEPARTAMENTO DE ESTRADAS DE RODAGEM DO ESTADO DE MINAS GERAIS,DER-MG,DER-MG,SUPORTE A GESTAO DOS ATIVOS RODOVIARIOS,Transportes
2026,3,1251,4365,48,0,Investimentos Próprios,410550.0,0.0,410550.0,POLICIA MILITAR DO ESTADO DE MINAS GERAIS,PMMG,PMMG,POLICIAMENTO OSTENSIVO GERAL,Segurança Pública
2026,3,2301,4162,10,0,Investimentos Próprios,20000.0,0.0,9846.36,DEPARTAMENTO DE ESTRADAS DE RODAGEM DO ESTADO DE MINAS GERAIS,DER-MG,DER-MG,SUPORTE A GESTAO DOS ATIVOS RODOVIARIOS,Transportes
2026,3,2301,4162,10,0,Investimentos Próprios,20000.0,0.0,0.0,DEPARTAMENTO DE ESTRADAS DE RODAGEM DO ESTADO DE MINAS GERAIS,DER-MG,DER-MG,SUPORTE A GESTAO DOS ATIVOS RODOVIARIOS,Transportes
2026,3,1511,4060,48,0,Investimentos Próprios,182580.0,0.0,25500.0,POLICIA CIVIL DO ESTADO DE MINAS GERAIS,PCMG,PCMG,GESTAO DAS UNIDADES POLICIAIS,Segurança Pública
2026,3,1251,4365,48,0,Investimentos Próprios,595271.9,0.0,595271.9,POLICIA MILITAR DO ESTADO DE MINAS GERAIS,PMMG,PMMG,POLICIAMENTO OSTENSIVO GERAL,Segurança Pública
2026,3,2301,4293,32,0,Investimentos Próprios,1491811.03,665902.44,3181591.89,DEPARTAMENTO DE ESTRADAS DE RODAGEM DO ESTADO DE MINAS GERAIS,DER-MG,DER-MG,CONSERVACAO ROTINEIRA DA MALHA VIARIA,Transportes
2026,3,2301,4293,32,0,Investimentos Próprios,428400.0,0.0,1808893.69,DEPARTAMENTO DE ESTRADAS DE RODAGEM DO ESTADO DE MINAS GERAIS,DER-MG,DER-MG,CONSERVACAO ROTINEIRA DA MALHA VIARIA,Transportes
2026,3,2301,4385,10,0,Investimentos Próprios,588670.74,0.0,0.0,DEPARTAMENTO DE ESTRADAS DE RODAGEM DO ESTADO DE MINAS GERAIS,DER-MG,DER-MG,REABILITACAO DA MALHA VIARIA,Transportes
2026,3,2301,4385,10,0,Investimentos Próprios,30000.0,0.0,108331.6,DEPARTAMENTO DE ESTRADAS DE RODAGEM DO ESTADO DE MINAS GERAIS,DER-MG,DER-MG,REABILITACAO DA MALHA VIARIA,Transportes
2026,3,2301,4275,10,0,Investimentos Próprios,0.0,0.0,0.0,DEPARTAMENTO DE ESTRADAS DE RODAGEM DO ESTADO DE MINAS GERAIS,DER-MG,DER-MG,IMPLANTACAO/PAVIMENTACAO DA MALHA,Transportes
2026,3,2301,4385,10,0,Investimentos Próprios,167670.0,0.0,147549.6,DEPARTAMENTO DE ESTRADAS DE RODAGEM DO ESTADO DE MINAS GERAIS,DER-MG,DER-MG,REABILITACAO DA MALHA VIARIA,Transportes
2026,3,2301,4385,10,0,Investimentos Próprios,61290.0,0.0,59425.34,DEPARTAMENTO DE ESTRADAS DE RODAGEM DO ESTADO DE MINAS GERAIS,DER-MG,DER-MG,REABILITACAO DA MALHA VIARIA,Transportes
2026,3,1261,2118,10,0,Investimentos Próprios,-10632.0,0.0,0.0,SECRETARIA DE ESTADO DE EDUCACAO,SEE,SEE,TRILHAS DE FUTURO - ESTUDANTES,EPT
2026,3,2301,4385,33,0,Investimentos Próprios,88305.95,0.0,78465.9,DEPARTAMENTO DE ESTRADAS DE RODAGEM DO ESTADO DE MINAS GERAIS,DER-MG,DER-MG,REABILITACAO DA MALHA VIARIA,Transportes
2026,3,2301,4275,10,0,Investimentos Próprios,-1028164.4,0.0,0.0,DEPARTAMENTO DE ESTRADAS DE RODAGEM DO ESTADO DE MINAS GERAIS,DER-MG,DER-MG,IMPLANTACAO/PAVIMENTACAO DA MALHA,Transportes
2026,3,2301,4162,10,0,Investimentos Próprios,500000.0,257291.62,0.0,DEPARTAMENTO DE ESTRADAS DE RODAGEM DO ESTADO DE MINAS GERAIS,DER-MG,DER-MG,SUPORTE A GESTAO DOS ATIVOS RODOVIARIOS,Transportes
2026,3,2301,4275,10,0,Investimentos Próprios,0.0,0.0,0.0,DEPARTAMENTO DE ESTRADAS DE RODAGEM DO ESTADO DE MINAS GERAIS,DER-MG,DER-MG,IMPLANTACAO/PAVIMENTACAO DA MALHA,Transportes
2026,3,2301,4275,10,0,Investimentos Próprios,0.0,0.0,0.0,DEPARTAMENTO DE ESTRADAS DE RODAGEM DO ESTADO DE MINAS GERAIS,DER-MG,DER-MG,IMPLANTACAO/PAVIMENTACAO DA MALHA,Transportes
2026,3,4381,4210,54,0,Investimentos Próprios,347201.22,156543.28,0.0,FUNDO ESTADUAL DE DESENVOLVIMENTO DE TRANSPORTES,FUNTRANS,FUNTRANS,REGULACAO DO USO E OCUPACAO DA FAIXA DE DOMINIO,Transportes
2026,3,2301,4293,32,0,Investimentos Próprios,1170623.75,848989.19,0.0,DEPARTAMENTO DE ESTRADAS DE RODAGEM DO ESTADO DE MINAS GERAIS,DER-MG,DER-MG,CONSERVACAO ROTINEIRA DA MALHA VIARIA,Transportes
2026,3,1511,1051,48,0,Investimentos Próprios,100224.0,0.0,100224.0,POLICIA CIVIL DO ESTADO DE MINAS GERAIS,PCMG,PCMG,IMPLEMENTACAO DA CADEIA DE CUSTODIA DA PROVA EM MINAS GERAIS,Segurança Pública
2026,3,2301,4293,32,0,Investimentos Próprios,-488171.75,285052.32,0.0,DEPARTAMENTO DE ESTRADAS DE RODAGEM DO ESTADO DE MINAS GERAIS,DER-MG,DER-MG,CONSERVACAO ROTINEIRA DA MALHA VIARIA,Transportes
2026,3,1251,4365,48,0,Investimentos Próprios,1168608.0,0.0,1101413.04,POLICIA MILITAR DO ESTADO DE MINAS GERAIS,PMMG,PMMG,POLICIAMENTO OSTENSIVO GERAL,Segurança Pública
2026,3,2301,4162,10,0,Investimentos Próprios,0.0,103552.9,0.0,DEPARTAMENTO DE ESTRADAS DE RODAGEM DO ESTADO DE MINAS GERAIS,DER-MG,DER-MG,SUPORTE A GESTAO DOS ATIVOS RODOVIARIOS,Transportes
2026,3,2301,4293,32,0,Investimentos Próprios,2313124.0,1365700.53,0.0,DEPARTAMENTO DE ESTRADAS DE RODAGEM DO ESTADO DE MINAS GERAIS,DER-MG,DER-MG,CONSERVACAO ROTINEIRA DA MALHA VIARIA,Transportes
2026,3,2301,4284,10,0,Investimentos Próprios,17500.0,23311.05,0.0,DEPARTAMENTO DE ESTRADAS DE RODAGEM DO ESTADO DE MINAS GERAIS,DER-MG,DER-MG,PREVENCAO E MITIGACAO DE DANOS AMBIENTAIS,Transportes
2026,3,2301,4275,10,0,Investimentos Próprios,-111396.5,0.0,0.0,DEPARTAMENTO DE ESTRADAS DE RODAGEM DO ESTADO DE MINAS GERAIS,DER-MG,DER-MG,IMPLANTACAO/PAVIMENTACAO DA MALHA,Transportes
2026,3,2301,4275,10,0,Investimentos Próprios,-68000.0,0.0,0.0,DEPARTAMENTO DE ESTRADAS DE RODAGEM DO ESTADO DE MINAS GERAIS,DER-MG,DER-MG,IMPLANTACAO/PAVIMENTACAO DA MALHA,Transportes
2026,3,1251,4365,48,0,Investimentos Próprios,5261760.0,0.0,4959208.8,POLICIA MILITAR DO ESTADO DE MINAS GERAIS,PMMG,PMMG,POLICIAMENTO OSTENSIVO GERAL,Segurança Pública
2026,3,2301,4275,10,0,Investimentos Próprios,3248.38,3248.38,3248.38,DEPARTAMENTO DE ESTRADAS DE RODAGEM DO ESTADO DE MINAS GERAIS,DER-MG,DER-MG,IMPLANTACAO/PAVIMENTACAO DA MALHA,Transportes
2026,3,2301,4268,33,0,Investimentos Próprios,-30000.0,0.0,0.0,DEPARTAMENTO DE ESTRADAS DE RODAGEM DO ESTADO DE MINAS GERAIS,DER-MG,DER-MG,AMPLIACAO DE CAPACIDADE DA MALHA E RESTAURACAO DO PAVIMENTO,Transportes
2026,3,1511,4060,48,0,Investimentos Próprios,273415.0,0.0,273415.0,POLICIA CIVIL DO ESTADO DE MINAS GERAIS,PCMG,PCMG,GESTAO DAS UNIDADES POLICIAIS,Segurança Pública
2026,3,1261,2118,10,0,Investimentos Próprios,-583.98,-583.98,0.0,SECRETARIA DE ESTADO DE EDUCACAO,SEE,SEE,TRILHAS DE FUTURO - ESTUDANTES,EPT
2026,3,2301,4293,32,0,Investimentos Próprios,-15907.06,121642.88,0.0,DEPARTAMENTO DE ESTRADAS DE RODAGEM DO ESTADO DE MINAS GERAIS,DER-MG,DER-MG,CONSERVACAO ROTINEIRA DA MALHA VIARIA,Transportes
2026,3,2301,4385,10,0,Investimentos Próprios,111780.0,0.0,125352.69,DEPARTAMENTO DE ESTRADAS DE RODAGEM DO ESTADO DE MINAS GERAIS,DER-MG,DER-MG,REABILITACAO DA MALHA VIARIA,Transportes
2026,3,2301,4385,10,0,Investimentos Próprios,856980.0,0.0,545815.91,DEPARTAMENTO DE ESTRADAS DE RODAGEM DO ESTADO DE MINAS GERAIS,DER-MG,DER-MG,REABILITACAO DA MALHA VIARIA,Transportes
2026,3,2301,4385,10,0,Investimentos Próprios,0.0,0.0,0.0,DEPARTAMENTO DE ESTRADAS DE RODAGEM DO ESTADO DE MINAS GERAIS,DER-MG,DER-MG,REABILITACAO DA MALHA VIARIA,Transportes
2026,3,1301,1041,32,0,Investimentos Próprios,0.0,0.0,0.0,"SECRETARIA DE ESTADO DE INFRAESTRUTURA, MOBILIDADE E PARCERIAS",SEINFRA,SEINFRA,REQUALIFICACAO URBANA E AMBIENTAL E DE CONTROLE DE CHEIAS DO CORREGO RIACHO DAS PEDRAS - PAC RIACHO,Saneamento
2026,3,1251,4365,48,0,Investimentos Próprios,825000.0,0.0,825000.0,POLICIA MILITAR DO ESTADO DE MINAS GERAIS,PMMG,PMMG,POLICIAMENTO OSTENSIVO GERAL,Segurança Pública
2026,3,2301,4162,10,0,Investimentos Próprios,20000.0,0.0,0.0,DEPARTAMENTO DE ESTRADAS DE RODAGEM DO ESTADO DE MINAS GERAIS,DER-MG,DER-MG,SUPORTE A GESTAO DOS ATIVOS RODOVIARIOS,Transportes
2026,3,2301,4385,10,0,Investimentos Próprios,-53000.0,0.0,0.0,DEPARTAMENTO DE ESTRADAS DE RODAGEM DO ESTADO DE MINAS GERAIS,DER-MG,DER-MG,REABILITACAO DA MALHA VIARIA,Transportes
2026,3,2301,4293,32,0,Investimentos Próprios,-300000.0,0.0,0.0,DEPARTAMENTO DE ESTRADAS DE RODAGEM DO ESTADO DE MINAS GERAIS,DER-MG,DER-MG,CONSERVACAO ROTINEIRA DA MALHA VIARIA,Transportes
2026,3,2301,4293,32,0,Investimentos Próprios,615870.35,0.0,0.0,DEPARTAMENTO DE ESTRADAS DE RODAGEM DO ESTADO DE MINAS GERAIS,DER-MG,DER-MG,CONSERVACAO ROTINEIRA DA MALHA VIARIA,Transportes
2026,3,2301,4385,10,0,Investimentos Próprios,56000.0,0.0,637522.09,DEPARTAMENTO DE ESTRADAS DE RODAGEM DO ESTADO DE MINAS GERAIS,DER-MG,DER-MG,REABILITACAO DA MALHA VIARIA,Transportes
2026,3,2301,4385,10,0,Investimentos Próprios,226100.0,0.0,150898.55,DEPARTAMENTO DE ESTRADAS DE RODAGEM DO ESTADO DE MINAS GERAIS,DER-MG,DER-MG,REABILITACAO DA MALHA VIARIA,Transportes
2026,3,1251,4365,48,0,Investimentos Próprios,1196879.0,0.0,1196879.0,POLICIA MILITAR DO ESTADO DE MINAS GERAIS,PMMG,PMMG,POLICIAMENTO OSTENSIVO GERAL,Segurança Pública
2026,3,2301,4293,32,0,Investimentos Próprios,895396.0,0.0,0.0,DEPARTAMENTO DE ESTRADAS DE RODAGEM DO ESTADO DE MINAS GERAIS,DER-MG,DER-MG,CONSERVACAO ROTINEIRA DA MALHA VIARIA,Transportes
2026,3,1261,2118,10,0,Investimentos Próprios,-12012.96,0.0,0.0,SECRETARIA DE ESTADO DE EDUCACAO,SEE,SEE,TRILHAS DE FUTURO - ESTUDANTES,EPT
2026,3,1261,2118,10,0,Investimentos Próprios,-14766.6,0.0,0.0,SECRETARIA DE ESTADO DE EDUCACAO,SEE,SEE,TRILHAS DE FUTURO - ESTUDANTES,EPT
2026,3,1261,2118,10,0,Investimentos Próprios,-22909.04,0.0,0.0,SECRETARIA DE ESTADO DE EDUCACAO,SEE,SEE,TRILHAS DE FUTURO - ESTUDANTES,EPT
2026,3,1261,2118,10,0,Investimentos Próprios,-37243.14,0.0,0.0,SECRETARIA DE ESTADO DE EDUCACAO,SEE,SEE,TRILHAS DE FUTURO - ESTUDANTES,EPT
2026,3,1261,2118,10,0,Investimentos Próprios,-9009.63,0.0,0.0,SECRETARIA DE ESTADO DE EDUCACAO,SEE,SEE,TRILHAS DE FUTURO - ESTUDANTES,EPT
2026,3,1511,4060,48,0,Investimentos Próprios,89800.0,0.0,89800.0,POLICIA CIVIL DO ESTADO DE MINAS GERAIS,PCMG,PCMG,GESTAO DAS UNIDADES POLICIAIS,Segurança Pública
2026,3,2301,4385,33,0,Investimentos Próprios,157226.8,0.0,119964.05,DEPARTAMENTO DE ESTRADAS DE RODAGEM DO ESTADO DE MINAS GERAIS,DER-MG,DER-MG,REABILITACAO DA MALHA VIARIA,Transportes
2026,3,2301,4162,10,0,Investimentos Próprios,50000.0,3505.35,0.0,DEPARTAMENTO DE ESTRADAS DE RODAGEM DO ESTADO DE MINAS GERAIS,DER-MG,DER-MG,SUPORTE A GESTAO DOS ATIVOS RODOVIARIOS,Transportes
2026,3,2301,4293,32,0,Investimentos Próprios,88440.08,131834.67,0.0,DEPARTAMENTO DE ESTRADAS DE RODAGEM DO ESTADO DE MINAS GERAIS,DER-MG,DER-MG,CONSERVACAO ROTINEIRA DA MALHA VIARIA,Transportes
2026,3,2301,4275,10,0,Investimentos Próprios,0.0,73197.67,0.0,DEPARTAMENTO DE ESTRADAS DE RODAGEM DO ESTADO DE MINAS GERAIS,DER-MG,DER-MG,IMPLANTACAO/PAVIMENTACAO DA MALHA,Transportes
2026,3,2301,4275,10,0,Investimentos Próprios,0.0,2158698.61,0.0,DEPARTAMENTO DE ESTRADAS DE RODAGEM DO ESTADO DE MINAS GERAIS,DER-MG,DER-MG,IMPLANTACAO/PAVIMENTACAO DA MALHA,Transportes
2026,3,2301,4293,32,0,Investimentos Próprios,14197.0,8902.79,0.0,DEPARTAMENTO DE ESTRADAS DE RODAGEM DO ESTADO DE MINAS GERAIS,DER-MG,DER-MG,CONSERVACAO ROTINEIRA DA MALHA VIARIA,Transportes
2026,3,2301,4293,32,0,Investimentos Próprios,1261544.0,1023427.49,0.0,DEPARTAMENTO DE ESTRADAS DE RODAGEM DO ESTADO DE MINAS GERAIS,DER-MG,DER-MG,CONSERVACAO ROTINEIRA DA MALHA VIARIA,Transportes
2026,3,2301,4385,10,0,Investimentos Próprios,-3833.2,9166.8,0.0,DEPARTAMENTO DE ESTRADAS DE RODAGEM DO ESTADO DE MINAS GERAIS,DER-MG,DER-MG,REABILITACAO DA MALHA VIARIA,Transportes
2026,3,2301,4162,10,0,Investimentos Próprios,1000000.0,577194.62,0.0,DEPARTAMENTO DE ESTRADAS DE RODAGEM DO ESTADO DE MINAS GERAIS,DER-MG,DER-MG,SUPORTE A GESTAO DOS ATIVOS RODOVIARIOS,Transportes
2026,3,2301,4272,89,1,FEF,44313.68,44313.68,44313.68,DEPARTAMENTO DE ESTRADAS DE RODAGEM DO ESTADO DE MINAS GERAIS,DER-MG,DER-MG,IMPLANTACAO E RESTAURACAO DE OBRAS DE ARTES ESPECIAIS,Transportes
2026,3,2301,4284,10,0,Investimentos Próprios,17500.0,23311.02,0.0,DEPARTAMENTO DE ESTRADAS DE RODAGEM DO ESTADO DE MINAS GERAIS,DER-MG,DER-MG,PREVENCAO E MITIGACAO DE DANOS AMBIENTAIS,Transportes
2026,3,1251,4365,48,0,Investimentos Próprios,4684960.0,0.0,4415574.8,POLICIA MILITAR DO ESTADO DE MINAS GERAIS,PMMG,PMMG,POLICIAMENTO OSTENSIVO GERAL,Segurança Pública
2026,3,2301,4385,10,0,Investimentos Próprios,850597.3,0.0,14708396.7,DEPARTAMENTO DE ESTRADAS DE RODAGEM DO ESTADO DE MINAS GERAIS,DER-MG,DER-MG,REABILITACAO DA MALHA VIARIA,Transportes
2026,3,2301,4268,33,0,Investimentos Próprios,-54264.59,38210.81,0.0,DEPARTAMENTO DE ESTRADAS DE RODAGEM DO ESTADO DE MINAS GERAIS,DER-MG,DER-MG,AMPLIACAO DE CAPACIDADE DA MALHA E RESTAURACAO DO PAVIMENTO,Transportes
2026,3,2301,4268,33,0,Investimentos Próprios,-244001.33,0.0,0.0,DEPARTAMENTO DE ESTRADAS DE RODAGEM DO ESTADO DE MINAS GERAIS,DER-MG,DER-MG,AMPLIACAO DE CAPACIDADE DA MALHA E RESTAURACAO DO PAVIMENTO,Transportes
2026,3,2301,4275,10,0,Investimentos Próprios,254484.0,0.0,152260.22,DEPARTAMENTO DE ESTRADAS DE RODAGEM DO ESTADO DE MINAS GERAIS,DER-MG,DER-MG,IMPLANTACAO/PAVIMENTACAO DA MALHA,Transportes
2026,3,2301,4162,10,0,Investimentos Próprios,0.0,212922.86,0.0,DEPARTAMENTO DE ESTRADAS DE RODAGEM DO ESTADO DE MINAS GERAIS,DER-MG,DER-MG,SUPORTE A GESTAO DOS ATIVOS RODOVIARIOS,Transportes
2026,3,2301,4268,10,0,Investimentos Próprios,479941.2,0.0,0.0,DEPARTAMENTO DE ESTRADAS DE RODAGEM DO ESTADO DE MINAS GERAIS,DER-MG,DER-MG,AMPLIACAO DE CAPACIDADE DA MALHA E RESTAURACAO DO PAVIMENTO,Transportes
2026,3,2301,4385,10,0,Investimentos Próprios,1261969.5,0.0,1606430.2,DEPARTAMENTO DE ESTRADAS DE RODAGEM DO ESTADO DE MINAS GERAIS,DER-MG,DER-MG,REABILITACAO DA MALHA VIARIA,Transportes
2026,3,2301,4385,10,0,Investimentos Próprios,85000.0,0.0,61942.15,DEPARTAMENTO DE ESTRADAS DE RODAGEM DO ESTADO DE MINAS GERAIS,DER-MG,DER-MG,REABILITACAO DA MALHA VIARIA,Transportes
2026,3,2301,4268,33,0,Investimentos Próprios,93164.19,0.0,0.0,DEPARTAMENTO DE ESTRADAS DE RODAGEM DO ESTADO DE MINAS GERAIS,DER-MG,DER-MG,AMPLIACAO DE CAPACIDADE DA MALHA E RESTAURACAO DO PAVIMENTO,Transportes
2026,3,1251,4365,48,0,Investimentos Próprios,10302256.48,0.0,0.0,POLICIA MILITAR DO ESTADO DE MINAS GERAIS,PMMG,PMMG,POLICIAMENTO OSTENSIVO GERAL,Segurança Pública
2026,3,2301,4293,32,0,Investimentos Próprios,-20000.0,7409.56,0.0,DEPARTAMENTO DE ESTRADAS DE RODAGEM DO ESTADO DE MINAS GERAIS,DER-MG,DER-MG,CONSERVACAO ROTINEIRA DA MALHA VIARIA,Transportes
2026,3,2301,4284,10,0,Investimentos Próprios,2500000.0,0.0,911168.06,DEPARTAMENTO DE ESTRADAS DE RODAGEM DO ESTADO DE MINAS GERAIS,DER-MG,DER-MG,PREVENCAO E MITIGACAO DE DANOS AMBIENTAIS,Transportes
2026,3,2301,4385,10,0,Investimentos Próprios,226100.0,0.0,79126.33,DEPARTAMENTO DE ESTRADAS DE RODAGEM DO ESTADO DE MINAS GERAIS,DER-MG,DER-MG,REABILITACAO DA MALHA VIARIA,Transportes
2026,3,1251,4365,48,0,Investimentos Próprios,180000.0,0.0,180000.0,POLICIA MILITAR DO ESTADO DE MINAS GERAIS,PMMG,PMMG,POLICIAMENTO OSTENSIVO GERAL,Segurança Pública
2026,3,1251,4365,48,0,Investimentos Próprios,974500.0,0.0,974500.0,POLICIA MILITAR DO ESTADO DE MINAS GERAIS,PMMG,PMMG,POLICIAMENTO OSTENSIVO GERAL,Segurança Pública
2026,3,2301,4293,32,0,Investimentos Próprios,1307690.4,785883.34,0.0,DEPARTAMENTO DE ESTRADAS DE RODAGEM DO ESTADO DE MINAS GERAIS,DER-MG,DER-MG,CONSERVACAO ROTINEIRA DA MALHA VIARIA,Transportes
2026,3,1251,4365,48,0,Investimentos Próprios,5833800.21,0.0,0.0,POLICIA MILITAR DO ESTADO DE MINAS GERAIS,PMMG,PMMG,POLICIAMENTO OSTENSIVO GERAL,Segurança Pública
2026,3,1251,4365,48,0,Investimentos Próprios,8222000.0,0.0,8222000.0,POLICIA MILITAR DO ESTADO DE MINAS GERAIS,PMMG,PMMG,POLICIAMENTO OSTENSIVO GERAL,Segurança Pública
2026,3,2301,4293,32,0,Investimentos Próprios,-124414.4,0.0,0.0,DEPARTAMENTO DE ESTRADAS DE RODAGEM DO ESTADO DE MINAS GERAIS,DER-MG,DER-MG,CONSERVACAO ROTINEIRA DA MALHA VIARIA,Transportes
2026,3,2301,4293,32,0,Investimentos Próprios,-1468000.0,0.0,0.0,DEPARTAMENTO DE ESTRADAS DE RODAGEM DO ESTADO DE MINAS GERAIS,DER-MG,DER-MG,CONSERVACAO ROTINEIRA DA MALHA VIARIA,Transportes
2026,3,1261,2118,71,0,Investimentos Próprios,-2120.0,0.0,0.0,SECRETARIA DE ESTADO DE EDUCACAO,SEE,SEE,TRILHAS DE FUTURO - ESTUDANTES,EPT
2026,3,2301,4293,32,0,Investimentos Próprios,316000.0,0.0,1088322.67,DEPARTAMENTO DE ESTRADAS DE RODAGEM DO ESTADO DE MINAS GERAIS,DER-MG,DER-MG,CONSERVACAO ROTINEIRA DA MALHA VIARIA,Transportes
2026,3,2301,4275,10,0,Investimentos Próprios,-1369602.0,259722.19,0.0,DEPARTAMENTO DE ESTRADAS DE RODAGEM DO ESTADO DE MINAS GERAIS,DER-MG,DER-MG,IMPLANTACAO/PAVIMENTACAO DA MALHA,Transportes
2026,3,2301,4272,89,1,FEF,496761.94,0.0,40777.99,DEPARTAMENTO DE ESTRADAS DE RODAGEM DO ESTADO DE MINAS GERAIS,DER-MG,DER-MG,IMPLANTACAO E RESTAURACAO DE OBRAS DE ARTES ESPECIAIS,Transportes
2026,3,2301,4385,10,0,Investimentos Próprios,100000.0,0.0,77091.96,DEPARTAMENTO DE ESTRADAS DE RODAGEM DO ESTADO DE MINAS GERAIS,DER-MG,DER-MG,REABILITACAO DA MALHA VIARIA,Transportes
2026,3,1511,4061,48,0,Investimentos Próprios,8249.6,0.0,8249.6,POLICIA CIVIL DO ESTADO DE MINAS GERAIS,PCMG,PCMG,PERICIAS TECNICO-CIENTIFICAS,Segurança Pública
2026,3,1261,2118,71,0,Investimentos Próprios,-10.0,0.0,0.0,SECRETARIA DE ESTADO DE EDUCACAO,SEE,SEE,TRILHAS DE FUTURO - ESTUDANTES,EPT
2026,3,1261,2118,10,0,Investimentos Próprios,-5383.42,0.0,0.0,SECRETARIA DE ESTADO DE EDUCACAO,SEE,SEE,TRILHAS DE FUTURO - ESTUDANTES,EPT
2026,3,1261,2118,10,0,Investimentos Próprios,-6608.4,0.0,0.0,SECRETARIA DE ESTADO DE EDUCACAO,SEE,SEE,TRILHAS DE FUTURO - ESTUDANTES,EPT
2026,4,2301,4385,10,0,Investimentos Próprios,3522676.1,562415.9,0.0,DEPARTAMENTO DE ESTRADAS DE RODAGEM DO ESTADO DE MINAS GERAIS,DER-MG,DER-MG,REABILITACAO DA MALHA VIARIA,Transportes
2026,4,1511,1051,48,0,Investimentos Próprios,14196.0,0.0,0.0,POLICIA CIVIL DO ESTADO DE MINAS GERAIS,PCMG,PCMG,IMPLEMENTACAO DA CADEIA DE CUSTODIA DA PROVA EM MINAS GERAIS,Segurança Pública
2026,4,2301,4293,32,0,Investimentos Próprios,22391.11,6576.79,0.0,DEPARTAMENTO DE ESTRADAS DE RODAGEM DO ESTADO DE MINAS GERAIS,DER-MG,DER-MG,CONSERVACAO ROTINEIRA DA MALHA VIARIA,Transportes
2026,4,2301,4385,33,0,Investimentos Próprios,-53460.13,129153.47,0.0,DEPARTAMENTO DE ESTRADAS DE RODAGEM DO ESTADO DE MINAS GERAIS,DER-MG,DER-MG,REABILITACAO DA MALHA VIARIA,Transportes
2026,4,2301,4162,10,0,Investimentos Próprios,0.0,190866.35,0.0,DEPARTAMENTO DE ESTRADAS DE RODAGEM DO ESTADO DE MINAS GERAIS,DER-MG,DER-MG,SUPORTE A GESTAO DOS ATIVOS RODOVIARIOS,Transportes
2026,4,2301,4293,32,0,Investimentos Próprios,2675815.47,191020.48,0.0,DEPARTAMENTO DE ESTRADAS DE RODAGEM DO ESTADO DE MINAS GERAIS,DER-MG,DER-MG,CONSERVACAO ROTINEIRA DA MALHA VIARIA,Transportes
2026,4,2301,4385,10,0,Investimentos Próprios,229516.2,0.0,0.0,DEPARTAMENTO DE ESTRADAS DE RODAGEM DO ESTADO DE MINAS GERAIS,DER-MG,DER-MG,REABILITACAO DA MALHA VIARIA,Transportes
2026,4,2301,4385,10,0,Investimentos Próprios,129570.1,0.0,0.0,DEPARTAMENTO DE ESTRADAS DE RODAGEM DO ESTADO DE MINAS GERAIS,DER-MG,DER-MG,REABILITACAO DA MALHA VIARIA,Transportes
2026,4,2301,4385,10,0,Investimentos Próprios,59146.76,0.0,0.0,DEPARTAMENTO DE ESTRADAS DE RODAGEM DO ESTADO DE MINAS GERAIS,DER-MG,DER-MG,REABILITACAO DA MALHA VIARIA,Transportes
2026,4,2301,4385,10,0,Investimentos Próprios,292403.78,0.0,0.0,DEPARTAMENTO DE ESTRADAS DE RODAGEM DO ESTADO DE MINAS GERAIS,DER-MG,DER-MG,REABILITACAO DA MALHA VIARIA,Transportes
2026,4,2301,4162,10,0,Investimentos Próprios,0.0,205719.9,0.0,DEPARTAMENTO DE ESTRADAS DE RODAGEM DO ESTADO DE MINAS GERAIS,DER-MG,DER-MG,SUPORTE A GESTAO DOS ATIVOS RODOVIARIOS,Transportes
2026,4,2301,4293,32,0,Investimentos Próprios,16954.15,6707.79,0.0,DEPARTAMENTO DE ESTRADAS DE RODAGEM DO ESTADO DE MINAS GERAIS,DER-MG,DER-MG,CONSERVACAO ROTINEIRA DA MALHA VIARIA,Transportes
2026,4,2301,4293,32,0,Investimentos Próprios,94879.9,87320.37,0.0,DEPARTAMENTO DE ESTRADAS DE RODAGEM DO ESTADO DE MINAS GERAIS,DER-MG,DER-MG,CONSERVACAO ROTINEIRA DA MALHA VIARIA,Transportes
2026,4,2301,4293,32,0,Investimentos Próprios,3339967.55,1321433.68,0.0,DEPARTAMENTO DE ESTRADAS DE RODAGEM DO ESTADO DE MINAS GERAIS,DER-MG,DER-MG,CONSERVACAO ROTINEIRA DA MALHA VIARIA,Transportes
2026,4,2301,4385,10,0,Investimentos Próprios,168000.0,0.0,0.0,DEPARTAMENTO DE ESTRADAS DE RODAGEM DO ESTADO DE MINAS GERAIS,DER-MG,DER-MG,REABILITACAO DA MALHA VIARIA,Transportes
2026,4,2301,4293,32,0,Investimentos Próprios,3397934.43,1607568.78,0.0,DEPARTAMENTO DE ESTRADAS DE RODAGEM DO ESTADO DE MINAS GERAIS,DER-MG,DER-MG,CONSERVACAO ROTINEIRA DA MALHA VIARIA,Transportes
2026,4,2301,4293,32,0,Investimentos Próprios,0.0,0.0,0.0,DEPARTAMENTO DE ESTRADAS DE RODAGEM DO ESTADO DE MINAS GERAIS,DER-MG,DER-MG,CONSERVACAO ROTINEIRA DA MALHA VIARIA,Transportes
2026,4,2301,4293,32,0,Investimentos Próprios,2152531.0,598656.56,0.0,DEPARTAMENTO DE ESTRADAS DE RODAGEM DO ESTADO DE MINAS GERAIS,DER-MG,DER-MG,CONSERVACAO ROTINEIRA DA MALHA VIARIA,Transportes
2026,4,2301,4293,32,0,Investimentos Próprios,2612536.0,781423.19,0.0,DEPARTAMENTO DE ESTRADAS DE RODAGEM DO ESTADO DE MINAS GERAIS,DER-MG,DER-MG,CONSERVACAO ROTINEIRA DA MALHA VIARIA,Transportes
2026,4,1511,4060,48,0,Investimentos Próprios,24585.0,0.0,24585.0,POLICIA CIVIL DO ESTADO DE MINAS GERAIS,PCMG,PCMG,GESTAO DAS UNIDADES POLICIAIS,Segurança Pública
2026,4,2301,4275,33,0,Investimentos Próprios,21000.0,0.0,33834.63,DEPARTAMENTO DE ESTRADAS DE RODAGEM DO ESTADO DE MINAS GERAIS,DER-MG,DER-MG,IMPLANTACAO/PAVIMENTACAO DA MALHA,Transportes
2026,4,1511,1051,48,0,Investimentos Próprios,0.0,10640.0,0.0,POLICIA CIVIL DO ESTADO DE MINAS GERAIS,PCMG,PCMG,IMPLEMENTACAO DA CADEIA DE CUSTODIA DA PROVA EM MINAS GERAIS,Segurança Pública
2026,4,2301,4385,10,0,Investimentos Próprios,430000.0,0.0,0.0,DEPARTAMENTO DE ESTRADAS DE RODAGEM DO ESTADO DE MINAS GERAIS,DER-MG,DER-MG,REABILITACAO DA MALHA VIARIA,Transportes
2026,4,2301,4293,32,0,Investimentos Próprios,2244949.97,0.0,3572786.33,DEPARTAMENTO DE ESTRADAS DE RODAGEM DO ESTADO DE MINAS GERAIS,DER-MG,DER-MG,CONSERVACAO ROTINEIRA DA MALHA VIARIA,Transportes
2026,4,2301,4293,32,0,Investimentos Próprios,2982063.96,775541.75,0.0,DEPARTAMENTO DE ESTRADAS DE RODAGEM DO ESTADO DE MINAS GERAIS,DER-MG,DER-MG,CONSERVACAO ROTINEIRA DA MALHA VIARIA,Transportes
2026,4,1511,1051,48,0,Investimentos Próprios,3600.0,0.0,3600.0,POLICIA CIVIL DO ESTADO DE MINAS GERAIS,PCMG,PCMG,IMPLEMENTACAO DA CADEIA DE CUSTODIA DA PROVA EM MINAS GERAIS,Segurança Pública
2026,4,2301,4385,33,0,Investimentos Próprios,-66837.9,0.0,0.0,DEPARTAMENTO DE ESTRADAS DE RODAGEM DO ESTADO DE MINAS GERAIS,DER-MG,DER-MG,REABILITACAO DA MALHA VIARIA,Transportes
2026,4,1511,1051,48,0,Investimentos Próprios,18515.0,0.0,18515.0,POLICIA CIVIL DO ESTADO DE MINAS GERAIS,PCMG,PCMG,IMPLEMENTACAO DA CADEIA DE CUSTODIA DA PROVA EM MINAS GERAIS,Segurança Pública
2026,4,2301,4275,10,0,Investimentos Próprios,57000.0,0.0,0.0,DEPARTAMENTO DE ESTRADAS DE RODAGEM DO ESTADO DE MINAS GERAIS,DER-MG,DER-MG,IMPLANTACAO/PAVIMENTACAO DA MALHA,Transportes
2026,4,2301,4385,10,0,Investimentos Próprios,230000.0,0.0,0.0,DEPARTAMENTO DE ESTRADAS DE RODAGEM DO ESTADO DE MINAS GERAIS,DER-MG,DER-MG,REABILITACAO DA MALHA VIARIA,Transportes
2026,4,1511,4061,48,0,Investimentos Próprios,336985.67,0.0,336985.67,POLICIA CIVIL DO ESTADO DE MINAS GERAIS,PCMG,PCMG,PERICIAS TECNICO-CIENTIFICAS,Segurança Pública
2026,4,1301,1037,32,0,Investimentos Próprios,35802.6,0.0,35802.6,"SECRETARIA DE ESTADO DE INFRAESTRUTURA, MOBILIDADE E PARCERIAS",SEINFRA,SEINFRA,"INTERVENCOES NA INFRAESTRUTURA RODOVIARIA ESTADUAL, MUNICIPAL E REGIONAL",Transportes
2026,4,2301,4293,32,0,Investimentos Próprios,34322.57,0.0,0.0,DEPARTAMENTO DE ESTRADAS DE RODAGEM DO ESTADO DE MINAS GERAIS,DER-MG,DER-MG,CONSERVACAO ROTINEIRA DA MALHA VIARIA,Transportes
2026,4,2301,4275,33,0,Investimentos Próprios,4549.27,4549.27,4549.27,DEPARTAMENTO DE ESTRADAS DE RODAGEM DO ESTADO DE MINAS GERAIS,DER-MG,DER-MG,IMPLANTACAO/PAVIMENTACAO DA MALHA,Transportes
2026,4,2301,4275,10,0,Investimentos Próprios,500000.0,0.0,2604.36,DEPARTAMENTO DE ESTRADAS DE RODAGEM DO ESTADO DE MINAS GERAIS,DER-MG,DER-MG,IMPLANTACAO/PAVIMENTACAO DA MALHA,Transportes
2026,4,2301,4275,10,0,Investimentos Próprios,0.0,0.0,0.0,DEPARTAMENTO DE ESTRADAS DE RODAGEM DO ESTADO DE MINAS GERAIS,DER-MG,DER-MG,IMPLANTACAO/PAVIMENTACAO DA MALHA,Transportes
2026,4,2301,4293,32,0,Investimentos Próprios,2070235.89,608077.18,0.0,DEPARTAMENTO DE ESTRADAS DE RODAGEM DO ESTADO DE MINAS GERAIS,DER-MG,DER-MG,CONSERVACAO ROTINEIRA DA MALHA VIARIA,Transportes
2026,4,1301,1036,10,0,Investimentos Próprios,0.0,47392.74,0.0,"SECRETARIA DE ESTADO DE INFRAESTRUTURA, MOBILIDADE E PARCERIAS",SEINFRA,SEINFRA,CONTENCAO DE ENCOSTAS EM AREAS DE RISCO - PAC ENCOSTAS,Saneamento
2026,4,2301,4293,32,0,Investimentos Próprios,858839.75,146919.94,0.0,DEPARTAMENTO DE ESTRADAS DE RODAGEM DO ESTADO DE MINAS GERAIS,DER-MG,DER-MG,CONSERVACAO ROTINEIRA DA MALHA VIARIA,Transportes
2026,4,2301,4385,10,0,Investimentos Próprios,0.0,0.0,13685655.07,DEPARTAMENTO DE ESTRADAS DE RODAGEM DO ESTADO DE MINAS GERAIS,DER-MG,DER-MG,REABILITACAO DA MALHA VIARIA,Transportes
2026,4,2301,4293,32,0,Investimentos Próprios,2570881.53,171099.42,0.0,DEPARTAMENTO DE ESTRADAS DE RODAGEM DO ESTADO DE MINAS GERAIS,DER-MG,DER-MG,CONSERVACAO ROTINEIRA DA MALHA VIARIA,Transportes
2026,4,2301,4385,10,0,Investimentos Próprios,0.0,0.0,0.0,DEPARTAMENTO DE ESTRADAS DE RODAGEM DO ESTADO DE MINAS GERAIS,DER-MG,DER-MG,REABILITACAO DA MALHA VIARIA,Transportes
2026,4,2301,4385,10,0,Investimentos Próprios,-59146.76,7761.79,0.0,DEPARTAMENTO DE ESTRADAS DE RODAGEM DO ESTADO DE MINAS GERAIS,DER-MG,DER-MG,REABILITACAO DA MALHA VIARIA,Transportes
2026,4,2301,4385,10,0,Investimentos Próprios,-1029164.6,129746.96,0.0,DEPARTAMENTO DE ESTRADAS DE RODAGEM DO ESTADO DE MINAS GERAIS,DER-MG,DER-MG,REABILITACAO DA MALHA VIARIA,Transportes
2026,4,2301,4275,10,0,Investimentos Próprios,0.0,0.0,0.0,DEPARTAMENTO DE ESTRADAS DE RODAGEM DO ESTADO DE MINAS GERAIS,DER-MG,DER-MG,IMPLANTACAO/PAVIMENTACAO DA MALHA,Transportes
2026,4,2301,4385,10,0,Investimentos Próprios,75000.0,0.0,0.0,DEPARTAMENTO DE ESTRADAS DE RODAGEM DO ESTADO DE MINAS GERAIS,DER-MG,DER-MG,REABILITACAO DA MALHA VIARIA,Transportes
2026,4,2301,4385,10,0,Investimentos Próprios,-1604.11,65233.79,0.0,DEPARTAMENTO DE ESTRADAS DE RODAGEM DO ESTADO DE MINAS GERAIS,DER-MG,DER-MG,REABILITACAO DA MALHA VIARIA,Transportes
2026,4,2301,4275,10,0,Investimentos Próprios,40500.0,0.0,0.0,DEPARTAMENTO DE ESTRADAS DE RODAGEM DO ESTADO DE MINAS GERAIS,DER-MG,DER-MG,IMPLANTACAO/PAVIMENTACAO DA MALHA,Transportes
2026,4,2301,4284,10,0,Investimentos Próprios,112467.96,9042.21,0.0,DEPARTAMENTO DE ESTRADAS DE RODAGEM DO ESTADO DE MINAS GERAIS,DER-MG,DER-MG,PREVENCAO E MITIGACAO DE DANOS AMBIENTAIS,Transportes
2026,4,2301,4162,10,0,Investimentos Próprios,0.0,51324.04,0.0,DEPARTAMENTO DE ESTRADAS DE RODAGEM DO ESTADO DE MINAS GERAIS,DER-MG,DER-MG,SUPORTE A GESTAO DOS ATIVOS RODOVIARIOS,Transportes
2026,4,2301,4293,32,0,Investimentos Próprios,1776135.0,747665.43,0.0,DEPARTAMENTO DE ESTRADAS DE RODAGEM DO ESTADO DE MINAS GERAIS,DER-MG,DER-MG,CONSERVACAO ROTINEIRA DA MALHA VIARIA,Transportes
2026,4,2301,4280,10,0,Investimentos Próprios,0.0,950993.46,0.0,DEPARTAMENTO DE ESTRADAS DE RODAGEM DO ESTADO DE MINAS GERAIS,DER-MG,DER-MG,MITIGACAO DE DANOS PONTUAIS NAS RODOVIAS,Transportes
2026,4,1301,1037,32,0,Investimentos Próprios,-34142.12,0.0,0.0,"SECRETARIA DE ESTADO DE INFRAESTRUTURA, MOBILIDADE E PARCERIAS",SEINFRA,SEINFRA,"INTERVENCOES NA INFRAESTRUTURA RODOVIARIA ESTADUAL, MUNICIPAL E REGIONAL",Transportes
2026,4,2301,4275,33,0,Investimentos Próprios,125375.29,125375.29,125375.29,DEPARTAMENTO DE ESTRADAS DE RODAGEM DO ESTADO DE MINAS GERAIS,DER-MG,DER-MG,IMPLANTACAO/PAVIMENTACAO DA MALHA,Transportes
2026,4,1251,4365,48,0,Investimentos Próprios,-75348.0,1235052.0,0.0,POLICIA MILITAR DO ESTADO DE MINAS GERAIS,PMMG,PMMG,POLICIAMENTO OSTENSIVO GERAL,Segurança Pública
2026,4,2301,4385,10,0,Investimentos Próprios,3443411.9,0.0,0.0,DEPARTAMENTO DE ESTRADAS DE RODAGEM DO ESTADO DE MINAS GERAIS,DER-MG,DER-MG,REABILITACAO DA MALHA VIARIA,Transportes
2026,4,2301,4293,32,0,Investimentos Próprios,1134272.0,0.0,0.0,DEPARTAMENTO DE ESTRADAS DE RODAGEM DO ESTADO DE MINAS GERAIS,DER-MG,DER-MG,CONSERVACAO ROTINEIRA DA MALHA VIARIA,Transportes
2026,4,2301,4293,32,0,Investimentos Próprios,1092911.86,0.0,0.0,DEPARTAMENTO DE ESTRADAS DE RODAGEM DO ESTADO DE MINAS GERAIS,DER-MG,DER-MG,CONSERVACAO ROTINEIRA DA MALHA VIARIA,Transportes
2026,4,1511,1051,48,0,Investimentos Próprios,97119.6,0.0,97119.6,POLICIA CIVIL DO ESTADO DE MINAS GERAIS,PCMG,PCMG,IMPLEMENTACAO DA CADEIA DE CUSTODIA DA PROVA EM MINAS GERAIS,Segurança Pública
2026,4,2301,4293,32,0,Investimentos Próprios,1040000.0,0.0,0.0,DEPARTAMENTO DE ESTRADAS DE RODAGEM DO ESTADO DE MINAS GERAIS,DER-MG,DER-MG,CONSERVACAO ROTINEIRA DA MALHA VIARIA,Transportes
2026,4,2301,4293,32,0,Investimentos Próprios,90000.0,0.0,0.0,DEPARTAMENTO DE ESTRADAS DE RODAGEM DO ESTADO DE MINAS GERAIS,DER-MG,DER-MG,CONSERVACAO ROTINEIRA DA MALHA VIARIA,Transportes
2026,4,1251,4365,48,0,Investimentos Próprios,-27048.0,0.0,0.0,POLICIA MILITAR DO ESTADO DE MINAS GERAIS,PMMG,PMMG,POLICIAMENTO OSTENSIVO GERAL,Segurança Pública
2026,4,2301,4275,10,0,Investimentos Próprios,0.0,125780.07,0.0,DEPARTAMENTO DE ESTRADAS DE RODAGEM DO ESTADO DE MINAS GERAIS,DER-MG,DER-MG,IMPLANTACAO/PAVIMENTACAO DA MALHA,Transportes
2026,4,1511,1051,48,0,Investimentos Próprios,37300.0,0.0,37300.0,POLICIA CIVIL DO ESTADO DE MINAS GERAIS,PCMG,PCMG,IMPLEMENTACAO DA CADEIA DE CUSTODIA DA PROVA EM MINAS GERAIS,Segurança Pública
2026,4,2301,4275,10,0,Investimentos Próprios,31884.29,0.0,0.0,DEPARTAMENTO DE ESTRADAS DE RODAGEM DO ESTADO DE MINAS GERAIS,DER-MG,DER-MG,IMPLANTACAO/PAVIMENTACAO DA MALHA,Transportes
2026,4,2301,4385,10,0,Investimentos Próprios,1000000.0,0.0,0.0,DEPARTAMENTO DE ESTRADAS DE RODAGEM DO ESTADO DE MINAS GERAIS,DER-MG,DER-MG,REABILITACAO DA MALHA VIARIA,Transportes
2026,4,2301,4293,32,0,Investimentos Próprios,1189712.0,0.0,0.0,DEPARTAMENTO DE ESTRADAS DE RODAGEM DO ESTADO DE MINAS GERAIS,DER-MG,DER-MG,CONSERVACAO ROTINEIRA DA MALHA VIARIA,Transportes
2026,4,2301,4275,33,0,Investimentos Próprios,157380.5,157380.5,157380.5,DEPARTAMENTO DE ESTRADAS DE RODAGEM DO ESTADO DE MINAS GERAIS,DER-MG,DER-MG,IMPLANTACAO/PAVIMENTACAO DA MALHA,Transportes
2026,4,2301,4293,32,0,Investimentos Próprios,5011695.82,0.0,0.0,DEPARTAMENTO DE ESTRADAS DE RODAGEM DO ESTADO DE MINAS GERAIS,DER-MG,DER-MG,CONSERVACAO ROTINEIRA DA MALHA VIARIA,Transportes
2026,4,2301,4293,32,0,Investimentos Próprios,1946095.47,0.0,0.0,DEPARTAMENTO DE ESTRADAS DE RODAGEM DO ESTADO DE MINAS GERAIS,DER-MG,DER-MG,CONSERVACAO ROTINEIRA DA MALHA VIARIA,Transportes
2026,4,2301,4268,33,0,Investimentos Próprios,0.0,6924.76,0.0,DEPARTAMENTO DE ESTRADAS DE RODAGEM DO ESTADO DE MINAS GERAIS,DER-MG,DER-MG,AMPLIACAO DE CAPACIDADE DA MALHA E RESTAURACAO DO PAVIMENTO,Transportes
2026,4,2301,4293,32,0,Investimentos Próprios,-2225.21,39112.38,0.0,DEPARTAMENTO DE ESTRADAS DE RODAGEM DO ESTADO DE MINAS GERAIS,DER-MG,DER-MG,CONSERVACAO ROTINEIRA DA MALHA VIARIA,Transportes
2026,4,2301,4293,32,0,Investimentos Próprios,-43885.97,501081.3,0.0,DEPARTAMENTO DE ESTRADAS DE RODAGEM DO ESTADO DE MINAS GERAIS,DER-MG,DER-MG,CONSERVACAO ROTINEIRA DA MALHA VIARIA,Transportes
2026,4,2301,4284,10,0,Investimentos Próprios,192670.39,111319.41,0.0,DEPARTAMENTO DE ESTRADAS DE RODAGEM DO ESTADO DE MINAS GERAIS,DER-MG,DER-MG,PREVENCAO E MITIGACAO DE DANOS AMBIENTAIS,Transportes
2026,4,2301,4385,33,0,Investimentos Próprios,-5275.31,9724.69,0.0,DEPARTAMENTO DE ESTRADAS DE RODAGEM DO ESTADO DE MINAS GERAIS,DER-MG,DER-MG,REABILITACAO DA MALHA VIARIA,Transportes
2026,4,2301,4162,10,0,Investimentos Próprios,0.0,103830.1,0.0,DEPARTAMENTO DE ESTRADAS DE RODAGEM DO ESTADO DE MINAS GERAIS,DER-MG,DER-MG,SUPORTE A GESTAO DOS ATIVOS RODOVIARIOS,Transportes
2026,4,2301,4162,10,0,Investimentos Próprios,0.0,51915.05,0.0,DEPARTAMENTO DE ESTRADAS DE RODAGEM DO ESTADO DE MINAS GERAIS,DER-MG,DER-MG,SUPORTE A GESTAO DOS ATIVOS RODOVIARIOS,Transportes
2026,4,2301,4385,10,0,Investimentos Próprios,265896.4,0.0,0.0,DEPARTAMENTO DE ESTRADAS DE RODAGEM DO ESTADO DE MINAS GERAIS,DER-MG,DER-MG,REABILITACAO DA MALHA VIARIA,Transportes
2026,4,2301,4293,32,0,Investimentos Próprios,2939723.0,1250091.94,0.0,DEPARTAMENTO DE ESTRADAS DE RODAGEM DO ESTADO DE MINAS GERAIS,DER-MG,DER-MG,CONSERVACAO ROTINEIRA DA MALHA VIARIA,Transportes
2026,4,2301,4162,10,0,Investimentos Próprios,0.0,496241.76,0.0,DEPARTAMENTO DE ESTRADAS DE RODAGEM DO ESTADO DE MINAS GERAIS,DER-MG,DER-MG,SUPORTE A GESTAO DOS ATIVOS RODOVIARIOS,Transportes
2026,4,2301,4275,10,0,Investimentos Próprios,49000.0,0.0,0.0,DEPARTAMENTO DE ESTRADAS DE RODAGEM DO ESTADO DE MINAS GERAIS,DER-MG,DER-MG,IMPLANTACAO/PAVIMENTACAO DA MALHA,Transportes
2026,4,2301,4284,10,0,Investimentos Próprios,123546.43,9042.2,0.0,DEPARTAMENTO DE ESTRADAS DE RODAGEM DO ESTADO DE MINAS GERAIS,DER-MG,DER-MG,PREVENCAO E MITIGACAO DE DANOS AMBIENTAIS,Transportes
2026,4,2301,4293,32,0,Investimentos Próprios,1736716.0,795855.86,0.0,DEPARTAMENTO DE ESTRADAS DE RODAGEM DO ESTADO DE MINAS GERAIS,DER-MG,DER-MG,CONSERVACAO ROTINEIRA DA MALHA VIARIA,Transportes
2026,4,2301,4293,32,0,Investimentos Próprios,2946916.0,1326016.85,0.0,DEPARTAMENTO DE ESTRADAS DE RODAGEM DO ESTADO DE MINAS GERAIS,DER-MG,DER-MG,CONSERVACAO ROTINEIRA DA MALHA VIARIA,Transportes
2026,4,2301,4385,33,0,Investimentos Próprios,193476.66,1923476.66,0.0,DEPARTAMENTO DE ESTRADAS DE RODAGEM DO ESTADO DE MINAS GERAIS,DER-MG,DER-MG,REABILITACAO DA MALHA VIARIA,Transportes
2026,4,2301,4293,32,0,Investimentos Próprios,245157.22,0.0,0.0,DEPARTAMENTO DE ESTRADAS DE RODAGEM DO ESTADO DE MINAS GERAIS,DER-MG,DER-MG,CONSERVACAO ROTINEIRA DA MALHA VIARIA,Transportes
2026,4,1511,4060,48,0,Investimentos Próprios,28499.9,0.0,28499.9,POLICIA CIVIL DO ESTADO DE MINAS GERAIS,PCMG,PCMG,GESTAO DAS UNIDADES POLICIAIS,Segurança Pública
2026,4,2301,4293,32,0,Investimentos Próprios,65685.51,7056.03,0.0,DEPARTAMENTO DE ESTRADAS DE RODAGEM DO ESTADO DE MINAS GERAIS,DER-MG,DER-MG,CONSERVACAO ROTINEIRA DA MALHA VIARIA,Transportes
2026,4,2301,4293,32,0,Investimentos Próprios,986673.0,721896.22,0.0,DEPARTAMENTO DE ESTRADAS DE RODAGEM DO ESTADO DE MINAS GERAIS,DER-MG,DER-MG,CONSERVACAO ROTINEIRA DA MALHA VIARIA,Transportes
2026,4,2301,4293,32,0,Investimentos Próprios,65000.0,0.0,0.0,DEPARTAMENTO DE ESTRADAS DE RODAGEM DO ESTADO DE MINAS GERAIS,DER-MG,DER-MG,CONSERVACAO ROTINEIRA DA MALHA VIARIA,Transportes
2026,4,2301,4293,32,0,Investimentos Próprios,655749.7,0.0,377220.7,DEPARTAMENTO DE ESTRADAS DE RODAGEM DO ESTADO DE MINAS GERAIS,DER-MG,DER-MG,CONSERVACAO ROTINEIRA DA MALHA VIARIA,Transportes
2026,4,2301,4385,10,0,Investimentos Próprios,2500000.0,139527.89,0.0,DEPARTAMENTO DE ESTRADAS DE RODAGEM DO ESTADO DE MINAS GERAIS,DER-MG,DER-MG,REABILITACAO DA MALHA VIARIA,Transportes
2026,4,2301,4272,10,0,Investimentos Próprios,0.0,58594.43,0.0,DEPARTAMENTO DE ESTRADAS DE RODAGEM DO ESTADO DE MINAS GERAIS,DER-MG,DER-MG,IMPLANTACAO E RESTAURACAO DE OBRAS DE ARTES ESPECIAIS,Transportes
2026,4,2301,4275,33,0,Investimentos Próprios,37074.37,37074.37,0.0,DEPARTAMENTO DE ESTRADAS DE RODAGEM DO ESTADO DE MINAS GERAIS,DER-MG,DER-MG,IMPLANTACAO/PAVIMENTACAO DA MALHA,Transportes
2026,4,1511,4060,48,0,Investimentos Próprios,27528.9,0.0,27528.9,POLICIA CIVIL DO ESTADO DE MINAS GERAIS,PCMG,PCMG,GESTAO DAS UNIDADES POLICIAIS,Segurança Pública
2026,4,2301,4293,32,0,Investimentos Próprios,59194.89,0.0,0.0,DEPARTAMENTO DE ESTRADAS DE RODAGEM DO ESTADO DE MINAS GERAIS,DER-MG,DER-MG,CONSERVACAO ROTINEIRA DA MALHA VIARIA,Transportes
2026,4,2301,4162,10,0,Investimentos Próprios,0.0,6847.38,0.0,DEPARTAMENTO DE ESTRADAS DE RODAGEM DO ESTADO DE MINAS GERAIS,DER-MG,DER-MG,SUPORTE A GESTAO DOS ATIVOS RODOVIARIOS,Transportes
2026,4,2301,4293,32,0,Investimentos Próprios,964342.0,348226.66,0.0,DEPARTAMENTO DE ESTRADAS DE RODAGEM DO ESTADO DE MINAS GERAIS,DER-MG,DER-MG,CONSERVACAO ROTINEIRA DA MALHA VIARIA,Transportes
2026,4,2301,4293,32,0,Investimentos Próprios,4313348.49,463345.65,0.0,DEPARTAMENTO DE ESTRADAS DE RODAGEM DO ESTADO DE MINAS GERAIS,DER-MG,DER-MG,CONSERVACAO ROTINEIRA DA MALHA VIARIA,Transportes
2026,4,2301,4385,32,0,Investimentos Próprios,2707457.3,0.0,2602303.4,DEPARTAMENTO DE ESTRADAS DE RODAGEM DO ESTADO DE MINAS GERAIS,DER-MG,DER-MG,REABILITACAO DA MALHA VIARIA,Transportes
2026,4,2301,4385,10,0,Investimentos Próprios,-3479.85,0.0,0.0,DEPARTAMENTO DE ESTRADAS DE RODAGEM DO ESTADO DE MINAS GERAIS,DER-MG,DER-MG,REABILITACAO DA MALHA VIARIA,Transportes
2026,4,2301,4293,32,0,Investimentos Próprios,1189712.0,0.0,0.0,DEPARTAMENTO DE ESTRADAS DE RODAGEM DO ESTADO DE MINAS GERAIS,DER-MG,DER-MG,CONSERVACAO ROTINEIRA DA MALHA VIARIA,Transportes
2026,4,2301,4293,32,0,Investimentos Próprios,1361442.0,0.0,0.0,DEPARTAMENTO DE ESTRADAS DE RODAGEM DO ESTADO DE MINAS GERAIS,DER-MG,DER-MG,CONSERVACAO ROTINEIRA DA MALHA VIARIA,Transportes
2026,4,2301,4293,32,0,Investimentos Próprios,-4093.25,300796.18,0.0,DEPARTAMENTO DE ESTRADAS DE RODAGEM DO ESTADO DE MINAS GERAIS,DER-MG,DER-MG,CONSERVACAO ROTINEIRA DA MALHA VIARIA,Transportes
2026,4,2301,4268,10,0,Investimentos Próprios,0.0,1055629.96,0.0,DEPARTAMENTO DE ESTRADAS DE RODAGEM DO ESTADO DE MINAS GERAIS,DER-MG,DER-MG,AMPLIACAO DE CAPACIDADE DA MALHA E RESTAURACAO DO PAVIMENTO,Transportes
2026,4,2301,4385,10,0,Investimentos Próprios,671199.77,71281.0,0.0,DEPARTAMENTO DE ESTRADAS DE RODAGEM DO ESTADO DE MINAS GERAIS,DER-MG,DER-MG,REABILITACAO DA MALHA VIARIA,Transportes
2026,4,2301,4385,10,0,Investimentos Próprios,113833.2,8509.39,0.0,DEPARTAMENTO DE ESTRADAS DE RODAGEM DO ESTADO DE MINAS GERAIS,DER-MG,DER-MG,REABILITACAO DA MALHA VIARIA,Transportes
2026,4,2301,4293,32,0,Investimentos Próprios,1360570.34,949706.8,0.0,DEPARTAMENTO DE ESTRADAS DE RODAGEM DO ESTADO DE MINAS GERAIS,DER-MG,DER-MG,CONSERVACAO ROTINEIRA DA MALHA VIARIA,Transportes
2026,4,2301,4284,10,0,Investimentos Próprios,138244.38,70467.26,0.0,DEPARTAMENTO DE ESTRADAS DE RODAGEM DO ESTADO DE MINAS GERAIS,DER-MG,DER-MG,PREVENCAO E MITIGACAO DE DANOS AMBIENTAIS,Transportes
2026,4,1251,4365,48,0,Investimentos Próprios,0.0,0.0,0.0,POLICIA MILITAR DO ESTADO DE MINAS GERAIS,PMMG,PMMG,POLICIAMENTO OSTENSIVO GERAL,Segurança Pública
2026,4,2301,4293,32,0,Investimentos Próprios,0.0,899209.06,0.0,DEPARTAMENTO DE ESTRADAS DE RODAGEM DO ESTADO DE MINAS GERAIS,DER-MG,DER-MG,CONSERVACAO ROTINEIRA DA MALHA VIARIA,Transportes
2026,4,2301,4293,32,0,Investimentos Próprios,1134272.0,794375.67,0.0,DEPARTAMENTO DE ESTRADAS DE RODAGEM DO ESTADO DE MINAS GERAIS,DER-MG,DER-MG,CONSERVACAO ROTINEIRA DA MALHA VIARIA,Transportes
2026,4,2301,4275,10,0,Investimentos Próprios,0.0,0.0,0.0,DEPARTAMENTO DE ESTRADAS DE RODAGEM DO ESTADO DE MINAS GERAIS,DER-MG,DER-MG,IMPLANTACAO/PAVIMENTACAO DA MALHA,Transportes
2026,4,2301,4385,10,0,Investimentos Próprios,372600.0,0.0,0.0,DEPARTAMENTO DE ESTRADAS DE RODAGEM DO ESTADO DE MINAS GERAIS,DER-MG,DER-MG,REABILITACAO DA MALHA VIARIA,Transportes
2026,4,2301,4385,10,0,Investimentos Próprios,4052436.29,4214831.67,0.0,DEPARTAMENTO DE ESTRADAS DE RODAGEM DO ESTADO DE MINAS GERAIS,DER-MG,DER-MG,REABILITACAO DA MALHA VIARIA,Transportes
2026,4,2301,4385,10,0,Investimentos Próprios,1043150.0,218605.7,0.0,DEPARTAMENTO DE ESTRADAS DE RODAGEM DO ESTADO DE MINAS GERAIS,DER-MG,DER-MG,REABILITACAO DA MALHA VIARIA,Transportes
2026,4,2301,4275,10,0,Investimentos Próprios,24137.28,24137.28,24137.28,DEPARTAMENTO DE ESTRADAS DE RODAGEM DO ESTADO DE MINAS GERAIS,DER-MG,DER-MG,IMPLANTACAO/PAVIMENTACAO DA MALHA,Transportes
2026,4,2301,4385,10,0,Investimentos Próprios,-6079.34,78748.66,0.0,DEPARTAMENTO DE ESTRADAS DE RODAGEM DO ESTADO DE MINAS GERAIS,DER-MG,DER-MG,REABILITACAO DA MALHA VIARIA,Transportes
2026,4,2301,4293,32,0,Investimentos Próprios,941704.41,244907.92,0.0,DEPARTAMENTO DE ESTRADAS DE RODAGEM DO ESTADO DE MINAS GERAIS,DER-MG,DER-MG,CONSERVACAO ROTINEIRA DA MALHA VIARIA,Transportes
2026,4,1251,4365,48,0,Investimentos Próprios,0.0,1141390.0,0.0,POLICIA MILITAR DO ESTADO DE MINAS GERAIS,PMMG,PMMG,POLICIAMENTO OSTENSIVO GERAL,Segurança Pública
2026,4,2301,4293,32,0,Investimentos Próprios,2457453.0,2430110.37,0.0,DEPARTAMENTO DE ESTRADAS DE RODAGEM DO ESTADO DE MINAS GERAIS,DER-MG,DER-MG,CONSERVACAO ROTINEIRA DA MALHA VIARIA,Transportes
2026,4,4381,4210,54,0,Investimentos Próprios,0.0,563945.89,0.0,FUNDO ESTADUAL DE DESENVOLVIMENTO DE TRANSPORTES,FUNTRANS,FUNTRANS,REGULACAO DO USO E OCUPACAO DA FAIXA DE DOMINIO,Transportes
2026,4,1511,4060,10,0,Investimentos Próprios,5971149.36,0.0,5053582.75,POLICIA CIVIL DO ESTADO DE MINAS GERAIS,PCMG,PCMG,GESTAO DAS UNIDADES POLICIAIS,Segurança Pública
2026,4,1401,4120,10,0,Investimentos Próprios,822956.8,193051.11,484945.58,CORPO DE BOMBEIROS MILITAR DO ESTADO DE MINAS GERAIS,CBMMG,CBMMG, MODERNIZACAO E ESTRUTURACAO DO CORPO DE BOMBEIROS MILITAR DE MINAS GERAIS,Segurança Pública
2026,4,1301,1037,32,0,Investimentos Próprios,17071.06,0.0,0.0,"SECRETARIA DE ESTADO DE INFRAESTRUTURA, MOBILIDADE E PARCERIAS",SEINFRA,SEINFRA,"INTERVENCOES NA INFRAESTRUTURA RODOVIARIA ESTADUAL, MUNICIPAL E REGIONAL",Transportes
2026,4,2301,4268,10,0,Investimentos Próprios,479941.2,0.0,0.0,DEPARTAMENTO DE ESTRADAS DE RODAGEM DO ESTADO DE MINAS GERAIS,DER-MG,DER-MG,AMPLIACAO DE CAPACIDADE DA MALHA E RESTAURACAO DO PAVIMENTO,Transportes
2026,4,1511,1051,48,0,Investimentos Próprios,18273.9,0.0,18273.9,POLICIA CIVIL DO ESTADO DE MINAS GERAIS,PCMG,PCMG,IMPLEMENTACAO DA CADEIA DE CUSTODIA DA PROVA EM MINAS GERAIS,Segurança Pública
2026,4,1301,1037,32,0,Investimentos Próprios,349044.19,0.0,349044.19,"SECRETARIA DE ESTADO DE INFRAESTRUTURA, MOBILIDADE E PARCERIAS",SEINFRA,SEINFRA,"INTERVENCOES NA INFRAESTRUTURA RODOVIARIA ESTADUAL, MUNICIPAL E REGIONAL",Transportes
2026,4,1511,4060,48,0,Investimentos Próprios,0.0,266000.0,0.0,POLICIA CIVIL DO ESTADO DE MINAS GERAIS,PCMG,PCMG,GESTAO DAS UNIDADES POLICIAIS,Segurança Pública
2026,4,1511,1051,48,0,Investimentos Próprios,75245.66,0.0,0.0,POLICIA CIVIL DO ESTADO DE MINAS GERAIS,PCMG,PCMG,IMPLEMENTACAO DA CADEIA DE CUSTODIA DA PROVA EM MINAS GERAIS,Segurança Pública
2026,4,1511,4060,48,0,Investimentos Próprios,3748.65,0.0,3748.65,POLICIA CIVIL DO ESTADO DE MINAS GERAIS,PCMG,PCMG,GESTAO DAS UNIDADES POLICIAIS,Segurança Pública
2026,4,2301,4385,10,0,Investimentos Próprios,4037.42,0.0,0.0,DEPARTAMENTO DE ESTRADAS DE RODAGEM DO ESTADO DE MINAS GERAIS,DER-MG,DER-MG,REABILITACAO DA MALHA VIARIA,Transportes
2026,4,2301,4293,32,0,Investimentos Próprios,2126466.5,0.0,0.0,DEPARTAMENTO DE ESTRADAS DE RODAGEM DO ESTADO DE MINAS GERAIS,DER-MG,DER-MG,CONSERVACAO ROTINEIRA DA MALHA VIARIA,Transportes
2026,4,2301,4293,32,0,Investimentos Próprios,4371647.46,0.0,0.0,DEPARTAMENTO DE ESTRADAS DE RODAGEM DO ESTADO DE MINAS GERAIS,DER-MG,DER-MG,CONSERVACAO ROTINEIRA DA MALHA VIARIA,Transportes
2026,4,2301,4275,10,0,Investimentos Próprios,230000.0,0.0,133421.7,DEPARTAMENTO DE ESTRADAS DE RODAGEM DO ESTADO DE MINAS GERAIS,DER-MG,DER-MG,IMPLANTACAO/PAVIMENTACAO DA MALHA,Transportes
2026,4,2301,4293,32,0,Investimentos Próprios,2578384.0,0.0,0.0,DEPARTAMENTO DE ESTRADAS DE RODAGEM DO ESTADO DE MINAS GERAIS,DER-MG,DER-MG,CONSERVACAO ROTINEIRA DA MALHA VIARIA,Transportes
2026,4,2301,4275,10,0,Investimentos Próprios,147121.46,147121.46,147121.46,DEPARTAMENTO DE ESTRADAS DE RODAGEM DO ESTADO DE MINAS GERAIS,DER-MG,DER-MG,IMPLANTACAO/PAVIMENTACAO DA MALHA,Transportes
2026,4,2301,4275,10,0,Investimentos Próprios,0.0,0.0,0.0,DEPARTAMENTO DE ESTRADAS DE RODAGEM DO ESTADO DE MINAS GERAIS,DER-MG,DER-MG,IMPLANTACAO/PAVIMENTACAO DA MALHA,Transportes
2026,4,2301,4275,10,0,Investimentos Próprios,0.0,0.0,0.0,DEPARTAMENTO DE ESTRADAS DE RODAGEM DO ESTADO DE MINAS GERAIS,DER-MG,DER-MG,IMPLANTACAO/PAVIMENTACAO DA MALHA,Transportes
2026,4,2301,4293,32,0,Investimentos Próprios,4435289.0,1286750.88,0.0,DEPARTAMENTO DE ESTRADAS DE RODAGEM DO ESTADO DE MINAS GERAIS,DER-MG,DER-MG,CONSERVACAO ROTINEIRA DA MALHA VIARIA,Transportes
2026,4,2301,4293,32,0,Investimentos Próprios,6796224.0,222889.32,0.0,DEPARTAMENTO DE ESTRADAS DE RODAGEM DO ESTADO DE MINAS GERAIS,DER-MG,DER-MG,CONSERVACAO ROTINEIRA DA MALHA VIARIA,Transportes
2026,4,1511,4060,48,0,Investimentos Próprios,14213280.0,0.0,14213280.0,POLICIA CIVIL DO ESTADO DE MINAS GERAIS,PCMG,PCMG,GESTAO DAS UNIDADES POLICIAIS,Segurança Pública
2026,4,1301,1036,10,0,Investimentos Próprios,0.0,165796.01,0.0,"SECRETARIA DE ESTADO DE INFRAESTRUTURA, MOBILIDADE E PARCERIAS",SEINFRA,SEINFRA,CONTENCAO DE ENCOSTAS EM AREAS DE RISCO - PAC ENCOSTAS,Saneamento
2026,4,2301,4275,10,0,Investimentos Próprios,116000.0,0.0,0.0,DEPARTAMENTO DE ESTRADAS DE RODAGEM DO ESTADO DE MINAS GERAIS,DER-MG,DER-MG,IMPLANTACAO/PAVIMENTACAO DA MALHA,Transportes
2026,4,2301,4293,32,0,Investimentos Próprios,987742.0,475627.0,0.0,DEPARTAMENTO DE ESTRADAS DE RODAGEM DO ESTADO DE MINAS GERAIS,DER-MG,DER-MG,CONSERVACAO ROTINEIRA DA MALHA VIARIA,Transportes
2026,4,2301,4385,10,0,Investimentos Próprios,-1804.62,62849.91,0.0,DEPARTAMENTO DE ESTRADAS DE RODAGEM DO ESTADO DE MINAS GERAIS,DER-MG,DER-MG,REABILITACAO DA MALHA VIARIA,Transportes
2026,4,2301,4385,33,0,Investimentos Próprios,-4508.75,10491.25,0.0,DEPARTAMENTO DE ESTRADAS DE RODAGEM DO ESTADO DE MINAS GERAIS,DER-MG,DER-MG,REABILITACAO DA MALHA VIARIA,Transportes
2026,4,2301,4293,32,0,Investimentos Próprios,-1820.27,18663.48,0.0,DEPARTAMENTO DE ESTRADAS DE RODAGEM DO ESTADO DE MINAS GERAIS,DER-MG,DER-MG,CONSERVACAO ROTINEIRA DA MALHA VIARIA,Transportes
2026,4,2301,4293,32,0,Investimentos Próprios,3674835.0,2127951.54,0.0,DEPARTAMENTO DE ESTRADAS DE RODAGEM DO ESTADO DE MINAS GERAIS,DER-MG,DER-MG,CONSERVACAO ROTINEIRA DA MALHA VIARIA,Transportes
2026,4,2301,4293,32,0,Investimentos Próprios,19657.53,9764.0,0.0,DEPARTAMENTO DE ESTRADAS DE RODAGEM DO ESTADO DE MINAS GERAIS,DER-MG,DER-MG,CONSERVACAO ROTINEIRA DA MALHA VIARIA,Transportes
2026,4,2301,4162,10,0,Investimentos Próprios,0.0,178509.61,0.0,DEPARTAMENTO DE ESTRADAS DE RODAGEM DO ESTADO DE MINAS GERAIS,DER-MG,DER-MG,SUPORTE A GESTAO DOS ATIVOS RODOVIARIOS,Transportes
2026,4,2301,4385,10,0,Investimentos Próprios,-20817.95,1051215.19,0.0,DEPARTAMENTO DE ESTRADAS DE RODAGEM DO ESTADO DE MINAS GERAIS,DER-MG,DER-MG,REABILITACAO DA MALHA VIARIA,Transportes
2026,4,2301,4385,10,0,Investimentos Próprios,-913.16,73086.84,0.0,DEPARTAMENTO DE ESTRADAS DE RODAGEM DO ESTADO DE MINAS GERAIS,DER-MG,DER-MG,REABILITACAO DA MALHA VIARIA,Transportes
2026,4,2301,4293,32,0,Investimentos Próprios,85000.0,0.0,0.0,DEPARTAMENTO DE ESTRADAS DE RODAGEM DO ESTADO DE MINAS GERAIS,DER-MG,DER-MG,CONSERVACAO ROTINEIRA DA MALHA VIARIA,Transportes
2026,4,2301,4293,32,0,Investimentos Próprios,966722.0,605794.88,0.0,DEPARTAMENTO DE ESTRADAS DE RODAGEM DO ESTADO DE MINAS GERAIS,DER-MG,DER-MG,CONSERVACAO ROTINEIRA DA MALHA VIARIA,Transportes
2026,4,2301,4268,33,0,Investimentos Próprios,0.0,656293.89,0.0,DEPARTAMENTO DE ESTRADAS DE RODAGEM DO ESTADO DE MINAS GERAIS,DER-MG,DER-MG,AMPLIACAO DE CAPACIDADE DA MALHA E RESTAURACAO DO PAVIMENTO,Transportes
2026,4,1251,4365,48,0,Investimentos Próprios,-2762796.38,40696922.02,0.0,POLICIA MILITAR DO ESTADO DE MINAS GERAIS,PMMG,PMMG,POLICIAMENTO OSTENSIVO GERAL,Segurança Pública
2026,4,2301,4385,10,0,Investimentos Próprios,2327250.9,0.0,2060951.0,DEPARTAMENTO DE ESTRADAS DE RODAGEM DO ESTADO DE MINAS GERAIS,DER-MG,DER-MG,REABILITACAO DA MALHA VIARIA,Transportes
2026,4,1251,4365,48,0,Investimentos Próprios,-180587.44,2306315.93,0.0,POLICIA MILITAR DO ESTADO DE MINAS GERAIS,PMMG,PMMG,POLICIAMENTO OSTENSIVO GERAL,Segurança Pública
2026,4,1251,4365,48,0,Investimentos Próprios,14172800.7,12777075.0,12777075.0,POLICIA MILITAR DO ESTADO DE MINAS GERAIS,PMMG,PMMG,POLICIAMENTO OSTENSIVO GERAL,Segurança Pública
2026,4,1301,1041,32,0,Investimentos Próprios,0.0,286099.59,0.0,"SECRETARIA DE ESTADO DE INFRAESTRUTURA, MOBILIDADE E PARCERIAS",SEINFRA,SEINFRA,REQUALIFICACAO URBANA E AMBIENTAL E DE CONTROLE DE CHEIAS DO CORREGO RIACHO DAS PEDRAS - PAC RIACHO,Saneamento
2026,4,2301,4385,10,0,Investimentos Próprios,-1385.52,0.0,0.0,DEPARTAMENTO DE ESTRADAS DE RODAGEM DO ESTADO DE MINAS GERAIS,DER-MG,DER-MG,REABILITACAO DA MALHA VIARIA,Transportes
2026,4,1301,1041,32,0,Investimentos Próprios,0.0,356283.98,0.0,"SECRETARIA DE ESTADO DE INFRAESTRUTURA, MOBILIDADE E PARCERIAS",SEINFRA,SEINFRA,REQUALIFICACAO URBANA E AMBIENTAL E DE CONTROLE DE CHEIAS DO CORREGO RIACHO DAS PEDRAS - PAC RIACHO,Saneamento
2026,4,2301,4293,32,0,Investimentos Próprios,1361442.0,0.0,0.0,DEPARTAMENTO DE ESTRADAS DE RODAGEM DO ESTADO DE MINAS GERAIS,DER-MG,DER-MG,CONSERVACAO ROTINEIRA DA MALHA VIARIA,Transportes
2026,4,2301,4385,10,0,Investimentos Próprios,17304.21,0.0,0.0,DEPARTAMENTO DE ESTRADAS DE RODAGEM DO ESTADO DE MINAS GERAIS,DER-MG,DER-MG,REABILITACAO DA MALHA VIARIA,Transportes
2026,4,1251,4365,48,0,Investimentos Próprios,-690699.09,0.0,0.0,POLICIA MILITAR DO ESTADO DE MINAS GERAIS,PMMG,PMMG,POLICIAMENTO OSTENSIVO GERAL,Segurança Pública
2026,4,1511,1051,48,0,Investimentos Próprios,1010957.01,0.0,1010957.01,POLICIA CIVIL DO ESTADO DE MINAS GERAIS,PCMG,PCMG,IMPLEMENTACAO DA CADEIA DE CUSTODIA DA PROVA EM MINAS GERAIS,Segurança Pública
2026,4,2301,4268,33,0,Investimentos Próprios,168209.96,0.0,0.0,DEPARTAMENTO DE ESTRADAS DE RODAGEM DO ESTADO DE MINAS GERAIS,DER-MG,DER-MG,AMPLIACAO DE CAPACIDADE DA MALHA E RESTAURACAO DO PAVIMENTO,Transportes
2026,4,2301,4385,10,0,Investimentos Próprios,-4046.47,0.0,0.0,DEPARTAMENTO DE ESTRADAS DE RODAGEM DO ESTADO DE MINAS GERAIS,DER-MG,DER-MG,REABILITACAO DA MALHA VIARIA,Transportes
2026,4,2301,4385,10,0,Investimentos Próprios,13332.1,0.0,0.0,DEPARTAMENTO DE ESTRADAS DE RODAGEM DO ESTADO DE MINAS GERAIS,DER-MG,DER-MG,REABILITACAO DA MALHA VIARIA,Transportes
2026,4,2301,4275,33,0,Investimentos Próprios,207036.25,207036.25,207036.25,DEPARTAMENTO DE ESTRADAS DE RODAGEM DO ESTADO DE MINAS GERAIS,DER-MG,DER-MG,IMPLANTACAO/PAVIMENTACAO DA MALHA,Transportes
2026,4,2301,4275,10,0,Investimentos Próprios,140000.0,0.0,61065.77,DEPARTAMENTO DE ESTRADAS DE RODAGEM DO ESTADO DE MINAS GERAIS,DER-MG,DER-MG,IMPLANTACAO/PAVIMENTACAO DA MALHA,Transportes
2026,4,2301,4293,32,0,Investimentos Próprios,66010.18,0.0,0.0,DEPARTAMENTO DE ESTRADAS DE RODAGEM DO ESTADO DE MINAS GERAIS,DER-MG,DER-MG,CONSERVACAO ROTINEIRA DA MALHA VIARIA,Transportes
2026,4,2301,4293,32,0,Investimentos Próprios,2245459.0,0.0,0.0,DEPARTAMENTO DE ESTRADAS DE RODAGEM DO ESTADO DE MINAS GERAIS,DER-MG,DER-MG,CONSERVACAO ROTINEIRA DA MALHA VIARIA,Transportes
2026,4,2301,4275,10,0,Investimentos Próprios,-31884.29,19157.19,0.0,DEPARTAMENTO DE ESTRADAS DE RODAGEM DO ESTADO DE MINAS GERAIS,DER-MG,DER-MG,IMPLANTACAO/PAVIMENTACAO DA MALHA,Transportes
2026,4,1301,1037,32,0,Investimentos Próprios,93614.4,0.0,0.0,"SECRETARIA DE ESTADO DE INFRAESTRUTURA, MOBILIDADE E PARCERIAS",SEINFRA,SEINFRA,"INTERVENCOES NA INFRAESTRUTURA RODOVIARIA ESTADUAL, MUNICIPAL E REGIONAL",Transportes
2026,4,2301,4293,32,0,Investimentos Próprios,2576519.25,440759.81,0.0,DEPARTAMENTO DE ESTRADAS DE RODAGEM DO ESTADO DE MINAS GERAIS,DER-MG,DER-MG,CONSERVACAO ROTINEIRA DA MALHA VIARIA,Transportes
2026,4,2301,4275,10,0,Investimentos Próprios,90554.07,90554.07,90554.07,DEPARTAMENTO DE ESTRADAS DE RODAGEM DO ESTADO DE MINAS GERAIS,DER-MG,DER-MG,IMPLANTACAO/PAVIMENTACAO DA MALHA,Transportes
2026,4,2301,4385,10,0,Investimentos Próprios,-788.28,6879.85,0.0,DEPARTAMENTO DE ESTRADAS DE RODAGEM DO ESTADO DE MINAS GERAIS,DER-MG,DER-MG,REABILITACAO DA MALHA VIARIA,Transportes
2026,4,2301,4385,33,0,Investimentos Próprios,-16291.77,8708.23,0.0,DEPARTAMENTO DE ESTRADAS DE RODAGEM DO ESTADO DE MINAS GERAIS,DER-MG,DER-MG,REABILITACAO DA MALHA VIARIA,Transportes
2026,4,2301,4275,10,0,Investimentos Próprios,40500.0,0.0,0.0,DEPARTAMENTO DE ESTRADAS DE RODAGEM DO ESTADO DE MINAS GERAIS,DER-MG,DER-MG,IMPLANTACAO/PAVIMENTACAO DA MALHA,Transportes
2026,4,2301,4162,10,0,Investimentos Próprios,0.0,303076.39,0.0,DEPARTAMENTO DE ESTRADAS DE RODAGEM DO ESTADO DE MINAS GERAIS,DER-MG,DER-MG,SUPORTE A GESTAO DOS ATIVOS RODOVIARIOS,Transportes
2026,4,2301,4162,10,0,Investimentos Próprios,540000.0,590949.95,0.0,DEPARTAMENTO DE ESTRADAS DE RODAGEM DO ESTADO DE MINAS GERAIS,DER-MG,DER-MG,SUPORTE A GESTAO DOS ATIVOS RODOVIARIOS,Transportes
2026,4,2301,4275,33,0,Investimentos Próprios,281000.0,0.0,410528.43,DEPARTAMENTO DE ESTRADAS DE RODAGEM DO ESTADO DE MINAS GERAIS,DER-MG,DER-MG,IMPLANTACAO/PAVIMENTACAO DA MALHA,Transportes
2026,4,2301,4162,10,0,Investimentos Próprios,0.0,9846.36,0.0,DEPARTAMENTO DE ESTRADAS DE RODAGEM DO ESTADO DE MINAS GERAIS,DER-MG,DER-MG,SUPORTE A GESTAO DOS ATIVOS RODOVIARIOS,Transportes
2026,4,2301,4293,32,0,Investimentos Próprios,1558814.25,0.0,0.0,DEPARTAMENTO DE ESTRADAS DE RODAGEM DO ESTADO DE MINAS GERAIS,DER-MG,DER-MG,CONSERVACAO ROTINEIRA DA MALHA VIARIA,Transportes
2026,4,2301,4293,32,0,Investimentos Próprios,713995.36,0.0,0.0,DEPARTAMENTO DE ESTRADAS DE RODAGEM DO ESTADO DE MINAS GERAIS,DER-MG,DER-MG,CONSERVACAO ROTINEIRA DA MALHA VIARIA,Transportes
2026,4,2301,4275,10,0,Investimentos Próprios,447179.5,0.0,447179.5,DEPARTAMENTO DE ESTRADAS DE RODAGEM DO ESTADO DE MINAS GERAIS,DER-MG,DER-MG,IMPLANTACAO/PAVIMENTACAO DA MALHA,Transportes
2026,4,1511,4060,10,0,Investimentos Próprios,1491900.36,0.0,1262645.0,POLICIA CIVIL DO ESTADO DE MINAS GERAIS,PCMG,PCMG,GESTAO DAS UNIDADES POLICIAIS,Segurança Pública
2026,4,2301,4293,32,0,Investimentos Próprios,1079186.0,589740.64,0.0,DEPARTAMENTO DE ESTRADAS DE RODAGEM DO ESTADO DE MINAS GERAIS,DER-MG,DER-MG,CONSERVACAO ROTINEIRA DA MALHA VIARIA,Transportes
2026,4,2301,4293,32,0,Investimentos Próprios,1769923.0,1271797.91,0.0,DEPARTAMENTO DE ESTRADAS DE RODAGEM DO ESTADO DE MINAS GERAIS,DER-MG,DER-MG,CONSERVACAO ROTINEIRA DA MALHA VIARIA,Transportes
2026,4,2301,4293,32,0,Investimentos Próprios,3249244.0,199926.03,0.0,DEPARTAMENTO DE ESTRADAS DE RODAGEM DO ESTADO DE MINAS GERAIS,DER-MG,DER-MG,CONSERVACAO ROTINEIRA DA MALHA VIARIA,Transportes
2026,4,1251,4365,48,0,Investimentos Próprios,-32612.37,416498.75,0.0,POLICIA MILITAR DO ESTADO DE MINAS GERAIS,PMMG,PMMG,POLICIAMENTO OSTENSIVO GERAL,Segurança Pública
2026,4,2301,4385,10,0,Investimentos Próprios,212680.0,0.0,0.0,DEPARTAMENTO DE ESTRADAS DE RODAGEM DO ESTADO DE MINAS GERAIS,DER-MG,DER-MG,REABILITACAO DA MALHA VIARIA,Transportes
2026,4,2301,4275,10,0,Investimentos Próprios,-1530248.0,0.0,0.0,DEPARTAMENTO DE ESTRADAS DE RODAGEM DO ESTADO DE MINAS GERAIS,DER-MG,DER-MG,IMPLANTACAO/PAVIMENTACAO DA MALHA,Transportes
2026,4,2301,4293,32,0,Investimentos Próprios,-4372.19,0.0,0.0,DEPARTAMENTO DE ESTRADAS DE RODAGEM DO ESTADO DE MINAS GERAIS,DER-MG,DER-MG,CONSERVACAO ROTINEIRA DA MALHA VIARIA,Transportes
2026,4,1251,4365,48,0,Investimentos Próprios,9788916.88,0.0,4041262.06,POLICIA MILITAR DO ESTADO DE MINAS GERAIS,PMMG,PMMG,POLICIAMENTO OSTENSIVO GERAL,Segurança Pública
2026,4,2301,4385,32,0,Investimentos Próprios,230000.0,0.0,218630.82,DEPARTAMENTO DE ESTRADAS DE RODAGEM DO ESTADO DE MINAS GERAIS,DER-MG,DER-MG,REABILITACAO DA MALHA VIARIA,Transportes
2026,4,2301,4275,10,0,Investimentos Próprios,376340.16,0.0,0.0,DEPARTAMENTO DE ESTRADAS DE RODAGEM DO ESTADO DE MINAS GERAIS,DER-MG,DER-MG,IMPLANTACAO/PAVIMENTACAO DA MALHA,Transportes
2026,4,2301,4385,10,0,Investimentos Próprios,3478.76,0.0,0.0,DEPARTAMENTO DE ESTRADAS DE RODAGEM DO ESTADO DE MINAS GERAIS,DER-MG,DER-MG,REABILITACAO DA MALHA VIARIA,Transportes
2026,4,2301,4275,10,0,Investimentos Próprios,116821.83,116821.83,0.0,DEPARTAMENTO DE ESTRADAS DE RODAGEM DO ESTADO DE MINAS GERAIS,DER-MG,DER-MG,IMPLANTACAO/PAVIMENTACAO DA MALHA,Transportes
2026,4,2301,4385,10,0,Investimentos Próprios,320000.0,44241.03,0.0,DEPARTAMENTO DE ESTRADAS DE RODAGEM DO ESTADO DE MINAS GERAIS,DER-MG,DER-MG,REABILITACAO DA MALHA VIARIA,Transportes
2026,4,1511,1051,48,0,Investimentos Próprios,28499.9,0.0,28499.9,POLICIA CIVIL DO ESTADO DE MINAS GERAIS,PCMG,PCMG,IMPLEMENTACAO DA CADEIA DE CUSTODIA DA PROVA EM MINAS GERAIS,Segurança Pública
2026,4,2301,4284,10,0,Investimentos Próprios,207366.56,105700.9,0.0,DEPARTAMENTO DE ESTRADAS DE RODAGEM DO ESTADO DE MINAS GERAIS,DER-MG,DER-MG,PREVENCAO E MITIGACAO DE DANOS AMBIENTAIS,Transportes
2026,4,2301,4293,32,0,Investimentos Próprios,0.0,863945.96,0.0,DEPARTAMENTO DE ESTRADAS DE RODAGEM DO ESTADO DE MINAS GERAIS,DER-MG,DER-MG,CONSERVACAO ROTINEIRA DA MALHA VIARIA,Transportes
2026,4,2301,4162,10,0,Investimentos Próprios,0.0,103830.1,0.0,DEPARTAMENTO DE ESTRADAS DE RODAGEM DO ESTADO DE MINAS GERAIS,DER-MG,DER-MG,SUPORTE A GESTAO DOS ATIVOS RODOVIARIOS,Transportes
2026,4,2301,4293,32,0,Investimentos Próprios,6617005.0,0.0,0.0,DEPARTAMENTO DE ESTRADAS DE RODAGEM DO ESTADO DE MINAS GERAIS,DER-MG,DER-MG,CONSERVACAO ROTINEIRA DA MALHA VIARIA,Transportes
2026,4,1251,4365,48,0,Investimentos Próprios,1976595.72,0.0,0.0,POLICIA MILITAR DO ESTADO DE MINAS GERAIS,PMMG,PMMG,POLICIAMENTO OSTENSIVO GERAL,Segurança Pública
2026,4,2301,4385,10,0,Investimentos Próprios,-768.23,16231.77,0.0,DEPARTAMENTO DE ESTRADAS DE RODAGEM DO ESTADO DE MINAS GERAIS,DER-MG,DER-MG,REABILITACAO DA MALHA VIARIA,Transportes
2026,4,2301,4385,33,0,Investimentos Próprios,-9840.05,78465.9,0.0,DEPARTAMENTO DE ESTRADAS DE RODAGEM DO ESTADO DE MINAS GERAIS,DER-MG,DER-MG,REABILITACAO DA MALHA VIARIA,Transportes
2026,4,2301,4293,32,0,Investimentos Próprios,1799202.0,376537.77,0.0,DEPARTAMENTO DE ESTRADAS DE RODAGEM DO ESTADO DE MINAS GERAIS,DER-MG,DER-MG,CONSERVACAO ROTINEIRA DA MALHA VIARIA,Transportes
2026,4,2301,4284,10,0,Investimentos Próprios,247798.59,23311.05,0.0,DEPARTAMENTO DE ESTRADAS DE RODAGEM DO ESTADO DE MINAS GERAIS,DER-MG,DER-MG,PREVENCAO E MITIGACAO DE DANOS AMBIENTAIS,Transportes
2026,4,2301,4162,10,0,Investimentos Próprios,0.0,303076.38,0.0,DEPARTAMENTO DE ESTRADAS DE RODAGEM DO ESTADO DE MINAS GERAIS,DER-MG,DER-MG,SUPORTE A GESTAO DOS ATIVOS RODOVIARIOS,Transportes
2026,4,2301,4275,33,0,Investimentos Próprios,133100.09,133100.09,133100.09,DEPARTAMENTO DE ESTRADAS DE RODAGEM DO ESTADO DE MINAS GERAIS,DER-MG,DER-MG,IMPLANTACAO/PAVIMENTACAO DA MALHA,Transportes
2026,4,2301,4293,32,0,Investimentos Próprios,2083619.0,730112.85,0.0,DEPARTAMENTO DE ESTRADAS DE RODAGEM DO ESTADO DE MINAS GERAIS,DER-MG,DER-MG,CONSERVACAO ROTINEIRA DA MALHA VIARIA,Transportes
2026,4,1511,4060,48,0,Investimentos Próprios,0.0,89800.0,0.0,POLICIA CIVIL DO ESTADO DE MINAS GERAIS,PCMG,PCMG,GESTAO DAS UNIDADES POLICIAIS,Segurança Pública
2026,4,4381,4210,54,0,Investimentos Próprios,0.0,162274.44,0.0,FUNDO ESTADUAL DE DESENVOLVIMENTO DE TRANSPORTES,FUNTRANS,FUNTRANS,REGULACAO DO USO E OCUPACAO DA FAIXA DE DOMINIO,Transportes
2026,4,1301,1037,32,0,Investimentos Próprios,17071.06,0.0,0.0,"SECRETARIA DE ESTADO DE INFRAESTRUTURA, MOBILIDADE E PARCERIAS",SEINFRA,SEINFRA,"INTERVENCOES NA INFRAESTRUTURA RODOVIARIA ESTADUAL, MUNICIPAL E REGIONAL",Transportes
2026,4,1251,4365,48,0,Investimentos Próprios,-67194.96,1101413.04,0.0,POLICIA MILITAR DO ESTADO DE MINAS GERAIS,PMMG,PMMG,POLICIAMENTO OSTENSIVO GERAL,Segurança Pública
2026,4,2301,4293,32,0,Investimentos Próprios,3323370.4,865785.72,0.0,DEPARTAMENTO DE ESTRADAS DE RODAGEM DO ESTADO DE MINAS GERAIS,DER-MG,DER-MG,CONSERVACAO ROTINEIRA DA MALHA VIARIA,Transportes
2026,4,2301,4385,10,0,Investimentos Próprios,-1700000.0,0.0,0.0,DEPARTAMENTO DE ESTRADAS DE RODAGEM DO ESTADO DE MINAS GERAIS,DER-MG,DER-MG,REABILITACAO DA MALHA VIARIA,Transportes
2026,4,2301,4162,10,0,Investimentos Próprios,200000.0,0.0,169710.21,DEPARTAMENTO DE ESTRADAS DE RODAGEM DO ESTADO DE MINAS GERAIS,DER-MG,DER-MG,SUPORTE A GESTAO DOS ATIVOS RODOVIARIOS,Transportes
2026,4,2301,4275,33,0,Investimentos Próprios,283.37,283.37,283.37,DEPARTAMENTO DE ESTRADAS DE RODAGEM DO ESTADO DE MINAS GERAIS,DER-MG,DER-MG,IMPLANTACAO/PAVIMENTACAO DA MALHA,Transportes
2026,4,1251,4365,48,0,Investimentos Próprios,-302551.2,0.0,0.0,POLICIA MILITAR DO ESTADO DE MINAS GERAIS,PMMG,PMMG,POLICIAMENTO OSTENSIVO GERAL,Segurança Pública
2026,4,2301,4385,10,0,Investimentos Próprios,-10.8,0.0,0.0,DEPARTAMENTO DE ESTRADAS DE RODAGEM DO ESTADO DE MINAS GERAIS,DER-MG,DER-MG,REABILITACAO DA MALHA VIARIA,Transportes
2026,4,2301,4275,33,0,Investimentos Próprios,6083.51,6083.51,0.0,DEPARTAMENTO DE ESTRADAS DE RODAGEM DO ESTADO DE MINAS GERAIS,DER-MG,DER-MG,IMPLANTACAO/PAVIMENTACAO DA MALHA,Transportes
2026,4,2301,4293,32,0,Investimentos Próprios,2126466.5,0.0,0.0,DEPARTAMENTO DE ESTRADAS DE RODAGEM DO ESTADO DE MINAS GERAIS,DER-MG,DER-MG,CONSERVACAO ROTINEIRA DA MALHA VIARIA,Transportes
2026,4,2301,4275,10,0,Investimentos Próprios,-376340.16,254426.4,0.0,DEPARTAMENTO DE ESTRADAS DE RODAGEM DO ESTADO DE MINAS GERAIS,DER-MG,DER-MG,IMPLANTACAO/PAVIMENTACAO DA MALHA,Transportes
2026,4,2301,4268,33,0,Investimentos Próprios,0.0,82848.68,0.0,DEPARTAMENTO DE ESTRADAS DE RODAGEM DO ESTADO DE MINAS GERAIS,DER-MG,DER-MG,AMPLIACAO DE CAPACIDADE DA MALHA E RESTAURACAO DO PAVIMENTO,Transportes
2026,4,2301,4293,32,0,Investimentos Próprios,750000.0,9521.29,0.0,DEPARTAMENTO DE ESTRADAS DE RODAGEM DO ESTADO DE MINAS GERAIS,DER-MG,DER-MG,CONSERVACAO ROTINEIRA DA MALHA VIARIA,Transportes
2026,4,1301,1036,10,0,Investimentos Próprios,0.0,297905.59,0.0,"SECRETARIA DE ESTADO DE INFRAESTRUTURA, MOBILIDADE E PARCERIAS",SEINFRA,SEINFRA,CONTENCAO DE ENCOSTAS EM AREAS DE RISCO - PAC ENCOSTAS,Saneamento
2026,4,2301,4293,32,0,Investimentos Próprios,3787973.0,0.0,0.0,DEPARTAMENTO DE ESTRADAS DE RODAGEM DO ESTADO DE MINAS GERAIS,DER-MG,DER-MG,CONSERVACAO ROTINEIRA DA MALHA VIARIA,Transportes
2026,4,2301,4293,32,0,Investimentos Próprios,-2827.6,42414.0,0.0,DEPARTAMENTO DE ESTRADAS DE RODAGEM DO ESTADO DE MINAS GERAIS,DER-MG,DER-MG,CONSERVACAO ROTINEIRA DA MALHA VIARIA,Transportes
2026,4,2301,4293,32,0,Investimentos Próprios,-16783.97,356393.84,0.0,DEPARTAMENTO DE ESTRADAS DE RODAGEM DO ESTADO DE MINAS GERAIS,DER-MG,DER-MG,CONSERVACAO ROTINEIRA DA MALHA VIARIA,Transportes
2026,4,2301,4385,33,0,Investimentos Próprios,-37262.75,119964.05,0.0,DEPARTAMENTO DE ESTRADAS DE RODAGEM DO ESTADO DE MINAS GERAIS,DER-MG,DER-MG,REABILITACAO DA MALHA VIARIA,Transportes
2026,4,2301,4275,10,0,Investimentos Próprios,49000.0,0.0,0.0,DEPARTAMENTO DE ESTRADAS DE RODAGEM DO ESTADO DE MINAS GERAIS,DER-MG,DER-MG,IMPLANTACAO/PAVIMENTACAO DA MALHA,Transportes
2026,4,2301,4162,10,0,Investimentos Próprios,0.0,6847.38,0.0,DEPARTAMENTO DE ESTRADAS DE RODAGEM DO ESTADO DE MINAS GERAIS,DER-MG,DER-MG,SUPORTE A GESTAO DOS ATIVOS RODOVIARIOS,Transportes
2026,4,2301,4284,10,0,Investimentos Próprios,247798.59,23311.03,0.0,DEPARTAMENTO DE ESTRADAS DE RODAGEM DO ESTADO DE MINAS GERAIS,DER-MG,DER-MG,PREVENCAO E MITIGACAO DE DANOS AMBIENTAIS,Transportes
2026,4,1251,4365,48,0,Investimentos Próprios,0.0,180000.0,0.0,POLICIA MILITAR DO ESTADO DE MINAS GERAIS,PMMG,PMMG,POLICIAMENTO OSTENSIVO GERAL,Segurança Pública
2026,4,2301,4162,10,0,Investimentos Próprios,0.0,259941.75,0.0,DEPARTAMENTO DE ESTRADAS DE RODAGEM DO ESTADO DE MINAS GERAIS,DER-MG,DER-MG,SUPORTE A GESTAO DOS ATIVOS RODOVIARIOS,Transportes
2026,4,2301,4162,10,0,Investimentos Próprios,0.0,224715.9,0.0,DEPARTAMENTO DE ESTRADAS DE RODAGEM DO ESTADO DE MINAS GERAIS,DER-MG,DER-MG,SUPORTE A GESTAO DOS ATIVOS RODOVIARIOS,Transportes
2026,4,2301,4293,32,0,Investimentos Próprios,3647048.0,1826439.64,0.0,DEPARTAMENTO DE ESTRADAS DE RODAGEM DO ESTADO DE MINAS GERAIS,DER-MG,DER-MG,CONSERVACAO ROTINEIRA DA MALHA VIARIA,Transportes
2026,4,2301,4275,33,0,Investimentos Próprios,0.0,0.0,0.0,DEPARTAMENTO DE ESTRADAS DE RODAGEM DO ESTADO DE MINAS GERAIS,DER-MG,DER-MG,IMPLANTACAO/PAVIMENTACAO DA MALHA,Transportes
2026,4,2301,4385,10,0,Investimentos Próprios,4469961.0,0.0,0.0,DEPARTAMENTO DE ESTRADAS DE RODAGEM DO ESTADO DE MINAS GERAIS,DER-MG,DER-MG,REABILITACAO DA MALHA VIARIA,Transportes
2026,4,2301,4275,10,0,Investimentos Próprios,0.0,2777078.09,0.0,DEPARTAMENTO DE ESTRADAS DE RODAGEM DO ESTADO DE MINAS GERAIS,DER-MG,DER-MG,IMPLANTACAO/PAVIMENTACAO DA MALHA,Transportes
2026,4,2301,4275,10,0,Investimentos Próprios,0.0,102242.49,0.0,DEPARTAMENTO DE ESTRADAS DE RODAGEM DO ESTADO DE MINAS GERAIS,DER-MG,DER-MG,IMPLANTACAO/PAVIMENTACAO DA MALHA,Transportes
2026,4,1251,4365,48,0,Investimentos Próprios,-269385.2,4415574.8,0.0,POLICIA MILITAR DO ESTADO DE MINAS GERAIS,PMMG,PMMG,POLICIAMENTO OSTENSIVO GERAL,Segurança Pública
2026,4,2301,4268,10,0,Investimentos Próprios,-479941.2,0.0,0.0,DEPARTAMENTO DE ESTRADAS DE RODAGEM DO ESTADO DE MINAS GERAIS,DER-MG,DER-MG,AMPLIACAO DE CAPACIDADE DA MALHA E RESTAURACAO DO PAVIMENTO,Transportes
2026,4,2301,4385,10,0,Investimentos Próprios,353580.5,0.0,0.0,DEPARTAMENTO DE ESTRADAS DE RODAGEM DO ESTADO DE MINAS GERAIS,DER-MG,DER-MG,REABILITACAO DA MALHA VIARIA,Transportes
2026,4,2301,4385,10,0,Investimentos Próprios,55000.0,0.0,0.0,DEPARTAMENTO DE ESTRADAS DE RODAGEM DO ESTADO DE MINAS GERAIS,DER-MG,DER-MG,REABILITACAO DA MALHA VIARIA,Transportes
2026,4,2301,4385,10,0,Investimentos Próprios,416893.7,0.0,0.0,DEPARTAMENTO DE ESTRADAS DE RODAGEM DO ESTADO DE MINAS GERAIS,DER-MG,DER-MG,REABILITACAO DA MALHA VIARIA,Transportes
2026,4,2301,4272,89,1,FEF,0.0,40777.99,0.0,DEPARTAMENTO DE ESTRADAS DE RODAGEM DO ESTADO DE MINAS GERAIS,DER-MG,DER-MG,IMPLANTACAO E RESTAURACAO DE OBRAS DE ARTES ESPECIAIS,Transportes
2026,4,2301,4293,32,0,Investimentos Próprios,-369.18,0.0,0.0,DEPARTAMENTO DE ESTRADAS DE RODAGEM DO ESTADO DE MINAS GERAIS,DER-MG,DER-MG,CONSERVACAO ROTINEIRA DA MALHA VIARIA,Transportes
2026,4,2301,4280,89,1,FEF,5935636.13,0.0,419598.44,DEPARTAMENTO DE ESTRADAS DE RODAGEM DO ESTADO DE MINAS GERAIS,DER-MG,DER-MG,MITIGACAO DE DANOS PONTUAIS NAS RODOVIAS,Transportes
2026,4,2301,4275,10,0,Investimentos Próprios,15024.48,15024.48,15024.48,DEPARTAMENTO DE ESTRADAS DE RODAGEM DO ESTADO DE MINAS GERAIS,DER-MG,DER-MG,IMPLANTACAO/PAVIMENTACAO DA MALHA,Transportes
2026,4,2301,4293,32,0,Investimentos Próprios,500000.0,0.0,249842.9,DEPARTAMENTO DE ESTRADAS DE RODAGEM DO ESTADO DE MINAS GERAIS,DER-MG,DER-MG,CONSERVACAO ROTINEIRA DA MALHA VIARIA,Transportes
2026,4,2301,4293,32,0,Investimentos Próprios,33908.3,13415.57,0.0,DEPARTAMENTO DE ESTRADAS DE RODAGEM DO ESTADO DE MINAS GERAIS,DER-MG,DER-MG,CONSERVACAO ROTINEIRA DA MALHA VIARIA,Transportes
2026,4,2301,4385,10,0,Investimentos Próprios,-5.13,0.0,0.0,DEPARTAMENTO DE ESTRADAS DE RODAGEM DO ESTADO DE MINAS GERAIS,DER-MG,DER-MG,REABILITACAO DA MALHA VIARIA,Transportes
2026,4,2301,4293,32,0,Investimentos Próprios,853919.1,0.0,0.0,DEPARTAMENTO DE ESTRADAS DE RODAGEM DO ESTADO DE MINAS GERAIS,DER-MG,DER-MG,CONSERVACAO ROTINEIRA DA MALHA VIARIA,Transportes
2026,4,2301,4275,33,0,Investimentos Próprios,273122.14,273122.14,273122.14,DEPARTAMENTO DE ESTRADAS DE RODAGEM DO ESTADO DE MINAS GERAIS,DER-MG,DER-MG,IMPLANTACAO/PAVIMENTACAO DA MALHA,Transportes
2026,4,2301,4275,33,0,Investimentos Próprios,42780.03,42780.03,42780.03,DEPARTAMENTO DE ESTRADAS DE RODAGEM DO ESTADO DE MINAS GERAIS,DER-MG,DER-MG,IMPLANTACAO/PAVIMENTACAO DA MALHA,Transportes
2026,5,2301,4385,10,0,Investimentos Próprios,4038578.24,2323610.8,0.0,DEPARTAMENTO DE ESTRADAS DE RODAGEM DO ESTADO DE MINAS GERAIS,DER-MG,DER-MG,REABILITACAO DA MALHA VIARIA,Transportes
2026,5,2301,4275,33,0,Investimentos Próprios,57829.25,0.0,38619.39,DEPARTAMENTO DE ESTRADAS DE RODAGEM DO ESTADO DE MINAS GERAIS,DER-MG,DER-MG,IMPLANTACAO/PAVIMENTACAO DA MALHA,Transportes
2026,5,1251,4365,48,0,Investimentos Próprios,335000.0,0.0,335000.0,POLICIA MILITAR DO ESTADO DE MINAS GERAIS,PMMG,PMMG,POLICIAMENTO OSTENSIVO GERAL,Segurança Pública
2026,5,2301,4293,32,0,Investimentos Próprios,0.0,36930.98,0.0,DEPARTAMENTO DE ESTRADAS DE RODAGEM DO ESTADO DE MINAS GERAIS,DER-MG,DER-MG,CONSERVACAO ROTINEIRA DA MALHA VIARIA,Transportes
2026,5,2301,4162,10,0,Investimentos Próprios,0.0,219228.21,0.0,DEPARTAMENTO DE ESTRADAS DE RODAGEM DO ESTADO DE MINAS GERAIS,DER-MG,DER-MG,SUPORTE A GESTAO DOS ATIVOS RODOVIARIOS,Transportes
2026,5,2301,4385,10,0,Investimentos Próprios,0.0,30334.36,0.0,DEPARTAMENTO DE ESTRADAS DE RODAGEM DO ESTADO DE MINAS GERAIS,DER-MG,DER-MG,REABILITACAO DA MALHA VIARIA,Transportes
2026,5,1511,4061,48,0,Investimentos Próprios,0.0,336985.67,0.0,POLICIA CIVIL DO ESTADO DE MINAS GERAIS,PCMG,PCMG,PERICIAS TECNICO-CIENTIFICAS,Segurança Pública
2026,5,2301,4293,32,0,Investimentos Próprios,0.0,2048598.51,0.0,DEPARTAMENTO DE ESTRADAS DE RODAGEM DO ESTADO DE MINAS GERAIS,DER-MG,DER-MG,CONSERVACAO ROTINEIRA DA MALHA VIARIA,Transportes
2026,5,1511,4060,48,0,Investimentos Próprios,0.0,44850.0,0.0,POLICIA CIVIL DO ESTADO DE MINAS GERAIS,PCMG,PCMG,GESTAO DAS UNIDADES POLICIAIS,Segurança Pública
2026,5,2301,4275,33,0,Investimentos Próprios,0.0,0.0,0.0,DEPARTAMENTO DE ESTRADAS DE RODAGEM DO ESTADO DE MINAS GERAIS,DER-MG,DER-MG,IMPLANTACAO/PAVIMENTACAO DA MALHA,Transportes
2026,5,1511,4060,48,0,Investimentos Próprios,53699.0,0.0,53699.0,POLICIA CIVIL DO ESTADO DE MINAS GERAIS,PCMG,PCMG,GESTAO DAS UNIDADES POLICIAIS,Segurança Pública
2026,5,2301,4385,10,0,Investimentos Próprios,-80000.0,44158.11,0.0,DEPARTAMENTO DE ESTRADAS DE RODAGEM DO ESTADO DE MINAS GERAIS,DER-MG,DER-MG,REABILITACAO DA MALHA VIARIA,Transportes
2026,5,2301,4385,10,0,Investimentos Próprios,-48438.0,227882.16,0.0,DEPARTAMENTO DE ESTRADAS DE RODAGEM DO ESTADO DE MINAS GERAIS,DER-MG,DER-MG,REABILITACAO DA MALHA VIARIA,Transportes
2026,5,2301,4385,10,0,Investimentos Próprios,150000.0,80086.11,0.0,DEPARTAMENTO DE ESTRADAS DE RODAGEM DO ESTADO DE MINAS GERAIS,DER-MG,DER-MG,REABILITACAO DA MALHA VIARIA,Transportes
2026,5,1511,1051,48,0,Investimentos Próprios,0.0,215025.06,0.0,POLICIA CIVIL DO ESTADO DE MINAS GERAIS,PCMG,PCMG,IMPLEMENTACAO DA CADEIA DE CUSTODIA DA PROVA EM MINAS GERAIS,Segurança Pública
2026,5,2301,4293,32,0,Investimentos Próprios,0.0,461630.49,0.0,DEPARTAMENTO DE ESTRADAS DE RODAGEM DO ESTADO DE MINAS GERAIS,DER-MG,DER-MG,CONSERVACAO ROTINEIRA DA MALHA VIARIA,Transportes
2026,5,1511,1051,48,0,Investimentos Próprios,0.0,3600.0,0.0,POLICIA CIVIL DO ESTADO DE MINAS GERAIS,PCMG,PCMG,IMPLEMENTACAO DA CADEIA DE CUSTODIA DA PROVA EM MINAS GERAIS,Segurança Pública
2026,5,2301,4293,32,0,Investimentos Próprios,0.0,1130556.3,0.0,DEPARTAMENTO DE ESTRADAS DE RODAGEM DO ESTADO DE MINAS GERAIS,DER-MG,DER-MG,CONSERVACAO ROTINEIRA DA MALHA VIARIA,Transportes
2026,5,1511,4061,48,0,Investimentos Próprios,0.0,57408.0,0.0,POLICIA CIVIL DO ESTADO DE MINAS GERAIS,PCMG,PCMG,PERICIAS TECNICO-CIENTIFICAS,Segurança Pública
2026,5,2301,4275,33,0,Investimentos Próprios,14000.0,22390.13,0.0,DEPARTAMENTO DE ESTRADAS DE RODAGEM DO ESTADO DE MINAS GERAIS,DER-MG,DER-MG,IMPLANTACAO/PAVIMENTACAO DA MALHA,Transportes
2026,5,2301,4385,10,0,Investimentos Próprios,0.0,323844.88,0.0,DEPARTAMENTO DE ESTRADAS DE RODAGEM DO ESTADO DE MINAS GERAIS,DER-MG,DER-MG,REABILITACAO DA MALHA VIARIA,Transportes
2026,5,2301,4385,10,0,Investimentos Próprios,0.0,179947.44,0.0,DEPARTAMENTO DE ESTRADAS DE RODAGEM DO ESTADO DE MINAS GERAIS,DER-MG,DER-MG,REABILITACAO DA MALHA VIARIA,Transportes
2026,5,2301,4162,10,0,Investimentos Próprios,0.0,196818.03,0.0,DEPARTAMENTO DE ESTRADAS DE RODAGEM DO ESTADO DE MINAS GERAIS,DER-MG,DER-MG,SUPORTE A GESTAO DOS ATIVOS RODOVIARIOS,Transportes
2026,5,2301,4293,32,0,Investimentos Próprios,1509504.61,830001.19,1749921.05,DEPARTAMENTO DE ESTRADAS DE RODAGEM DO ESTADO DE MINAS GERAIS,DER-MG,DER-MG,CONSERVACAO ROTINEIRA DA MALHA VIARIA,Transportes
2026,5,2301,4162,10,0,Investimentos Próprios,100000.0,43195.15,0.0,DEPARTAMENTO DE ESTRADAS DE RODAGEM DO ESTADO DE MINAS GERAIS,DER-MG,DER-MG,SUPORTE A GESTAO DOS ATIVOS RODOVIARIOS,Transportes
2026,5,2301,4385,10,0,Investimentos Próprios,525000.0,336031.61,0.0,DEPARTAMENTO DE ESTRADAS DE RODAGEM DO ESTADO DE MINAS GERAIS,DER-MG,DER-MG,REABILITACAO DA MALHA VIARIA,Transportes
2026,5,2301,4385,10,0,Investimentos Próprios,21498.96,139203.36,0.0,DEPARTAMENTO DE ESTRADAS DE RODAGEM DO ESTADO DE MINAS GERAIS,DER-MG,DER-MG,REABILITACAO DA MALHA VIARIA,Transportes
2026,5,1251,4365,48,0,Investimentos Próprios,1092648.38,1092648.37,1092648.37,POLICIA MILITAR DO ESTADO DE MINAS GERAIS,PMMG,PMMG,POLICIAMENTO OSTENSIVO GERAL,Segurança Pública
2026,5,1301,1037,32,0,Investimentos Próprios,0.0,35802.6,0.0,"SECRETARIA DE ESTADO DE INFRAESTRUTURA, MOBILIDADE E PARCERIAS",SEINFRA,SEINFRA,"INTERVENCOES NA INFRAESTRUTURA RODOVIARIA ESTADUAL, MUNICIPAL E REGIONAL",Transportes
2026,5,2301,4293,32,0,Investimentos Próprios,0.0,521456.01,0.0,DEPARTAMENTO DE ESTRADAS DE RODAGEM DO ESTADO DE MINAS GERAIS,DER-MG,DER-MG,CONSERVACAO ROTINEIRA DA MALHA VIARIA,Transportes
2026,5,1511,4060,48,0,Investimentos Próprios,0.0,24585.0,0.0,POLICIA CIVIL DO ESTADO DE MINAS GERAIS,PCMG,PCMG,GESTAO DAS UNIDADES POLICIAIS,Segurança Pública
2026,5,2301,4293,32,0,Investimentos Próprios,0.0,9213.21,0.0,DEPARTAMENTO DE ESTRADAS DE RODAGEM DO ESTADO DE MINAS GERAIS,DER-MG,DER-MG,CONSERVACAO ROTINEIRA DA MALHA VIARIA,Transportes
2026,5,2301,4293,32,0,Investimentos Próprios,0.0,1815003.22,0.0,DEPARTAMENTO DE ESTRADAS DE RODAGEM DO ESTADO DE MINAS GERAIS,DER-MG,DER-MG,CONSERVACAO ROTINEIRA DA MALHA VIARIA,Transportes
2026,5,1511,1051,48,0,Investimentos Próprios,0.0,75036.0,0.0,POLICIA CIVIL DO ESTADO DE MINAS GERAIS,PCMG,PCMG,IMPLEMENTACAO DA CADEIA DE CUSTODIA DA PROVA EM MINAS GERAIS,Segurança Pública
2026,5,2301,4275,10,0,Investimentos Próprios,0.0,0.0,0.0,DEPARTAMENTO DE ESTRADAS DE RODAGEM DO ESTADO DE MINAS GERAIS,DER-MG,DER-MG,IMPLANTACAO/PAVIMENTACAO DA MALHA,Transportes
2026,5,2301,4385,10,0,Investimentos Próprios,0.0,69353.2,0.0,DEPARTAMENTO DE ESTRADAS DE RODAGEM DO ESTADO DE MINAS GERAIS,DER-MG,DER-MG,REABILITACAO DA MALHA VIARIA,Transportes
2026,5,2301,4268,33,0,Investimentos Próprios,0.0,8026.91,0.0,DEPARTAMENTO DE ESTRADAS DE RODAGEM DO ESTADO DE MINAS GERAIS,DER-MG,DER-MG,AMPLIACAO DE CAPACIDADE DA MALHA E RESTAURACAO DO PAVIMENTO,Transportes
2026,5,2301,4293,32,0,Investimentos Próprios,0.0,922268.72,0.0,DEPARTAMENTO DE ESTRADAS DE RODAGEM DO ESTADO DE MINAS GERAIS,DER-MG,DER-MG,CONSERVACAO ROTINEIRA DA MALHA VIARIA,Transportes
2026,5,2301,4385,33,0,Investimentos Próprios,456521.74,0.0,456521.74,DEPARTAMENTO DE ESTRADAS DE RODAGEM DO ESTADO DE MINAS GERAIS,DER-MG,DER-MG,REABILITACAO DA MALHA VIARIA,Transportes
2026,5,2301,4293,32,0,Investimentos Próprios,0.0,15066.05,0.0,DEPARTAMENTO DE ESTRADAS DE RODAGEM DO ESTADO DE MINAS GERAIS,DER-MG,DER-MG,CONSERVACAO ROTINEIRA DA MALHA VIARIA,Transportes
2026,5,1301,1039,32,0,Investimentos Próprios,1020396.08,0.0,483378.6,"SECRETARIA DE ESTADO DE INFRAESTRUTURA, MOBILIDADE E PARCERIAS",SEINFRA,SEINFRA,REQUALIFICACAO URBANA E AMBIENTAL E CONTROLE DE CHEIAS DO CORREGO FERRUGEM - PAC FERRUGEM,Habitação
2026,5,2301,4293,32,0,Investimentos Próprios,-35329.89,0.0,0.0,DEPARTAMENTO DE ESTRADAS DE RODAGEM DO ESTADO DE MINAS GERAIS,DER-MG,DER-MG,CONSERVACAO ROTINEIRA DA MALHA VIARIA,Transportes
2026,5,2301,4385,33,0,Investimentos Próprios,292000.0,0.0,245580.55,DEPARTAMENTO DE ESTRADAS DE RODAGEM DO ESTADO DE MINAS GERAIS,DER-MG,DER-MG,REABILITACAO DA MALHA VIARIA,Transportes
2026,5,2301,4385,10,0,Investimentos Próprios,7932788.42,7931788.42,0.0,DEPARTAMENTO DE ESTRADAS DE RODAGEM DO ESTADO DE MINAS GERAIS,DER-MG,DER-MG,REABILITACAO DA MALHA VIARIA,Transportes
2026,5,2301,4385,10,0,Investimentos Próprios,-3212204.3,386795.7,0.0,DEPARTAMENTO DE ESTRADAS DE RODAGEM DO ESTADO DE MINAS GERAIS,DER-MG,DER-MG,REABILITACAO DA MALHA VIARIA,Transportes
2026,5,2301,4275,10,0,Investimentos Próprios,0.0,544858.86,0.0,DEPARTAMENTO DE ESTRADAS DE RODAGEM DO ESTADO DE MINAS GERAIS,DER-MG,DER-MG,IMPLANTACAO/PAVIMENTACAO DA MALHA,Transportes
2026,5,2301,4275,33,0,Investimentos Próprios,0.0,0.0,0.0,DEPARTAMENTO DE ESTRADAS DE RODAGEM DO ESTADO DE MINAS GERAIS,DER-MG,DER-MG,IMPLANTACAO/PAVIMENTACAO DA MALHA,Transportes
2026,5,2301,4275,10,0,Investimentos Próprios,-33292.66,0.0,0.0,DEPARTAMENTO DE ESTRADAS DE RODAGEM DO ESTADO DE MINAS GERAIS,DER-MG,DER-MG,IMPLANTACAO/PAVIMENTACAO DA MALHA,Transportes
2026,5,2301,4293,32,0,Investimentos Próprios,239978.06,1723568.33,0.0,DEPARTAMENTO DE ESTRADAS DE RODAGEM DO ESTADO DE MINAS GERAIS,DER-MG,DER-MG,CONSERVACAO ROTINEIRA DA MALHA VIARIA,Transportes
2026,5,1301,1036,10,0,Investimentos Próprios,0.0,6181.26,0.0,"SECRETARIA DE ESTADO DE INFRAESTRUTURA, MOBILIDADE E PARCERIAS",SEINFRA,SEINFRA,CONTENCAO DE ENCOSTAS EM AREAS DE RISCO - PAC ENCOSTAS,Saneamento
2026,5,2301,4293,32,0,Investimentos Próprios,0.0,0.0,0.0,DEPARTAMENTO DE ESTRADAS DE RODAGEM DO ESTADO DE MINAS GERAIS,DER-MG,DER-MG,CONSERVACAO ROTINEIRA DA MALHA VIARIA,Transportes
2026,5,1511,4060,48,0,Investimentos Próprios,102000.0,0.0,5100.0,POLICIA CIVIL DO ESTADO DE MINAS GERAIS,PCMG,PCMG,GESTAO DAS UNIDADES POLICIAIS,Segurança Pública
2026,5,2301,4385,33,0,Investimentos Próprios,240000.0,0.0,176339.56,DEPARTAMENTO DE ESTRADAS DE RODAGEM DO ESTADO DE MINAS GERAIS,DER-MG,DER-MG,REABILITACAO DA MALHA VIARIA,Transportes
2026,5,2301,4284,10,0,Investimentos Próprios,0.0,5314.7,0.0,DEPARTAMENTO DE ESTRADAS DE RODAGEM DO ESTADO DE MINAS GERAIS,DER-MG,DER-MG,PREVENCAO E MITIGACAO DE DANOS AMBIENTAIS,Transportes
2026,5,2301,4293,32,0,Investimentos Próprios,0.0,684536.21,0.0,DEPARTAMENTO DE ESTRADAS DE RODAGEM DO ESTADO DE MINAS GERAIS,DER-MG,DER-MG,CONSERVACAO ROTINEIRA DA MALHA VIARIA,Transportes
2026,5,2301,4293,32,0,Investimentos Próprios,1406140.3,481832.0,0.0,DEPARTAMENTO DE ESTRADAS DE RODAGEM DO ESTADO DE MINAS GERAIS,DER-MG,DER-MG,CONSERVACAO ROTINEIRA DA MALHA VIARIA,Transportes
2026,5,2301,4275,10,0,Investimentos Próprios,0.0,11074.05,0.0,DEPARTAMENTO DE ESTRADAS DE RODAGEM DO ESTADO DE MINAS GERAIS,DER-MG,DER-MG,IMPLANTACAO/PAVIMENTACAO DA MALHA,Transportes
2026,5,2301,4162,10,0,Investimentos Próprios,0.0,60230.28,0.0,DEPARTAMENTO DE ESTRADAS DE RODAGEM DO ESTADO DE MINAS GERAIS,DER-MG,DER-MG,SUPORTE A GESTAO DOS ATIVOS RODOVIARIOS,Transportes
2026,5,2301,4280,10,0,Investimentos Próprios,0.0,829952.37,0.0,DEPARTAMENTO DE ESTRADAS DE RODAGEM DO ESTADO DE MINAS GERAIS,DER-MG,DER-MG,MITIGACAO DE DANOS PONTUAIS NAS RODOVIAS,Transportes
2026,5,2301,4293,32,0,Investimentos Próprios,-1000000.0,74817.42,0.0,DEPARTAMENTO DE ESTRADAS DE RODAGEM DO ESTADO DE MINAS GERAIS,DER-MG,DER-MG,CONSERVACAO ROTINEIRA DA MALHA VIARIA,Transportes
2026,5,2301,4385,33,0,Investimentos Próprios,1416999.55,0.0,458925.55,DEPARTAMENTO DE ESTRADAS DE RODAGEM DO ESTADO DE MINAS GERAIS,DER-MG,DER-MG,REABILITACAO DA MALHA VIARIA,Transportes
2026,5,2301,4293,32,0,Investimentos Próprios,792000.0,1443884.16,0.0,DEPARTAMENTO DE ESTRADAS DE RODAGEM DO ESTADO DE MINAS GERAIS,DER-MG,DER-MG,CONSERVACAO ROTINEIRA DA MALHA VIARIA,Transportes
2026,5,2301,4275,33,0,Investimentos Próprios,20000.0,0.0,11903.41,DEPARTAMENTO DE ESTRADAS DE RODAGEM DO ESTADO DE MINAS GERAIS,DER-MG,DER-MG,IMPLANTACAO/PAVIMENTACAO DA MALHA,Transportes
2026,5,2301,4293,32,0,Investimentos Próprios,1499820.74,1279785.51,3386862.28,DEPARTAMENTO DE ESTRADAS DE RODAGEM DO ESTADO DE MINAS GERAIS,DER-MG,DER-MG,CONSERVACAO ROTINEIRA DA MALHA VIARIA,Transportes
2026,5,2301,4268,33,0,Investimentos Próprios,5689.64,4479.88,0.0,DEPARTAMENTO DE ESTRADAS DE RODAGEM DO ESTADO DE MINAS GERAIS,DER-MG,DER-MG,AMPLIACAO DE CAPACIDADE DA MALHA E RESTAURACAO DO PAVIMENTO,Transportes
2026,5,2301,4293,32,0,Investimentos Próprios,-3000000.0,578628.94,0.0,DEPARTAMENTO DE ESTRADAS DE RODAGEM DO ESTADO DE MINAS GERAIS,DER-MG,DER-MG,CONSERVACAO ROTINEIRA DA MALHA VIARIA,Transportes
2026,5,2301,4275,33,0,Investimentos Próprios,36316.3,36316.3,36316.3,DEPARTAMENTO DE ESTRADAS DE RODAGEM DO ESTADO DE MINAS GERAIS,DER-MG,DER-MG,IMPLANTACAO/PAVIMENTACAO DA MALHA,Transportes
2026,5,2301,4385,10,0,Investimentos Próprios,1389091.4,955792.1,0.0,DEPARTAMENTO DE ESTRADAS DE RODAGEM DO ESTADO DE MINAS GERAIS,DER-MG,DER-MG,REABILITACAO DA MALHA VIARIA,Transportes
2026,5,2301,4275,33,0,Investimentos Próprios,517225.15,517225.15,517225.15,DEPARTAMENTO DE ESTRADAS DE RODAGEM DO ESTADO DE MINAS GERAIS,DER-MG,DER-MG,IMPLANTACAO/PAVIMENTACAO DA MALHA,Transportes
2026,5,2301,4385,10,0,Investimentos Próprios,-70000.0,0.0,0.0,DEPARTAMENTO DE ESTRADAS DE RODAGEM DO ESTADO DE MINAS GERAIS,DER-MG,DER-MG,REABILITACAO DA MALHA VIARIA,Transportes
2026,5,2301,4272,10,0,Investimentos Próprios,44620.0,0.0,0.0,DEPARTAMENTO DE ESTRADAS DE RODAGEM DO ESTADO DE MINAS GERAIS,DER-MG,DER-MG,IMPLANTACAO E RESTAURACAO DE OBRAS DE ARTES ESPECIAIS,Transportes
2026,5,2301,4275,33,0,Investimentos Próprios,0.0,0.0,0.0,DEPARTAMENTO DE ESTRADAS DE RODAGEM DO ESTADO DE MINAS GERAIS,DER-MG,DER-MG,IMPLANTACAO/PAVIMENTACAO DA MALHA,Transportes
2026,5,2301,4293,32,0,Investimentos Próprios,0.0,563398.63,0.0,DEPARTAMENTO DE ESTRADAS DE RODAGEM DO ESTADO DE MINAS GERAIS,DER-MG,DER-MG,CONSERVACAO ROTINEIRA DA MALHA VIARIA,Transportes
2026,5,2301,4293,32,0,Investimentos Próprios,350000.0,81514.29,0.0,DEPARTAMENTO DE ESTRADAS DE RODAGEM DO ESTADO DE MINAS GERAIS,DER-MG,DER-MG,CONSERVACAO ROTINEIRA DA MALHA VIARIA,Transportes
2026,5,2301,4275,10,0,Investimentos Próprios,620000.0,16380.35,0.0,DEPARTAMENTO DE ESTRADAS DE RODAGEM DO ESTADO DE MINAS GERAIS,DER-MG,DER-MG,IMPLANTACAO/PAVIMENTACAO DA MALHA,Transportes
2026,5,2301,4293,32,0,Investimentos Próprios,0.0,260102.49,0.0,DEPARTAMENTO DE ESTRADAS DE RODAGEM DO ESTADO DE MINAS GERAIS,DER-MG,DER-MG,CONSERVACAO ROTINEIRA DA MALHA VIARIA,Transportes
2026,5,1511,4060,48,0,Investimentos Próprios,0.0,115597.35,0.0,POLICIA CIVIL DO ESTADO DE MINAS GERAIS,PCMG,PCMG,GESTAO DAS UNIDADES POLICIAIS,Segurança Pública
2026,5,2301,4293,32,0,Investimentos Próprios,0.0,1392975.96,0.0,DEPARTAMENTO DE ESTRADAS DE RODAGEM DO ESTADO DE MINAS GERAIS,DER-MG,DER-MG,CONSERVACAO ROTINEIRA DA MALHA VIARIA,Transportes
2026,5,1511,4060,48,0,Investimentos Próprios,19120.0,0.0,19120.0,POLICIA CIVIL DO ESTADO DE MINAS GERAIS,PCMG,PCMG,GESTAO DAS UNIDADES POLICIAIS,Segurança Pública
2026,5,2301,4284,10,0,Investimentos Próprios,0.0,5314.71,0.0,DEPARTAMENTO DE ESTRADAS DE RODAGEM DO ESTADO DE MINAS GERAIS,DER-MG,DER-MG,PREVENCAO E MITIGACAO DE DANOS AMBIENTAIS,Transportes
2026,5,2301,4293,32,0,Investimentos Próprios,-3000000.0,470977.81,0.0,DEPARTAMENTO DE ESTRADAS DE RODAGEM DO ESTADO DE MINAS GERAIS,DER-MG,DER-MG,CONSERVACAO ROTINEIRA DA MALHA VIARIA,Transportes
2026,5,2301,4293,32,0,Investimentos Próprios,2300000.0,1563701.48,2868995.02,DEPARTAMENTO DE ESTRADAS DE RODAGEM DO ESTADO DE MINAS GERAIS,DER-MG,DER-MG,CONSERVACAO ROTINEIRA DA MALHA VIARIA,Transportes
2026,5,1511,4060,48,0,Investimentos Próprios,0.0,27528.9,0.0,POLICIA CIVIL DO ESTADO DE MINAS GERAIS,PCMG,PCMG,GESTAO DAS UNIDADES POLICIAIS,Segurança Pública
2026,5,2301,4293,32,0,Investimentos Próprios,-65000.0,0.0,0.0,DEPARTAMENTO DE ESTRADAS DE RODAGEM DO ESTADO DE MINAS GERAIS,DER-MG,DER-MG,CONSERVACAO ROTINEIRA DA MALHA VIARIA,Transportes
2026,5,2301,4162,10,0,Investimentos Próprios,0.0,7626.9,0.0,DEPARTAMENTO DE ESTRADAS DE RODAGEM DO ESTADO DE MINAS GERAIS,DER-MG,DER-MG,SUPORTE A GESTAO DOS ATIVOS RODOVIARIOS,Transportes
2026,5,2301,4293,32,0,Investimentos Próprios,0.0,669336.49,0.0,DEPARTAMENTO DE ESTRADAS DE RODAGEM DO ESTADO DE MINAS GERAIS,DER-MG,DER-MG,CONSERVACAO ROTINEIRA DA MALHA VIARIA,Transportes
2026,5,2301,4293,32,0,Investimentos Próprios,0.0,0.0,0.0,DEPARTAMENTO DE ESTRADAS DE RODAGEM DO ESTADO DE MINAS GERAIS,DER-MG,DER-MG,CONSERVACAO ROTINEIRA DA MALHA VIARIA,Transportes
2026,5,2301,4293,32,0,Investimentos Próprios,0.0,1010544.0,0.0,DEPARTAMENTO DE ESTRADAS DE RODAGEM DO ESTADO DE MINAS GERAIS,DER-MG,DER-MG,CONSERVACAO ROTINEIRA DA MALHA VIARIA,Transportes
2026,5,2301,4293,32,0,Investimentos Próprios,0.0,2983133.17,0.0,DEPARTAMENTO DE ESTRADAS DE RODAGEM DO ESTADO DE MINAS GERAIS,DER-MG,DER-MG,CONSERVACAO ROTINEIRA DA MALHA VIARIA,Transportes
2026,5,1301,1039,32,0,Investimentos Próprios,72824.08,0.0,33559.97,"SECRETARIA DE ESTADO DE INFRAESTRUTURA, MOBILIDADE E PARCERIAS",SEINFRA,SEINFRA,REQUALIFICACAO URBANA E AMBIENTAL E CONTROLE DE CHEIAS DO CORREGO FERRUGEM - PAC FERRUGEM,Habitação
2026,5,2301,4284,10,0,Investimentos Próprios,0.0,6040.03,0.0,DEPARTAMENTO DE ESTRADAS DE RODAGEM DO ESTADO DE MINAS GERAIS,DER-MG,DER-MG,PREVENCAO E MITIGACAO DE DANOS AMBIENTAIS,Transportes
2026,5,2301,4385,10,0,Investimentos Próprios,165133.2,205965.2,0.0,DEPARTAMENTO DE ESTRADAS DE RODAGEM DO ESTADO DE MINAS GERAIS,DER-MG,DER-MG,REABILITACAO DA MALHA VIARIA,Transportes
2026,5,2301,4293,32,0,Investimentos Próprios,-49000.0,7172.25,0.0,DEPARTAMENTO DE ESTRADAS DE RODAGEM DO ESTADO DE MINAS GERAIS,DER-MG,DER-MG,CONSERVACAO ROTINEIRA DA MALHA VIARIA,Transportes
2026,5,2301,4162,10,0,Investimentos Próprios,0.0,0.0,0.0,DEPARTAMENTO DE ESTRADAS DE RODAGEM DO ESTADO DE MINAS GERAIS,DER-MG,DER-MG,SUPORTE A GESTAO DOS ATIVOS RODOVIARIOS,Transportes
2026,5,2301,4275,10,0,Investimentos Próprios,6863585.94,252680.2,0.0,DEPARTAMENTO DE ESTRADAS DE RODAGEM DO ESTADO DE MINAS GERAIS,DER-MG,DER-MG,IMPLANTACAO/PAVIMENTACAO DA MALHA,Transportes
2026,5,2301,4293,32,0,Investimentos Próprios,0.0,626693.12,0.0,DEPARTAMENTO DE ESTRADAS DE RODAGEM DO ESTADO DE MINAS GERAIS,DER-MG,DER-MG,CONSERVACAO ROTINEIRA DA MALHA VIARIA,Transportes
2026,5,2301,4268,33,0,Investimentos Próprios,-5689.64,0.0,0.0,DEPARTAMENTO DE ESTRADAS DE RODAGEM DO ESTADO DE MINAS GERAIS,DER-MG,DER-MG,AMPLIACAO DE CAPACIDADE DA MALHA E RESTAURACAO DO PAVIMENTO,Transportes
2026,5,2301,4293,32,0,Investimentos Próprios,-88295.8,118201.0,0.0,DEPARTAMENTO DE ESTRADAS DE RODAGEM DO ESTADO DE MINAS GERAIS,DER-MG,DER-MG,CONSERVACAO ROTINEIRA DA MALHA VIARIA,Transportes
2026,5,1511,4060,48,0,Investimentos Próprios,70148.19,0.0,25842.0,POLICIA CIVIL DO ESTADO DE MINAS GERAIS,PCMG,PCMG,GESTAO DAS UNIDADES POLICIAIS,Segurança Pública
2026,5,2301,4385,10,0,Investimentos Próprios,-767270.0,0.0,0.0,DEPARTAMENTO DE ESTRADAS DE RODAGEM DO ESTADO DE MINAS GERAIS,DER-MG,DER-MG,REABILITACAO DA MALHA VIARIA,Transportes
2026,5,2301,4385,33,0,Investimentos Próprios,3198818.82,0.0,2732140.71,DEPARTAMENTO DE ESTRADAS DE RODAGEM DO ESTADO DE MINAS GERAIS,DER-MG,DER-MG,REABILITACAO DA MALHA VIARIA,Transportes
2026,5,2301,4272,10,0,Investimentos Próprios,0.0,63218.01,0.0,DEPARTAMENTO DE ESTRADAS DE RODAGEM DO ESTADO DE MINAS GERAIS,DER-MG,DER-MG,IMPLANTACAO E RESTAURACAO DE OBRAS DE ARTES ESPECIAIS,Transportes
2026,5,2301,4293,32,0,Investimentos Próprios,3360000.0,5265130.68,0.0,DEPARTAMENTO DE ESTRADAS DE RODAGEM DO ESTADO DE MINAS GERAIS,DER-MG,DER-MG,CONSERVACAO ROTINEIRA DA MALHA VIARIA,Transportes
2026,5,2301,4293,32,0,Investimentos Próprios,-67870.88,27811.51,0.0,DEPARTAMENTO DE ESTRADAS DE RODAGEM DO ESTADO DE MINAS GERAIS,DER-MG,DER-MG,CONSERVACAO ROTINEIRA DA MALHA VIARIA,Transportes
2026,5,1511,4060,48,0,Investimentos Próprios,0.0,405298.86,0.0,POLICIA CIVIL DO ESTADO DE MINAS GERAIS,PCMG,PCMG,GESTAO DAS UNIDADES POLICIAIS,Segurança Pública
2026,5,2301,4293,32,0,Investimentos Próprios,1079213.89,0.0,1365901.41,DEPARTAMENTO DE ESTRADAS DE RODAGEM DO ESTADO DE MINAS GERAIS,DER-MG,DER-MG,CONSERVACAO ROTINEIRA DA MALHA VIARIA,Transportes
2026,5,2301,4268,33,0,Investimentos Próprios,1979.32,30481.56,0.0,DEPARTAMENTO DE ESTRADAS DE RODAGEM DO ESTADO DE MINAS GERAIS,DER-MG,DER-MG,AMPLIACAO DE CAPACIDADE DA MALHA E RESTAURACAO DO PAVIMENTO,Transportes
2026,5,2301,4385,32,0,Investimentos Próprios,0.0,1294362.3,0.0,DEPARTAMENTO DE ESTRADAS DE RODAGEM DO ESTADO DE MINAS GERAIS,DER-MG,DER-MG,REABILITACAO DA MALHA VIARIA,Transportes
2026,5,1511,4060,48,0,Investimentos Próprios,0.0,28499.9,0.0,POLICIA CIVIL DO ESTADO DE MINAS GERAIS,PCMG,PCMG,GESTAO DAS UNIDADES POLICIAIS,Segurança Pública
2026,5,2301,4385,10,0,Investimentos Próprios,55000.0,0.0,15082.13,DEPARTAMENTO DE ESTRADAS DE RODAGEM DO ESTADO DE MINAS GERAIS,DER-MG,DER-MG,REABILITACAO DA MALHA VIARIA,Transportes
2026,5,2301,4293,32,0,Investimentos Próprios,0.0,0.0,0.0,DEPARTAMENTO DE ESTRADAS DE RODAGEM DO ESTADO DE MINAS GERAIS,DER-MG,DER-MG,CONSERVACAO ROTINEIRA DA MALHA VIARIA,Transportes
2026,5,2301,4385,33,0,Investimentos Próprios,3956521.74,0.0,0.0,DEPARTAMENTO DE ESTRADAS DE RODAGEM DO ESTADO DE MINAS GERAIS,DER-MG,DER-MG,REABILITACAO DA MALHA VIARIA,Transportes
2026,5,2301,4385,10,0,Investimentos Próprios,-2179240.27,0.0,0.0,DEPARTAMENTO DE ESTRADAS DE RODAGEM DO ESTADO DE MINAS GERAIS,DER-MG,DER-MG,REABILITACAO DA MALHA VIARIA,Transportes
2026,5,2301,4162,10,0,Investimentos Próprios,0.0,125056.18,0.0,DEPARTAMENTO DE ESTRADAS DE RODAGEM DO ESTADO DE MINAS GERAIS,DER-MG,DER-MG,SUPORTE A GESTAO DOS ATIVOS RODOVIARIOS,Transportes
2026,5,2301,4162,10,0,Investimentos Próprios,0.0,62528.09,0.0,DEPARTAMENTO DE ESTRADAS DE RODAGEM DO ESTADO DE MINAS GERAIS,DER-MG,DER-MG,SUPORTE A GESTAO DOS ATIVOS RODOVIARIOS,Transportes
2026,5,2301,4385,10,0,Investimentos Próprios,0.0,4949.72,0.0,DEPARTAMENTO DE ESTRADAS DE RODAGEM DO ESTADO DE MINAS GERAIS,DER-MG,DER-MG,REABILITACAO DA MALHA VIARIA,Transportes
2026,5,2301,4293,32,0,Investimentos Próprios,763952.72,665099.92,1687837.91,DEPARTAMENTO DE ESTRADAS DE RODAGEM DO ESTADO DE MINAS GERAIS,DER-MG,DER-MG,CONSERVACAO ROTINEIRA DA MALHA VIARIA,Transportes
2026,5,2301,4293,32,0,Investimentos Próprios,346975.5,123429.21,0.0,DEPARTAMENTO DE ESTRADAS DE RODAGEM DO ESTADO DE MINAS GERAIS,DER-MG,DER-MG,CONSERVACAO ROTINEIRA DA MALHA VIARIA,Transportes
2026,5,2301,4275,10,0,Investimentos Próprios,3000000.0,0.0,563945.89,DEPARTAMENTO DE ESTRADAS DE RODAGEM DO ESTADO DE MINAS GERAIS,DER-MG,DER-MG,IMPLANTACAO/PAVIMENTACAO DA MALHA,Transportes
2026,5,2301,4293,32,0,Investimentos Próprios,250000.0,0.0,1193223.87,DEPARTAMENTO DE ESTRADAS DE RODAGEM DO ESTADO DE MINAS GERAIS,DER-MG,DER-MG,CONSERVACAO ROTINEIRA DA MALHA VIARIA,Transportes
2026,5,2301,4293,32,0,Investimentos Próprios,0.0,592198.56,0.0,DEPARTAMENTO DE ESTRADAS DE RODAGEM DO ESTADO DE MINAS GERAIS,DER-MG,DER-MG,CONSERVACAO ROTINEIRA DA MALHA VIARIA,Transportes
2026,5,1511,4060,10,0,Investimentos Próprios,0.0,5971149.36,0.0,POLICIA CIVIL DO ESTADO DE MINAS GERAIS,PCMG,PCMG,GESTAO DAS UNIDADES POLICIAIS,Segurança Pública
2026,5,2301,4385,10,0,Investimentos Próprios,0.0,58184.64,0.0,DEPARTAMENTO DE ESTRADAS DE RODAGEM DO ESTADO DE MINAS GERAIS,DER-MG,DER-MG,REABILITACAO DA MALHA VIARIA,Transportes
2026,5,2301,4275,10,0,Investimentos Próprios,578414.06,59287.86,0.0,DEPARTAMENTO DE ESTRADAS DE RODAGEM DO ESTADO DE MINAS GERAIS,DER-MG,DER-MG,IMPLANTACAO/PAVIMENTACAO DA MALHA,Transportes
2026,5,2301,4268,10,0,Investimentos Próprios,0.0,107606.88,0.0,DEPARTAMENTO DE ESTRADAS DE RODAGEM DO ESTADO DE MINAS GERAIS,DER-MG,DER-MG,AMPLIACAO DE CAPACIDADE DA MALHA E RESTAURACAO DO PAVIMENTO,Transportes
2026,5,2301,4293,32,0,Investimentos Próprios,0.0,291242.75,0.0,DEPARTAMENTO DE ESTRADAS DE RODAGEM DO ESTADO DE MINAS GERAIS,DER-MG,DER-MG,CONSERVACAO ROTINEIRA DA MALHA VIARIA,Transportes
2026,5,2301,4268,10,0,Investimentos Próprios,-1903262.04,0.0,0.0,DEPARTAMENTO DE ESTRADAS DE RODAGEM DO ESTADO DE MINAS GERAIS,DER-MG,DER-MG,AMPLIACAO DE CAPACIDADE DA MALHA E RESTAURACAO DO PAVIMENTO,Transportes
2026,5,2301,4293,32,0,Investimentos Próprios,-500000.0,0.0,0.0,DEPARTAMENTO DE ESTRADAS DE RODAGEM DO ESTADO DE MINAS GERAIS,DER-MG,DER-MG,CONSERVACAO ROTINEIRA DA MALHA VIARIA,Transportes
2026,5,2301,4272,10,0,Investimentos Próprios,1004912.0,0.0,781372.08,DEPARTAMENTO DE ESTRADAS DE RODAGEM DO ESTADO DE MINAS GERAIS,DER-MG,DER-MG,IMPLANTACAO E RESTAURACAO DE OBRAS DE ARTES ESPECIAIS,Transportes
2026,5,4381,4210,54,0,Investimentos Próprios,0.0,563945.89,0.0,FUNDO ESTADUAL DE DESENVOLVIMENTO DE TRANSPORTES,FUNTRANS,FUNTRANS,REGULACAO DO USO E OCUPACAO DA FAIXA DE DOMINIO,Transportes
2026,5,2301,4385,10,0,Investimentos Próprios,15934112.44,15937383.73,0.0,DEPARTAMENTO DE ESTRADAS DE RODAGEM DO ESTADO DE MINAS GERAIS,DER-MG,DER-MG,REABILITACAO DA MALHA VIARIA,Transportes
2026,5,2301,4293,32,0,Investimentos Próprios,800000.0,1014097.37,0.0,DEPARTAMENTO DE ESTRADAS DE RODAGEM DO ESTADO DE MINAS GERAIS,DER-MG,DER-MG,CONSERVACAO ROTINEIRA DA MALHA VIARIA,Transportes
2026,5,1511,1051,48,0,Investimentos Próprios,0.0,18273.9,0.0,POLICIA CIVIL DO ESTADO DE MINAS GERAIS,PCMG,PCMG,IMPLEMENTACAO DA CADEIA DE CUSTODIA DA PROVA EM MINAS GERAIS,Segurança Pública
2026,5,2301,4268,10,0,Investimentos Próprios,69395.1,0.0,0.0,DEPARTAMENTO DE ESTRADAS DE RODAGEM DO ESTADO DE MINAS GERAIS,DER-MG,DER-MG,AMPLIACAO DE CAPACIDADE DA MALHA E RESTAURACAO DO PAVIMENTO,Transportes
2026,5,2301,4293,32,0,Investimentos Próprios,0.0,0.0,0.0,DEPARTAMENTO DE ESTRADAS DE RODAGEM DO ESTADO DE MINAS GERAIS,DER-MG,DER-MG,CONSERVACAO ROTINEIRA DA MALHA VIARIA,Transportes
2026,5,2301,4284,10,0,Investimentos Próprios,0.0,13767.32,0.0,DEPARTAMENTO DE ESTRADAS DE RODAGEM DO ESTADO DE MINAS GERAIS,DER-MG,DER-MG,PREVENCAO E MITIGACAO DE DANOS AMBIENTAIS,Transportes
2026,5,2301,4293,32,0,Investimentos Próprios,237767.62,1494741.62,0.0,DEPARTAMENTO DE ESTRADAS DE RODAGEM DO ESTADO DE MINAS GERAIS,DER-MG,DER-MG,CONSERVACAO ROTINEIRA DA MALHA VIARIA,Transportes
2026,5,1301,1037,32,0,Investimentos Próprios,0.0,349044.19,0.0,"SECRETARIA DE ESTADO DE INFRAESTRUTURA, MOBILIDADE E PARCERIAS",SEINFRA,SEINFRA,"INTERVENCOES NA INFRAESTRUTURA RODOVIARIA ESTADUAL, MUNICIPAL E REGIONAL",Transportes
2026,5,2301,4385,10,0,Investimentos Próprios,-1631551.27,791993.03,0.0,DEPARTAMENTO DE ESTRADAS DE RODAGEM DO ESTADO DE MINAS GERAIS,DER-MG,DER-MG,REABILITACAO DA MALHA VIARIA,Transportes
2026,5,2301,4280,89,1,FEF,2306227.95,0.0,0.0,DEPARTAMENTO DE ESTRADAS DE RODAGEM DO ESTADO DE MINAS GERAIS,DER-MG,DER-MG,MITIGACAO DE DANOS PONTUAIS NAS RODOVIAS,Transportes
2026,5,2301,4385,10,0,Investimentos Próprios,0.0,78986.73,0.0,DEPARTAMENTO DE ESTRADAS DE RODAGEM DO ESTADO DE MINAS GERAIS,DER-MG,DER-MG,REABILITACAO DA MALHA VIARIA,Transportes
2026,5,2301,4385,33,0,Investimentos Próprios,304347.83,0.0,304347.83,DEPARTAMENTO DE ESTRADAS DE RODAGEM DO ESTADO DE MINAS GERAIS,DER-MG,DER-MG,REABILITACAO DA MALHA VIARIA,Transportes
2026,5,2301,4385,10,0,Investimentos Próprios,-96447.83,0.0,0.0,DEPARTAMENTO DE ESTRADAS DE RODAGEM DO ESTADO DE MINAS GERAIS,DER-MG,DER-MG,REABILITACAO DA MALHA VIARIA,Transportes
2026,5,2301,4385,33,0,Investimentos Próprios,178894.3,0.0,187481.49,DEPARTAMENTO DE ESTRADAS DE RODAGEM DO ESTADO DE MINAS GERAIS,DER-MG,DER-MG,REABILITACAO DA MALHA VIARIA,Transportes
2026,5,2301,4385,33,0,Investimentos Próprios,312277.95,0.0,0.0,DEPARTAMENTO DE ESTRADAS DE RODAGEM DO ESTADO DE MINAS GERAIS,DER-MG,DER-MG,REABILITACAO DA MALHA VIARIA,Transportes
2026,5,2301,4385,10,0,Investimentos Próprios,0.0,8834.93,0.0,DEPARTAMENTO DE ESTRADAS DE RODAGEM DO ESTADO DE MINAS GERAIS,DER-MG,DER-MG,REABILITACAO DA MALHA VIARIA,Transportes
2026,5,4381,4209,83,0,Investimentos Próprios,0.0,48488.4,0.0,FUNDO ESTADUAL DE DESENVOLVIMENTO DE TRANSPORTES,FUNTRANS,FUNTRANS,EDUCACAO PARA O TRANSITO,Transportes
2026,5,2301,4275,10,0,Investimentos Próprios,200000.0,14045.88,0.0,DEPARTAMENTO DE ESTRADAS DE RODAGEM DO ESTADO DE MINAS GERAIS,DER-MG,DER-MG,IMPLANTACAO/PAVIMENTACAO DA MALHA,Transportes
2026,5,2301,4293,32,0,Investimentos Próprios,-4000000.0,299269.71,0.0,DEPARTAMENTO DE ESTRADAS DE RODAGEM DO ESTADO DE MINAS GERAIS,DER-MG,DER-MG,CONSERVACAO ROTINEIRA DA MALHA VIARIA,Transportes
2026,5,2301,4385,10,0,Investimentos Próprios,0.0,271153.4,0.0,DEPARTAMENTO DE ESTRADAS DE RODAGEM DO ESTADO DE MINAS GERAIS,DER-MG,DER-MG,REABILITACAO DA MALHA VIARIA,Transportes
2026,5,2301,4284,10,0,Investimentos Próprios,884171.33,0.0,90411.88,DEPARTAMENTO DE ESTRADAS DE RODAGEM DO ESTADO DE MINAS GERAIS,DER-MG,DER-MG,PREVENCAO E MITIGACAO DE DANOS AMBIENTAIS,Transportes
2026,5,2301,4293,32,0,Investimentos Próprios,0.0,1002003.21,0.0,DEPARTAMENTO DE ESTRADAS DE RODAGEM DO ESTADO DE MINAS GERAIS,DER-MG,DER-MG,CONSERVACAO ROTINEIRA DA MALHA VIARIA,Transportes
2026,5,2301,4385,33,0,Investimentos Próprios,83000.0,0.0,23543.17,DEPARTAMENTO DE ESTRADAS DE RODAGEM DO ESTADO DE MINAS GERAIS,DER-MG,DER-MG,REABILITACAO DA MALHA VIARIA,Transportes
2026,5,1301,1038,32,0,Investimentos Próprios,95777.57,0.0,6410.31,"SECRETARIA DE ESTADO DE INFRAESTRUTURA, MOBILIDADE E PARCERIAS",SEINFRA,SEINFRA,REQUALIFICACAO URBANA E AMBIENTAL DO RIBEIRAO ARRUDAS -  PAC FNHIS,Habitação
2026,5,2301,4293,32,0,Investimentos Próprios,125000.0,69054.02,0.0,DEPARTAMENTO DE ESTRADAS DE RODAGEM DO ESTADO DE MINAS GERAIS,DER-MG,DER-MG,CONSERVACAO ROTINEIRA DA MALHA VIARIA,Transportes
2026,5,2301,4293,32,0,Investimentos Próprios,0.0,507429.23,0.0,DEPARTAMENTO DE ESTRADAS DE RODAGEM DO ESTADO DE MINAS GERAIS,DER-MG,DER-MG,CONSERVACAO ROTINEIRA DA MALHA VIARIA,Transportes
2026,5,1511,4060,48,0,Investimentos Próprios,0.0,298680.0,0.0,POLICIA CIVIL DO ESTADO DE MINAS GERAIS,PCMG,PCMG,GESTAO DAS UNIDADES POLICIAIS,Segurança Pública
2026,5,2301,4293,32,0,Investimentos Próprios,0.0,0.0,0.0,DEPARTAMENTO DE ESTRADAS DE RODAGEM DO ESTADO DE MINAS GERAIS,DER-MG,DER-MG,CONSERVACAO ROTINEIRA DA MALHA VIARIA,Transportes
2026,5,2301,4275,33,0,Investimentos Próprios,0.0,0.0,0.0,DEPARTAMENTO DE ESTRADAS DE RODAGEM DO ESTADO DE MINAS GERAIS,DER-MG,DER-MG,IMPLANTACAO/PAVIMENTACAO DA MALHA,Transportes
2026,5,2301,4275,10,0,Investimentos Próprios,0.0,0.0,0.0,DEPARTAMENTO DE ESTRADAS DE RODAGEM DO ESTADO DE MINAS GERAIS,DER-MG,DER-MG,IMPLANTACAO/PAVIMENTACAO DA MALHA,Transportes
2026,5,1301,1038,32,0,Investimentos Próprios,52699.2,0.0,0.0,"SECRETARIA DE ESTADO DE INFRAESTRUTURA, MOBILIDADE E PARCERIAS",SEINFRA,SEINFRA,REQUALIFICACAO URBANA E AMBIENTAL DO RIBEIRAO ARRUDAS -  PAC FNHIS,Habitação
2026,5,2301,4293,32,0,Investimentos Próprios,135329.89,0.0,264493.76,DEPARTAMENTO DE ESTRADAS DE RODAGEM DO ESTADO DE MINAS GERAIS,DER-MG,DER-MG,CONSERVACAO ROTINEIRA DA MALHA VIARIA,Transportes
2026,5,2301,4275,33,0,Investimentos Próprios,55040.4,0.0,47551.95,DEPARTAMENTO DE ESTRADAS DE RODAGEM DO ESTADO DE MINAS GERAIS,DER-MG,DER-MG,IMPLANTACAO/PAVIMENTACAO DA MALHA,Transportes
2026,5,2301,4293,32,0,Investimentos Próprios,6383841.4,3638774.34,0.0,DEPARTAMENTO DE ESTRADAS DE RODAGEM DO ESTADO DE MINAS GERAIS,DER-MG,DER-MG,CONSERVACAO ROTINEIRA DA MALHA VIARIA,Transportes
2026,5,1511,1051,48,0,Investimentos Próprios,0.0,1010957.01,0.0,POLICIA CIVIL DO ESTADO DE MINAS GERAIS,PCMG,PCMG,IMPLEMENTACAO DA CADEIA DE CUSTODIA DA PROVA EM MINAS GERAIS,Segurança Pública
2026,5,1511,4060,48,0,Investimentos Próprios,0.0,889905.05,0.0,POLICIA CIVIL DO ESTADO DE MINAS GERAIS,PCMG,PCMG,GESTAO DAS UNIDADES POLICIAIS,Segurança Pública
2026,5,2301,4275,10,0,Investimentos Próprios,0.0,0.0,0.0,DEPARTAMENTO DE ESTRADAS DE RODAGEM DO ESTADO DE MINAS GERAIS,DER-MG,DER-MG,IMPLANTACAO/PAVIMENTACAO DA MALHA,Transportes
2026,5,2301,4385,10,0,Investimentos Próprios,192655.4,0.0,79896.95,DEPARTAMENTO DE ESTRADAS DE RODAGEM DO ESTADO DE MINAS GERAIS,DER-MG,DER-MG,REABILITACAO DA MALHA VIARIA,Transportes
2026,5,1251,4365,48,0,Investimentos Próprios,-1395725.7,0.0,0.0,POLICIA MILITAR DO ESTADO DE MINAS GERAIS,PMMG,PMMG,POLICIAMENTO OSTENSIVO GERAL,Segurança Pública
2026,5,1301,1038,32,0,Investimentos Próprios,315942.42,89980.4,447073.09,"SECRETARIA DE ESTADO DE INFRAESTRUTURA, MOBILIDADE E PARCERIAS",SEINFRA,SEINFRA,REQUALIFICACAO URBANA E AMBIENTAL DO RIBEIRAO ARRUDAS -  PAC FNHIS,Habitação
2026,5,2301,4293,32,0,Investimentos Próprios,-2000000.0,0.0,0.0,DEPARTAMENTO DE ESTRADAS DE RODAGEM DO ESTADO DE MINAS GERAIS,DER-MG,DER-MG,CONSERVACAO ROTINEIRA DA MALHA VIARIA,Transportes
2026,5,2301,4293,32,0,Investimentos Próprios,1217971.99,0.0,2380443.78,DEPARTAMENTO DE ESTRADAS DE RODAGEM DO ESTADO DE MINAS GERAIS,DER-MG,DER-MG,CONSERVACAO ROTINEIRA DA MALHA VIARIA,Transportes
2026,5,2301,4293,32,0,Investimentos Próprios,-790000.0,1269801.13,0.0,DEPARTAMENTO DE ESTRADAS DE RODAGEM DO ESTADO DE MINAS GERAIS,DER-MG,DER-MG,CONSERVACAO ROTINEIRA DA MALHA VIARIA,Transportes
2026,5,2301,4385,10,0,Investimentos Próprios,-261760.0,694154.8,0.0,DEPARTAMENTO DE ESTRADAS DE RODAGEM DO ESTADO DE MINAS GERAIS,DER-MG,DER-MG,REABILITACAO DA MALHA VIARIA,Transportes
2026,5,2301,4385,10,0,Investimentos Próprios,-10651.09,80502.44,0.0,DEPARTAMENTO DE ESTRADAS DE RODAGEM DO ESTADO DE MINAS GERAIS,DER-MG,DER-MG,REABILITACAO DA MALHA VIARIA,Transportes
2026,5,1251,4365,48,0,Investimentos Próprios,147500.0,0.0,147500.0,POLICIA MILITAR DO ESTADO DE MINAS GERAIS,PMMG,PMMG,POLICIAMENTO OSTENSIVO GERAL,Segurança Pública
2026,5,1511,4060,48,0,Investimentos Próprios,0.0,5836320.0,0.0,POLICIA CIVIL DO ESTADO DE MINAS GERAIS,PCMG,PCMG,GESTAO DAS UNIDADES POLICIAIS,Segurança Pública
2026,5,2301,4268,33,0,Investimentos Próprios,7000000.0,1711563.34,0.0,DEPARTAMENTO DE ESTRADAS DE RODAGEM DO ESTADO DE MINAS GERAIS,DER-MG,DER-MG,AMPLIACAO DE CAPACIDADE DA MALHA E RESTAURACAO DO PAVIMENTO,Transportes
2026,5,2301,4293,32,0,Investimentos Próprios,1725757.16,2883870.37,0.0,DEPARTAMENTO DE ESTRADAS DE RODAGEM DO ESTADO DE MINAS GERAIS,DER-MG,DER-MG,CONSERVACAO ROTINEIRA DA MALHA VIARIA,Transportes
2026,5,2301,4385,10,0,Investimentos Próprios,-7354.8,50809.41,0.0,DEPARTAMENTO DE ESTRADAS DE RODAGEM DO ESTADO DE MINAS GERAIS,DER-MG,DER-MG,REABILITACAO DA MALHA VIARIA,Transportes
2026,5,2301,4162,10,0,Investimentos Próprios,0.0,178509.61,0.0,DEPARTAMENTO DE ESTRADAS DE RODAGEM DO ESTADO DE MINAS GERAIS,DER-MG,DER-MG,SUPORTE A GESTAO DOS ATIVOS RODOVIARIOS,Transportes
2026,5,2301,4293,32,0,Investimentos Próprios,250000.0,0.0,1193223.86,DEPARTAMENTO DE ESTRADAS DE RODAGEM DO ESTADO DE MINAS GERAIS,DER-MG,DER-MG,CONSERVACAO ROTINEIRA DA MALHA VIARIA,Transportes
2026,5,2301,4385,10,0,Investimentos Próprios,2861527.88,0.0,2621454.69,DEPARTAMENTO DE ESTRADAS DE RODAGEM DO ESTADO DE MINAS GERAIS,DER-MG,DER-MG,REABILITACAO DA MALHA VIARIA,Transportes
2026,5,2301,4385,33,0,Investimentos Próprios,760869.57,0.0,208019.5,DEPARTAMENTO DE ESTRADAS DE RODAGEM DO ESTADO DE MINAS GERAIS,DER-MG,DER-MG,REABILITACAO DA MALHA VIARIA,Transportes
2026,5,2301,4293,32,0,Investimentos Próprios,0.0,7621.25,0.0,DEPARTAMENTO DE ESTRADAS DE RODAGEM DO ESTADO DE MINAS GERAIS,DER-MG,DER-MG,CONSERVACAO ROTINEIRA DA MALHA VIARIA,Transportes
2026,5,2301,4268,33,0,Investimentos Próprios,0.0,168209.96,0.0,DEPARTAMENTO DE ESTRADAS DE RODAGEM DO ESTADO DE MINAS GERAIS,DER-MG,DER-MG,AMPLIACAO DE CAPACIDADE DA MALHA E RESTAURACAO DO PAVIMENTO,Transportes
2026,5,1301,1036,10,0,Investimentos Próprios,52338.0,10085.04,18807.84,"SECRETARIA DE ESTADO DE INFRAESTRUTURA, MOBILIDADE E PARCERIAS",SEINFRA,SEINFRA,CONTENCAO DE ENCOSTAS EM AREAS DE RISCO - PAC ENCOSTAS,Saneamento
2026,5,2301,4293,32,0,Investimentos Próprios,0.0,3637855.33,0.0,DEPARTAMENTO DE ESTRADAS DE RODAGEM DO ESTADO DE MINAS GERAIS,DER-MG,DER-MG,CONSERVACAO ROTINEIRA DA MALHA VIARIA,Transportes
2026,5,2301,4293,32,0,Investimentos Próprios,8000.0,0.0,0.0,DEPARTAMENTO DE ESTRADAS DE RODAGEM DO ESTADO DE MINAS GERAIS,DER-MG,DER-MG,CONSERVACAO ROTINEIRA DA MALHA VIARIA,Transportes
2026,5,1301,1036,10,0,Investimentos Próprios,0.0,174012.31,0.0,"SECRETARIA DE ESTADO DE INFRAESTRUTURA, MOBILIDADE E PARCERIAS",SEINFRA,SEINFRA,CONTENCAO DE ENCOSTAS EM AREAS DE RISCO - PAC ENCOSTAS,Saneamento
2026,5,1251,4365,48,0,Investimentos Próprios,0.0,10174230.5,0.0,POLICIA MILITAR DO ESTADO DE MINAS GERAIS,PMMG,PMMG,POLICIAMENTO OSTENSIVO GERAL,Segurança Pública
2026,5,2301,4293,32,0,Investimentos Próprios,892637.75,0.0,0.0,DEPARTAMENTO DE ESTRADAS DE RODAGEM DO ESTADO DE MINAS GERAIS,DER-MG,DER-MG,CONSERVACAO ROTINEIRA DA MALHA VIARIA,Transportes
2026,5,2301,4293,32,0,Investimentos Próprios,697518.85,0.0,0.0,DEPARTAMENTO DE ESTRADAS DE RODAGEM DO ESTADO DE MINAS GERAIS,DER-MG,DER-MG,CONSERVACAO ROTINEIRA DA MALHA VIARIA,Transportes
2026,5,2301,4293,32,0,Investimentos Próprios,0.0,780307.47,0.0,DEPARTAMENTO DE ESTRADAS DE RODAGEM DO ESTADO DE MINAS GERAIS,DER-MG,DER-MG,CONSERVACAO ROTINEIRA DA MALHA VIARIA,Transportes
2026,5,1301,1037,32,0,Investimentos Próprios,1500000.0,0.0,0.0,"SECRETARIA DE ESTADO DE INFRAESTRUTURA, MOBILIDADE E PARCERIAS",SEINFRA,SEINFRA,"INTERVENCOES NA INFRAESTRUTURA RODOVIARIA ESTADUAL, MUNICIPAL E REGIONAL",Transportes
2026,5,2301,4280,10,0,Investimentos Próprios,1333333.33,0.0,159302.42,DEPARTAMENTO DE ESTRADAS DE RODAGEM DO ESTADO DE MINAS GERAIS,DER-MG,DER-MG,MITIGACAO DE DANOS PONTUAIS NAS RODOVIAS,Transportes
2026,5,2301,4293,32,0,Investimentos Próprios,0.0,2315763.42,0.0,DEPARTAMENTO DE ESTRADAS DE RODAGEM DO ESTADO DE MINAS GERAIS,DER-MG,DER-MG,CONSERVACAO ROTINEIRA DA MALHA VIARIA,Transportes
2026,5,1251,4365,48,0,Investimentos Próprios,53200.0,0.0,0.0,POLICIA MILITAR DO ESTADO DE MINAS GERAIS,PMMG,PMMG,POLICIAMENTO OSTENSIVO GERAL,Segurança Pública
2026,5,2301,4272,89,1,FEF,0.0,0.0,0.0,DEPARTAMENTO DE ESTRADAS DE RODAGEM DO ESTADO DE MINAS GERAIS,DER-MG,DER-MG,IMPLANTACAO E RESTAURACAO DE OBRAS DE ARTES ESPECIAIS,Transportes
2026,5,2301,4275,33,0,Investimentos Próprios,135130.35,245972.6,0.0,DEPARTAMENTO DE ESTRADAS DE RODAGEM DO ESTADO DE MINAS GERAIS,DER-MG,DER-MG,IMPLANTACAO/PAVIMENTACAO DA MALHA,Transportes
2026,5,2301,4385,10,0,Investimentos Próprios,-20120.4,147549.6,0.0,DEPARTAMENTO DE ESTRADAS DE RODAGEM DO ESTADO DE MINAS GERAIS,DER-MG,DER-MG,REABILITACAO DA MALHA VIARIA,Transportes
2026,5,2301,4162,10,0,Investimentos Próprios,1000000.0,304880.9,0.0,DEPARTAMENTO DE ESTRADAS DE RODAGEM DO ESTADO DE MINAS GERAIS,DER-MG,DER-MG,SUPORTE A GESTAO DOS ATIVOS RODOVIARIOS,Transportes
2026,5,2301,4293,32,0,Investimentos Próprios,1000000.0,1594028.53,0.0,DEPARTAMENTO DE ESTRADAS DE RODAGEM DO ESTADO DE MINAS GERAIS,DER-MG,DER-MG,CONSERVACAO ROTINEIRA DA MALHA VIARIA,Transportes
2026,5,2301,4275,10,0,Investimentos Próprios,0.0,122086.5,0.0,DEPARTAMENTO DE ESTRADAS DE RODAGEM DO ESTADO DE MINAS GERAIS,DER-MG,DER-MG,IMPLANTACAO/PAVIMENTACAO DA MALHA,Transportes
2026,5,2301,4268,10,0,Investimentos Próprios,300000.0,0.0,90597.34,DEPARTAMENTO DE ESTRADAS DE RODAGEM DO ESTADO DE MINAS GERAIS,DER-MG,DER-MG,AMPLIACAO DE CAPACIDADE DA MALHA E RESTAURACAO DO PAVIMENTO,Transportes
2026,5,2301,4385,10,0,Investimentos Próprios,96448.95,0.0,0.0,DEPARTAMENTO DE ESTRADAS DE RODAGEM DO ESTADO DE MINAS GERAIS,DER-MG,DER-MG,REABILITACAO DA MALHA VIARIA,Transportes
2026,5,2301,4275,33,0,Investimentos Próprios,151304.34,151304.34,151304.34,DEPARTAMENTO DE ESTRADAS DE RODAGEM DO ESTADO DE MINAS GERAIS,DER-MG,DER-MG,IMPLANTACAO/PAVIMENTACAO DA MALHA,Transportes
2026,5,1251,4365,48,0,Investimentos Próprios,0.0,595271.9,0.0,POLICIA MILITAR DO ESTADO DE MINAS GERAIS,PMMG,PMMG,POLICIAMENTO OSTENSIVO GERAL,Segurança Pública
2026,5,2301,4385,10,0,Investimentos Próprios,-588670.74,0.0,0.0,DEPARTAMENTO DE ESTRADAS DE RODAGEM DO ESTADO DE MINAS GERAIS,DER-MG,DER-MG,REABILITACAO DA MALHA VIARIA,Transportes
2026,5,2301,4385,10,0,Investimentos Próprios,110000.0,0.0,0.0,DEPARTAMENTO DE ESTRADAS DE RODAGEM DO ESTADO DE MINAS GERAIS,DER-MG,DER-MG,REABILITACAO DA MALHA VIARIA,Transportes
2026,5,1251,4365,48,0,Investimentos Próprios,499366.46,0.0,0.0,POLICIA MILITAR DO ESTADO DE MINAS GERAIS,PMMG,PMMG,POLICIAMENTO OSTENSIVO GERAL,Segurança Pública
2026,5,2301,4385,33,0,Investimentos Próprios,70000.0,0.0,17956.68,DEPARTAMENTO DE ESTRADAS DE RODAGEM DO ESTADO DE MINAS GERAIS,DER-MG,DER-MG,REABILITACAO DA MALHA VIARIA,Transportes
2026,5,1511,4060,10,0,Investimentos Próprios,0.0,1491900.36,0.0,POLICIA CIVIL DO ESTADO DE MINAS GERAIS,PCMG,PCMG,GESTAO DAS UNIDADES POLICIAIS,Segurança Pública
2026,5,2301,4293,32,0,Investimentos Próprios,3800000.0,0.0,4805636.2,DEPARTAMENTO DE ESTRADAS DE RODAGEM DO ESTADO DE MINAS GERAIS,DER-MG,DER-MG,CONSERVACAO ROTINEIRA DA MALHA VIARIA,Transportes
2026,5,2301,4293,32,0,Investimentos Próprios,495399.6,551383.64,0.0,DEPARTAMENTO DE ESTRADAS DE RODAGEM DO ESTADO DE MINAS GERAIS,DER-MG,DER-MG,CONSERVACAO ROTINEIRA DA MALHA VIARIA,Transportes
2026,5,2301,4385,32,0,Investimentos Próprios,0.0,108387.82,0.0,DEPARTAMENTO DE ESTRADAS DE RODAGEM DO ESTADO DE MINAS GERAIS,DER-MG,DER-MG,REABILITACAO DA MALHA VIARIA,Transportes
2026,5,2301,4385,10,0,Investimentos Próprios,0.0,6370.95,0.0,DEPARTAMENTO DE ESTRADAS DE RODAGEM DO ESTADO DE MINAS GERAIS,DER-MG,DER-MG,REABILITACAO DA MALHA VIARIA,Transportes
2026,5,1511,4060,48,0,Investimentos Próprios,0.0,25500.0,0.0,POLICIA CIVIL DO ESTADO DE MINAS GERAIS,PCMG,PCMG,GESTAO DAS UNIDADES POLICIAIS,Segurança Pública
2026,5,2301,4293,32,0,Investimentos Próprios,67870.88,0.0,22911.46,DEPARTAMENTO DE ESTRADAS DE RODAGEM DO ESTADO DE MINAS GERAIS,DER-MG,DER-MG,CONSERVACAO ROTINEIRA DA MALHA VIARIA,Transportes
2026,5,2301,4385,10,0,Investimentos Próprios,-73780.0,69020.0,0.0,DEPARTAMENTO DE ESTRADAS DE RODAGEM DO ESTADO DE MINAS GERAIS,DER-MG,DER-MG,REABILITACAO DA MALHA VIARIA,Transportes
2026,5,2301,4385,10,0,Investimentos Próprios,2070404.54,2369404.54,0.0,DEPARTAMENTO DE ESTRADAS DE RODAGEM DO ESTADO DE MINAS GERAIS,DER-MG,DER-MG,REABILITACAO DA MALHA VIARIA,Transportes
2026,5,2301,4162,10,0,Investimentos Próprios,100000.0,7847.11,0.0,DEPARTAMENTO DE ESTRADAS DE RODAGEM DO ESTADO DE MINAS GERAIS,DER-MG,DER-MG,SUPORTE A GESTAO DOS ATIVOS RODOVIARIOS,Transportes
2026,5,1511,4060,48,0,Investimentos Próprios,8176.0,0.0,0.0,POLICIA CIVIL DO ESTADO DE MINAS GERAIS,PCMG,PCMG,GESTAO DAS UNIDADES POLICIAIS,Segurança Pública
2026,5,2301,4293,32,0,Investimentos Próprios,-7250000.0,0.0,0.0,DEPARTAMENTO DE ESTRADAS DE RODAGEM DO ESTADO DE MINAS GERAIS,DER-MG,DER-MG,CONSERVACAO ROTINEIRA DA MALHA VIARIA,Transportes
2026,5,2301,4293,32,0,Investimentos Próprios,-1200000.0,609781.94,0.0,DEPARTAMENTO DE ESTRADAS DE RODAGEM DO ESTADO DE MINAS GERAIS,DER-MG,DER-MG,CONSERVACAO ROTINEIRA DA MALHA VIARIA,Transportes
2026,5,2301,4268,10,0,Investimentos Próprios,2930604.9,0.0,1698958.92,DEPARTAMENTO DE ESTRADAS DE RODAGEM DO ESTADO DE MINAS GERAIS,DER-MG,DER-MG,AMPLIACAO DE CAPACIDADE DA MALHA E RESTAURACAO DO PAVIMENTO,Transportes
2026,5,1511,4060,48,0,Investimentos Próprios,0.0,273415.0,0.0,POLICIA CIVIL DO ESTADO DE MINAS GERAIS,PCMG,PCMG,GESTAO DAS UNIDADES POLICIAIS,Segurança Pública
2026,5,2301,4272,10,0,Investimentos Próprios,2961858.83,0.0,0.0,DEPARTAMENTO DE ESTRADAS DE RODAGEM DO ESTADO DE MINAS GERAIS,DER-MG,DER-MG,IMPLANTACAO E RESTAURACAO DE OBRAS DE ARTES ESPECIAIS,Transportes
2026,5,2301,4275,33,0,Investimentos Próprios,0.0,0.0,0.0,DEPARTAMENTO DE ESTRADAS DE RODAGEM DO ESTADO DE MINAS GERAIS,DER-MG,DER-MG,IMPLANTACAO/PAVIMENTACAO DA MALHA,Transportes
2026,5,2301,4275,33,0,Investimentos Próprios,-6083.51,-6083.51,0.0,DEPARTAMENTO DE ESTRADAS DE RODAGEM DO ESTADO DE MINAS GERAIS,DER-MG,DER-MG,IMPLANTACAO/PAVIMENTACAO DA MALHA,Transportes
2026,5,2301,4275,33,0,Investimentos Próprios,250572.42,250572.42,0.0,DEPARTAMENTO DE ESTRADAS DE RODAGEM DO ESTADO DE MINAS GERAIS,DER-MG,DER-MG,IMPLANTACAO/PAVIMENTACAO DA MALHA,Transportes
2026,5,2301,4385,10,0,Investimentos Próprios,23501.7,0.0,0.0,DEPARTAMENTO DE ESTRADAS DE RODAGEM DO ESTADO DE MINAS GERAIS,DER-MG,DER-MG,REABILITACAO DA MALHA VIARIA,Transportes
2026,5,2301,4385,10,0,Investimentos Próprios,34945.05,0.0,0.0,DEPARTAMENTO DE ESTRADAS DE RODAGEM DO ESTADO DE MINAS GERAIS,DER-MG,DER-MG,REABILITACAO DA MALHA VIARIA,Transportes
2026,5,2301,4284,10,0,Investimentos Próprios,0.0,20650.98,0.0,DEPARTAMENTO DE ESTRADAS DE RODAGEM DO ESTADO DE MINAS GERAIS,DER-MG,DER-MG,PREVENCAO E MITIGACAO DE DANOS AMBIENTAIS,Transportes
2026,5,2301,4385,10,0,Investimentos Próprios,-2593326.29,405673.71,0.0,DEPARTAMENTO DE ESTRADAS DE RODAGEM DO ESTADO DE MINAS GERAIS,DER-MG,DER-MG,REABILITACAO DA MALHA VIARIA,Transportes
2026,5,2301,4275,10,0,Investimentos Próprios,1565151.39,0.0,0.0,DEPARTAMENTO DE ESTRADAS DE RODAGEM DO ESTADO DE MINAS GERAIS,DER-MG,DER-MG,IMPLANTACAO/PAVIMENTACAO DA MALHA,Transportes
2026,5,2301,4293,32,0,Investimentos Próprios,-3810504.61,695631.21,0.0,DEPARTAMENTO DE ESTRADAS DE RODAGEM DO ESTADO DE MINAS GERAIS,DER-MG,DER-MG,CONSERVACAO ROTINEIRA DA MALHA VIARIA,Transportes
2026,5,2301,4284,10,0,Investimentos Próprios,884171.32,0.0,90411.86,DEPARTAMENTO DE ESTRADAS DE RODAGEM DO ESTADO DE MINAS GERAIS,DER-MG,DER-MG,PREVENCAO E MITIGACAO DE DANOS AMBIENTAIS,Transportes
2026,5,2301,4284,10,0,Investimentos Próprios,0.0,23311.03,0.0,DEPARTAMENTO DE ESTRADAS DE RODAGEM DO ESTADO DE MINAS GERAIS,DER-MG,DER-MG,PREVENCAO E MITIGACAO DE DANOS AMBIENTAIS,Transportes
2026,5,2301,4293,32,0,Investimentos Próprios,-1079213.89,351.03,0.0,DEPARTAMENTO DE ESTRADAS DE RODAGEM DO ESTADO DE MINAS GERAIS,DER-MG,DER-MG,CONSERVACAO ROTINEIRA DA MALHA VIARIA,Transportes
2026,5,2301,4385,10,0,Investimentos Próprios,307469.67,197873.78,0.0,DEPARTAMENTO DE ESTRADAS DE RODAGEM DO ESTADO DE MINAS GERAIS,DER-MG,DER-MG,REABILITACAO DA MALHA VIARIA,Transportes
2026,5,2301,4275,10,0,Investimentos Próprios,1565151.39,0.0,0.0,DEPARTAMENTO DE ESTRADAS DE RODAGEM DO ESTADO DE MINAS GERAIS,DER-MG,DER-MG,IMPLANTACAO/PAVIMENTACAO DA MALHA,Transportes
2026,5,1511,4060,48,0,Investimentos Próprios,3246.0,0.0,3246.0,POLICIA CIVIL DO ESTADO DE MINAS GERAIS,PCMG,PCMG,GESTAO DAS UNIDADES POLICIAIS,Segurança Pública
2026,5,4381,4210,54,0,Investimentos Próprios,600000.0,143863.71,0.0,FUNDO ESTADUAL DE DESENVOLVIMENTO DE TRANSPORTES,FUNTRANS,FUNTRANS,REGULACAO DO USO E OCUPACAO DA FAIXA DE DOMINIO,Transportes
2026,5,1251,4365,48,0,Investimentos Próprios,0.0,4959208.8,0.0,POLICIA MILITAR DO ESTADO DE MINAS GERAIS,PMMG,PMMG,POLICIAMENTO OSTENSIVO GERAL,Segurança Pública
2026,5,2301,4162,10,0,Investimentos Próprios,0.0,125056.18,0.0,DEPARTAMENTO DE ESTRADAS DE RODAGEM DO ESTADO DE MINAS GERAIS,DER-MG,DER-MG,SUPORTE A GESTAO DOS ATIVOS RODOVIARIOS,Transportes
2026,5,2301,4162,10,0,Investimentos Próprios,1000000.0,304880.91,0.0,DEPARTAMENTO DE ESTRADAS DE RODAGEM DO ESTADO DE MINAS GERAIS,DER-MG,DER-MG,SUPORTE A GESTAO DOS ATIVOS RODOVIARIOS,Transportes
2026,5,2301,4275,10,0,Investimentos Próprios,1612580.22,0.0,0.0,DEPARTAMENTO DE ESTRADAS DE RODAGEM DO ESTADO DE MINAS GERAIS,DER-MG,DER-MG,IMPLANTACAO/PAVIMENTACAO DA MALHA,Transportes
2026,5,2301,4275,33,0,Investimentos Próprios,71353.44,71353.44,71353.44,DEPARTAMENTO DE ESTRADAS DE RODAGEM DO ESTADO DE MINAS GERAIS,DER-MG,DER-MG,IMPLANTACAO/PAVIMENTACAO DA MALHA,Transportes
2026,5,2301,4385,10,0,Investimentos Próprios,427936.45,0.0,132914.74,DEPARTAMENTO DE ESTRADAS DE RODAGEM DO ESTADO DE MINAS GERAIS,DER-MG,DER-MG,REABILITACAO DA MALHA VIARIA,Transportes
2026,5,2301,4293,32,0,Investimentos Próprios,0.0,0.0,0.0,DEPARTAMENTO DE ESTRADAS DE RODAGEM DO ESTADO DE MINAS GERAIS,DER-MG,DER-MG,CONSERVACAO ROTINEIRA DA MALHA VIARIA,Transportes
2026,5,2301,4385,33,0,Investimentos Próprios,760869.57,0.0,517165.67,DEPARTAMENTO DE ESTRADAS DE RODAGEM DO ESTADO DE MINAS GERAIS,DER-MG,DER-MG,REABILITACAO DA MALHA VIARIA,Transportes
2026,5,2301,4284,10,0,Investimentos Próprios,0.0,211194.97,0.0,DEPARTAMENTO DE ESTRADAS DE RODAGEM DO ESTADO DE MINAS GERAIS,DER-MG,DER-MG,PREVENCAO E MITIGACAO DE DANOS AMBIENTAIS,Transportes
2026,5,2301,4385,10,0,Investimentos Próprios,0.0,28819.74,0.0,DEPARTAMENTO DE ESTRADAS DE RODAGEM DO ESTADO DE MINAS GERAIS,DER-MG,DER-MG,REABILITACAO DA MALHA VIARIA,Transportes
2026,5,2301,4275,10,0,Investimentos Próprios,238000.0,71400.0,0.0,DEPARTAMENTO DE ESTRADAS DE RODAGEM DO ESTADO DE MINAS GERAIS,DER-MG,DER-MG,IMPLANTACAO/PAVIMENTACAO DA MALHA,Transportes
2026,5,2301,4293,32,0,Investimentos Próprios,0.0,1552.5,0.0,DEPARTAMENTO DE ESTRADAS DE RODAGEM DO ESTADO DE MINAS GERAIS,DER-MG,DER-MG,CONSERVACAO ROTINEIRA DA MALHA VIARIA,Transportes
2026,5,2301,4280,89,1,FEF,-1546221.19,0.0,0.0,DEPARTAMENTO DE ESTRADAS DE RODAGEM DO ESTADO DE MINAS GERAIS,DER-MG,DER-MG,MITIGACAO DE DANOS PONTUAIS NAS RODOVIAS,Transportes
2026,5,2301,4162,10,0,Investimentos Próprios,0.0,276316.87,0.0,DEPARTAMENTO DE ESTRADAS DE RODAGEM DO ESTADO DE MINAS GERAIS,DER-MG,DER-MG,SUPORTE A GESTAO DOS ATIVOS RODOVIARIOS,Transportes
2026,5,2301,4293,32,0,Investimentos Próprios,-240365.2,2577958.69,0.0,DEPARTAMENTO DE ESTRADAS DE RODAGEM DO ESTADO DE MINAS GERAIS,DER-MG,DER-MG,CONSERVACAO ROTINEIRA DA MALHA VIARIA,Transportes
2026,5,2301,4275,33,0,Investimentos Próprios,0.0,0.0,0.0,DEPARTAMENTO DE ESTRADAS DE RODAGEM DO ESTADO DE MINAS GERAIS,DER-MG,DER-MG,IMPLANTACAO/PAVIMENTACAO DA MALHA,Transportes
2026,5,2301,4275,10,0,Investimentos Próprios,0.0,0.0,0.0,DEPARTAMENTO DE ESTRADAS DE RODAGEM DO ESTADO DE MINAS GERAIS,DER-MG,DER-MG,IMPLANTACAO/PAVIMENTACAO DA MALHA,Transportes
2026,5,2301,4385,33,0,Investimentos Próprios,608695.64,0.0,689193.32,DEPARTAMENTO DE ESTRADAS DE RODAGEM DO ESTADO DE MINAS GERAIS,DER-MG,DER-MG,REABILITACAO DA MALHA VIARIA,Transportes
2026,5,1511,4060,48,0,Investimentos Próprios,11890.0,0.0,11890.0,POLICIA CIVIL DO ESTADO DE MINAS GERAIS,PCMG,PCMG,GESTAO DAS UNIDADES POLICIAIS,Segurança Pública
2026,5,2301,4293,32,0,Investimentos Próprios,450414.66,196371.43,0.0,DEPARTAMENTO DE ESTRADAS DE RODAGEM DO ESTADO DE MINAS GERAIS,DER-MG,DER-MG,CONSERVACAO ROTINEIRA DA MALHA VIARIA,Transportes
2026,5,1301,1036,10,0,Investimentos Próprios,135000.0,202228.94,0.0,"SECRETARIA DE ESTADO DE INFRAESTRUTURA, MOBILIDADE E PARCERIAS",SEINFRA,SEINFRA,CONTENCAO DE ENCOSTAS EM AREAS DE RISCO - PAC ENCOSTAS,Saneamento
2026,5,2301,4385,10,0,Investimentos Próprios,4684559.69,3551796.9,0.0,DEPARTAMENTO DE ESTRADAS DE RODAGEM DO ESTADO DE MINAS GERAIS,DER-MG,DER-MG,REABILITACAO DA MALHA VIARIA,Transportes
2026,5,2301,4275,33,0,Investimentos Próprios,0.0,0.0,0.0,DEPARTAMENTO DE ESTRADAS DE RODAGEM DO ESTADO DE MINAS GERAIS,DER-MG,DER-MG,IMPLANTACAO/PAVIMENTACAO DA MALHA,Transportes
2026,5,2301,4272,89,1,FEF,0.0,0.0,0.0,DEPARTAMENTO DE ESTRADAS DE RODAGEM DO ESTADO DE MINAS GERAIS,DER-MG,DER-MG,IMPLANTACAO E RESTAURACAO DE OBRAS DE ARTES ESPECIAIS,Transportes
2026,5,2301,4293,32,0,Investimentos Próprios,-317971.99,623788.63,0.0,DEPARTAMENTO DE ESTRADAS DE RODAGEM DO ESTADO DE MINAS GERAIS,DER-MG,DER-MG,CONSERVACAO ROTINEIRA DA MALHA VIARIA,Transportes
2026,5,2301,4385,33,0,Investimentos Próprios,3652173.9,0.0,1287173.9,DEPARTAMENTO DE ESTRADAS DE RODAGEM DO ESTADO DE MINAS GERAIS,DER-MG,DER-MG,REABILITACAO DA MALHA VIARIA,Transportes
2026,5,2301,4385,10,0,Investimentos Próprios,-34952.99,0.0,0.0,DEPARTAMENTO DE ESTRADAS DE RODAGEM DO ESTADO DE MINAS GERAIS,DER-MG,DER-MG,REABILITACAO DA MALHA VIARIA,Transportes
2026,5,2301,4385,10,0,Investimentos Próprios,-237545.53,490022.9,0.0,DEPARTAMENTO DE ESTRADAS DE RODAGEM DO ESTADO DE MINAS GERAIS,DER-MG,DER-MG,REABILITACAO DA MALHA VIARIA,Transportes
2026,5,2301,4385,10,0,Investimentos Próprios,-20000.0,18967.13,0.0,DEPARTAMENTO DE ESTRADAS DE RODAGEM DO ESTADO DE MINAS GERAIS,DER-MG,DER-MG,REABILITACAO DA MALHA VIARIA,Transportes
2026,5,2301,4275,10,0,Investimentos Próprios,0.0,102242.49,0.0,DEPARTAMENTO DE ESTRADAS DE RODAGEM DO ESTADO DE MINAS GERAIS,DER-MG,DER-MG,IMPLANTACAO/PAVIMENTACAO DA MALHA,Transportes
2026,5,2301,4162,10,0,Investimentos Próprios,1000000.0,377416.09,0.0,DEPARTAMENTO DE ESTRADAS DE RODAGEM DO ESTADO DE MINAS GERAIS,DER-MG,DER-MG,SUPORTE A GESTAO DOS ATIVOS RODOVIARIOS,Transportes
2026,5,2301,4268,33,0,Investimentos Próprios,-1979.32,0.0,0.0,DEPARTAMENTO DE ESTRADAS DE RODAGEM DO ESTADO DE MINAS GERAIS,DER-MG,DER-MG,AMPLIACAO DE CAPACIDADE DA MALHA E RESTAURACAO DO PAVIMENTO,Transportes
2026,5,2301,4275,33,0,Investimentos Próprios,6083.51,6083.51,6083.51,DEPARTAMENTO DE ESTRADAS DE RODAGEM DO ESTADO DE MINAS GERAIS,DER-MG,DER-MG,IMPLANTACAO/PAVIMENTACAO DA MALHA,Transportes
2026,5,1251,4365,48,0,Investimentos Próprios,23472999.99,0.0,0.0,POLICIA MILITAR DO ESTADO DE MINAS GERAIS,PMMG,PMMG,POLICIAMENTO OSTENSIVO GERAL,Segurança Pública
2026,5,2301,4284,10,0,Investimentos Próprios,0.0,23311.03,0.0,DEPARTAMENTO DE ESTRADAS DE RODAGEM DO ESTADO DE MINAS GERAIS,DER-MG,DER-MG,PREVENCAO E MITIGACAO DE DANOS AMBIENTAIS,Transportes
2026,5,2301,4293,32,0,Investimentos Próprios,0.0,18426.43,0.0,DEPARTAMENTO DE ESTRADAS DE RODAGEM DO ESTADO DE MINAS GERAIS,DER-MG,DER-MG,CONSERVACAO ROTINEIRA DA MALHA VIARIA,Transportes
2026,5,2301,4162,10,0,Investimentos Próprios,0.0,7626.91,0.0,DEPARTAMENTO DE ESTRADAS DE RODAGEM DO ESTADO DE MINAS GERAIS,DER-MG,DER-MG,SUPORTE A GESTAO DOS ATIVOS RODOVIARIOS,Transportes
2026,5,2301,4293,32,0,Investimentos Próprios,-3759914.05,0.0,0.0,DEPARTAMENTO DE ESTRADAS DE RODAGEM DO ESTADO DE MINAS GERAIS,DER-MG,DER-MG,CONSERVACAO ROTINEIRA DA MALHA VIARIA,Transportes
2026,5,2301,4275,10,0,Investimentos Próprios,7200000.0,4453465.37,0.0,DEPARTAMENTO DE ESTRADAS DE RODAGEM DO ESTADO DE MINAS GERAIS,DER-MG,DER-MG,IMPLANTACAO/PAVIMENTACAO DA MALHA,Transportes
2026,5,2301,4385,33,0,Investimentos Próprios,3707977.98,0.0,3478905.32,DEPARTAMENTO DE ESTRADAS DE RODAGEM DO ESTADO DE MINAS GERAIS,DER-MG,DER-MG,REABILITACAO DA MALHA VIARIA,Transportes
2026,6,2301,4162,10,0,Investimentos Próprios,0.0,219313.34,0.0,DEPARTAMENTO DE ESTRADAS DE RODAGEM DO ESTADO DE MINAS GERAIS,DER-MG,DER-MG,SUPORTE A GESTAO DOS ATIVOS RODOVIARIOS,Transportes
2026,6,2301,4275,10,0,Investimentos Próprios,0.0,2604.36,0.0,DEPARTAMENTO DE ESTRADAS DE RODAGEM DO ESTADO DE MINAS GERAIS,DER-MG,DER-MG,IMPLANTACAO/PAVIMENTACAO DA MALHA,Transportes
2026,6,2301,4385,10,0,Investimentos Próprios,936468.83,4244406.74,0.0,DEPARTAMENTO DE ESTRADAS DE RODAGEM DO ESTADO DE MINAS GERAIS,DER-MG,DER-MG,REABILITACAO DA MALHA VIARIA,Transportes
2026,6,2301,4385,10,0,Investimentos Próprios,30000.0,22764.94,0.0,DEPARTAMENTO DE ESTRADAS DE RODAGEM DO ESTADO DE MINAS GERAIS,DER-MG,DER-MG,REABILITACAO DA MALHA VIARIA,Transportes
2026,6,2301,4293,32,0,Investimentos Próprios,370384.04,1538008.85,0.0,DEPARTAMENTO DE ESTRADAS DE RODAGEM DO ESTADO DE MINAS GERAIS,DER-MG,DER-MG,CONSERVACAO ROTINEIRA DA MALHA VIARIA,Transportes
2026,6,2301,4293,32,0,Investimentos Próprios,3740.95,0.0,0.0,DEPARTAMENTO DE ESTRADAS DE RODAGEM DO ESTADO DE MINAS GERAIS,DER-MG,DER-MG,CONSERVACAO ROTINEIRA DA MALHA VIARIA,Transportes
2026,6,1251,4365,48,0,Investimentos Próprios,0.0,335000.0,0.0,POLICIA MILITAR DO ESTADO DE MINAS GERAIS,PMMG,PMMG,POLICIAMENTO OSTENSIVO GERAL,Segurança Pública
2026,6,1511,4060,48,0,Investimentos Próprios,0.0,53699.0,0.0,POLICIA CIVIL DO ESTADO DE MINAS GERAIS,PCMG,PCMG,GESTAO DAS UNIDADES POLICIAIS,Segurança Pública
2026,6,1251,4365,48,0,Investimentos Próprios,3568900.0,0.0,0.0,POLICIA MILITAR DO ESTADO DE MINAS GERAIS,PMMG,PMMG,POLICIAMENTO OSTENSIVO GERAL,Segurança Pública
2026,6,1511,4060,48,0,Investimentos Próprios,0.0,0.0,0.0,POLICIA CIVIL DO ESTADO DE MINAS GERAIS,PCMG,PCMG,GESTAO DAS UNIDADES POLICIAIS,Segurança Pública
2026,6,1511,4061,48,0,Investimentos Próprios,0.0,0.0,0.0,POLICIA CIVIL DO ESTADO DE MINAS GERAIS,PCMG,PCMG,PERICIAS TECNICO-CIENTIFICAS,Segurança Pública
2026,6,1251,4365,48,0,Investimentos Próprios,890000.0,0.0,0.0,POLICIA MILITAR DO ESTADO DE MINAS GERAIS,PMMG,PMMG,POLICIAMENTO OSTENSIVO GERAL,Segurança Pública
2026,6,2301,4385,10,0,Investimentos Próprios,350000.0,149910.65,0.0,DEPARTAMENTO DE ESTRADAS DE RODAGEM DO ESTADO DE MINAS GERAIS,DER-MG,DER-MG,REABILITACAO DA MALHA VIARIA,Transportes
2026,6,2301,4385,33,0,Investimentos Próprios,2144953.67,0.0,1027108.89,DEPARTAMENTO DE ESTRADAS DE RODAGEM DO ESTADO DE MINAS GERAIS,DER-MG,DER-MG,REABILITACAO DA MALHA VIARIA,Transportes
2026,6,2301,4385,10,0,Investimentos Próprios,207104.75,134418.31,0.0,DEPARTAMENTO DE ESTRADAS DE RODAGEM DO ESTADO DE MINAS GERAIS,DER-MG,DER-MG,REABILITACAO DA MALHA VIARIA,Transportes
2026,6,2301,4385,10,0,Investimentos Próprios,-23177.97,67960.93,0.0,DEPARTAMENTO DE ESTRADAS DE RODAGEM DO ESTADO DE MINAS GERAIS,DER-MG,DER-MG,REABILITACAO DA MALHA VIARIA,Transportes
2026,6,2301,4275,10,0,Investimentos Próprios,-3200000.0,0.0,0.0,DEPARTAMENTO DE ESTRADAS DE RODAGEM DO ESTADO DE MINAS GERAIS,DER-MG,DER-MG,IMPLANTACAO/PAVIMENTACAO DA MALHA,Transportes
2026,6,2301,4385,10,0,Investimentos Próprios,-2532.98,76308.91,0.0,DEPARTAMENTO DE ESTRADAS DE RODAGEM DO ESTADO DE MINAS GERAIS,DER-MG,DER-MG,REABILITACAO DA MALHA VIARIA,Transportes
2026,6,2301,4385,10,0,Investimentos Próprios,-3875.04,241444.8,0.0,DEPARTAMENTO DE ESTRADAS DE RODAGEM DO ESTADO DE MINAS GERAIS,DER-MG,DER-MG,REABILITACAO DA MALHA VIARIA,Transportes
2026,6,2301,4293,32,0,Investimentos Próprios,-1007116.0,622154.99,0.0,DEPARTAMENTO DE ESTRADAS DE RODAGEM DO ESTADO DE MINAS GERAIS,DER-MG,DER-MG,CONSERVACAO ROTINEIRA DA MALHA VIARIA,Transportes
2026,6,2301,4293,32,0,Investimentos Próprios,25459.0,1029921.58,0.0,DEPARTAMENTO DE ESTRADAS DE RODAGEM DO ESTADO DE MINAS GERAIS,DER-MG,DER-MG,CONSERVACAO ROTINEIRA DA MALHA VIARIA,Transportes
2026,6,1511,4061,48,0,Investimentos Próprios,0.0,0.0,0.0,POLICIA CIVIL DO ESTADO DE MINAS GERAIS,PCMG,PCMG,PERICIAS TECNICO-CIENTIFICAS,Segurança Pública
2026,6,1511,1051,48,0,Investimentos Próprios,0.0,0.0,0.0,POLICIA CIVIL DO ESTADO DE MINAS GERAIS,PCMG,PCMG,IMPLEMENTACAO DA CADEIA DE CUSTODIA DA PROVA EM MINAS GERAIS,Segurança Pública
2026,6,1511,1051,48,0,Investimentos Próprios,0.0,0.0,0.0,POLICIA CIVIL DO ESTADO DE MINAS GERAIS,PCMG,PCMG,IMPLEMENTACAO DA CADEIA DE CUSTODIA DA PROVA EM MINAS GERAIS,Segurança Pública
2026,6,1511,1051,48,0,Investimentos Próprios,0.0,0.0,0.0,POLICIA CIVIL DO ESTADO DE MINAS GERAIS,PCMG,PCMG,IMPLEMENTACAO DA CADEIA DE CUSTODIA DA PROVA EM MINAS GERAIS,Segurança Pública
2026,6,2301,4385,10,0,Investimentos Próprios,680000.0,499411.9,0.0,DEPARTAMENTO DE ESTRADAS DE RODAGEM DO ESTADO DE MINAS GERAIS,DER-MG,DER-MG,REABILITACAO DA MALHA VIARIA,Transportes
2026,6,2301,4162,10,0,Investimentos Próprios,0.0,28396.11,0.0,DEPARTAMENTO DE ESTRADAS DE RODAGEM DO ESTADO DE MINAS GERAIS,DER-MG,DER-MG,SUPORTE A GESTAO DOS ATIVOS RODOVIARIOS,Transportes
2026,6,2301,4293,32,0,Investimentos Próprios,-223000.0,456313.16,0.0,DEPARTAMENTO DE ESTRADAS DE RODAGEM DO ESTADO DE MINAS GERAIS,DER-MG,DER-MG,CONSERVACAO ROTINEIRA DA MALHA VIARIA,Transportes
2026,6,2301,4268,10,0,Investimentos Próprios,4277399.55,0.0,0.0,DEPARTAMENTO DE ESTRADAS DE RODAGEM DO ESTADO DE MINAS GERAIS,DER-MG,DER-MG,AMPLIACAO DE CAPACIDADE DA MALHA E RESTAURACAO DO PAVIMENTO,Transportes
2026,6,2301,4385,10,0,Investimentos Próprios,-180375.6,0.0,0.0,DEPARTAMENTO DE ESTRADAS DE RODAGEM DO ESTADO DE MINAS GERAIS,DER-MG,DER-MG,REABILITACAO DA MALHA VIARIA,Transportes
2026,6,2301,4293,32,0,Investimentos Próprios,-1759000.0,382145.71,0.0,DEPARTAMENTO DE ESTRADAS DE RODAGEM DO ESTADO DE MINAS GERAIS,DER-MG,DER-MG,CONSERVACAO ROTINEIRA DA MALHA VIARIA,Transportes
2026,6,1511,4060,48,0,Investimentos Próprios,135839.0,0.0,135839.0,POLICIA CIVIL DO ESTADO DE MINAS GERAIS,PCMG,PCMG,GESTAO DAS UNIDADES POLICIAIS,Segurança Pública
2026,6,1511,4060,48,0,Investimentos Próprios,0.0,0.0,0.0,POLICIA CIVIL DO ESTADO DE MINAS GERAIS,PCMG,PCMG,GESTAO DAS UNIDADES POLICIAIS,Segurança Pública
2026,6,1511,4060,48,0,Investimentos Próprios,161090.0,0.0,0.0,POLICIA CIVIL DO ESTADO DE MINAS GERAIS,PCMG,PCMG,GESTAO DAS UNIDADES POLICIAIS,Segurança Pública
2026,6,2301,4385,33,0,Investimentos Próprios,0.0,26177.06,0.0,DEPARTAMENTO DE ESTRADAS DE RODAGEM DO ESTADO DE MINAS GERAIS,DER-MG,DER-MG,REABILITACAO DA MALHA VIARIA,Transportes
2026,6,2301,4293,32,0,Investimentos Próprios,373000.0,1891554.14,0.0,DEPARTAMENTO DE ESTRADAS DE RODAGEM DO ESTADO DE MINAS GERAIS,DER-MG,DER-MG,CONSERVACAO ROTINEIRA DA MALHA VIARIA,Transportes
2026,6,2301,4385,10,0,Investimentos Próprios,53647.46,80805.18,0.0,DEPARTAMENTO DE ESTRADAS DE RODAGEM DO ESTADO DE MINAS GERAIS,DER-MG,DER-MG,REABILITACAO DA MALHA VIARIA,Transportes
2026,6,2301,4293,32,0,Investimentos Próprios,3050.45,12365.39,0.0,DEPARTAMENTO DE ESTRADAS DE RODAGEM DO ESTADO DE MINAS GERAIS,DER-MG,DER-MG,CONSERVACAO ROTINEIRA DA MALHA VIARIA,Transportes
2026,6,2301,4293,32,0,Investimentos Próprios,484000.0,1511727.88,0.0,DEPARTAMENTO DE ESTRADAS DE RODAGEM DO ESTADO DE MINAS GERAIS,DER-MG,DER-MG,CONSERVACAO ROTINEIRA DA MALHA VIARIA,Transportes
2026,6,2301,4293,32,0,Investimentos Próprios,2000.0,9601.79,0.0,DEPARTAMENTO DE ESTRADAS DE RODAGEM DO ESTADO DE MINAS GERAIS,DER-MG,DER-MG,CONSERVACAO ROTINEIRA DA MALHA VIARIA,Transportes
2026,6,2301,4268,33,0,Investimentos Próprios,230000.0,58534.18,0.0,DEPARTAMENTO DE ESTRADAS DE RODAGEM DO ESTADO DE MINAS GERAIS,DER-MG,DER-MG,AMPLIACAO DE CAPACIDADE DA MALHA E RESTAURACAO DO PAVIMENTO,Transportes
2026,6,1301,1039,32,0,Investimentos Próprios,0.0,204877.65,0.0,"SECRETARIA DE ESTADO DE INFRAESTRUTURA, MOBILIDADE E PARCERIAS",SEINFRA,SEINFRA,REQUALIFICACAO URBANA E AMBIENTAL E CONTROLE DE CHEIAS DO CORREGO FERRUGEM - PAC FERRUGEM,Habitação
2026,6,2301,4293,32,0,Investimentos Próprios,-868476.15,1687057.41,0.0,DEPARTAMENTO DE ESTRADAS DE RODAGEM DO ESTADO DE MINAS GERAIS,DER-MG,DER-MG,CONSERVACAO ROTINEIRA DA MALHA VIARIA,Transportes
2026,6,2301,4293,32,0,Investimentos Próprios,0.0,93218.39,0.0,DEPARTAMENTO DE ESTRADAS DE RODAGEM DO ESTADO DE MINAS GERAIS,DER-MG,DER-MG,CONSERVACAO ROTINEIRA DA MALHA VIARIA,Transportes
2026,6,1511,1051,48,0,Investimentos Próprios,0.0,0.0,0.0,POLICIA CIVIL DO ESTADO DE MINAS GERAIS,PCMG,PCMG,IMPLEMENTACAO DA CADEIA DE CUSTODIA DA PROVA EM MINAS GERAIS,Segurança Pública
2026,6,2301,4385,33,0,Investimentos Próprios,0.0,456521.74,0.0,DEPARTAMENTO DE ESTRADAS DE RODAGEM DO ESTADO DE MINAS GERAIS,DER-MG,DER-MG,REABILITACAO DA MALHA VIARIA,Transportes
2026,6,1301,1036,10,0,Investimentos Próprios,0.0,0.0,0.0,"SECRETARIA DE ESTADO DE INFRAESTRUTURA, MOBILIDADE E PARCERIAS",SEINFRA,SEINFRA,CONTENCAO DE ENCOSTAS EM AREAS DE RISCO - PAC ENCOSTAS,Saneamento
2026,6,2301,4268,10,0,Investimentos Próprios,3773464.12,0.0,0.0,DEPARTAMENTO DE ESTRADAS DE RODAGEM DO ESTADO DE MINAS GERAIS,DER-MG,DER-MG,AMPLIACAO DE CAPACIDADE DA MALHA E RESTAURACAO DO PAVIMENTO,Transportes
2026,6,1511,4060,48,0,Investimentos Próprios,0.0,5100.0,0.0,POLICIA CIVIL DO ESTADO DE MINAS GERAIS,PCMG,PCMG,GESTAO DAS UNIDADES POLICIAIS,Segurança Pública
2026,6,2301,4385,10,0,Investimentos Próprios,577505.19,577505.19,0.0,DEPARTAMENTO DE ESTRADAS DE RODAGEM DO ESTADO DE MINAS GERAIS,DER-MG,DER-MG,REABILITACAO DA MALHA VIARIA,Transportes
2026,6,2301,4385,89,1,FEF,10313000.0,10264922.55,10313000.0,DEPARTAMENTO DE ESTRADAS DE RODAGEM DO ESTADO DE MINAS GERAIS,DER-MG,DER-MG,REABILITACAO DA MALHA VIARIA,Transportes
2026,6,1511,1051,48,0,Investimentos Próprios,0.0,37300.0,0.0,POLICIA CIVIL DO ESTADO DE MINAS GERAIS,PCMG,PCMG,IMPLEMENTACAO DA CADEIA DE CUSTODIA DA PROVA EM MINAS GERAIS,Segurança Pública
2026,6,2301,4293,32,0,Investimentos Próprios,-1239712.0,0.0,0.0,DEPARTAMENTO DE ESTRADAS DE RODAGEM DO ESTADO DE MINAS GERAIS,DER-MG,DER-MG,CONSERVACAO ROTINEIRA DA MALHA VIARIA,Transportes
2026,6,2301,4275,10,0,Investimentos Próprios,0.0,645511.99,0.0,DEPARTAMENTO DE ESTRADAS DE RODAGEM DO ESTADO DE MINAS GERAIS,DER-MG,DER-MG,IMPLANTACAO/PAVIMENTACAO DA MALHA,Transportes
2026,6,2301,4293,32,0,Investimentos Próprios,1096499.6,1095687.63,1676231.03,DEPARTAMENTO DE ESTRADAS DE RODAGEM DO ESTADO DE MINAS GERAIS,DER-MG,DER-MG,CONSERVACAO ROTINEIRA DA MALHA VIARIA,Transportes
2026,6,2301,4293,32,0,Investimentos Próprios,-478955.0,0.0,0.0,DEPARTAMENTO DE ESTRADAS DE RODAGEM DO ESTADO DE MINAS GERAIS,DER-MG,DER-MG,CONSERVACAO ROTINEIRA DA MALHA VIARIA,Transportes
2026,6,1511,4060,48,0,Investimentos Próprios,235495.0,0.0,0.0,POLICIA CIVIL DO ESTADO DE MINAS GERAIS,PCMG,PCMG,GESTAO DAS UNIDADES POLICIAIS,Segurança Pública
2026,6,2301,4293,32,0,Investimentos Próprios,3038970.12,1111013.57,0.0,DEPARTAMENTO DE ESTRADAS DE RODAGEM DO ESTADO DE MINAS GERAIS,DER-MG,DER-MG,CONSERVACAO ROTINEIRA DA MALHA VIARIA,Transportes
2026,6,2301,4385,33,0,Investimentos Próprios,-20.74,0.0,0.0,DEPARTAMENTO DE ESTRADAS DE RODAGEM DO ESTADO DE MINAS GERAIS,DER-MG,DER-MG,REABILITACAO DA MALHA VIARIA,Transportes
2026,6,2301,4385,10,0,Investimentos Próprios,0.0,0.0,0.0,DEPARTAMENTO DE ESTRADAS DE RODAGEM DO ESTADO DE MINAS GERAIS,DER-MG,DER-MG,REABILITACAO DA MALHA VIARIA,Transportes
2026,6,2301,4275,10,0,Investimentos Próprios,200000.0,66462.86,0.0,DEPARTAMENTO DE ESTRADAS DE RODAGEM DO ESTADO DE MINAS GERAIS,DER-MG,DER-MG,IMPLANTACAO/PAVIMENTACAO DA MALHA,Transportes
2026,6,2301,4293,32,0,Investimentos Próprios,-1690000.0,367159.6,0.0,DEPARTAMENTO DE ESTRADAS DE RODAGEM DO ESTADO DE MINAS GERAIS,DER-MG,DER-MG,CONSERVACAO ROTINEIRA DA MALHA VIARIA,Transportes
2026,6,1251,4365,48,0,Investimentos Próprios,492720.57,0.0,0.0,POLICIA MILITAR DO ESTADO DE MINAS GERAIS,PMMG,PMMG,POLICIAMENTO OSTENSIVO GERAL,Segurança Pública
2026,6,1511,1051,48,0,Investimentos Próprios,0.0,97119.6,0.0,POLICIA CIVIL DO ESTADO DE MINAS GERAIS,PCMG,PCMG,IMPLEMENTACAO DA CADEIA DE CUSTODIA DA PROVA EM MINAS GERAIS,Segurança Pública
2026,6,2301,4284,10,0,Investimentos Próprios,0.0,2310.27,0.0,DEPARTAMENTO DE ESTRADAS DE RODAGEM DO ESTADO DE MINAS GERAIS,DER-MG,DER-MG,PREVENCAO E MITIGACAO DE DANOS AMBIENTAIS,Transportes
2026,6,2301,4162,10,0,Investimentos Próprios,198393.99,79250.37,0.0,DEPARTAMENTO DE ESTRADAS DE RODAGEM DO ESTADO DE MINAS GERAIS,DER-MG,DER-MG,SUPORTE A GESTAO DOS ATIVOS RODOVIARIOS,Transportes
2026,6,2301,4293,32,0,Investimentos Próprios,83549.69,1447476.82,0.0,DEPARTAMENTO DE ESTRADAS DE RODAGEM DO ESTADO DE MINAS GERAIS,DER-MG,DER-MG,CONSERVACAO ROTINEIRA DA MALHA VIARIA,Transportes
2026,6,2301,4385,10,0,Investimentos Próprios,6485089.76,2174501.07,0.0,DEPARTAMENTO DE ESTRADAS DE RODAGEM DO ESTADO DE MINAS GERAIS,DER-MG,DER-MG,REABILITACAO DA MALHA VIARIA,Transportes
2026,6,2301,4293,32,0,Investimentos Próprios,-1167000.0,1247257.1,0.0,DEPARTAMENTO DE ESTRADAS DE RODAGEM DO ESTADO DE MINAS GERAIS,DER-MG,DER-MG,CONSERVACAO ROTINEIRA DA MALHA VIARIA,Transportes
2026,6,2301,4385,10,0,Investimentos Próprios,20000.0,31694.23,0.0,DEPARTAMENTO DE ESTRADAS DE RODAGEM DO ESTADO DE MINAS GERAIS,DER-MG,DER-MG,REABILITACAO DA MALHA VIARIA,Transportes
2026,6,1251,4365,48,0,Investimentos Próprios,1502770.0,0.0,1502770.0,POLICIA MILITAR DO ESTADO DE MINAS GERAIS,PMMG,PMMG,POLICIAMENTO OSTENSIVO GERAL,Segurança Pública
2026,6,2301,4293,32,0,Investimentos Próprios,1002000.0,1221558.48,0.0,DEPARTAMENTO DE ESTRADAS DE RODAGEM DO ESTADO DE MINAS GERAIS,DER-MG,DER-MG,CONSERVACAO ROTINEIRA DA MALHA VIARIA,Transportes
2026,6,2301,4268,33,0,Investimentos Próprios,20000.0,8677.51,0.0,DEPARTAMENTO DE ESTRADAS DE RODAGEM DO ESTADO DE MINAS GERAIS,DER-MG,DER-MG,AMPLIACAO DE CAPACIDADE DA MALHA E RESTAURACAO DO PAVIMENTO,Transportes
2026,6,2301,4162,10,0,Investimentos Próprios,-20000.0,0.0,0.0,DEPARTAMENTO DE ESTRADAS DE RODAGEM DO ESTADO DE MINAS GERAIS,DER-MG,DER-MG,SUPORTE A GESTAO DOS ATIVOS RODOVIARIOS,Transportes
2026,6,2301,4275,33,0,Investimentos Próprios,11501.3,11501.3,11501.3,DEPARTAMENTO DE ESTRADAS DE RODAGEM DO ESTADO DE MINAS GERAIS,DER-MG,DER-MG,IMPLANTACAO/PAVIMENTACAO DA MALHA,Transportes
2026,6,2301,4293,32,0,Investimentos Próprios,-405307.0,509901.79,0.0,DEPARTAMENTO DE ESTRADAS DE RODAGEM DO ESTADO DE MINAS GERAIS,DER-MG,DER-MG,CONSERVACAO ROTINEIRA DA MALHA VIARIA,Transportes
2026,6,2301,4275,10,0,Investimentos Próprios,0.0,186573.73,0.0,DEPARTAMENTO DE ESTRADAS DE RODAGEM DO ESTADO DE MINAS GERAIS,DER-MG,DER-MG,IMPLANTACAO/PAVIMENTACAO DA MALHA,Transportes
2026,6,2301,4293,32,0,Investimentos Próprios,170000.0,173378.14,0.0,DEPARTAMENTO DE ESTRADAS DE RODAGEM DO ESTADO DE MINAS GERAIS,DER-MG,DER-MG,CONSERVACAO ROTINEIRA DA MALHA VIARIA,Transportes
2026,6,2301,4293,32,0,Investimentos Próprios,428000.0,1438717.78,0.0,DEPARTAMENTO DE ESTRADAS DE RODAGEM DO ESTADO DE MINAS GERAIS,DER-MG,DER-MG,CONSERVACAO ROTINEIRA DA MALHA VIARIA,Transportes
2026,6,2301,4162,10,0,Investimentos Próprios,-20000.0,0.0,0.0,DEPARTAMENTO DE ESTRADAS DE RODAGEM DO ESTADO DE MINAS GERAIS,DER-MG,DER-MG,SUPORTE A GESTAO DOS ATIVOS RODOVIARIOS,Transportes
2026,6,2301,4293,32,0,Investimentos Próprios,281971.72,1143279.36,0.0,DEPARTAMENTO DE ESTRADAS DE RODAGEM DO ESTADO DE MINAS GERAIS,DER-MG,DER-MG,CONSERVACAO ROTINEIRA DA MALHA VIARIA,Transportes
2026,6,1511,4060,48,0,Investimentos Próprios,0.0,6445.0,0.0,POLICIA CIVIL DO ESTADO DE MINAS GERAIS,PCMG,PCMG,GESTAO DAS UNIDADES POLICIAIS,Segurança Pública
2026,6,1511,4060,48,0,Investimentos Próprios,0.0,0.0,0.0,POLICIA CIVIL DO ESTADO DE MINAS GERAIS,PCMG,PCMG,GESTAO DAS UNIDADES POLICIAIS,Segurança Pública
2026,6,2301,4293,32,0,Investimentos Próprios,-67623.75,0.0,0.0,DEPARTAMENTO DE ESTRADAS DE RODAGEM DO ESTADO DE MINAS GERAIS,DER-MG,DER-MG,CONSERVACAO ROTINEIRA DA MALHA VIARIA,Transportes
2026,6,2301,4293,32,0,Investimentos Próprios,1840735.4,2260277.54,0.0,DEPARTAMENTO DE ESTRADAS DE RODAGEM DO ESTADO DE MINAS GERAIS,DER-MG,DER-MG,CONSERVACAO ROTINEIRA DA MALHA VIARIA,Transportes
2026,6,2301,4293,32,0,Investimentos Próprios,61000.0,450644.33,0.0,DEPARTAMENTO DE ESTRADAS DE RODAGEM DO ESTADO DE MINAS GERAIS,DER-MG,DER-MG,CONSERVACAO ROTINEIRA DA MALHA VIARIA,Transportes
2026,6,2301,4272,89,1,FEF,700000.0,126564.51,126564.51,DEPARTAMENTO DE ESTRADAS DE RODAGEM DO ESTADO DE MINAS GERAIS,DER-MG,DER-MG,IMPLANTACAO E RESTAURACAO DE OBRAS DE ARTES ESPECIAIS,Transportes
2026,6,2301,4293,32,0,Investimentos Próprios,154000.0,890240.45,0.0,DEPARTAMENTO DE ESTRADAS DE RODAGEM DO ESTADO DE MINAS GERAIS,DER-MG,DER-MG,CONSERVACAO ROTINEIRA DA MALHA VIARIA,Transportes
2026,6,1301,1039,32,0,Investimentos Próprios,0.0,22547.68,0.0,"SECRETARIA DE ESTADO DE INFRAESTRUTURA, MOBILIDADE E PARCERIAS",SEINFRA,SEINFRA,REQUALIFICACAO URBANA E AMBIENTAL E CONTROLE DE CHEIAS DO CORREGO FERRUGEM - PAC FERRUGEM,Habitação
2026,6,2301,4293,32,0,Investimentos Próprios,578317.71,905147.89,0.0,DEPARTAMENTO DE ESTRADAS DE RODAGEM DO ESTADO DE MINAS GERAIS,DER-MG,DER-MG,CONSERVACAO ROTINEIRA DA MALHA VIARIA,Transportes
2026,6,1251,4365,48,0,Investimentos Próprios,456556.0,0.0,0.0,POLICIA MILITAR DO ESTADO DE MINAS GERAIS,PMMG,PMMG,POLICIAMENTO OSTENSIVO GERAL,Segurança Pública
2026,6,2301,4162,10,0,Investimentos Próprios,0.0,37575.92,0.0,DEPARTAMENTO DE ESTRADAS DE RODAGEM DO ESTADO DE MINAS GERAIS,DER-MG,DER-MG,SUPORTE A GESTAO DOS ATIVOS RODOVIARIOS,Transportes
2026,6,2301,4293,32,0,Investimentos Próprios,-1239712.0,0.0,0.0,DEPARTAMENTO DE ESTRADAS DE RODAGEM DO ESTADO DE MINAS GERAIS,DER-MG,DER-MG,CONSERVACAO ROTINEIRA DA MALHA VIARIA,Transportes
2026,6,1511,4060,48,0,Investimentos Próprios,0.0,1873928.0,0.0,POLICIA CIVIL DO ESTADO DE MINAS GERAIS,PCMG,PCMG,GESTAO DAS UNIDADES POLICIAIS,Segurança Pública
2026,6,2301,4284,10,0,Investimentos Próprios,0.0,2310.27,0.0,DEPARTAMENTO DE ESTRADAS DE RODAGEM DO ESTADO DE MINAS GERAIS,DER-MG,DER-MG,PREVENCAO E MITIGACAO DE DANOS AMBIENTAIS,Transportes
2026,6,1301,4290,10,0,Investimentos Próprios,735000.6,0.0,47336.14,"SECRETARIA DE ESTADO DE INFRAESTRUTURA, MOBILIDADE E PARCERIAS",SEINFRA,SEINFRA,MELHORIA DA MOBILIDADE E INFRAESTRUTURA DE TRANSPORTES EM MINAS GERAIS,Transportes
2026,6,1511,4060,48,0,Investimentos Próprios,0.0,0.0,0.0,POLICIA CIVIL DO ESTADO DE MINAS GERAIS,PCMG,PCMG,GESTAO DAS UNIDADES POLICIAIS,Segurança Pública
2026,6,2301,4275,10,0,Investimentos Próprios,0.0,2993932.25,0.0,DEPARTAMENTO DE ESTRADAS DE RODAGEM DO ESTADO DE MINAS GERAIS,DER-MG,DER-MG,IMPLANTACAO/PAVIMENTACAO DA MALHA,Transportes
2026,6,2301,4293,32,0,Investimentos Próprios,-76000.0,995306.34,0.0,DEPARTAMENTO DE ESTRADAS DE RODAGEM DO ESTADO DE MINAS GERAIS,DER-MG,DER-MG,CONSERVACAO ROTINEIRA DA MALHA VIARIA,Transportes
2026,6,2301,4385,10,0,Investimentos Próprios,15445.7,162105.75,0.0,DEPARTAMENTO DE ESTRADAS DE RODAGEM DO ESTADO DE MINAS GERAIS,DER-MG,DER-MG,REABILITACAO DA MALHA VIARIA,Transportes
2026,6,2301,4293,32,0,Investimentos Próprios,23892.8,259019.7,0.0,DEPARTAMENTO DE ESTRADAS DE RODAGEM DO ESTADO DE MINAS GERAIS,DER-MG,DER-MG,CONSERVACAO ROTINEIRA DA MALHA VIARIA,Transportes
2026,6,2301,4385,33,0,Investimentos Próprios,-168935.92,0.0,0.0,DEPARTAMENTO DE ESTRADAS DE RODAGEM DO ESTADO DE MINAS GERAIS,DER-MG,DER-MG,REABILITACAO DA MALHA VIARIA,Transportes
2026,6,2301,4385,10,0,Investimentos Próprios,272686.35,0.0,0.0,DEPARTAMENTO DE ESTRADAS DE RODAGEM DO ESTADO DE MINAS GERAIS,DER-MG,DER-MG,REABILITACAO DA MALHA VIARIA,Transportes
2026,6,2301,4275,33,0,Investimentos Próprios,27422.97,27422.97,0.0,DEPARTAMENTO DE ESTRADAS DE RODAGEM DO ESTADO DE MINAS GERAIS,DER-MG,DER-MG,IMPLANTACAO/PAVIMENTACAO DA MALHA,Transportes
2026,6,2301,4293,32,0,Investimentos Próprios,8000.0,0.0,7866.2,DEPARTAMENTO DE ESTRADAS DE RODAGEM DO ESTADO DE MINAS GERAIS,DER-MG,DER-MG,CONSERVACAO ROTINEIRA DA MALHA VIARIA,Transportes
2026,6,2301,4162,10,0,Investimentos Próprios,0.0,346832.16,0.0,DEPARTAMENTO DE ESTRADAS DE RODAGEM DO ESTADO DE MINAS GERAIS,DER-MG,DER-MG,SUPORTE A GESTAO DOS ATIVOS RODOVIARIOS,Transportes
2026,6,1511,4060,48,0,Investimentos Próprios,0.0,15505.2,0.0,POLICIA CIVIL DO ESTADO DE MINAS GERAIS,PCMG,PCMG,GESTAO DAS UNIDADES POLICIAIS,Segurança Pública
2026,6,2301,4284,10,0,Investimentos Próprios,0.0,11785.87,0.0,DEPARTAMENTO DE ESTRADAS DE RODAGEM DO ESTADO DE MINAS GERAIS,DER-MG,DER-MG,PREVENCAO E MITIGACAO DE DANOS AMBIENTAIS,Transportes
2026,6,2301,4293,32,0,Investimentos Próprios,3000.0,6862.6,0.0,DEPARTAMENTO DE ESTRADAS DE RODAGEM DO ESTADO DE MINAS GERAIS,DER-MG,DER-MG,CONSERVACAO ROTINEIRA DA MALHA VIARIA,Transportes
2026,6,2301,4385,10,0,Investimentos Próprios,327244.3,2365610.33,0.0,DEPARTAMENTO DE ESTRADAS DE RODAGEM DO ESTADO DE MINAS GERAIS,DER-MG,DER-MG,REABILITACAO DA MALHA VIARIA,Transportes
2026,6,2301,4293,32,0,Investimentos Próprios,-122751.35,476305.77,0.0,DEPARTAMENTO DE ESTRADAS DE RODAGEM DO ESTADO DE MINAS GERAIS,DER-MG,DER-MG,CONSERVACAO ROTINEIRA DA MALHA VIARIA,Transportes
2026,6,2301,4293,32,0,Investimentos Próprios,10432.0,0.0,12947.62,DEPARTAMENTO DE ESTRADAS DE RODAGEM DO ESTADO DE MINAS GERAIS,DER-MG,DER-MG,CONSERVACAO ROTINEIRA DA MALHA VIARIA,Transportes
2026,6,2301,4268,33,0,Investimentos Próprios,0.0,33633.49,0.0,DEPARTAMENTO DE ESTRADAS DE RODAGEM DO ESTADO DE MINAS GERAIS,DER-MG,DER-MG,AMPLIACAO DE CAPACIDADE DA MALHA E RESTAURACAO DO PAVIMENTO,Transportes
2026,6,2301,4275,33,0,Investimentos Próprios,8162.01,8162.01,8162.01,DEPARTAMENTO DE ESTRADAS DE RODAGEM DO ESTADO DE MINAS GERAIS,DER-MG,DER-MG,IMPLANTACAO/PAVIMENTACAO DA MALHA,Transportes
2026,6,2301,4293,32,0,Investimentos Próprios,2448558.0,3808403.44,0.0,DEPARTAMENTO DE ESTRADAS DE RODAGEM DO ESTADO DE MINAS GERAIS,DER-MG,DER-MG,CONSERVACAO ROTINEIRA DA MALHA VIARIA,Transportes
2026,6,2301,4385,10,0,Investimentos Próprios,-39917.87,15082.13,0.0,DEPARTAMENTO DE ESTRADAS DE RODAGEM DO ESTADO DE MINAS GERAIS,DER-MG,DER-MG,REABILITACAO DA MALHA VIARIA,Transportes
2026,6,2301,4385,33,0,Investimentos Próprios,-1648943.71,2307578.03,0.0,DEPARTAMENTO DE ESTRADAS DE RODAGEM DO ESTADO DE MINAS GERAIS,DER-MG,DER-MG,REABILITACAO DA MALHA VIARIA,Transportes
2026,6,2301,4293,32,0,Investimentos Próprios,779000.0,1308473.8,0.0,DEPARTAMENTO DE ESTRADAS DE RODAGEM DO ESTADO DE MINAS GERAIS,DER-MG,DER-MG,CONSERVACAO ROTINEIRA DA MALHA VIARIA,Transportes
2026,6,2301,4293,32,0,Investimentos Próprios,88321.65,88321.65,88321.65,DEPARTAMENTO DE ESTRADAS DE RODAGEM DO ESTADO DE MINAS GERAIS,DER-MG,DER-MG,CONSERVACAO ROTINEIRA DA MALHA VIARIA,Transportes
2026,6,2301,4272,10,0,Investimentos Próprios,0.0,59474.22,0.0,DEPARTAMENTO DE ESTRADAS DE RODAGEM DO ESTADO DE MINAS GERAIS,DER-MG,DER-MG,IMPLANTACAO E RESTAURACAO DE OBRAS DE ARTES ESPECIAIS,Transportes
2026,6,1251,4365,48,0,Investimentos Próprios,91311.2,0.0,0.0,POLICIA MILITAR DO ESTADO DE MINAS GERAIS,PMMG,PMMG,POLICIAMENTO OSTENSIVO GERAL,Segurança Pública
2026,6,2301,4385,32,0,Investimentos Próprios,-105153.9,1307941.1,0.0,DEPARTAMENTO DE ESTRADAS DE RODAGEM DO ESTADO DE MINAS GERAIS,DER-MG,DER-MG,REABILITACAO DA MALHA VIARIA,Transportes
2026,6,1301,4290,10,0,Investimentos Próprios,136479.25,0.0,0.0,"SECRETARIA DE ESTADO DE INFRAESTRUTURA, MOBILIDADE E PARCERIAS",SEINFRA,SEINFRA,MELHORIA DA MOBILIDADE E INFRAESTRUTURA DE TRANSPORTES EM MINAS GERAIS,Transportes
2026,6,2301,4293,32,0,Investimentos Próprios,476.15,0.0,1933476.82,DEPARTAMENTO DE ESTRADAS DE RODAGEM DO ESTADO DE MINAS GERAIS,DER-MG,DER-MG,CONSERVACAO ROTINEIRA DA MALHA VIARIA,Transportes
2026,6,2301,4293,32,0,Investimentos Próprios,255.47,0.0,610571.62,DEPARTAMENTO DE ESTRADAS DE RODAGEM DO ESTADO DE MINAS GERAIS,DER-MG,DER-MG,CONSERVACAO ROTINEIRA DA MALHA VIARIA,Transportes
2026,6,1511,4060,48,0,Investimentos Próprios,0.0,208681.8,0.0,POLICIA CIVIL DO ESTADO DE MINAS GERAIS,PCMG,PCMG,GESTAO DAS UNIDADES POLICIAIS,Segurança Pública
2026,6,1511,4060,48,0,Investimentos Próprios,0.0,0.0,0.0,POLICIA CIVIL DO ESTADO DE MINAS GERAIS,PCMG,PCMG,GESTAO DAS UNIDADES POLICIAIS,Segurança Pública
2026,6,2301,4293,32,0,Investimentos Próprios,934764.0,0.0,1281815.12,DEPARTAMENTO DE ESTRADAS DE RODAGEM DO ESTADO DE MINAS GERAIS,DER-MG,DER-MG,CONSERVACAO ROTINEIRA DA MALHA VIARIA,Transportes
2026,6,2301,4293,32,0,Investimentos Próprios,1412.61,65670.9,0.0,DEPARTAMENTO DE ESTRADAS DE RODAGEM DO ESTADO DE MINAS GERAIS,DER-MG,DER-MG,CONSERVACAO ROTINEIRA DA MALHA VIARIA,Transportes
2026,6,2301,4293,32,0,Investimentos Próprios,322000.0,0.0,0.0,DEPARTAMENTO DE ESTRADAS DE RODAGEM DO ESTADO DE MINAS GERAIS,DER-MG,DER-MG,CONSERVACAO ROTINEIRA DA MALHA VIARIA,Transportes
2026,6,2301,4385,10,0,Investimentos Próprios,-11862.48,5187.8,0.0,DEPARTAMENTO DE ESTRADAS DE RODAGEM DO ESTADO DE MINAS GERAIS,DER-MG,DER-MG,REABILITACAO DA MALHA VIARIA,Transportes
2026,6,2301,4275,10,0,Investimentos Próprios,0.0,563945.89,0.0,DEPARTAMENTO DE ESTRADAS DE RODAGEM DO ESTADO DE MINAS GERAIS,DER-MG,DER-MG,IMPLANTACAO/PAVIMENTACAO DA MALHA,Transportes
2026,6,2301,4293,32,0,Investimentos Próprios,143500.0,0.0,0.0,DEPARTAMENTO DE ESTRADAS DE RODAGEM DO ESTADO DE MINAS GERAIS,DER-MG,DER-MG,CONSERVACAO ROTINEIRA DA MALHA VIARIA,Transportes
2026,6,2301,4293,32,0,Investimentos Próprios,93324.0,0.0,0.0,DEPARTAMENTO DE ESTRADAS DE RODAGEM DO ESTADO DE MINAS GERAIS,DER-MG,DER-MG,CONSERVACAO ROTINEIRA DA MALHA VIARIA,Transportes
2026,6,1251,4365,48,0,Investimentos Próprios,0.0,1632000.0,0.0,POLICIA MILITAR DO ESTADO DE MINAS GERAIS,PMMG,PMMG,POLICIAMENTO OSTENSIVO GERAL,Segurança Pública
2026,6,2301,4385,10,0,Investimentos Próprios,-12953.75,65694.03,0.0,DEPARTAMENTO DE ESTRADAS DE RODAGEM DO ESTADO DE MINAS GERAIS,DER-MG,DER-MG,REABILITACAO DA MALHA VIARIA,Transportes
2026,6,2301,4275,10,0,Investimentos Próprios,0.0,0.0,0.0,DEPARTAMENTO DE ESTRADAS DE RODAGEM DO ESTADO DE MINAS GERAIS,DER-MG,DER-MG,IMPLANTACAO/PAVIMENTACAO DA MALHA,Transportes
2026,6,2301,4275,10,0,Investimentos Próprios,0.0,202865.0,0.0,DEPARTAMENTO DE ESTRADAS DE RODAGEM DO ESTADO DE MINAS GERAIS,DER-MG,DER-MG,IMPLANTACAO/PAVIMENTACAO DA MALHA,Transportes
2026,6,2301,4293,32,0,Investimentos Próprios,-274255.47,532754.97,0.0,DEPARTAMENTO DE ESTRADAS DE RODAGEM DO ESTADO DE MINAS GERAIS,DER-MG,DER-MG,CONSERVACAO ROTINEIRA DA MALHA VIARIA,Transportes
2026,6,2301,4293,32,0,Investimentos Próprios,66000.0,679530.43,0.0,DEPARTAMENTO DE ESTRADAS DE RODAGEM DO ESTADO DE MINAS GERAIS,DER-MG,DER-MG,CONSERVACAO ROTINEIRA DA MALHA VIARIA,Transportes
2026,6,2301,4268,10,0,Investimentos Próprios,0.0,853982.3,0.0,DEPARTAMENTO DE ESTRADAS DE RODAGEM DO ESTADO DE MINAS GERAIS,DER-MG,DER-MG,AMPLIACAO DE CAPACIDADE DA MALHA E RESTAURACAO DO PAVIMENTO,Transportes
2026,6,1251,4365,48,0,Investimentos Próprios,14400.0,0.0,0.0,POLICIA MILITAR DO ESTADO DE MINAS GERAIS,PMMG,PMMG,POLICIAMENTO OSTENSIVO GERAL,Segurança Pública
2026,6,1251,4365,48,0,Investimentos Próprios,0.0,265650.0,0.0,POLICIA MILITAR DO ESTADO DE MINAS GERAIS,PMMG,PMMG,POLICIAMENTO OSTENSIVO GERAL,Segurança Pública
2026,6,2301,4272,10,0,Investimentos Próprios,216211.0,209353.54,216211.0,DEPARTAMENTO DE ESTRADAS DE RODAGEM DO ESTADO DE MINAS GERAIS,DER-MG,DER-MG,IMPLANTACAO E RESTAURACAO DE OBRAS DE ARTES ESPECIAIS,Transportes
2026,6,1511,4060,48,0,Investimentos Próprios,0.0,76630.0,0.0,POLICIA CIVIL DO ESTADO DE MINAS GERAIS,PCMG,PCMG,GESTAO DAS UNIDADES POLICIAIS,Segurança Pública
2026,6,2301,4293,32,0,Investimentos Próprios,-659919.26,1466063.81,0.0,DEPARTAMENTO DE ESTRADAS DE RODAGEM DO ESTADO DE MINAS GERAIS,DER-MG,DER-MG,CONSERVACAO ROTINEIRA DA MALHA VIARIA,Transportes
2026,6,2301,4293,32,0,Investimentos Próprios,1146623.75,1145759.38,7073051.62,DEPARTAMENTO DE ESTRADAS DE RODAGEM DO ESTADO DE MINAS GERAIS,DER-MG,DER-MG,CONSERVACAO ROTINEIRA DA MALHA VIARIA,Transportes
2026,6,4381,4210,54,0,Investimentos Próprios,0.0,0.0,0.0,FUNDO ESTADUAL DE DESENVOLVIMENTO DE TRANSPORTES,FUNTRANS,FUNTRANS,REGULACAO DO USO E OCUPACAO DA FAIXA DE DOMINIO,Transportes
2026,6,2301,4293,32,0,Investimentos Próprios,572239.07,1359384.38,0.0,DEPARTAMENTO DE ESTRADAS DE RODAGEM DO ESTADO DE MINAS GERAIS,DER-MG,DER-MG,CONSERVACAO ROTINEIRA DA MALHA VIARIA,Transportes
2026,6,1251,4365,48,0,Investimentos Próprios,0.0,2125200.0,0.0,POLICIA MILITAR DO ESTADO DE MINAS GERAIS,PMMG,PMMG,POLICIAMENTO OSTENSIVO GERAL,Segurança Pública
2026,6,2301,4272,10,0,Investimentos Próprios,0.0,277075.56,0.0,DEPARTAMENTO DE ESTRADAS DE RODAGEM DO ESTADO DE MINAS GERAIS,DER-MG,DER-MG,IMPLANTACAO E RESTAURACAO DE OBRAS DE ARTES ESPECIAIS,Transportes
2026,6,1511,1051,48,0,Investimentos Próprios,0.0,0.0,0.0,POLICIA CIVIL DO ESTADO DE MINAS GERAIS,PCMG,PCMG,IMPLEMENTACAO DA CADEIA DE CUSTODIA DA PROVA EM MINAS GERAIS,Segurança Pública
2026,6,1511,4060,48,0,Investimentos Próprios,49000.0,0.0,0.0,POLICIA CIVIL DO ESTADO DE MINAS GERAIS,PCMG,PCMG,GESTAO DAS UNIDADES POLICIAIS,Segurança Pública
2026,6,2301,4280,89,1,FEF,1546221.19,0.0,0.0,DEPARTAMENTO DE ESTRADAS DE RODAGEM DO ESTADO DE MINAS GERAIS,DER-MG,DER-MG,MITIGACAO DE DANOS PONTUAIS NAS RODOVIAS,Transportes
2026,6,2301,4284,10,0,Investimentos Próprios,0.0,13480.18,0.0,DEPARTAMENTO DE ESTRADAS DE RODAGEM DO ESTADO DE MINAS GERAIS,DER-MG,DER-MG,PREVENCAO E MITIGACAO DE DANOS AMBIENTAIS,Transportes
2026,6,2301,4385,33,0,Investimentos Próprios,-312277.95,0.0,0.0,DEPARTAMENTO DE ESTRADAS DE RODAGEM DO ESTADO DE MINAS GERAIS,DER-MG,DER-MG,REABILITACAO DA MALHA VIARIA,Transportes
2026,6,2301,4385,33,0,Investimentos Próprios,11313.5,0.0,0.0,DEPARTAMENTO DE ESTRADAS DE RODAGEM DO ESTADO DE MINAS GERAIS,DER-MG,DER-MG,REABILITACAO DA MALHA VIARIA,Transportes
2026,6,2301,4385,10,0,Investimentos Próprios,-52592.77,450305.45,0.0,DEPARTAMENTO DE ESTRADAS DE RODAGEM DO ESTADO DE MINAS GERAIS,DER-MG,DER-MG,REABILITACAO DA MALHA VIARIA,Transportes
2026,6,2301,4385,10,0,Investimentos Próprios,20000.0,45316.07,0.0,DEPARTAMENTO DE ESTRADAS DE RODAGEM DO ESTADO DE MINAS GERAIS,DER-MG,DER-MG,REABILITACAO DA MALHA VIARIA,Transportes
2026,6,1401,4120,10,0,Investimentos Próprios,261223.57,156428.1,0.0,CORPO DE BOMBEIROS MILITAR DO ESTADO DE MINAS GERAIS,CBMMG,CBMMG, MODERNIZACAO E ESTRUTURACAO DO CORPO DE BOMBEIROS MILITAR DE MINAS GERAIS,Segurança Pública
2026,6,2301,4293,32,0,Investimentos Próprios,779000.0,778754.21,1688487.64,DEPARTAMENTO DE ESTRADAS DE RODAGEM DO ESTADO DE MINAS GERAIS,DER-MG,DER-MG,CONSERVACAO ROTINEIRA DA MALHA VIARIA,Transportes
2026,6,2301,4385,10,0,Investimentos Próprios,460787.75,460787.75,0.0,DEPARTAMENTO DE ESTRADAS DE RODAGEM DO ESTADO DE MINAS GERAIS,DER-MG,DER-MG,REABILITACAO DA MALHA VIARIA,Transportes
2026,6,2301,4385,33,0,Investimentos Próprios,0.0,304347.83,0.0,DEPARTAMENTO DE ESTRADAS DE RODAGEM DO ESTADO DE MINAS GERAIS,DER-MG,DER-MG,REABILITACAO DA MALHA VIARIA,Transportes
2026,6,2301,4268,10,0,Investimentos Próprios,78647.78,0.0,0.0,DEPARTAMENTO DE ESTRADAS DE RODAGEM DO ESTADO DE MINAS GERAIS,DER-MG,DER-MG,AMPLIACAO DE CAPACIDADE DA MALHA E RESTAURACAO DO PAVIMENTO,Transportes
2026,6,1511,4060,48,0,Investimentos Próprios,0.0,47800.0,0.0,POLICIA CIVIL DO ESTADO DE MINAS GERAIS,PCMG,PCMG,GESTAO DAS UNIDADES POLICIAIS,Segurança Pública
2026,6,1511,4060,48,0,Investimentos Próprios,0.0,0.0,0.0,POLICIA CIVIL DO ESTADO DE MINAS GERAIS,PCMG,PCMG,GESTAO DAS UNIDADES POLICIAIS,Segurança Pública
2026,6,2301,4293,32,0,Investimentos Próprios,428000.0,0.0,0.0,DEPARTAMENTO DE ESTRADAS DE RODAGEM DO ESTADO DE MINAS GERAIS,DER-MG,DER-MG,CONSERVACAO ROTINEIRA DA MALHA VIARIA,Transportes
2026,6,2301,4385,10,0,Investimentos Próprios,-11481.63,4683.44,0.0,DEPARTAMENTO DE ESTRADAS DE RODAGEM DO ESTADO DE MINAS GERAIS,DER-MG,DER-MG,REABILITACAO DA MALHA VIARIA,Transportes
2026,6,2301,4293,32,0,Investimentos Próprios,-1918822.0,0.0,0.0,DEPARTAMENTO DE ESTRADAS DE RODAGEM DO ESTADO DE MINAS GERAIS,DER-MG,DER-MG,CONSERVACAO ROTINEIRA DA MALHA VIARIA,Transportes
2026,6,2301,4284,10,0,Investimentos Próprios,0.0,45205.94,0.0,DEPARTAMENTO DE ESTRADAS DE RODAGEM DO ESTADO DE MINAS GERAIS,DER-MG,DER-MG,PREVENCAO E MITIGACAO DE DANOS AMBIENTAIS,Transportes
2026,6,2301,4385,10,0,Investimentos Próprios,-59998.39,328229.76,0.0,DEPARTAMENTO DE ESTRADAS DE RODAGEM DO ESTADO DE MINAS GERAIS,DER-MG,DER-MG,REABILITACAO DA MALHA VIARIA,Transportes
2026,6,2301,4385,33,0,Investimentos Próprios,1276981.65,0.0,704685.38,DEPARTAMENTO DE ESTRADAS DE RODAGEM DO ESTADO DE MINAS GERAIS,DER-MG,DER-MG,REABILITACAO DA MALHA VIARIA,Transportes
2026,6,1251,4365,48,0,Investimentos Próprios,1025000.0,0.0,0.0,POLICIA MILITAR DO ESTADO DE MINAS GERAIS,PMMG,PMMG,POLICIAMENTO OSTENSIVO GERAL,Segurança Pública
2026,6,1301,1037,32,0,Investimentos Próprios,124399.56,0.0,0.0,"SECRETARIA DE ESTADO DE INFRAESTRUTURA, MOBILIDADE E PARCERIAS",SEINFRA,SEINFRA,"INTERVENCOES NA INFRAESTRUTURA RODOVIARIA ESTADUAL, MUNICIPAL E REGIONAL",Transportes
2026,6,1251,4365,48,0,Investimentos Próprios,567394.7,0.0,0.0,POLICIA MILITAR DO ESTADO DE MINAS GERAIS,PMMG,PMMG,POLICIAMENTO OSTENSIVO GERAL,Segurança Pública
2026,6,2301,4385,10,0,Investimentos Próprios,0.0,7079.4,0.0,DEPARTAMENTO DE ESTRADAS DE RODAGEM DO ESTADO DE MINAS GERAIS,DER-MG,DER-MG,REABILITACAO DA MALHA VIARIA,Transportes
2026,6,2301,4268,33,0,Investimentos Próprios,285311.7,0.0,46315.6,DEPARTAMENTO DE ESTRADAS DE RODAGEM DO ESTADO DE MINAS GERAIS,DER-MG,DER-MG,AMPLIACAO DE CAPACIDADE DA MALHA E RESTAURACAO DO PAVIMENTO,Transportes
2026,6,1301,1037,32,0,Investimentos Próprios,2734025.66,0.0,0.0,"SECRETARIA DE ESTADO DE INFRAESTRUTURA, MOBILIDADE E PARCERIAS",SEINFRA,SEINFRA,"INTERVENCOES NA INFRAESTRUTURA RODOVIARIA ESTADUAL, MUNICIPAL E REGIONAL",Transportes
2026,6,1251,4365,48,0,Investimentos Próprios,0.0,429800.0,0.0,POLICIA MILITAR DO ESTADO DE MINAS GERAIS,PMMG,PMMG,POLICIAMENTO OSTENSIVO GERAL,Segurança Pública
2026,6,1511,4060,48,0,Investimentos Próprios,0.0,3748.65,0.0,POLICIA CIVIL DO ESTADO DE MINAS GERAIS,PCMG,PCMG,GESTAO DAS UNIDADES POLICIAIS,Segurança Pública
2026,6,2301,4275,10,0,Investimentos Próprios,0.0,21105.9,0.0,DEPARTAMENTO DE ESTRADAS DE RODAGEM DO ESTADO DE MINAS GERAIS,DER-MG,DER-MG,IMPLANTACAO/PAVIMENTACAO DA MALHA,Transportes
2026,6,1301,1038,32,0,Investimentos Próprios,0.0,3062.71,0.0,"SECRETARIA DE ESTADO DE INFRAESTRUTURA, MOBILIDADE E PARCERIAS",SEINFRA,SEINFRA,REQUALIFICACAO URBANA E AMBIENTAL DO RIBEIRAO ARRUDAS -  PAC FNHIS,Habitação
2026,6,1511,4061,48,0,Investimentos Próprios,119438.54,0.0,0.0,POLICIA CIVIL DO ESTADO DE MINAS GERAIS,PCMG,PCMG,PERICIAS TECNICO-CIENTIFICAS,Segurança Pública
2026,6,2301,4293,32,0,Investimentos Próprios,0.0,57202.22,0.0,DEPARTAMENTO DE ESTRADAS DE RODAGEM DO ESTADO DE MINAS GERAIS,DER-MG,DER-MG,CONSERVACAO ROTINEIRA DA MALHA VIARIA,Transportes
2026,6,2301,4293,32,0,Investimentos Próprios,2448558.0,3808403.43,0.0,DEPARTAMENTO DE ESTRADAS DE RODAGEM DO ESTADO DE MINAS GERAIS,DER-MG,DER-MG,CONSERVACAO ROTINEIRA DA MALHA VIARIA,Transportes
2026,6,2301,4293,32,0,Investimentos Próprios,95000.0,519111.12,0.0,DEPARTAMENTO DE ESTRADAS DE RODAGEM DO ESTADO DE MINAS GERAIS,DER-MG,DER-MG,CONSERVACAO ROTINEIRA DA MALHA VIARIA,Transportes
2026,6,2301,4293,32,0,Investimentos Próprios,43000.0,0.0,0.0,DEPARTAMENTO DE ESTRADAS DE RODAGEM DO ESTADO DE MINAS GERAIS,DER-MG,DER-MG,CONSERVACAO ROTINEIRA DA MALHA VIARIA,Transportes
2026,6,1511,4061,48,0,Investimentos Próprios,0.0,6492.15,0.0,POLICIA CIVIL DO ESTADO DE MINAS GERAIS,PCMG,PCMG,PERICIAS TECNICO-CIENTIFICAS,Segurança Pública
2026,6,1511,4060,48,0,Investimentos Próprios,0.0,0.0,0.0,POLICIA CIVIL DO ESTADO DE MINAS GERAIS,PCMG,PCMG,GESTAO DAS UNIDADES POLICIAIS,Segurança Pública
2026,6,1511,4060,48,0,Investimentos Próprios,122629.0,0.0,0.0,POLICIA CIVIL DO ESTADO DE MINAS GERAIS,PCMG,PCMG,GESTAO DAS UNIDADES POLICIAIS,Segurança Pública
2026,6,2301,4293,32,0,Investimentos Próprios,9228450.04,8108844.27,0.0,DEPARTAMENTO DE ESTRADAS DE RODAGEM DO ESTADO DE MINAS GERAIS,DER-MG,DER-MG,CONSERVACAO ROTINEIRA DA MALHA VIARIA,Transportes
2026,6,2301,4275,33,0,Investimentos Próprios,6674.52,6674.52,6674.52,DEPARTAMENTO DE ESTRADAS DE RODAGEM DO ESTADO DE MINAS GERAIS,DER-MG,DER-MG,IMPLANTACAO/PAVIMENTACAO DA MALHA,Transportes
2026,6,2301,4385,10,0,Investimentos Próprios,-112758.45,79896.95,0.0,DEPARTAMENTO DE ESTRADAS DE RODAGEM DO ESTADO DE MINAS GERAIS,DER-MG,DER-MG,REABILITACAO DA MALHA VIARIA,Transportes
2026,6,2301,4293,32,0,Investimentos Próprios,385000.0,0.0,0.0,DEPARTAMENTO DE ESTRADAS DE RODAGEM DO ESTADO DE MINAS GERAIS,DER-MG,DER-MG,CONSERVACAO ROTINEIRA DA MALHA VIARIA,Transportes
2026,6,2301,4385,89,1,FEF,6299610.33,6299610.33,6299610.33,DEPARTAMENTO DE ESTRADAS DE RODAGEM DO ESTADO DE MINAS GERAIS,DER-MG,DER-MG,REABILITACAO DA MALHA VIARIA,Transportes
2026,6,2301,4293,32,0,Investimentos Próprios,-245459.0,0.0,0.0,DEPARTAMENTO DE ESTRADAS DE RODAGEM DO ESTADO DE MINAS GERAIS,DER-MG,DER-MG,CONSERVACAO ROTINEIRA DA MALHA VIARIA,Transportes
2026,6,1511,4060,48,0,Investimentos Próprios,0.0,477643.35,0.0,POLICIA CIVIL DO ESTADO DE MINAS GERAIS,PCMG,PCMG,GESTAO DAS UNIDADES POLICIAIS,Segurança Pública
2026,6,1511,4061,48,0,Investimentos Próprios,0.0,14340.0,0.0,POLICIA CIVIL DO ESTADO DE MINAS GERAIS,PCMG,PCMG,PERICIAS TECNICO-CIENTIFICAS,Segurança Pública
2026,6,2301,4293,32,0,Investimentos Próprios,93324.0,0.0,0.0,DEPARTAMENTO DE ESTRADAS DE RODAGEM DO ESTADO DE MINAS GERAIS,DER-MG,DER-MG,CONSERVACAO ROTINEIRA DA MALHA VIARIA,Transportes
2026,6,1511,1051,48,0,Investimentos Próprios,0.0,0.0,0.0,POLICIA CIVIL DO ESTADO DE MINAS GERAIS,PCMG,PCMG,IMPLEMENTACAO DA CADEIA DE CUSTODIA DA PROVA EM MINAS GERAIS,Segurança Pública
2026,6,1301,1038,32,0,Investimentos Próprios,242808.49,0.0,0.0,"SECRETARIA DE ESTADO DE INFRAESTRUTURA, MOBILIDADE E PARCERIAS",SEINFRA,SEINFRA,REQUALIFICACAO URBANA E AMBIENTAL DO RIBEIRAO ARRUDAS -  PAC FNHIS,Habitação
2026,6,2301,4162,10,0,Investimentos Próprios,0.0,178509.61,0.0,DEPARTAMENTO DE ESTRADAS DE RODAGEM DO ESTADO DE MINAS GERAIS,DER-MG,DER-MG,SUPORTE A GESTAO DOS ATIVOS RODOVIARIOS,Transportes
2026,6,2301,4293,32,0,Investimentos Próprios,341000.0,911749.46,0.0,DEPARTAMENTO DE ESTRADAS DE RODAGEM DO ESTADO DE MINAS GERAIS,DER-MG,DER-MG,CONSERVACAO ROTINEIRA DA MALHA VIARIA,Transportes
2026,6,2301,4268,10,0,Investimentos Próprios,0.0,39521.88,0.0,DEPARTAMENTO DE ESTRADAS DE RODAGEM DO ESTADO DE MINAS GERAIS,DER-MG,DER-MG,AMPLIACAO DE CAPACIDADE DA MALHA E RESTAURACAO DO PAVIMENTO,Transportes
2026,6,2301,4385,10,0,Investimentos Próprios,447288.82,1915070.15,0.0,DEPARTAMENTO DE ESTRADAS DE RODAGEM DO ESTADO DE MINAS GERAIS,DER-MG,DER-MG,REABILITACAO DA MALHA VIARIA,Transportes
2026,6,2301,4385,33,0,Investimentos Próprios,-552850.07,208019.5,0.0,DEPARTAMENTO DE ESTRADAS DE RODAGEM DO ESTADO DE MINAS GERAIS,DER-MG,DER-MG,REABILITACAO DA MALHA VIARIA,Transportes
2026,6,1511,4060,48,0,Investimentos Próprios,0.0,8376960.0,0.0,POLICIA CIVIL DO ESTADO DE MINAS GERAIS,PCMG,PCMG,GESTAO DAS UNIDADES POLICIAIS,Segurança Pública
2026,6,2301,4385,10,0,Investimentos Próprios,-4539.9,1366796.2,0.0,DEPARTAMENTO DE ESTRADAS DE RODAGEM DO ESTADO DE MINAS GERAIS,DER-MG,DER-MG,REABILITACAO DA MALHA VIARIA,Transportes
2026,6,2301,4275,10,0,Investimentos Próprios,94222.67,94222.67,94222.67,DEPARTAMENTO DE ESTRADAS DE RODAGEM DO ESTADO DE MINAS GERAIS,DER-MG,DER-MG,IMPLANTACAO/PAVIMENTACAO DA MALHA,Transportes
2026,6,2301,4293,32,0,Investimentos Próprios,143500.0,0.0,0.0,DEPARTAMENTO DE ESTRADAS DE RODAGEM DO ESTADO DE MINAS GERAIS,DER-MG,DER-MG,CONSERVACAO ROTINEIRA DA MALHA VIARIA,Transportes
2026,6,1251,4365,48,0,Investimentos Próprios,0.0,147500.0,0.0,POLICIA MILITAR DO ESTADO DE MINAS GERAIS,PMMG,PMMG,POLICIAMENTO OSTENSIVO GERAL,Segurança Pública
2026,6,2301,4268,33,0,Investimentos Próprios,-2434378.53,1641344.57,0.0,DEPARTAMENTO DE ESTRADAS DE RODAGEM DO ESTADO DE MINAS GERAIS,DER-MG,DER-MG,AMPLIACAO DE CAPACIDADE DA MALHA E RESTAURACAO DO PAVIMENTO,Transportes
2026,6,2301,4275,10,0,Investimentos Próprios,-512693.0,0.0,0.0,DEPARTAMENTO DE ESTRADAS DE RODAGEM DO ESTADO DE MINAS GERAIS,DER-MG,DER-MG,IMPLANTACAO/PAVIMENTACAO DA MALHA,Transportes
2026,6,1301,1036,10,0,Investimentos Próprios,0.0,0.0,0.0,"SECRETARIA DE ESTADO DE INFRAESTRUTURA, MOBILIDADE E PARCERIAS",SEINFRA,SEINFRA,CONTENCAO DE ENCOSTAS EM AREAS DE RISCO - PAC ENCOSTAS,Saneamento
2026,6,1301,1036,10,0,Investimentos Próprios,0.0,0.0,0.0,"SECRETARIA DE ESTADO DE INFRAESTRUTURA, MOBILIDADE E PARCERIAS",SEINFRA,SEINFRA,CONTENCAO DE ENCOSTAS EM AREAS DE RISCO - PAC ENCOSTAS,Saneamento
2026,6,2301,4293,32,0,Investimentos Próprios,1435000.0,0.0,0.0,DEPARTAMENTO DE ESTRADAS DE RODAGEM DO ESTADO DE MINAS GERAIS,DER-MG,DER-MG,CONSERVACAO ROTINEIRA DA MALHA VIARIA,Transportes
2026,6,2301,4293,32,0,Investimentos Próprios,798.85,0.0,0.0,DEPARTAMENTO DE ESTRADAS DE RODAGEM DO ESTADO DE MINAS GERAIS,DER-MG,DER-MG,CONSERVACAO ROTINEIRA DA MALHA VIARIA,Transportes
2026,6,1511,4060,48,0,Investimentos Próprios,36705.2,0.0,36705.2,POLICIA CIVIL DO ESTADO DE MINAS GERAIS,PCMG,PCMG,GESTAO DAS UNIDADES POLICIAIS,Segurança Pública
2026,6,2301,4385,10,0,Investimentos Próprios,21625.51,39852.15,0.0,DEPARTAMENTO DE ESTRADAS DE RODAGEM DO ESTADO DE MINAS GERAIS,DER-MG,DER-MG,REABILITACAO DA MALHA VIARIA,Transportes
2026,6,2301,4293,32,0,Investimentos Próprios,-54500.0,0.0,0.0,DEPARTAMENTO DE ESTRADAS DE RODAGEM DO ESTADO DE MINAS GERAIS,DER-MG,DER-MG,CONSERVACAO ROTINEIRA DA MALHA VIARIA,Transportes
2026,6,2301,4385,33,0,Investimentos Próprios,0.0,0.0,0.0,DEPARTAMENTO DE ESTRADAS DE RODAGEM DO ESTADO DE MINAS GERAIS,DER-MG,DER-MG,REABILITACAO DA MALHA VIARIA,Transportes
2026,6,2301,4293,32,0,Investimentos Próprios,-1217922.0,1529705.33,0.0,DEPARTAMENTO DE ESTRADAS DE RODAGEM DO ESTADO DE MINAS GERAIS,DER-MG,DER-MG,CONSERVACAO ROTINEIRA DA MALHA VIARIA,Transportes
2026,6,2301,4293,32,0,Investimentos Próprios,-41763.48,2040519.42,0.0,DEPARTAMENTO DE ESTRADAS DE RODAGEM DO ESTADO DE MINAS GERAIS,DER-MG,DER-MG,CONSERVACAO ROTINEIRA DA MALHA VIARIA,Transportes
2026,6,2301,4280,10,0,Investimentos Próprios,0.0,88854.64,0.0,DEPARTAMENTO DE ESTRADAS DE RODAGEM DO ESTADO DE MINAS GERAIS,DER-MG,DER-MG,MITIGACAO DE DANOS PONTUAIS NAS RODOVIAS,Transportes
2026,6,2301,4293,32,0,Investimentos Próprios,79640.7,699166.3,0.0,DEPARTAMENTO DE ESTRADAS DE RODAGEM DO ESTADO DE MINAS GERAIS,DER-MG,DER-MG,CONSERVACAO ROTINEIRA DA MALHA VIARIA,Transportes
2026,6,2301,4385,10,0,Investimentos Próprios,100000.0,27516.92,0.0,DEPARTAMENTO DE ESTRADAS DE RODAGEM DO ESTADO DE MINAS GERAIS,DER-MG,DER-MG,REABILITACAO DA MALHA VIARIA,Transportes
2026,6,2301,4162,10,0,Investimentos Próprios,-20000.0,0.0,0.0,DEPARTAMENTO DE ESTRADAS DE RODAGEM DO ESTADO DE MINAS GERAIS,DER-MG,DER-MG,SUPORTE A GESTAO DOS ATIVOS RODOVIARIOS,Transportes
2026,6,1251,4365,48,0,Investimentos Próprios,72000.0,0.0,0.0,POLICIA MILITAR DO ESTADO DE MINAS GERAIS,PMMG,PMMG,POLICIAMENTO OSTENSIVO GERAL,Segurança Pública
2026,6,2301,4385,10,0,Investimentos Próprios,-5343.42,59425.34,0.0,DEPARTAMENTO DE ESTRADAS DE RODAGEM DO ESTADO DE MINAS GERAIS,DER-MG,DER-MG,REABILITACAO DA MALHA VIARIA,Transportes
2026,6,2301,4268,10,0,Investimentos Próprios,881742.93,0.0,0.0,DEPARTAMENTO DE ESTRADAS DE RODAGEM DO ESTADO DE MINAS GERAIS,DER-MG,DER-MG,AMPLIACAO DE CAPACIDADE DA MALHA E RESTAURACAO DO PAVIMENTO,Transportes
2026,6,1251,4365,48,0,Investimentos Próprios,0.0,410550.0,0.0,POLICIA MILITAR DO ESTADO DE MINAS GERAIS,PMMG,PMMG,POLICIAMENTO OSTENSIVO GERAL,Segurança Pública
2026,6,2301,4268,10,0,Investimentos Próprios,190207.8,0.0,0.0,DEPARTAMENTO DE ESTRADAS DE RODAGEM DO ESTADO DE MINAS GERAIS,DER-MG,DER-MG,AMPLIACAO DE CAPACIDADE DA MALHA E RESTAURACAO DO PAVIMENTO,Transportes
2026,6,1511,4060,48,0,Investimentos Próprios,0.0,8411.0,0.0,POLICIA CIVIL DO ESTADO DE MINAS GERAIS,PCMG,PCMG,GESTAO DAS UNIDADES POLICIAIS,Segurança Pública
2026,6,2301,4293,32,0,Investimentos Próprios,-1558463.14,0.0,0.0,DEPARTAMENTO DE ESTRADAS DE RODAGEM DO ESTADO DE MINAS GERAIS,DER-MG,DER-MG,CONSERVACAO ROTINEIRA DA MALHA VIARIA,Transportes
2026,6,2301,4275,10,0,Investimentos Próprios,-2200000.0,0.0,0.0,DEPARTAMENTO DE ESTRADAS DE RODAGEM DO ESTADO DE MINAS GERAIS,DER-MG,DER-MG,IMPLANTACAO/PAVIMENTACAO DA MALHA,Transportes
2026,6,2301,4275,33,0,Investimentos Próprios,0.0,0.0,0.0,DEPARTAMENTO DE ESTRADAS DE RODAGEM DO ESTADO DE MINAS GERAIS,DER-MG,DER-MG,IMPLANTACAO/PAVIMENTACAO DA MALHA,Transportes
2026,6,2301,4385,10,0,Investimentos Próprios,38825.8,0.0,0.0,DEPARTAMENTO DE ESTRADAS DE RODAGEM DO ESTADO DE MINAS GERAIS,DER-MG,DER-MG,REABILITACAO DA MALHA VIARIA,Transportes
2026,6,2301,4293,32,0,Investimentos Próprios,2137000.0,2588268.6,0.0,DEPARTAMENTO DE ESTRADAS DE RODAGEM DO ESTADO DE MINAS GERAIS,DER-MG,DER-MG,CONSERVACAO ROTINEIRA DA MALHA VIARIA,Transportes
2026,6,2301,4275,10,0,Investimentos Próprios,2000000.0,751919.38,0.0,DEPARTAMENTO DE ESTRADAS DE RODAGEM DO ESTADO DE MINAS GERAIS,DER-MG,DER-MG,IMPLANTACAO/PAVIMENTACAO DA MALHA,Transportes
2026,6,2301,4162,10,0,Investimentos Próprios,-20000.0,0.0,0.0,DEPARTAMENTO DE ESTRADAS DE RODAGEM DO ESTADO DE MINAS GERAIS,DER-MG,DER-MG,SUPORTE A GESTAO DOS ATIVOS RODOVIARIOS,Transportes
2026,6,2301,4162,10,0,Investimentos Próprios,0.0,312652.2,0.0,DEPARTAMENTO DE ESTRADAS DE RODAGEM DO ESTADO DE MINAS GERAIS,DER-MG,DER-MG,SUPORTE A GESTAO DOS ATIVOS RODOVIARIOS,Transportes
2026,6,2301,4268,33,0,Investimentos Próprios,1899066.83,0.0,0.0,DEPARTAMENTO DE ESTRADAS DE RODAGEM DO ESTADO DE MINAS GERAIS,DER-MG,DER-MG,AMPLIACAO DE CAPACIDADE DA MALHA E RESTAURACAO DO PAVIMENTO,Transportes
2026,6,1301,4262,10,0,Investimentos Próprios,8407200.0,0.0,555520.0,"SECRETARIA DE ESTADO DE INFRAESTRUTURA, MOBILIDADE E PARCERIAS",SEINFRA,SEINFRA,FOMENTO A INFRAESTRUTURA PUBLICA MUNICIPAL,Transportes
2026,6,2301,4162,10,0,Investimentos Próprios,1965196.76,0.0,794997.15,DEPARTAMENTO DE ESTRADAS DE RODAGEM DO ESTADO DE MINAS GERAIS,DER-MG,DER-MG,SUPORTE A GESTAO DOS ATIVOS RODOVIARIOS,Transportes
2026,6,2301,4268,10,0,Investimentos Próprios,209886.65,0.0,0.0,DEPARTAMENTO DE ESTRADAS DE RODAGEM DO ESTADO DE MINAS GERAIS,DER-MG,DER-MG,AMPLIACAO DE CAPACIDADE DA MALHA E RESTAURACAO DO PAVIMENTO,Transportes
2026,6,2301,4162,10,0,Investimentos Próprios,-10153.64,0.0,0.0,DEPARTAMENTO DE ESTRADAS DE RODAGEM DO ESTADO DE MINAS GERAIS,DER-MG,DER-MG,SUPORTE A GESTAO DOS ATIVOS RODOVIARIOS,Transportes
2026,6,2301,4385,10,0,Investimentos Próprios,1623777.39,1623777.39,1623777.39,DEPARTAMENTO DE ESTRADAS DE RODAGEM DO ESTADO DE MINAS GERAIS,DER-MG,DER-MG,REABILITACAO DA MALHA VIARIA,Transportes
2026,6,2301,4385,10,0,Investimentos Próprios,0.0,82295.36,0.0,DEPARTAMENTO DE ESTRADAS DE RODAGEM DO ESTADO DE MINAS GERAIS,DER-MG,DER-MG,REABILITACAO DA MALHA VIARIA,Transportes
2026,6,1251,4365,48,0,Investimentos Próprios,1484762.44,0.0,0.0,POLICIA MILITAR DO ESTADO DE MINAS GERAIS,PMMG,PMMG,POLICIAMENTO OSTENSIVO GERAL,Segurança Pública
2026,6,2301,4293,32,0,Investimentos Próprios,415763.48,4215564.18,0.0,DEPARTAMENTO DE ESTRADAS DE RODAGEM DO ESTADO DE MINAS GERAIS,DER-MG,DER-MG,CONSERVACAO ROTINEIRA DA MALHA VIARIA,Transportes
2026,6,2301,4275,10,0,Investimentos Próprios,0.0,0.0,0.0,DEPARTAMENTO DE ESTRADAS DE RODAGEM DO ESTADO DE MINAS GERAIS,DER-MG,DER-MG,IMPLANTACAO/PAVIMENTACAO DA MALHA,Transportes
2026,6,2301,4385,10,0,Investimentos Próprios,0.0,4386.57,0.0,DEPARTAMENTO DE ESTRADAS DE RODAGEM DO ESTADO DE MINAS GERAIS,DER-MG,DER-MG,REABILITACAO DA MALHA VIARIA,Transportes
2026,6,2301,4293,32,0,Investimentos Próprios,567586.89,607855.31,0.0,DEPARTAMENTO DE ESTRADAS DE RODAGEM DO ESTADO DE MINAS GERAIS,DER-MG,DER-MG,CONSERVACAO ROTINEIRA DA MALHA VIARIA,Transportes
2026,6,2301,4293,32,0,Investimentos Próprios,-44000.0,14783.74,0.0,DEPARTAMENTO DE ESTRADAS DE RODAGEM DO ESTADO DE MINAS GERAIS,DER-MG,DER-MG,CONSERVACAO ROTINEIRA DA MALHA VIARIA,Transportes
2026,6,2301,4385,32,0,Investimentos Próprios,-11369.18,110243.0,0.0,DEPARTAMENTO DE ESTRADAS DE RODAGEM DO ESTADO DE MINAS GERAIS,DER-MG,DER-MG,REABILITACAO DA MALHA VIARIA,Transportes
2026,6,1301,4290,10,0,Investimentos Próprios,0.0,0.0,0.0,"SECRETARIA DE ESTADO DE INFRAESTRUTURA, MOBILIDADE E PARCERIAS",SEINFRA,SEINFRA,MELHORIA DA MOBILIDADE E INFRAESTRUTURA DE TRANSPORTES EM MINAS GERAIS,Transportes
2026,6,1511,4060,48,0,Investimentos Próprios,0.0,0.0,0.0,POLICIA CIVIL DO ESTADO DE MINAS GERAIS,PCMG,PCMG,GESTAO DAS UNIDADES POLICIAIS,Segurança Pública
2026,6,2301,4385,10,0,Investimentos Próprios,-25.89,0.0,0.0,DEPARTAMENTO DE ESTRADAS DE RODAGEM DO ESTADO DE MINAS GERAIS,DER-MG,DER-MG,REABILITACAO DA MALHA VIARIA,Transportes
2026,6,2301,4385,10,0,Investimentos Próprios,91244.04,373345.2,0.0,DEPARTAMENTO DE ESTRADAS DE RODAGEM DO ESTADO DE MINAS GERAIS,DER-MG,DER-MG,REABILITACAO DA MALHA VIARIA,Transportes
2026,6,2301,4293,32,0,Investimentos Próprios,2286461.77,2347716.23,0.0,DEPARTAMENTO DE ESTRADAS DE RODAGEM DO ESTADO DE MINAS GERAIS,DER-MG,DER-MG,CONSERVACAO ROTINEIRA DA MALHA VIARIA,Transportes
2026,6,2301,4385,10,0,Investimentos Próprios,0.0,0.0,0.0,DEPARTAMENTO DE ESTRADAS DE RODAGEM DO ESTADO DE MINAS GERAIS,DER-MG,DER-MG,REABILITACAO DA MALHA VIARIA,Transportes
2026,6,2301,4272,10,0,Investimentos Próprios,-700000.0,0.0,0.0,DEPARTAMENTO DE ESTRADAS DE RODAGEM DO ESTADO DE MINAS GERAIS,DER-MG,DER-MG,IMPLANTACAO E RESTAURACAO DE OBRAS DE ARTES ESPECIAIS,Transportes
2026,6,2301,4162,10,0,Investimentos Próprios,0.0,89651.9,0.0,DEPARTAMENTO DE ESTRADAS DE RODAGEM DO ESTADO DE MINAS GERAIS,DER-MG,DER-MG,SUPORTE A GESTAO DOS ATIVOS RODOVIARIOS,Transportes
2026,6,2301,4385,10,0,Investimentos Próprios,-1410.65,81878.55,0.0,DEPARTAMENTO DE ESTRADAS DE RODAGEM DO ESTADO DE MINAS GERAIS,DER-MG,DER-MG,REABILITACAO DA MALHA VIARIA,Transportes
2026,6,2301,4293,32,0,Investimentos Próprios,-698719.63,408400.58,0.0,DEPARTAMENTO DE ESTRADAS DE RODAGEM DO ESTADO DE MINAS GERAIS,DER-MG,DER-MG,CONSERVACAO ROTINEIRA DA MALHA VIARIA,Transportes
2026,6,1301,4262,10,0,Investimentos Próprios,2500000.0,2500000.0,2500000.0,"SECRETARIA DE ESTADO DE INFRAESTRUTURA, MOBILIDADE E PARCERIAS",SEINFRA,SEINFRA,FOMENTO A INFRAESTRUTURA PUBLICA MUNICIPAL,Transportes
2026,6,1511,4060,48,0,Investimentos Próprios,0.0,0.0,0.0,POLICIA CIVIL DO ESTADO DE MINAS GERAIS,PCMG,PCMG,GESTAO DAS UNIDADES POLICIAIS,Segurança Pública
2026,6,2301,4284,10,0,Investimentos Próprios,0.0,45205.93,0.0,DEPARTAMENTO DE ESTRADAS DE RODAGEM DO ESTADO DE MINAS GERAIS,DER-MG,DER-MG,PREVENCAO E MITIGACAO DE DANOS AMBIENTAIS,Transportes
2026,6,2301,4385,33,0,Investimentos Próprios,200000.0,0.0,37920.89,DEPARTAMENTO DE ESTRADAS DE RODAGEM DO ESTADO DE MINAS GERAIS,DER-MG,DER-MG,REABILITACAO DA MALHA VIARIA,Transportes
2026,6,2301,4385,10,0,Investimentos Próprios,6330325.83,6330325.83,0.0,DEPARTAMENTO DE ESTRADAS DE RODAGEM DO ESTADO DE MINAS GERAIS,DER-MG,DER-MG,REABILITACAO DA MALHA VIARIA,Transportes
2026,6,1251,4365,48,0,Investimentos Próprios,0.0,1196879.0,0.0,POLICIA MILITAR DO ESTADO DE MINAS GERAIS,PMMG,PMMG,POLICIAMENTO OSTENSIVO GERAL,Segurança Pública
2026,6,1301,4262,10,0,Investimentos Próprios,3500000.0,3500000.0,3500000.0,"SECRETARIA DE ESTADO DE INFRAESTRUTURA, MOBILIDADE E PARCERIAS",SEINFRA,SEINFRA,FOMENTO A INFRAESTRUTURA PUBLICA MUNICIPAL,Transportes
2026,6,2301,4284,10,0,Investimentos Próprios,0.0,20220.27,0.0,DEPARTAMENTO DE ESTRADAS DE RODAGEM DO ESTADO DE MINAS GERAIS,DER-MG,DER-MG,PREVENCAO E MITIGACAO DE DANOS AMBIENTAIS,Transportes
2026,6,2301,4284,10,0,Investimentos Próprios,0.0,49903.98,0.0,DEPARTAMENTO DE ESTRADAS DE RODAGEM DO ESTADO DE MINAS GERAIS,DER-MG,DER-MG,PREVENCAO E MITIGACAO DE DANOS AMBIENTAIS,Transportes
2026,6,2301,4275,33,0,Investimentos Próprios,0.0,0.0,0.0,DEPARTAMENTO DE ESTRADAS DE RODAGEM DO ESTADO DE MINAS GERAIS,DER-MG,DER-MG,IMPLANTACAO/PAVIMENTACAO DA MALHA,Transportes
2026,6,2301,4293,32,0,Investimentos Próprios,363.6,1045097.47,0.0,DEPARTAMENTO DE ESTRADAS DE RODAGEM DO ESTADO DE MINAS GERAIS,DER-MG,DER-MG,CONSERVACAO ROTINEIRA DA MALHA VIARIA,Transportes
2026,6,2301,4268,10,0,Investimentos Próprios,7919248.4,0.0,0.0,DEPARTAMENTO DE ESTRADAS DE RODAGEM DO ESTADO DE MINAS GERAIS,DER-MG,DER-MG,AMPLIACAO DE CAPACIDADE DA MALHA E RESTAURACAO DO PAVIMENTO,Transportes
2026,6,4381,4210,54,0,Investimentos Próprios,0.0,122259.24,0.0,FUNDO ESTADUAL DE DESENVOLVIMENTO DE TRANSPORTES,FUNTRANS,FUNTRANS,REGULACAO DO USO E OCUPACAO DA FAIXA DE DOMINIO,Transportes
2026,6,2301,4385,10,0,Investimentos Próprios,100000.0,344331.74,0.0,DEPARTAMENTO DE ESTRADAS DE RODAGEM DO ESTADO DE MINAS GERAIS,DER-MG,DER-MG,REABILITACAO DA MALHA VIARIA,Transportes
2026,6,1511,1051,48,0,Investimentos Próprios,315600.0,0.0,163400.0,POLICIA CIVIL DO ESTADO DE MINAS GERAIS,PCMG,PCMG,IMPLEMENTACAO DA CADEIA DE CUSTODIA DA PROVA EM MINAS GERAIS,Segurança Pública
2026,6,1511,4060,48,0,Investimentos Próprios,0.0,3246.0,0.0,POLICIA CIVIL DO ESTADO DE MINAS GERAIS,PCMG,PCMG,GESTAO DAS UNIDADES POLICIAIS,Segurança Pública
2026,6,2301,4293,32,0,Investimentos Próprios,93352.0,0.0,0.0,DEPARTAMENTO DE ESTRADAS DE RODAGEM DO ESTADO DE MINAS GERAIS,DER-MG,DER-MG,CONSERVACAO ROTINEIRA DA MALHA VIARIA,Transportes
2026,6,1511,4060,48,0,Investimentos Próprios,0.0,0.0,0.0,POLICIA CIVIL DO ESTADO DE MINAS GERAIS,PCMG,PCMG,GESTAO DAS UNIDADES POLICIAIS,Segurança Pública
2026,6,2301,4385,33,0,Investimentos Próprios,-243703.9,517165.67,0.0,DEPARTAMENTO DE ESTRADAS DE RODAGEM DO ESTADO DE MINAS GERAIS,DER-MG,DER-MG,REABILITACAO DA MALHA VIARIA,Transportes
2026,6,2301,4293,32,0,Investimentos Próprios,-659919.27,1466063.8,0.0,DEPARTAMENTO DE ESTRADAS DE RODAGEM DO ESTADO DE MINAS GERAIS,DER-MG,DER-MG,CONSERVACAO ROTINEIRA DA MALHA VIARIA,Transportes
2026,6,2301,4275,33,0,Investimentos Próprios,0.0,0.0,0.0,DEPARTAMENTO DE ESTRADAS DE RODAGEM DO ESTADO DE MINAS GERAIS,DER-MG,DER-MG,IMPLANTACAO/PAVIMENTACAO DA MALHA,Transportes
2026,6,2301,4162,10,0,Investimentos Próprios,0.0,312652.21,0.0,DEPARTAMENTO DE ESTRADAS DE RODAGEM DO ESTADO DE MINAS GERAIS,DER-MG,DER-MG,SUPORTE A GESTAO DOS ATIVOS RODOVIARIOS,Transportes
2026,6,2301,4385,10,0,Investimentos Próprios,-295021.71,132914.74,0.0,DEPARTAMENTO DE ESTRADAS DE RODAGEM DO ESTADO DE MINAS GERAIS,DER-MG,DER-MG,REABILITACAO DA MALHA VIARIA,Transportes
2026,6,2301,4385,33,0,Investimentos Próprios,887959.52,0.0,0.0,DEPARTAMENTO DE ESTRADAS DE RODAGEM DO ESTADO DE MINAS GERAIS,DER-MG,DER-MG,REABILITACAO DA MALHA VIARIA,Transportes
2026,6,2301,4162,10,0,Investimentos Próprios,-20000.0,0.0,0.0,DEPARTAMENTO DE ESTRADAS DE RODAGEM DO ESTADO DE MINAS GERAIS,DER-MG,DER-MG,SUPORTE A GESTAO DOS ATIVOS RODOVIARIOS,Transportes
2026,6,2301,4293,32,0,Investimentos Próprios,784293.31,784293.31,784293.31,DEPARTAMENTO DE ESTRADAS DE RODAGEM DO ESTADO DE MINAS GERAIS,DER-MG,DER-MG,CONSERVACAO ROTINEIRA DA MALHA VIARIA,Transportes
2026,6,1511,1051,48,0,Investimentos Próprios,0.0,28499.9,0.0,POLICIA CIVIL DO ESTADO DE MINAS GERAIS,PCMG,PCMG,IMPLEMENTACAO DA CADEIA DE CUSTODIA DA PROVA EM MINAS GERAIS,Segurança Pública
2026,6,1301,1037,32,0,Investimentos Próprios,124399.56,0.0,0.0,"SECRETARIA DE ESTADO DE INFRAESTRUTURA, MOBILIDADE E PARCERIAS",SEINFRA,SEINFRA,"INTERVENCOES NA INFRAESTRUTURA RODOVIARIA ESTADUAL, MUNICIPAL E REGIONAL",Transportes
2026,6,1251,4365,48,0,Investimentos Próprios,1690712.0,0.0,0.0,POLICIA MILITAR DO ESTADO DE MINAS GERAIS,PMMG,PMMG,POLICIAMENTO OSTENSIVO GERAL,Segurança Pública
2026,6,1511,4060,48,0,Investimentos Próprios,14150.0,0.0,14150.0,POLICIA CIVIL DO ESTADO DE MINAS GERAIS,PCMG,PCMG,GESTAO DAS UNIDADES POLICIAIS,Segurança Pública
2026,6,1511,4061,48,0,Investimentos Próprios,0.0,0.0,0.0,POLICIA CIVIL DO ESTADO DE MINAS GERAIS,PCMG,PCMG,PERICIAS TECNICO-CIENTIFICAS,Segurança Pública
2026,6,2301,4293,32,0,Investimentos Próprios,755565.0,796886.44,0.0,DEPARTAMENTO DE ESTRADAS DE RODAGEM DO ESTADO DE MINAS GERAIS,DER-MG,DER-MG,CONSERVACAO ROTINEIRA DA MALHA VIARIA,Transportes
2026,6,2301,4284,10,0,Investimentos Próprios,0.0,326241.48,0.0,DEPARTAMENTO DE ESTRADAS DE RODAGEM DO ESTADO DE MINAS GERAIS,DER-MG,DER-MG,PREVENCAO E MITIGACAO DE DANOS AMBIENTAIS,Transportes
2026,6,2301,4385,10,0,Investimentos Próprios,49579.52,79126.33,0.0,DEPARTAMENTO DE ESTRADAS DE RODAGEM DO ESTADO DE MINAS GERAIS,DER-MG,DER-MG,REABILITACAO DA MALHA VIARIA,Transportes
2026,6,2301,4385,10,0,Investimentos Próprios,20000.0,28390.1,0.0,DEPARTAMENTO DE ESTRADAS DE RODAGEM DO ESTADO DE MINAS GERAIS,DER-MG,DER-MG,REABILITACAO DA MALHA VIARIA,Transportes
2026,6,2301,4385,33,0,Investimentos Próprios,80497.68,689193.32,0.0,DEPARTAMENTO DE ESTRADAS DE RODAGEM DO ESTADO DE MINAS GERAIS,DER-MG,DER-MG,REABILITACAO DA MALHA VIARIA,Transportes
2026,6,2301,4268,10,0,Investimentos Próprios,100000.0,0.0,0.0,DEPARTAMENTO DE ESTRADAS DE RODAGEM DO ESTADO DE MINAS GERAIS,DER-MG,DER-MG,AMPLIACAO DE CAPACIDADE DA MALHA E RESTAURACAO DO PAVIMENTO,Transportes
2026,6,2301,4293,32,0,Investimentos Próprios,0.0,110667.73,0.0,DEPARTAMENTO DE ESTRADAS DE RODAGEM DO ESTADO DE MINAS GERAIS,DER-MG,DER-MG,CONSERVACAO ROTINEIRA DA MALHA VIARIA,Transportes
2026,6,2301,4385,33,0,Investimentos Próprios,220000.0,0.0,56438.56,DEPARTAMENTO DE ESTRADAS DE RODAGEM DO ESTADO DE MINAS GERAIS,DER-MG,DER-MG,REABILITACAO DA MALHA VIARIA,Transportes
2026,6,1511,4060,48,0,Investimentos Próprios,0.0,11890.0,0.0,POLICIA CIVIL DO ESTADO DE MINAS GERAIS,PCMG,PCMG,GESTAO DAS UNIDADES POLICIAIS,Segurança Pública
2026,6,1251,4365,48,0,Investimentos Próprios,0.0,8222000.0,0.0,POLICIA MILITAR DO ESTADO DE MINAS GERAIS,PMMG,PMMG,POLICIAMENTO OSTENSIVO GERAL,Segurança Pública
2026,6,1301,1036,10,0,Investimentos Próprios,231490.26,0.0,0.0,"SECRETARIA DE ESTADO DE INFRAESTRUTURA, MOBILIDADE E PARCERIAS",SEINFRA,SEINFRA,CONTENCAO DE ENCOSTAS EM AREAS DE RISCO - PAC ENCOSTAS,Saneamento
2026,6,2301,4385,10,0,Investimentos Próprios,10992590.76,5708386.48,0.0,DEPARTAMENTO DE ESTRADAS DE RODAGEM DO ESTADO DE MINAS GERAIS,DER-MG,DER-MG,REABILITACAO DA MALHA VIARIA,Transportes
2026,6,2301,4293,32,0,Investimentos Próprios,740000.0,500181.26,0.0,DEPARTAMENTO DE ESTRADAS DE RODAGEM DO ESTADO DE MINAS GERAIS,DER-MG,DER-MG,CONSERVACAO ROTINEIRA DA MALHA VIARIA,Transportes
2026,6,2301,4385,10,0,Investimentos Próprios,1331067.29,0.0,0.0,DEPARTAMENTO DE ESTRADAS DE RODAGEM DO ESTADO DE MINAS GERAIS,DER-MG,DER-MG,REABILITACAO DA MALHA VIARIA,Transportes
2026,6,2301,4385,89,1,FEF,1287389.67,1287389.67,1287389.67,DEPARTAMENTO DE ESTRADAS DE RODAGEM DO ESTADO DE MINAS GERAIS,DER-MG,DER-MG,REABILITACAO DA MALHA VIARIA,Transportes
2026,6,2301,4385,33,0,Investimentos Próprios,-2365000.0,1287173.9,0.0,DEPARTAMENTO DE ESTRADAS DE RODAGEM DO ESTADO DE MINAS GERAIS,DER-MG,DER-MG,REABILITACAO DA MALHA VIARIA,Transportes
2026,6,2301,4293,32,0,Investimentos Próprios,0.0,838965.54,0.0,DEPARTAMENTO DE ESTRADAS DE RODAGEM DO ESTADO DE MINAS GERAIS,DER-MG,DER-MG,CONSERVACAO ROTINEIRA DA MALHA VIARIA,Transportes
2026,6,1251,4365,48,0,Investimentos Próprios,0.0,974500.0,0.0,POLICIA MILITAR DO ESTADO DE MINAS GERAIS,PMMG,PMMG,POLICIAMENTO OSTENSIVO GERAL,Segurança Pública
2026,6,2301,4272,89,1,FEF,0.0,0.0,0.0,DEPARTAMENTO DE ESTRADAS DE RODAGEM DO ESTADO DE MINAS GERAIS,DER-MG,DER-MG,IMPLANTACAO E RESTAURACAO DE OBRAS DE ARTES ESPECIAIS,Transportes
2026,6,1511,4060,48,0,Investimentos Próprios,908771.5,0.0,298596.35,POLICIA CIVIL DO ESTADO DE MINAS GERAIS,PCMG,PCMG,GESTAO DAS UNIDADES POLICIAIS,Segurança Pública
2026,6,2301,4385,10,0,Investimentos Próprios,150590.93,673541.2,0.0,DEPARTAMENTO DE ESTRADAS DE RODAGEM DO ESTADO DE MINAS GERAIS,DER-MG,DER-MG,REABILITACAO DA MALHA VIARIA,Transportes
2026,6,2301,4385,10,0,Investimentos Próprios,0.0,26070.5,0.0,DEPARTAMENTO DE ESTRADAS DE RODAGEM DO ESTADO DE MINAS GERAIS,DER-MG,DER-MG,REABILITACAO DA MALHA VIARIA,Transportes
2026,6,2301,4275,10,0,Investimentos Próprios,0.0,102242.49,0.0,DEPARTAMENTO DE ESTRADAS DE RODAGEM DO ESTADO DE MINAS GERAIS,DER-MG,DER-MG,IMPLANTACAO/PAVIMENTACAO DA MALHA,Transportes
2026,6,1251,4365,48,0,Investimentos Próprios,1850000.0,0.0,0.0,POLICIA MILITAR DO ESTADO DE MINAS GERAIS,PMMG,PMMG,POLICIAMENTO OSTENSIVO GERAL,Segurança Pública
2026,6,2301,4162,10,0,Investimentos Próprios,0.0,621121.45,0.0,DEPARTAMENTO DE ESTRADAS DE RODAGEM DO ESTADO DE MINAS GERAIS,DER-MG,DER-MG,SUPORTE A GESTAO DOS ATIVOS RODOVIARIOS,Transportes
2026,6,2301,4268,10,0,Investimentos Próprios,400000.0,0.0,0.0,DEPARTAMENTO DE ESTRADAS DE RODAGEM DO ESTADO DE MINAS GERAIS,DER-MG,DER-MG,AMPLIACAO DE CAPACIDADE DA MALHA E RESTAURACAO DO PAVIMENTO,Transportes
2026,6,2301,4385,33,0,Investimentos Próprios,-11.38,335571.36,0.0,DEPARTAMENTO DE ESTRADAS DE RODAGEM DO ESTADO DE MINAS GERAIS,DER-MG,DER-MG,REABILITACAO DA MALHA VIARIA,Transportes
2026,6,2301,4284,10,0,Investimentos Próprios,0.0,49903.98,0.0,DEPARTAMENTO DE ESTRADAS DE RODAGEM DO ESTADO DE MINAS GERAIS,DER-MG,DER-MG,PREVENCAO E MITIGACAO DE DANOS AMBIENTAIS,Transportes
2026,6,2301,4293,32,0,Investimentos Próprios,4000.0,19203.6,0.0,DEPARTAMENTO DE ESTRADAS DE RODAGEM DO ESTADO DE MINAS GERAIS,DER-MG,DER-MG,CONSERVACAO ROTINEIRA DA MALHA VIARIA,Transportes
2026,6,2301,4275,10,0,Investimentos Próprios,25000000.0,13995710.78,0.0,DEPARTAMENTO DE ESTRADAS DE RODAGEM DO ESTADO DE MINAS GERAIS,DER-MG,DER-MG,IMPLANTACAO/PAVIMENTACAO DA MALHA,Transportes
2026,6,2301,4162,10,0,Investimentos Próprios,0.0,37575.91,0.0,DEPARTAMENTO DE ESTRADAS DE RODAGEM DO ESTADO DE MINAS GERAIS,DER-MG,DER-MG,SUPORTE A GESTAO DOS ATIVOS RODOVIARIOS,Transportes
2026,6,2301,4293,32,0,Investimentos Próprios,709941.05,737228.73,0.0,DEPARTAMENTO DE ESTRADAS DE RODAGEM DO ESTADO DE MINAS GERAIS,DER-MG,DER-MG,CONSERVACAO ROTINEIRA DA MALHA VIARIA,Transportes
2026,6,1511,4061,48,0,Investimentos Próprios,0.0,8249.6,0.0,POLICIA CIVIL DO ESTADO DE MINAS GERAIS,PCMG,PCMG,PERICIAS TECNICO-CIENTIFICAS,Segurança Pública
2026,6,1511,4060,48,0,Investimentos Próprios,135000.0,0.0,0.0,POLICIA CIVIL DO ESTADO DE MINAS GERAIS,PCMG,PCMG,GESTAO DAS UNIDADES POLICIAIS,Segurança Pública
2026,7,2301,4268,33,0,Investimentos Próprios,0.0,8138.08,0.0,DEPARTAMENTO DE ESTRADAS DE RODAGEM DO ESTADO DE MINAS GERAIS,DER-MG,DER-MG,AMPLIACAO DE CAPACIDADE DA MALHA E RESTAURACAO DO PAVIMENTO,Transportes
2026,7,2301,4293,32,0,Investimentos Próprios,0.0,69309.85,0.0,DEPARTAMENTO DE ESTRADAS DE RODAGEM DO ESTADO DE MINAS GERAIS,DER-MG,DER-MG,CONSERVACAO ROTINEIRA DA MALHA VIARIA,Transportes
2026,7,1261,2118,71,0,Investimentos Próprios,48200.0,46660.0,46660.0,SECRETARIA DE ESTADO DE EDUCACAO,SEE,SEE,TRILHAS DE FUTURO - ESTUDANTES,EPT
2026,7,1261,2118,71,0,Investimentos Próprios,38000.0,35720.0,35720.0,SECRETARIA DE ESTADO DE EDUCACAO,SEE,SEE,TRILHAS DE FUTURO - ESTUDANTES,EPT
2026,7,1261,2118,71,0,Investimentos Próprios,5460.0,5460.0,5460.0,SECRETARIA DE ESTADO DE EDUCACAO,SEE,SEE,TRILHAS DE FUTURO - ESTUDANTES,EPT
2026,7,1261,2118,10,0,Investimentos Próprios,0.0,0.0,0.0,SECRETARIA DE ESTADO DE EDUCACAO,SEE,SEE,TRILHAS DE FUTURO - ESTUDANTES,EPT
2026,7,1261,2118,71,0,Investimentos Próprios,31540.0,31540.0,31540.0,SECRETARIA DE ESTADO DE EDUCACAO,SEE,SEE,TRILHAS DE FUTURO - ESTUDANTES,EPT
2026,7,1261,2118,71,0,Investimentos Próprios,10500.0,10220.0,10220.0,SECRETARIA DE ESTADO DE EDUCACAO,SEE,SEE,TRILHAS DE FUTURO - ESTUDANTES,EPT
2026,7,1261,2118,71,0,Investimentos Próprios,17620.0,17620.0,17620.0,SECRETARIA DE ESTADO DE EDUCACAO,SEE,SEE,TRILHAS DE FUTURO - ESTUDANTES,EPT
2026,7,1261,2118,10,0,Investimentos Próprios,82693.27,82693.27,82693.27,SECRETARIA DE ESTADO DE EDUCACAO,SEE,SEE,TRILHAS DE FUTURO - ESTUDANTES,EPT
2026,7,1261,2118,10,0,Investimentos Próprios,520118.4,520118.4,520118.4,SECRETARIA DE ESTADO DE EDUCACAO,SEE,SEE,TRILHAS DE FUTURO - ESTUDANTES,EPT
2026,7,1261,2118,10,0,Investimentos Próprios,8415.21,8415.21,8415.21,SECRETARIA DE ESTADO DE EDUCACAO,SEE,SEE,TRILHAS DE FUTURO - ESTUDANTES,EPT
2026,7,1261,2118,71,0,Investimentos Próprios,15090.0,15080.0,15080.0,SECRETARIA DE ESTADO DE EDUCACAO,SEE,SEE,TRILHAS DE FUTURO - ESTUDANTES,EPT
2026,7,1261,2118,71,0,Investimentos Próprios,11500.0,11460.0,11460.0,SECRETARIA DE ESTADO DE EDUCACAO,SEE,SEE,TRILHAS DE FUTURO - ESTUDANTES,EPT
2026,7,1261,2118,10,0,Investimentos Próprios,32319.36,15117.12,15117.12,SECRETARIA DE ESTADO DE EDUCACAO,SEE,SEE,TRILHAS DE FUTURO - ESTUDANTES,EPT
2026,7,1261,2118,10,0,Investimentos Próprios,45740.8,20910.08,20910.08,SECRETARIA DE ESTADO DE EDUCACAO,SEE,SEE,TRILHAS DE FUTURO - ESTUDANTES,EPT
2026,7,1261,2118,10,0,Investimentos Próprios,42546.66,15273.16,15273.16,SECRETARIA DE ESTADO DE EDUCACAO,SEE,SEE,TRILHAS DE FUTURO - ESTUDANTES,EPT
2026,7,1261,2118,10,0,Investimentos Próprios,49661.44,23523.84,23523.84,SECRETARIA DE ESTADO DE EDUCACAO,SEE,SEE,TRILHAS DE FUTURO - ESTUDANTES,EPT
2026,7,1261,2118,10,0,Investimentos Próprios,32143.8,19286.28,19286.28,SECRETARIA DE ESTADO DE EDUCACAO,SEE,SEE,TRILHAS DE FUTURO - ESTUDANTES,EPT
2026,7,1261,2118,71,0,Investimentos Próprios,14520.0,14520.0,14520.0,SECRETARIA DE ESTADO DE EDUCACAO,SEE,SEE,TRILHAS DE FUTURO - ESTUDANTES,EPT
2026,7,1261,2118,71,0,Investimentos Próprios,11840.0,5920.0,5920.0,SECRETARIA DE ESTADO DE EDUCACAO,SEE,SEE,TRILHAS DE FUTURO - ESTUDANTES,EPT
2026,7,1261,2118,10,0,Investimentos Próprios,0.0,0.0,0.0,SECRETARIA DE ESTADO DE EDUCACAO,SEE,SEE,TRILHAS DE FUTURO - ESTUDANTES,EPT
2026,7,1261,2118,71,0,Investimentos Próprios,8000.0,8000.0,8000.0,SECRETARIA DE ESTADO DE EDUCACAO,SEE,SEE,TRILHAS DE FUTURO - ESTUDANTES,EPT
2026,7,1261,2118,71,0,Investimentos Próprios,58440.0,58440.0,89000.0,SECRETARIA DE ESTADO DE EDUCACAO,SEE,SEE,TRILHAS DE FUTURO - ESTUDANTES,EPT
2026,7,1261,2118,71,0,Investimentos Próprios,8990.0,8980.0,8980.0,SECRETARIA DE ESTADO DE EDUCACAO,SEE,SEE,TRILHAS DE FUTURO - ESTUDANTES,EPT
2026,7,1261,2118,71,0,Investimentos Próprios,8760.0,8760.0,8760.0,SECRETARIA DE ESTADO DE EDUCACAO,SEE,SEE,TRILHAS DE FUTURO - ESTUDANTES,EPT
2026,7,1261,2118,10,0,Investimentos Próprios,88320.0,88038.72,88038.72,SECRETARIA DE ESTADO DE EDUCACAO,SEE,SEE,TRILHAS DE FUTURO - ESTUDANTES,EPT
2026,7,1261,2118,71,0,Investimentos Próprios,9280.0,9280.0,9280.0,SECRETARIA DE ESTADO DE EDUCACAO,SEE,SEE,TRILHAS DE FUTURO - ESTUDANTES,EPT
2026,7,1261,2118,71,0,Investimentos Próprios,22800.0,5900.0,5900.0,SECRETARIA DE ESTADO DE EDUCACAO,SEE,SEE,TRILHAS DE FUTURO - ESTUDANTES,EPT
2026,7,1261,2118,71,0,Investimentos Próprios,14080.0,14080.0,14080.0,SECRETARIA DE ESTADO DE EDUCACAO,SEE,SEE,TRILHAS DE FUTURO - ESTUDANTES,EPT
2026,7,1261,2118,71,0,Investimentos Próprios,11740.0,11740.0,11740.0,SECRETARIA DE ESTADO DE EDUCACAO,SEE,SEE,TRILHAS DE FUTURO - ESTUDANTES,EPT
2026,7,1261,2118,71,0,Investimentos Próprios,10860.0,10860.0,10860.0,SECRETARIA DE ESTADO DE EDUCACAO,SEE,SEE,TRILHAS DE FUTURO - ESTUDANTES,EPT
2026,7,1261,2118,71,0,Investimentos Próprios,13040.0,13040.0,13040.0,SECRETARIA DE ESTADO DE EDUCACAO,SEE,SEE,TRILHAS DE FUTURO - ESTUDANTES,EPT
2026,7,1261,2118,71,0,Investimentos Próprios,35260.0,35260.0,35260.0,SECRETARIA DE ESTADO DE EDUCACAO,SEE,SEE,TRILHAS DE FUTURO - ESTUDANTES,EPT
2026,7,1261,2118,71,0,Investimentos Próprios,14940.0,14940.0,14940.0,SECRETARIA DE ESTADO DE EDUCACAO,SEE,SEE,TRILHAS DE FUTURO - ESTUDANTES,EPT
2026,7,1261,2118,71,0,Investimentos Próprios,55060.0,54360.0,54360.0,SECRETARIA DE ESTADO DE EDUCACAO,SEE,SEE,TRILHAS DE FUTURO - ESTUDANTES,EPT
2026,7,1261,2118,10,0,Investimentos Próprios,23321.08,23321.08,23321.08,SECRETARIA DE ESTADO DE EDUCACAO,SEE,SEE,TRILHAS DE FUTURO - ESTUDANTES,EPT
2026,7,1261,2118,71,0,Investimentos Próprios,35100.0,35100.0,35100.0,SECRETARIA DE ESTADO DE EDUCACAO,SEE,SEE,TRILHAS DE FUTURO - ESTUDANTES,EPT
2026,7,1261,2118,71,0,Investimentos Próprios,460000.0,151580.0,227540.0,SECRETARIA DE ESTADO DE EDUCACAO,SEE,SEE,TRILHAS DE FUTURO - ESTUDANTES,EPT
2026,7,1261,2118,71,0,Investimentos Próprios,20980.0,20980.0,20980.0,SECRETARIA DE ESTADO DE EDUCACAO,SEE,SEE,TRILHAS DE FUTURO - ESTUDANTES,EPT
2026,7,1261,2118,71,0,Investimentos Próprios,6140.1,6140.1,6140.1,SECRETARIA DE ESTADO DE EDUCACAO,SEE,SEE,TRILHAS DE FUTURO - ESTUDANTES,EPT
2026,7,1261,2118,71,0,Investimentos Próprios,81480.0,81160.0,126860.0,SECRETARIA DE ESTADO DE EDUCACAO,SEE,SEE,TRILHAS DE FUTURO - ESTUDANTES,EPT
2026,7,1261,2118,10,0,Investimentos Próprios,23000.0,21348.24,21348.24,SECRETARIA DE ESTADO DE EDUCACAO,SEE,SEE,TRILHAS DE FUTURO - ESTUDANTES,EPT
2026,7,1261,2118,71,0,Investimentos Próprios,10880.0,10880.0,0.0,SECRETARIA DE ESTADO DE EDUCACAO,SEE,SEE,TRILHAS DE FUTURO - ESTUDANTES,EPT
2026,7,1261,2118,10,0,Investimentos Próprios,21500.0,18766.12,18766.12,SECRETARIA DE ESTADO DE EDUCACAO,SEE,SEE,TRILHAS DE FUTURO - ESTUDANTES,EPT
2026,7,1261,2118,10,0,Investimentos Próprios,193079.4,193079.4,193079.4,SECRETARIA DE ESTADO DE EDUCACAO,SEE,SEE,TRILHAS DE FUTURO - ESTUDANTES,EPT
2026,7,1261,2118,71,0,Investimentos Próprios,54060.0,20620.0,20620.0,SECRETARIA DE ESTADO DE EDUCACAO,SEE,SEE,TRILHAS DE FUTURO - ESTUDANTES,EPT
2026,7,2301,4293,32,0,Investimentos Próprios,0.0,15535.44,0.0,DEPARTAMENTO DE ESTRADAS DE RODAGEM DO ESTADO DE MINAS GERAIS,DER-MG,DER-MG,CONSERVACAO ROTINEIRA DA MALHA VIARIA,Transportes
2026,7,1261,2118,71,0,Investimentos Próprios,12000.0,8120.0,13060.0,SECRETARIA DE ESTADO DE EDUCACAO,SEE,SEE,TRILHAS DE FUTURO - ESTUDANTES,EPT
2026,7,1261,2118,10,0,Investimentos Próprios,54000.0,53783.22,107110.65,SECRETARIA DE ESTADO DE EDUCACAO,SEE,SEE,TRILHAS DE FUTURO - ESTUDANTES,EPT
2026,7,2301,4293,32,0,Investimentos Próprios,2009372.42,513687.64,0.0,DEPARTAMENTO DE ESTRADAS DE RODAGEM DO ESTADO DE MINAS GERAIS,DER-MG,DER-MG,CONSERVACAO ROTINEIRA DA MALHA VIARIA,Transportes
2026,7,2301,4293,32,0,Investimentos Próprios,10199.86,2607.55,0.0,DEPARTAMENTO DE ESTRADAS DE RODAGEM DO ESTADO DE MINAS GERAIS,DER-MG,DER-MG,CONSERVACAO ROTINEIRA DA MALHA VIARIA,Transportes
2026,7,2301,4293,32,0,Investimentos Próprios,484735.04,463606.7,0.0,DEPARTAMENTO DE ESTRADAS DE RODAGEM DO ESTADO DE MINAS GERAIS,DER-MG,DER-MG,CONSERVACAO ROTINEIRA DA MALHA VIARIA,Transportes
2026,7,1261,2118,10,0,Investimentos Próprios,95742.92,95742.92,95742.92,SECRETARIA DE ESTADO DE EDUCACAO,SEE,SEE,TRILHAS DE FUTURO - ESTUDANTES,EPT
2026,7,1261,2118,10,0,Investimentos Próprios,68726.23,66958.52,66958.52,SECRETARIA DE ESTADO DE EDUCACAO,SEE,SEE,TRILHAS DE FUTURO - ESTUDANTES,EPT
2026,7,1261,2118,71,0,Investimentos Próprios,8860.0,8860.0,8860.0,SECRETARIA DE ESTADO DE EDUCACAO,SEE,SEE,TRILHAS DE FUTURO - ESTUDANTES,EPT
2026,7,1261,2118,10,0,Investimentos Próprios,24509.64,12254.82,12254.82,SECRETARIA DE ESTADO DE EDUCACAO,SEE,SEE,TRILHAS DE FUTURO - ESTUDANTES,EPT
2026,7,1261,2118,10,0,Investimentos Próprios,49000.0,48426.26,94806.34,SECRETARIA DE ESTADO DE EDUCACAO,SEE,SEE,TRILHAS DE FUTURO - ESTUDANTES,EPT
2026,7,1261,2118,71,0,Investimentos Próprios,9500.0,8800.0,8800.0,SECRETARIA DE ESTADO DE EDUCACAO,SEE,SEE,TRILHAS DE FUTURO - ESTUDANTES,EPT
2026,7,1261,2118,71,0,Investimentos Próprios,6000.0,5940.0,5940.0,SECRETARIA DE ESTADO DE EDUCACAO,SEE,SEE,TRILHAS DE FUTURO - ESTUDANTES,EPT
2026,7,1261,2118,71,0,Investimentos Próprios,14000.0,13740.0,13740.0,SECRETARIA DE ESTADO DE EDUCACAO,SEE,SEE,TRILHAS DE FUTURO - ESTUDANTES,EPT
2026,7,1261,2118,71,0,Investimentos Próprios,32340.0,25060.0,25060.0,SECRETARIA DE ESTADO DE EDUCACAO,SEE,SEE,TRILHAS DE FUTURO - ESTUDANTES,EPT
2026,7,1261,2118,71,0,Investimentos Próprios,14280.0,9220.0,9220.0,SECRETARIA DE ESTADO DE EDUCACAO,SEE,SEE,TRILHAS DE FUTURO - ESTUDANTES,EPT
2026,7,1261,2118,71,0,Investimentos Próprios,15000.0,0.0,0.0,SECRETARIA DE ESTADO DE EDUCACAO,SEE,SEE,TRILHAS DE FUTURO - ESTUDANTES,EPT
2026,7,1261,2118,71,0,Investimentos Próprios,0.0,0.0,0.0,SECRETARIA DE ESTADO DE EDUCACAO,SEE,SEE,TRILHAS DE FUTURO - ESTUDANTES,EPT
2026,7,1261,2118,71,0,Investimentos Próprios,24000.0,0.0,15860.0,SECRETARIA DE ESTADO DE EDUCACAO,SEE,SEE,TRILHAS DE FUTURO - ESTUDANTES,EPT
2026,7,1261,2118,71,0,Investimentos Próprios,14000.0,0.0,0.0,SECRETARIA DE ESTADO DE EDUCACAO,SEE,SEE,TRILHAS DE FUTURO - ESTUDANTES,EPT
2026,7,1261,2118,71,0,Investimentos Próprios,32340.0,20240.0,20240.0,SECRETARIA DE ESTADO DE EDUCACAO,SEE,SEE,TRILHAS DE FUTURO - ESTUDANTES,EPT
2026,7,1261,2118,71,0,Investimentos Próprios,44520.0,26340.0,45620.0,SECRETARIA DE ESTADO DE EDUCACAO,SEE,SEE,TRILHAS DE FUTURO - ESTUDANTES,EPT
2026,7,1261,2118,10,0,Investimentos Próprios,0.0,0.0,0.0,SECRETARIA DE ESTADO DE EDUCACAO,SEE,SEE,TRILHAS DE FUTURO - ESTUDANTES,EPT
2026,7,1261,2118,71,0,Investimentos Próprios,0.0,0.0,0.0,SECRETARIA DE ESTADO DE EDUCACAO,SEE,SEE,TRILHAS DE FUTURO - ESTUDANTES,EPT
2026,7,1261,2118,10,0,Investimentos Próprios,605000.0,301480.75,301480.75,SECRETARIA DE ESTADO DE EDUCACAO,SEE,SEE,TRILHAS DE FUTURO - ESTUDANTES,EPT
2026,7,1261,2118,71,0,Investimentos Próprios,0.0,0.0,0.0,SECRETARIA DE ESTADO DE EDUCACAO,SEE,SEE,TRILHAS DE FUTURO - ESTUDANTES,EPT
2026,7,1261,2118,71,0,Investimentos Próprios,7500.0,5560.0,5560.0,SECRETARIA DE ESTADO DE EDUCACAO,SEE,SEE,TRILHAS DE FUTURO - ESTUDANTES,EPT
2026,7,1261,2118,71,0,Investimentos Próprios,15680.0,15680.0,15680.0,SECRETARIA DE ESTADO DE EDUCACAO,SEE,SEE,TRILHAS DE FUTURO - ESTUDANTES,EPT
2026,7,1261,2118,10,0,Investimentos Próprios,60254.02,57384.78,57384.78,SECRETARIA DE ESTADO DE EDUCACAO,SEE,SEE,TRILHAS DE FUTURO - ESTUDANTES,EPT
2026,7,1261,2118,10,0,Investimentos Próprios,55695.28,53043.12,53043.12,SECRETARIA DE ESTADO DE EDUCACAO,SEE,SEE,TRILHAS DE FUTURO - ESTUDANTES,EPT
2026,7,1261,2118,71,0,Investimentos Próprios,28400.0,24020.0,43720.0,SECRETARIA DE ESTADO DE EDUCACAO,SEE,SEE,TRILHAS DE FUTURO - ESTUDANTES,EPT
2026,7,1261,2118,10,0,Investimentos Próprios,170850.88,164351.6,164351.6,SECRETARIA DE ESTADO DE EDUCACAO,SEE,SEE,TRILHAS DE FUTURO - ESTUDANTES,EPT
2026,7,1261,2118,71,0,Investimentos Próprios,13260.0,7260.0,11920.0,SECRETARIA DE ESTADO DE EDUCACAO,SEE,SEE,TRILHAS DE FUTURO - ESTUDANTES,EPT
2026,7,1261,2118,71,0,Investimentos Próprios,4720.0,4720.0,0.0,SECRETARIA DE ESTADO DE EDUCACAO,SEE,SEE,TRILHAS DE FUTURO - ESTUDANTES,EPT
2026,7,1261,2118,71,0,Investimentos Próprios,21060.0,14440.0,21480.0,SECRETARIA DE ESTADO DE EDUCACAO,SEE,SEE,TRILHAS DE FUTURO - ESTUDANTES,EPT
2026,7,1261,2118,10,0,Investimentos Próprios,21048.99,10524.0,20206.08,SECRETARIA DE ESTADO DE EDUCACAO,SEE,SEE,TRILHAS DE FUTURO - ESTUDANTES,EPT
2026,7,1261,2118,71,0,Investimentos Próprios,9500.0,8200.0,8200.0,SECRETARIA DE ESTADO DE EDUCACAO,SEE,SEE,TRILHAS DE FUTURO - ESTUDANTES,EPT
2026,7,1261,2118,71,0,Investimentos Próprios,9500.0,9000.0,9000.0,SECRETARIA DE ESTADO DE EDUCACAO,SEE,SEE,TRILHAS DE FUTURO - ESTUDANTES,EPT
2026,7,1261,2118,10,0,Investimentos Próprios,75926.8,75926.8,75926.8,SECRETARIA DE ESTADO DE EDUCACAO,SEE,SEE,TRILHAS DE FUTURO - ESTUDANTES,EPT
2026,7,1261,2118,71,0,Investimentos Próprios,14500.0,12240.0,12240.0,SECRETARIA DE ESTADO DE EDUCACAO,SEE,SEE,TRILHAS DE FUTURO - ESTUDANTES,EPT
2026,7,1261,2118,71,0,Investimentos Próprios,7500.0,5380.0,5380.0,SECRETARIA DE ESTADO DE EDUCACAO,SEE,SEE,TRILHAS DE FUTURO - ESTUDANTES,EPT
2026,7,1261,2118,71,0,Investimentos Próprios,9040.0,9040.0,0.0,SECRETARIA DE ESTADO DE EDUCACAO,SEE,SEE,TRILHAS DE FUTURO - ESTUDANTES,EPT
2026,7,1261,2118,71,0,Investimentos Próprios,21020.0,21020.0,0.0,SECRETARIA DE ESTADO DE EDUCACAO,SEE,SEE,TRILHAS DE FUTURO - ESTUDANTES,EPT
2026,7,1261,2118,10,0,Investimentos Próprios,27882.4,27882.4,27882.4,SECRETARIA DE ESTADO DE EDUCACAO,SEE,SEE,TRILHAS DE FUTURO - ESTUDANTES,EPT
2026,7,1261,2118,71,0,Investimentos Próprios,81680.0,81680.0,81680.0,SECRETARIA DE ESTADO DE EDUCACAO,SEE,SEE,TRILHAS DE FUTURO - ESTUDANTES,EPT
2026,7,1261,2118,71,0,Investimentos Próprios,38000.0,35940.0,35940.0,SECRETARIA DE ESTADO DE EDUCACAO,SEE,SEE,TRILHAS DE FUTURO - ESTUDANTES,EPT
2026,7,1261,2118,71,0,Investimentos Próprios,100000.0,90400.0,90400.0,SECRETARIA DE ESTADO DE EDUCACAO,SEE,SEE,TRILHAS DE FUTURO - ESTUDANTES,EPT
2026,7,1261,2118,71,0,Investimentos Próprios,80000.0,77180.0,77180.0,SECRETARIA DE ESTADO DE EDUCACAO,SEE,SEE,TRILHAS DE FUTURO - ESTUDANTES,EPT
2026,7,1261,2118,71,0,Investimentos Próprios,55300.0,55300.0,55300.0,SECRETARIA DE ESTADO DE EDUCACAO,SEE,SEE,TRILHAS DE FUTURO - ESTUDANTES,EPT
2026,7,1261,2118,71,0,Investimentos Próprios,12760.0,12760.0,12760.0,SECRETARIA DE ESTADO DE EDUCACAO,SEE,SEE,TRILHAS DE FUTURO - ESTUDANTES,EPT
2026,7,1511,4060,48,0,Investimentos Próprios,0.0,135839.0,0.0,POLICIA CIVIL DO ESTADO DE MINAS GERAIS,PCMG,PCMG,GESTAO DAS UNIDADES POLICIAIS,Segurança Pública
2026,7,2301,4293,32,0,Investimentos Próprios,2458947.17,541190.31,0.0,DEPARTAMENTO DE ESTRADAS DE RODAGEM DO ESTADO DE MINAS GERAIS,DER-MG,DER-MG,CONSERVACAO ROTINEIRA DA MALHA VIARIA,Transportes
2026,7,1261,2118,71,0,Investimentos Próprios,7420.0,7420.0,0.0,SECRETARIA DE ESTADO DE EDUCACAO,SEE,SEE,TRILHAS DE FUTURO - ESTUDANTES,EPT
2026,7,1261,2118,10,0,Investimentos Próprios,180000.0,0.0,0.0,SECRETARIA DE ESTADO DE EDUCACAO,SEE,SEE,TRILHAS DE FUTURO - ESTUDANTES,EPT
2026,7,1261,2118,10,0,Investimentos Próprios,33000.0,29400.25,29400.25,SECRETARIA DE ESTADO DE EDUCACAO,SEE,SEE,TRILHAS DE FUTURO - ESTUDANTES,EPT
2026,7,1261,2118,10,0,Investimentos Próprios,592986.89,592982.6,592982.6,SECRETARIA DE ESTADO DE EDUCACAO,SEE,SEE,TRILHAS DE FUTURO - ESTUDANTES,EPT
2026,7,1261,2118,71,0,Investimentos Próprios,594720.0,0.0,189460.0,SECRETARIA DE ESTADO DE EDUCACAO,SEE,SEE,TRILHAS DE FUTURO - ESTUDANTES,EPT
2026,7,1261,2118,10,0,Investimentos Próprios,15845.92,15845.92,15845.92,SECRETARIA DE ESTADO DE EDUCACAO,SEE,SEE,TRILHAS DE FUTURO - ESTUDANTES,EPT
2026,7,1261,2118,71,0,Investimentos Próprios,17800.0,17800.0,17800.0,SECRETARIA DE ESTADO DE EDUCACAO,SEE,SEE,TRILHAS DE FUTURO - ESTUDANTES,EPT
2026,7,1261,2118,71,0,Investimentos Próprios,84000.0,57840.0,57840.0,SECRETARIA DE ESTADO DE EDUCACAO,SEE,SEE,TRILHAS DE FUTURO - ESTUDANTES,EPT
2026,7,1261,2118,10,0,Investimentos Próprios,0.0,0.0,0.0,SECRETARIA DE ESTADO DE EDUCACAO,SEE,SEE,TRILHAS DE FUTURO - ESTUDANTES,EPT
2026,7,2301,4385,33,0,Investimentos Próprios,-23.7,1027108.89,0.0,DEPARTAMENTO DE ESTRADAS DE RODAGEM DO ESTADO DE MINAS GERAIS,DER-MG,DER-MG,REABILITACAO DA MALHA VIARIA,Transportes
2026,7,2301,4385,10,0,Investimentos Próprios,16315.3,377899.65,0.0,DEPARTAMENTO DE ESTRADAS DE RODAGEM DO ESTADO DE MINAS GERAIS,DER-MG,DER-MG,REABILITACAO DA MALHA VIARIA,Transportes
2026,7,2301,4385,10,0,Investimentos Próprios,8702.89,94406.47,0.0,DEPARTAMENTO DE ESTRADAS DE RODAGEM DO ESTADO DE MINAS GERAIS,DER-MG,DER-MG,REABILITACAO DA MALHA VIARIA,Transportes
2026,7,1261,2118,71,0,Investimentos Próprios,0.0,0.0,0.0,SECRETARIA DE ESTADO DE EDUCACAO,SEE,SEE,TRILHAS DE FUTURO - ESTUDANTES,EPT
2026,7,1261,2118,71,0,Investimentos Próprios,18880.0,18880.0,18880.0,SECRETARIA DE ESTADO DE EDUCACAO,SEE,SEE,TRILHAS DE FUTURO - ESTUDANTES,EPT
2026,7,1261,2118,10,0,Investimentos Próprios,22722.95,22722.95,22722.95,SECRETARIA DE ESTADO DE EDUCACAO,SEE,SEE,TRILHAS DE FUTURO - ESTUDANTES,EPT
2026,7,1301,1039,32,0,Investimentos Próprios,0.0,278500.95,0.0,"SECRETARIA DE ESTADO DE INFRAESTRUTURA, MOBILIDADE E PARCERIAS",SEINFRA,SEINFRA,REQUALIFICACAO URBANA E AMBIENTAL E CONTROLE DE CHEIAS DO CORREGO FERRUGEM - PAC FERRUGEM,Habitação
2026,7,1261,2118,71,0,Investimentos Próprios,10020.0,6540.0,0.0,SECRETARIA DE ESTADO DE EDUCACAO,SEE,SEE,TRILHAS DE FUTURO - ESTUDANTES,EPT
2026,7,2301,4385,33,0,Investimentos Próprios,0.0,219403.49,0.0,DEPARTAMENTO DE ESTRADAS DE RODAGEM DO ESTADO DE MINAS GERAIS,DER-MG,DER-MG,REABILITACAO DA MALHA VIARIA,Transportes
2026,7,2301,4385,10,0,Investimentos Próprios,0.0,95201.65,0.0,DEPARTAMENTO DE ESTRADAS DE RODAGEM DO ESTADO DE MINAS GERAIS,DER-MG,DER-MG,REABILITACAO DA MALHA VIARIA,Transportes
2026,7,2301,4162,10,0,Investimentos Próprios,1667643.69,286371.28,0.0,DEPARTAMENTO DE ESTRADAS DE RODAGEM DO ESTADO DE MINAS GERAIS,DER-MG,DER-MG,SUPORTE A GESTAO DOS ATIVOS RODOVIARIOS,Transportes
2026,7,1261,2118,71,0,Investimentos Próprios,12000.0,3680.0,3680.0,SECRETARIA DE ESTADO DE EDUCACAO,SEE,SEE,TRILHAS DE FUTURO - ESTUDANTES,EPT
2026,7,1261,2118,71,0,Investimentos Próprios,11000.0,10840.0,18480.0,SECRETARIA DE ESTADO DE EDUCACAO,SEE,SEE,TRILHAS DE FUTURO - ESTUDANTES,EPT
2026,7,2301,4162,10,0,Investimentos Próprios,1762978.43,510959.43,0.0,DEPARTAMENTO DE ESTRADAS DE RODAGEM DO ESTADO DE MINAS GERAIS,DER-MG,DER-MG,SUPORTE A GESTAO DOS ATIVOS RODOVIARIOS,Transportes
2026,7,2301,4275,33,0,Investimentos Próprios,0.0,38619.39,0.0,DEPARTAMENTO DE ESTRADAS DE RODAGEM DO ESTADO DE MINAS GERAIS,DER-MG,DER-MG,IMPLANTACAO/PAVIMENTACAO DA MALHA,Transportes
2026,7,1261,2118,71,0,Investimentos Próprios,123200.0,41940.0,41940.0,SECRETARIA DE ESTADO DE EDUCACAO,SEE,SEE,TRILHAS DE FUTURO - ESTUDANTES,EPT
2026,7,1261,2118,71,0,Investimentos Próprios,5200.0,4940.0,0.0,SECRETARIA DE ESTADO DE EDUCACAO,SEE,SEE,TRILHAS DE FUTURO - ESTUDANTES,EPT
2026,7,1261,2118,71,0,Investimentos Próprios,1350.0,1340.0,0.0,SECRETARIA DE ESTADO DE EDUCACAO,SEE,SEE,TRILHAS DE FUTURO - ESTUDANTES,EPT
2026,7,1261,2118,71,0,Investimentos Próprios,18020.0,18020.0,18020.0,SECRETARIA DE ESTADO DE EDUCACAO,SEE,SEE,TRILHAS DE FUTURO - ESTUDANTES,EPT
2026,7,1261,2118,71,0,Investimentos Próprios,6000.0,5260.0,0.0,SECRETARIA DE ESTADO DE EDUCACAO,SEE,SEE,TRILHAS DE FUTURO - ESTUDANTES,EPT
2026,7,1261,2118,71,0,Investimentos Próprios,10820.0,10820.0,10820.0,SECRETARIA DE ESTADO DE EDUCACAO,SEE,SEE,TRILHAS DE FUTURO - ESTUDANTES,EPT
2026,7,1261,2118,71,0,Investimentos Próprios,12000.0,10500.0,10500.0,SECRETARIA DE ESTADO DE EDUCACAO,SEE,SEE,TRILHAS DE FUTURO - ESTUDANTES,EPT
2026,7,1261,2118,71,0,Investimentos Próprios,8000.0,5140.0,0.0,SECRETARIA DE ESTADO DE EDUCACAO,SEE,SEE,TRILHAS DE FUTURO - ESTUDANTES,EPT
2026,7,1261,2118,71,0,Investimentos Próprios,68500.0,43200.0,62860.0,SECRETARIA DE ESTADO DE EDUCACAO,SEE,SEE,TRILHAS DE FUTURO - ESTUDANTES,EPT
2026,7,1261,2118,10,0,Investimentos Próprios,0.0,0.0,0.0,SECRETARIA DE ESTADO DE EDUCACAO,SEE,SEE,TRILHAS DE FUTURO - ESTUDANTES,EPT
2026,7,1261,2118,10,0,Investimentos Próprios,0.0,0.0,0.0,SECRETARIA DE ESTADO DE EDUCACAO,SEE,SEE,TRILHAS DE FUTURO - ESTUDANTES,EPT
2026,7,1261,2118,10,0,Investimentos Próprios,0.0,0.0,0.0,SECRETARIA DE ESTADO DE EDUCACAO,SEE,SEE,TRILHAS DE FUTURO - ESTUDANTES,EPT
2026,7,1261,2118,10,0,Investimentos Próprios,222850.8,147329.14,147329.14,SECRETARIA DE ESTADO DE EDUCACAO,SEE,SEE,TRILHAS DE FUTURO - ESTUDANTES,EPT
2026,7,1261,2118,71,0,Investimentos Próprios,27460.0,9840.0,9840.0,SECRETARIA DE ESTADO DE EDUCACAO,SEE,SEE,TRILHAS DE FUTURO - ESTUDANTES,EPT
2026,7,2301,4275,33,0,Investimentos Próprios,0.0,11444.5,0.0,DEPARTAMENTO DE ESTRADAS DE RODAGEM DO ESTADO DE MINAS GERAIS,DER-MG,DER-MG,IMPLANTACAO/PAVIMENTACAO DA MALHA,Transportes
2026,7,1261,2118,71,0,Investimentos Próprios,1000.0,1000.0,0.0,SECRETARIA DE ESTADO DE EDUCACAO,SEE,SEE,TRILHAS DE FUTURO - ESTUDANTES,EPT
2026,7,1261,2118,71,0,Investimentos Próprios,12220.0,12220.0,0.0,SECRETARIA DE ESTADO DE EDUCACAO,SEE,SEE,TRILHAS DE FUTURO - ESTUDANTES,EPT
2026,7,1261,2118,71,0,Investimentos Próprios,800.0,800.0,0.0,SECRETARIA DE ESTADO DE EDUCACAO,SEE,SEE,TRILHAS DE FUTURO - ESTUDANTES,EPT
2026,7,1261,2118,71,0,Investimentos Próprios,60000.0,25580.0,25580.0,SECRETARIA DE ESTADO DE EDUCACAO,SEE,SEE,TRILHAS DE FUTURO - ESTUDANTES,EPT
2026,7,1261,2118,10,0,Investimentos Próprios,31787.47,31787.47,31787.47,SECRETARIA DE ESTADO DE EDUCACAO,SEE,SEE,TRILHAS DE FUTURO - ESTUDANTES,EPT
2026,7,1261,2118,10,0,Investimentos Próprios,21422.6,21422.6,21422.6,SECRETARIA DE ESTADO DE EDUCACAO,SEE,SEE,TRILHAS DE FUTURO - ESTUDANTES,EPT
2026,7,1261,2118,71,0,Investimentos Próprios,25120.0,25120.0,25120.0,SECRETARIA DE ESTADO DE EDUCACAO,SEE,SEE,TRILHAS DE FUTURO - ESTUDANTES,EPT
2026,7,1511,1051,48,0,Investimentos Próprios,0.0,18515.0,0.0,POLICIA CIVIL DO ESTADO DE MINAS GERAIS,PCMG,PCMG,IMPLEMENTACAO DA CADEIA DE CUSTODIA DA PROVA EM MINAS GERAIS,Segurança Pública
2026,7,1261,2118,71,0,Investimentos Próprios,31240.0,17380.0,28260.0,SECRETARIA DE ESTADO DE EDUCACAO,SEE,SEE,TRILHAS DE FUTURO - ESTUDANTES,EPT
2026,7,1261,2118,10,0,Investimentos Próprios,265090.12,132529.91,262428.98,SECRETARIA DE ESTADO DE EDUCACAO,SEE,SEE,TRILHAS DE FUTURO - ESTUDANTES,EPT
2026,7,1261,2118,71,0,Investimentos Próprios,16480.0,16480.0,16480.0,SECRETARIA DE ESTADO DE EDUCACAO,SEE,SEE,TRILHAS DE FUTURO - ESTUDANTES,EPT
2026,7,1261,2118,71,0,Investimentos Próprios,110000.0,47240.0,47240.0,SECRETARIA DE ESTADO DE EDUCACAO,SEE,SEE,TRILHAS DE FUTURO - ESTUDANTES,EPT
2026,7,2301,4293,32,0,Investimentos Próprios,962989.27,426940.36,0.0,DEPARTAMENTO DE ESTRADAS DE RODAGEM DO ESTADO DE MINAS GERAIS,DER-MG,DER-MG,CONSERVACAO ROTINEIRA DA MALHA VIARIA,Transportes
2026,7,2301,4385,10,0,Investimentos Próprios,658527.6,798315.26,0.0,DEPARTAMENTO DE ESTRADAS DE RODAGEM DO ESTADO DE MINAS GERAIS,DER-MG,DER-MG,REABILITACAO DA MALHA VIARIA,Transportes
2026,7,1261,2118,71,0,Investimentos Próprios,45240.0,30140.0,30140.0,SECRETARIA DE ESTADO DE EDUCACAO,SEE,SEE,TRILHAS DE FUTURO - ESTUDANTES,EPT
2026,7,1261,2118,10,0,Investimentos Próprios,129546.87,125520.9,125520.9,SECRETARIA DE ESTADO DE EDUCACAO,SEE,SEE,TRILHAS DE FUTURO - ESTUDANTES,EPT
2026,7,1261,2118,10,0,Investimentos Próprios,636690.6,609262.68,609262.68,SECRETARIA DE ESTADO DE EDUCACAO,SEE,SEE,TRILHAS DE FUTURO - ESTUDANTES,EPT
2026,7,1261,2118,10,0,Investimentos Próprios,60000.0,27394.8,27394.8,SECRETARIA DE ESTADO DE EDUCACAO,SEE,SEE,TRILHAS DE FUTURO - ESTUDANTES,EPT
2026,7,1261,2118,10,0,Investimentos Próprios,24000.0,22216.96,22216.96,SECRETARIA DE ESTADO DE EDUCACAO,SEE,SEE,TRILHAS DE FUTURO - ESTUDANTES,EPT
2026,7,1261,2118,10,0,Investimentos Próprios,22000.0,20790.32,20790.32,SECRETARIA DE ESTADO DE EDUCACAO,SEE,SEE,TRILHAS DE FUTURO - ESTUDANTES,EPT
2026,7,1261,2118,10,0,Investimentos Próprios,19500.0,15818.63,15818.63,SECRETARIA DE ESTADO DE EDUCACAO,SEE,SEE,TRILHAS DE FUTURO - ESTUDANTES,EPT
2026,7,1261,2118,10,0,Investimentos Próprios,17000.0,14433.29,14433.29,SECRETARIA DE ESTADO DE EDUCACAO,SEE,SEE,TRILHAS DE FUTURO - ESTUDANTES,EPT
2026,7,1261,2118,71,0,Investimentos Próprios,125050.0,125040.0,125040.0,SECRETARIA DE ESTADO DE EDUCACAO,SEE,SEE,TRILHAS DE FUTURO - ESTUDANTES,EPT
2026,7,1261,2118,71,0,Investimentos Próprios,516412.0,516360.0,516360.0,SECRETARIA DE ESTADO DE EDUCACAO,SEE,SEE,TRILHAS DE FUTURO - ESTUDANTES,EPT
2026,7,1261,2118,10,0,Investimentos Próprios,59112.9,59112.9,59112.9,SECRETARIA DE ESTADO DE EDUCACAO,SEE,SEE,TRILHAS DE FUTURO - ESTUDANTES,EPT
2026,7,1261,2118,10,0,Investimentos Próprios,34631.8,34631.8,34631.8,SECRETARIA DE ESTADO DE EDUCACAO,SEE,SEE,TRILHAS DE FUTURO - ESTUDANTES,EPT
2026,7,1261,2118,10,0,Investimentos Próprios,34382.0,34382.0,34382.0,SECRETARIA DE ESTADO DE EDUCACAO,SEE,SEE,TRILHAS DE FUTURO - ESTUDANTES,EPT
2026,7,1261,2118,71,0,Investimentos Próprios,183175.0,183140.0,183140.0,SECRETARIA DE ESTADO DE EDUCACAO,SEE,SEE,TRILHAS DE FUTURO - ESTUDANTES,EPT
2026,7,1261,2118,10,0,Investimentos Próprios,260916.96,222201.88,222201.88,SECRETARIA DE ESTADO DE EDUCACAO,SEE,SEE,TRILHAS DE FUTURO - ESTUDANTES,EPT
2026,7,1261,2118,10,0,Investimentos Próprios,26838.0,23430.0,23430.0,SECRETARIA DE ESTADO DE EDUCACAO,SEE,SEE,TRILHAS DE FUTURO - ESTUDANTES,EPT
2026,7,1261,2118,10,0,Investimentos Próprios,30931.86,30931.86,30931.86,SECRETARIA DE ESTADO DE EDUCACAO,SEE,SEE,TRILHAS DE FUTURO - ESTUDANTES,EPT
2026,7,2301,4385,10,0,Investimentos Próprios,150000.0,379084.95,0.0,DEPARTAMENTO DE ESTRADAS DE RODAGEM DO ESTADO DE MINAS GERAIS,DER-MG,DER-MG,REABILITACAO DA MALHA VIARIA,Transportes
2026,7,2301,4293,32,0,Investimentos Próprios,1136072.0,1149168.27,0.0,DEPARTAMENTO DE ESTRADAS DE RODAGEM DO ESTADO DE MINAS GERAIS,DER-MG,DER-MG,CONSERVACAO ROTINEIRA DA MALHA VIARIA,Transportes
2026,7,1261,2118,10,0,Investimentos Próprios,41499.0,41499.0,41499.0,SECRETARIA DE ESTADO DE EDUCACAO,SEE,SEE,TRILHAS DE FUTURO - ESTUDANTES,EPT
2026,7,1261,2118,10,0,Investimentos Próprios,40000.0,18179.58,18179.58,SECRETARIA DE ESTADO DE EDUCACAO,SEE,SEE,TRILHAS DE FUTURO - ESTUDANTES,EPT
2026,7,1261,2118,10,0,Investimentos Próprios,27427.68,27427.68,27427.68,SECRETARIA DE ESTADO DE EDUCACAO,SEE,SEE,TRILHAS DE FUTURO - ESTUDANTES,EPT
2026,7,1261,2118,10,0,Investimentos Próprios,16343.91,16343.91,16343.91,SECRETARIA DE ESTADO DE EDUCACAO,SEE,SEE,TRILHAS DE FUTURO - ESTUDANTES,EPT
2026,7,1261,2118,10,0,Investimentos Próprios,0.0,0.0,0.0,SECRETARIA DE ESTADO DE EDUCACAO,SEE,SEE,TRILHAS DE FUTURO - ESTUDANTES,EPT
2026,7,1261,2118,10,0,Investimentos Próprios,0.0,0.0,0.0,SECRETARIA DE ESTADO DE EDUCACAO,SEE,SEE,TRILHAS DE FUTURO - ESTUDANTES,EPT
2026,7,1261,2118,10,0,Investimentos Próprios,0.0,0.0,0.0,SECRETARIA DE ESTADO DE EDUCACAO,SEE,SEE,TRILHAS DE FUTURO - ESTUDANTES,EPT
2026,7,1261,2118,71,0,Investimentos Próprios,8000.0,7560.0,7560.0,SECRETARIA DE ESTADO DE EDUCACAO,SEE,SEE,TRILHAS DE FUTURO - ESTUDANTES,EPT
2026,7,2301,4385,10,0,Investimentos Próprios,0.0,45339.89,0.0,DEPARTAMENTO DE ESTRADAS DE RODAGEM DO ESTADO DE MINAS GERAIS,DER-MG,DER-MG,REABILITACAO DA MALHA VIARIA,Transportes
2026,7,1261,2118,10,0,Investimentos Próprios,167000.0,82216.24,155884.02,SECRETARIA DE ESTADO DE EDUCACAO,SEE,SEE,TRILHAS DE FUTURO - ESTUDANTES,EPT
2026,7,1261,2118,10,0,Investimentos Próprios,216000.0,212171.98,212171.98,SECRETARIA DE ESTADO DE EDUCACAO,SEE,SEE,TRILHAS DE FUTURO - ESTUDANTES,EPT
2026,7,2301,4275,33,0,Investimentos Próprios,13813291.73,0.0,0.0,DEPARTAMENTO DE ESTRADAS DE RODAGEM DO ESTADO DE MINAS GERAIS,DER-MG,DER-MG,IMPLANTACAO/PAVIMENTACAO DA MALHA,Transportes
2026,7,1261,2118,71,0,Investimentos Próprios,0.0,0.0,0.0,SECRETARIA DE ESTADO DE EDUCACAO,SEE,SEE,TRILHAS DE FUTURO - ESTUDANTES,EPT
2026,7,1261,2118,71,0,Investimentos Próprios,0.0,0.0,0.0,SECRETARIA DE ESTADO DE EDUCACAO,SEE,SEE,TRILHAS DE FUTURO - ESTUDANTES,EPT
2026,7,2301,4293,32,0,Investimentos Próprios,889907.0,890358.37,0.0,DEPARTAMENTO DE ESTRADAS DE RODAGEM DO ESTADO DE MINAS GERAIS,DER-MG,DER-MG,CONSERVACAO ROTINEIRA DA MALHA VIARIA,Transportes
2026,7,1261,2118,71,0,Investimentos Próprios,20970.0,20960.0,20960.0,SECRETARIA DE ESTADO DE EDUCACAO,SEE,SEE,TRILHAS DE FUTURO - ESTUDANTES,EPT
2026,7,1261,2118,10,0,Investimentos Próprios,6392.21,6392.21,0.0,SECRETARIA DE ESTADO DE EDUCACAO,SEE,SEE,TRILHAS DE FUTURO - ESTUDANTES,EPT
2026,7,1261,2118,71,0,Investimentos Próprios,4320.0,4320.0,0.0,SECRETARIA DE ESTADO DE EDUCACAO,SEE,SEE,TRILHAS DE FUTURO - ESTUDANTES,EPT
2026,7,1261,2118,10,0,Investimentos Próprios,24782.95,24782.95,24782.95,SECRETARIA DE ESTADO DE EDUCACAO,SEE,SEE,TRILHAS DE FUTURO - ESTUDANTES,EPT
2026,7,1261,2118,10,0,Investimentos Próprios,23255.66,23255.66,0.0,SECRETARIA DE ESTADO DE EDUCACAO,SEE,SEE,TRILHAS DE FUTURO - ESTUDANTES,EPT
2026,7,1261,2118,71,0,Investimentos Próprios,40000.0,10140.0,10140.0,SECRETARIA DE ESTADO DE EDUCACAO,SEE,SEE,TRILHAS DE FUTURO - ESTUDANTES,EPT
2026,7,1251,4365,48,0,Investimentos Próprios,0.0,0.0,0.0,POLICIA MILITAR DO ESTADO DE MINAS GERAIS,PMMG,PMMG,POLICIAMENTO OSTENSIVO GERAL,Segurança Pública
2026,7,1261,2118,10,0,Investimentos Próprios,12000.0,0.0,10318.14,SECRETARIA DE ESTADO DE EDUCACAO,SEE,SEE,TRILHAS DE FUTURO - ESTUDANTES,EPT
2026,7,1261,2118,10,0,Investimentos Próprios,0.0,0.0,0.0,SECRETARIA DE ESTADO DE EDUCACAO,SEE,SEE,TRILHAS DE FUTURO - ESTUDANTES,EPT
2026,7,1261,2118,10,0,Investimentos Próprios,0.0,0.0,0.0,SECRETARIA DE ESTADO DE EDUCACAO,SEE,SEE,TRILHAS DE FUTURO - ESTUDANTES,EPT
2026,7,1261,2118,71,0,Investimentos Próprios,7100.0,7100.0,0.0,SECRETARIA DE ESTADO DE EDUCACAO,SEE,SEE,TRILHAS DE FUTURO - ESTUDANTES,EPT
2026,7,1261,2118,71,0,Investimentos Próprios,27000.0,23700.0,23700.0,SECRETARIA DE ESTADO DE EDUCACAO,SEE,SEE,TRILHAS DE FUTURO - ESTUDANTES,EPT
2026,7,1261,2118,71,0,Investimentos Próprios,28780.0,28780.0,28780.0,SECRETARIA DE ESTADO DE EDUCACAO,SEE,SEE,TRILHAS DE FUTURO - ESTUDANTES,EPT
2026,7,1261,2118,71,0,Investimentos Próprios,28440.0,28440.0,28440.0,SECRETARIA DE ESTADO DE EDUCACAO,SEE,SEE,TRILHAS DE FUTURO - ESTUDANTES,EPT
2026,7,1261,2118,71,0,Investimentos Próprios,48000.0,5960.0,5960.0,SECRETARIA DE ESTADO DE EDUCACAO,SEE,SEE,TRILHAS DE FUTURO - ESTUDANTES,EPT
2026,7,1261,2118,71,0,Investimentos Próprios,42000.0,8260.0,8260.0,SECRETARIA DE ESTADO DE EDUCACAO,SEE,SEE,TRILHAS DE FUTURO - ESTUDANTES,EPT
2026,7,1261,2118,10,0,Investimentos Próprios,42393.18,17060.67,17087.67,SECRETARIA DE ESTADO DE EDUCACAO,SEE,SEE,TRILHAS DE FUTURO - ESTUDANTES,EPT
2026,7,1261,2118,71,0,Investimentos Próprios,54000.0,12740.0,12740.0,SECRETARIA DE ESTADO DE EDUCACAO,SEE,SEE,TRILHAS DE FUTURO - ESTUDANTES,EPT
2026,7,1261,2118,10,0,Investimentos Próprios,4740.23,0.0,0.0,SECRETARIA DE ESTADO DE EDUCACAO,SEE,SEE,TRILHAS DE FUTURO - ESTUDANTES,EPT
2026,7,1261,2118,10,0,Investimentos Próprios,9253.0,0.0,0.0,SECRETARIA DE ESTADO DE EDUCACAO,SEE,SEE,TRILHAS DE FUTURO - ESTUDANTES,EPT
2026,7,1261,2118,10,0,Investimentos Próprios,0.0,0.0,0.0,SECRETARIA DE ESTADO DE EDUCACAO,SEE,SEE,TRILHAS DE FUTURO - ESTUDANTES,EPT
2026,7,2301,4275,10,0,Investimentos Próprios,75542.8,75542.8,75542.8,DEPARTAMENTO DE ESTRADAS DE RODAGEM DO ESTADO DE MINAS GERAIS,DER-MG,DER-MG,IMPLANTACAO/PAVIMENTACAO DA MALHA,Transportes
2026,7,1261,2118,10,0,Investimentos Próprios,0.0,0.0,0.0,SECRETARIA DE ESTADO DE EDUCACAO,SEE,SEE,TRILHAS DE FUTURO - ESTUDANTES,EPT
2026,7,1261,2118,71,0,Investimentos Próprios,0.0,0.0,0.0,SECRETARIA DE ESTADO DE EDUCACAO,SEE,SEE,TRILHAS DE FUTURO - ESTUDANTES,EPT
2026,7,1261,2118,10,0,Investimentos Próprios,49048.8,24524.38,24524.38,SECRETARIA DE ESTADO DE EDUCACAO,SEE,SEE,TRILHAS DE FUTURO - ESTUDANTES,EPT
2026,7,1261,2118,10,0,Investimentos Próprios,66029.6,30538.69,30538.69,SECRETARIA DE ESTADO DE EDUCACAO,SEE,SEE,TRILHAS DE FUTURO - ESTUDANTES,EPT
2026,7,2301,4162,10,0,Investimentos Próprios,0.0,11948.48,0.0,DEPARTAMENTO DE ESTRADAS DE RODAGEM DO ESTADO DE MINAS GERAIS,DER-MG,DER-MG,SUPORTE A GESTAO DOS ATIVOS RODOVIARIOS,Transportes
2026,7,1261,2118,10,0,Investimentos Próprios,0.0,0.0,0.0,SECRETARIA DE ESTADO DE EDUCACAO,SEE,SEE,TRILHAS DE FUTURO - ESTUDANTES,EPT
2026,7,1261,2118,10,0,Investimentos Próprios,0.0,0.0,0.0,SECRETARIA DE ESTADO DE EDUCACAO,SEE,SEE,TRILHAS DE FUTURO - ESTUDANTES,EPT
2026,7,1261,2118,10,0,Investimentos Próprios,0.0,0.0,0.0,SECRETARIA DE ESTADO DE EDUCACAO,SEE,SEE,TRILHAS DE FUTURO - ESTUDANTES,EPT
2026,7,1261,2118,10,0,Investimentos Próprios,0.0,0.0,0.0,SECRETARIA DE ESTADO DE EDUCACAO,SEE,SEE,TRILHAS DE FUTURO - ESTUDANTES,EPT
2026,7,1261,2118,10,0,Investimentos Próprios,0.0,0.0,0.0,SECRETARIA DE ESTADO DE EDUCACAO,SEE,SEE,TRILHAS DE FUTURO - ESTUDANTES,EPT
2026,7,1261,2118,10,0,Investimentos Próprios,0.0,0.0,0.0,SECRETARIA DE ESTADO DE EDUCACAO,SEE,SEE,TRILHAS DE FUTURO - ESTUDANTES,EPT
2026,7,1261,2118,10,0,Investimentos Próprios,6697.08,6697.08,0.0,SECRETARIA DE ESTADO DE EDUCACAO,SEE,SEE,TRILHAS DE FUTURO - ESTUDANTES,EPT
2026,7,1511,4061,48,0,Investimentos Próprios,2769.0,0.0,0.0,POLICIA CIVIL DO ESTADO DE MINAS GERAIS,PCMG,PCMG,PERICIAS TECNICO-CIENTIFICAS,Segurança Pública
2026,7,1511,4061,48,0,Investimentos Próprios,4710.0,0.0,0.0,POLICIA CIVIL DO ESTADO DE MINAS GERAIS,PCMG,PCMG,PERICIAS TECNICO-CIENTIFICAS,Segurança Pública
2026,7,1261,2118,71,0,Investimentos Próprios,8000.0,0.0,0.0,SECRETARIA DE ESTADO DE EDUCACAO,SEE,SEE,TRILHAS DE FUTURO - ESTUDANTES,EPT
2026,7,1511,4061,48,0,Investimentos Próprios,1450.0,0.0,0.0,POLICIA CIVIL DO ESTADO DE MINAS GERAIS,PCMG,PCMG,PERICIAS TECNICO-CIENTIFICAS,Segurança Pública
2026,7,1261,2118,10,0,Investimentos Próprios,3460.0,0.0,0.0,SECRETARIA DE ESTADO DE EDUCACAO,SEE,SEE,TRILHAS DE FUTURO - ESTUDANTES,EPT
2026,7,1261,2118,10,0,Investimentos Próprios,0.0,0.0,0.0,SECRETARIA DE ESTADO DE EDUCACAO,SEE,SEE,TRILHAS DE FUTURO - ESTUDANTES,EPT
2026,7,1261,2118,10,0,Investimentos Próprios,20915.14,0.0,0.0,SECRETARIA DE ESTADO DE EDUCACAO,SEE,SEE,TRILHAS DE FUTURO - ESTUDANTES,EPT
2026,7,1261,2118,10,0,Investimentos Próprios,79000.0,0.0,0.0,SECRETARIA DE ESTADO DE EDUCACAO,SEE,SEE,TRILHAS DE FUTURO - ESTUDANTES,EPT
2026,7,1261,2118,71,0,Investimentos Próprios,9240.0,9240.0,0.0,SECRETARIA DE ESTADO DE EDUCACAO,SEE,SEE,TRILHAS DE FUTURO - ESTUDANTES,EPT
2026,7,1261,2118,71,0,Investimentos Próprios,50000.0,0.0,0.0,SECRETARIA DE ESTADO DE EDUCACAO,SEE,SEE,TRILHAS DE FUTURO - ESTUDANTES,EPT
2026,7,1261,2118,10,0,Investimentos Próprios,6000.0,0.0,0.0,SECRETARIA DE ESTADO DE EDUCACAO,SEE,SEE,TRILHAS DE FUTURO - ESTUDANTES,EPT
2026,7,1261,2118,10,0,Investimentos Próprios,0.0,0.0,0.0,SECRETARIA DE ESTADO DE EDUCACAO,SEE,SEE,TRILHAS DE FUTURO - ESTUDANTES,EPT
2026,7,1261,2118,10,0,Investimentos Próprios,46450.0,0.0,0.0,SECRETARIA DE ESTADO DE EDUCACAO,SEE,SEE,TRILHAS DE FUTURO - ESTUDANTES,EPT
2026,7,1261,2118,10,0,Investimentos Próprios,4100.0,0.0,0.0,SECRETARIA DE ESTADO DE EDUCACAO,SEE,SEE,TRILHAS DE FUTURO - ESTUDANTES,EPT
2026,7,1261,2118,10,0,Investimentos Próprios,62000.0,30884.76,61197.58,SECRETARIA DE ESTADO DE EDUCACAO,SEE,SEE,TRILHAS DE FUTURO - ESTUDANTES,EPT
2026,7,1261,2118,10,0,Investimentos Próprios,60133.89,0.0,0.0,SECRETARIA DE ESTADO DE EDUCACAO,SEE,SEE,TRILHAS DE FUTURO - ESTUDANTES,EPT
2026,7,1261,2118,10,0,Investimentos Próprios,22134.12,0.0,0.0,SECRETARIA DE ESTADO DE EDUCACAO,SEE,SEE,TRILHAS DE FUTURO - ESTUDANTES,EPT
2026,7,2301,4275,33,0,Investimentos Próprios,460889.0,0.0,0.0,DEPARTAMENTO DE ESTRADAS DE RODAGEM DO ESTADO DE MINAS GERAIS,DER-MG,DER-MG,IMPLANTACAO/PAVIMENTACAO DA MALHA,Transportes
2026,7,1261,2118,71,0,Investimentos Próprios,22940.0,0.0,22940.0,SECRETARIA DE ESTADO DE EDUCACAO,SEE,SEE,TRILHAS DE FUTURO - ESTUDANTES,EPT
2026,7,1261,2118,71,0,Investimentos Próprios,27120.0,0.0,27120.0,SECRETARIA DE ESTADO DE EDUCACAO,SEE,SEE,TRILHAS DE FUTURO - ESTUDANTES,EPT
2026,7,1261,2118,71,0,Investimentos Próprios,7200.0,0.0,0.0,SECRETARIA DE ESTADO DE EDUCACAO,SEE,SEE,TRILHAS DE FUTURO - ESTUDANTES,EPT
2026,7,1261,2118,71,0,Investimentos Próprios,106160.0,106160.0,106160.0,SECRETARIA DE ESTADO DE EDUCACAO,SEE,SEE,TRILHAS DE FUTURO - ESTUDANTES,EPT
2026,7,2301,4280,10,0,Investimentos Próprios,100000.0,9038.14,0.0,DEPARTAMENTO DE ESTRADAS DE RODAGEM DO ESTADO DE MINAS GERAIS,DER-MG,DER-MG,MITIGACAO DE DANOS PONTUAIS NAS RODOVIAS,Transportes
2026,7,1261,2118,71,0,Investimentos Próprios,8100.0,8100.0,8100.0,SECRETARIA DE ESTADO DE EDUCACAO,SEE,SEE,TRILHAS DE FUTURO - ESTUDANTES,EPT
2026,7,1301,1036,10,0,Investimentos Próprios,0.0,13393.5,0.0,"SECRETARIA DE ESTADO DE INFRAESTRUTURA, MOBILIDADE E PARCERIAS",SEINFRA,SEINFRA,CONTENCAO DE ENCOSTAS EM AREAS DE RISCO - PAC ENCOSTAS,Saneamento
2026,7,1261,2118,10,0,Investimentos Próprios,0.0,0.0,0.0,SECRETARIA DE ESTADO DE EDUCACAO,SEE,SEE,TRILHAS DE FUTURO - ESTUDANTES,EPT
2026,7,1261,2118,71,0,Investimentos Próprios,11800.0,11800.0,19380.0,SECRETARIA DE ESTADO DE EDUCACAO,SEE,SEE,TRILHAS DE FUTURO - ESTUDANTES,EPT
2026,7,1261,2118,10,0,Investimentos Próprios,10384.45,10384.45,10384.45,SECRETARIA DE ESTADO DE EDUCACAO,SEE,SEE,TRILHAS DE FUTURO - ESTUDANTES,EPT
2026,7,1261,2118,71,0,Investimentos Próprios,16360.0,16360.0,16360.0,SECRETARIA DE ESTADO DE EDUCACAO,SEE,SEE,TRILHAS DE FUTURO - ESTUDANTES,EPT
2026,7,1261,2118,71,0,Investimentos Próprios,6220.0,6220.0,6220.0,SECRETARIA DE ESTADO DE EDUCACAO,SEE,SEE,TRILHAS DE FUTURO - ESTUDANTES,EPT
2026,7,1261,2118,10,0,Investimentos Próprios,0.0,0.0,0.0,SECRETARIA DE ESTADO DE EDUCACAO,SEE,SEE,TRILHAS DE FUTURO - ESTUDANTES,EPT
2026,7,1261,2118,10,0,Investimentos Próprios,10950.06,10950.06,10950.06,SECRETARIA DE ESTADO DE EDUCACAO,SEE,SEE,TRILHAS DE FUTURO - ESTUDANTES,EPT
2026,7,1261,2118,10,0,Investimentos Próprios,40814.87,40270.67,40270.67,SECRETARIA DE ESTADO DE EDUCACAO,SEE,SEE,TRILHAS DE FUTURO - ESTUDANTES,EPT
2026,7,1261,2118,71,0,Investimentos Próprios,150000.0,66880.0,66880.0,SECRETARIA DE ESTADO DE EDUCACAO,SEE,SEE,TRILHAS DE FUTURO - ESTUDANTES,EPT
2026,7,1261,2118,10,0,Investimentos Próprios,20088.96,12974.12,12974.12,SECRETARIA DE ESTADO DE EDUCACAO,SEE,SEE,TRILHAS DE FUTURO - ESTUDANTES,EPT
2026,7,1261,2118,10,0,Investimentos Próprios,61769.52,36032.22,36032.22,SECRETARIA DE ESTADO DE EDUCACAO,SEE,SEE,TRILHAS DE FUTURO - ESTUDANTES,EPT
2026,7,1261,2118,10,0,Investimentos Próprios,23450.7,15075.45,15075.45,SECRETARIA DE ESTADO DE EDUCACAO,SEE,SEE,TRILHAS DE FUTURO - ESTUDANTES,EPT
2026,7,1261,2118,10,0,Investimentos Próprios,30985.92,16046.28,16046.28,SECRETARIA DE ESTADO DE EDUCACAO,SEE,SEE,TRILHAS DE FUTURO - ESTUDANTES,EPT
2026,7,1261,2118,71,0,Investimentos Próprios,14500.0,14300.0,14300.0,SECRETARIA DE ESTADO DE EDUCACAO,SEE,SEE,TRILHAS DE FUTURO - ESTUDANTES,EPT
2026,7,1261,2118,71,0,Investimentos Próprios,13600.0,13520.0,13520.0,SECRETARIA DE ESTADO DE EDUCACAO,SEE,SEE,TRILHAS DE FUTURO - ESTUDANTES,EPT
2026,7,1261,2118,71,0,Investimentos Próprios,8000.0,0.0,3700.0,SECRETARIA DE ESTADO DE EDUCACAO,SEE,SEE,TRILHAS DE FUTURO - ESTUDANTES,EPT
2026,7,1261,2118,71,0,Investimentos Próprios,11000.0,7700.0,7700.0,SECRETARIA DE ESTADO DE EDUCACAO,SEE,SEE,TRILHAS DE FUTURO - ESTUDANTES,EPT
2026,7,1261,2118,71,0,Investimentos Próprios,45600.0,10040.0,10040.0,SECRETARIA DE ESTADO DE EDUCACAO,SEE,SEE,TRILHAS DE FUTURO - ESTUDANTES,EPT
2026,7,1261,2118,71,0,Investimentos Próprios,33600.0,7540.0,7540.0,SECRETARIA DE ESTADO DE EDUCACAO,SEE,SEE,TRILHAS DE FUTURO - ESTUDANTES,EPT
2026,7,1261,2118,71,0,Investimentos Próprios,42000.0,0.0,0.0,SECRETARIA DE ESTADO DE EDUCACAO,SEE,SEE,TRILHAS DE FUTURO - ESTUDANTES,EPT
2026,7,1261,2118,71,0,Investimentos Próprios,21600.0,0.0,0.0,SECRETARIA DE ESTADO DE EDUCACAO,SEE,SEE,TRILHAS DE FUTURO - ESTUDANTES,EPT
2026,7,1261,2118,71,0,Investimentos Próprios,27600.0,0.0,0.0,SECRETARIA DE ESTADO DE EDUCACAO,SEE,SEE,TRILHAS DE FUTURO - ESTUDANTES,EPT
2026,7,1261,2118,71,0,Investimentos Próprios,14800.0,14800.0,14800.0,SECRETARIA DE ESTADO DE EDUCACAO,SEE,SEE,TRILHAS DE FUTURO - ESTUDANTES,EPT
2026,7,1261,2118,71,0,Investimentos Próprios,21020.0,21020.0,21020.0,SECRETARIA DE ESTADO DE EDUCACAO,SEE,SEE,TRILHAS DE FUTURO - ESTUDANTES,EPT
2026,7,1261,2118,71,0,Investimentos Próprios,9240.0,9240.0,9240.0,SECRETARIA DE ESTADO DE EDUCACAO,SEE,SEE,TRILHAS DE FUTURO - ESTUDANTES,EPT
2026,7,1261,2118,71,0,Investimentos Próprios,17080.0,17080.0,17080.0,SECRETARIA DE ESTADO DE EDUCACAO,SEE,SEE,TRILHAS DE FUTURO - ESTUDANTES,EPT
2026,7,1261,2118,10,0,Investimentos Próprios,44000.0,19808.64,19808.64,SECRETARIA DE ESTADO DE EDUCACAO,SEE,SEE,TRILHAS DE FUTURO - ESTUDANTES,EPT
2026,7,1261,2118,71,0,Investimentos Próprios,0.0,0.0,0.0,SECRETARIA DE ESTADO DE EDUCACAO,SEE,SEE,TRILHAS DE FUTURO - ESTUDANTES,EPT
2026,7,1261,2118,71,0,Investimentos Próprios,85720.0,85720.0,85720.0,SECRETARIA DE ESTADO DE EDUCACAO,SEE,SEE,TRILHAS DE FUTURO - ESTUDANTES,EPT
2026,7,1261,2118,71,0,Investimentos Próprios,170402.0,170380.0,170380.0,SECRETARIA DE ESTADO DE EDUCACAO,SEE,SEE,TRILHAS DE FUTURO - ESTUDANTES,EPT
2026,7,1261,2118,10,0,Investimentos Próprios,470590.7,0.0,0.0,SECRETARIA DE ESTADO DE EDUCACAO,SEE,SEE,TRILHAS DE FUTURO - ESTUDANTES,EPT
2026,7,1261,2118,10,0,Investimentos Próprios,26000.0,25785.66,25785.66,SECRETARIA DE ESTADO DE EDUCACAO,SEE,SEE,TRILHAS DE FUTURO - ESTUDANTES,EPT
2026,7,1261,2118,10,0,Investimentos Próprios,58000.0,26676.34,50871.16,SECRETARIA DE ESTADO DE EDUCACAO,SEE,SEE,TRILHAS DE FUTURO - ESTUDANTES,EPT
2026,7,1261,2118,71,0,Investimentos Próprios,15000.0,14620.0,14620.0,SECRETARIA DE ESTADO DE EDUCACAO,SEE,SEE,TRILHAS DE FUTURO - ESTUDANTES,EPT
2026,7,1261,2118,10,0,Investimentos Próprios,198969.36,198969.36,397938.72,SECRETARIA DE ESTADO DE EDUCACAO,SEE,SEE,TRILHAS DE FUTURO - ESTUDANTES,EPT
2026,7,1261,2118,10,0,Investimentos Próprios,22696.5,22696.5,22696.5,SECRETARIA DE ESTADO DE EDUCACAO,SEE,SEE,TRILHAS DE FUTURO - ESTUDANTES,EPT
2026,7,1261,2118,71,0,Investimentos Próprios,0.0,0.0,0.0,SECRETARIA DE ESTADO DE EDUCACAO,SEE,SEE,TRILHAS DE FUTURO - ESTUDANTES,EPT
2026,7,1261,2118,10,0,Investimentos Próprios,67000.0,63771.17,63771.17,SECRETARIA DE ESTADO DE EDUCACAO,SEE,SEE,TRILHAS DE FUTURO - ESTUDANTES,EPT
2026,7,2301,4293,32,0,Investimentos Próprios,2010215.85,2125215.78,0.0,DEPARTAMENTO DE ESTRADAS DE RODAGEM DO ESTADO DE MINAS GERAIS,DER-MG,DER-MG,CONSERVACAO ROTINEIRA DA MALHA VIARIA,Transportes
2026,7,2301,4293,32,0,Investimentos Próprios,430000.0,237680.55,0.0,DEPARTAMENTO DE ESTRADAS DE RODAGEM DO ESTADO DE MINAS GERAIS,DER-MG,DER-MG,CONSERVACAO ROTINEIRA DA MALHA VIARIA,Transportes
2026,7,2301,4293,32,0,Investimentos Próprios,541661.75,110725.93,0.0,DEPARTAMENTO DE ESTRADAS DE RODAGEM DO ESTADO DE MINAS GERAIS,DER-MG,DER-MG,CONSERVACAO ROTINEIRA DA MALHA VIARIA,Transportes
2026,7,2301,4293,32,0,Investimentos Próprios,1324943.87,217345.8,0.0,DEPARTAMENTO DE ESTRADAS DE RODAGEM DO ESTADO DE MINAS GERAIS,DER-MG,DER-MG,CONSERVACAO ROTINEIRA DA MALHA VIARIA,Transportes
2026,7,2301,4293,32,0,Investimentos Próprios,979996.0,580543.4,0.0,DEPARTAMENTO DE ESTRADAS DE RODAGEM DO ESTADO DE MINAS GERAIS,DER-MG,DER-MG,CONSERVACAO ROTINEIRA DA MALHA VIARIA,Transportes
2026,7,1261,2118,10,0,Investimentos Próprios,259502.06,257894.92,257894.92,SECRETARIA DE ESTADO DE EDUCACAO,SEE,SEE,TRILHAS DE FUTURO - ESTUDANTES,EPT
2026,7,1261,2118,10,0,Investimentos Próprios,18000.0,7668.03,7668.03,SECRETARIA DE ESTADO DE EDUCACAO,SEE,SEE,TRILHAS DE FUTURO - ESTUDANTES,EPT
2026,7,1261,2118,10,0,Investimentos Próprios,42000.0,18934.6,18934.6,SECRETARIA DE ESTADO DE EDUCACAO,SEE,SEE,TRILHAS DE FUTURO - ESTUDANTES,EPT
2026,7,1261,2118,10,0,Investimentos Próprios,140000.0,130920.13,257775.13,SECRETARIA DE ESTADO DE EDUCACAO,SEE,SEE,TRILHAS DE FUTURO - ESTUDANTES,EPT
2026,7,1261,2118,71,0,Investimentos Próprios,67200.0,0.0,0.0,SECRETARIA DE ESTADO DE EDUCACAO,SEE,SEE,TRILHAS DE FUTURO - ESTUDANTES,EPT
2026,7,1261,2118,71,0,Investimentos Próprios,46000.0,7180.0,7180.0,SECRETARIA DE ESTADO DE EDUCACAO,SEE,SEE,TRILHAS DE FUTURO - ESTUDANTES,EPT
2026,7,1261,2118,71,0,Investimentos Próprios,37800.0,0.0,0.0,SECRETARIA DE ESTADO DE EDUCACAO,SEE,SEE,TRILHAS DE FUTURO - ESTUDANTES,EPT
2026,7,1261,2118,71,0,Investimentos Próprios,14500.0,14180.0,14180.0,SECRETARIA DE ESTADO DE EDUCACAO,SEE,SEE,TRILHAS DE FUTURO - ESTUDANTES,EPT
2026,7,1261,2118,71,0,Investimentos Próprios,0.0,0.0,0.0,SECRETARIA DE ESTADO DE EDUCACAO,SEE,SEE,TRILHAS DE FUTURO - ESTUDANTES,EPT
2026,7,1261,2118,10,0,Investimentos Próprios,24746.71,24746.71,24746.71,SECRETARIA DE ESTADO DE EDUCACAO,SEE,SEE,TRILHAS DE FUTURO - ESTUDANTES,EPT
2026,7,1261,2118,71,0,Investimentos Próprios,0.0,0.0,0.0,SECRETARIA DE ESTADO DE EDUCACAO,SEE,SEE,TRILHAS DE FUTURO - ESTUDANTES,EPT
2026,7,1261,2118,71,0,Investimentos Próprios,10000.0,8580.0,8580.0,SECRETARIA DE ESTADO DE EDUCACAO,SEE,SEE,TRILHAS DE FUTURO - ESTUDANTES,EPT
2026,7,1261,2118,71,0,Investimentos Próprios,12000.0,10700.0,10700.0,SECRETARIA DE ESTADO DE EDUCACAO,SEE,SEE,TRILHAS DE FUTURO - ESTUDANTES,EPT
2026,7,1261,2118,71,0,Investimentos Próprios,8000.0,7860.0,7860.0,SECRETARIA DE ESTADO DE EDUCACAO,SEE,SEE,TRILHAS DE FUTURO - ESTUDANTES,EPT
2026,7,1261,2118,10,0,Investimentos Próprios,0.0,0.0,0.0,SECRETARIA DE ESTADO DE EDUCACAO,SEE,SEE,TRILHAS DE FUTURO - ESTUDANTES,EPT
2026,7,1261,2118,10,0,Investimentos Próprios,43149.65,41628.6,41628.6,SECRETARIA DE ESTADO DE EDUCACAO,SEE,SEE,TRILHAS DE FUTURO - ESTUDANTES,EPT
2026,7,1261,2118,10,0,Investimentos Próprios,325941.9,158400.7,158400.7,SECRETARIA DE ESTADO DE EDUCACAO,SEE,SEE,TRILHAS DE FUTURO - ESTUDANTES,EPT
2026,7,1261,2118,10,0,Investimentos Próprios,0.0,0.0,0.0,SECRETARIA DE ESTADO DE EDUCACAO,SEE,SEE,TRILHAS DE FUTURO - ESTUDANTES,EPT
2026,7,1261,2118,10,0,Investimentos Próprios,33308.26,16654.13,32233.8,SECRETARIA DE ESTADO DE EDUCACAO,SEE,SEE,TRILHAS DE FUTURO - ESTUDANTES,EPT
2026,7,1261,2118,10,0,Investimentos Próprios,0.0,0.0,0.0,SECRETARIA DE ESTADO DE EDUCACAO,SEE,SEE,TRILHAS DE FUTURO - ESTUDANTES,EPT
2026,7,1261,2118,10,0,Investimentos Próprios,50000.0,21961.57,21961.57,SECRETARIA DE ESTADO DE EDUCACAO,SEE,SEE,TRILHAS DE FUTURO - ESTUDANTES,EPT
2026,7,1261,2118,10,0,Investimentos Próprios,21048.0,10524.0,20206.08,SECRETARIA DE ESTADO DE EDUCACAO,SEE,SEE,TRILHAS DE FUTURO - ESTUDANTES,EPT
2026,7,1261,2118,71,0,Investimentos Próprios,9000.0,8820.0,8820.0,SECRETARIA DE ESTADO DE EDUCACAO,SEE,SEE,TRILHAS DE FUTURO - ESTUDANTES,EPT
2026,7,1261,2118,10,0,Investimentos Próprios,19024.0,19024.0,0.0,SECRETARIA DE ESTADO DE EDUCACAO,SEE,SEE,TRILHAS DE FUTURO - ESTUDANTES,EPT
2026,7,1261,2118,71,0,Investimentos Próprios,148000.0,47060.0,72020.0,SECRETARIA DE ESTADO DE EDUCACAO,SEE,SEE,TRILHAS DE FUTURO - ESTUDANTES,EPT
2026,7,1261,2118,71,0,Investimentos Próprios,13000.0,11560.0,11560.0,SECRETARIA DE ESTADO DE EDUCACAO,SEE,SEE,TRILHAS DE FUTURO - ESTUDANTES,EPT
2026,7,1261,2118,71,0,Investimentos Próprios,12660.0,12660.0,12660.0,SECRETARIA DE ESTADO DE EDUCACAO,SEE,SEE,TRILHAS DE FUTURO - ESTUDANTES,EPT
2026,7,1261,2118,71,0,Investimentos Próprios,8500.0,7720.0,7720.0,SECRETARIA DE ESTADO DE EDUCACAO,SEE,SEE,TRILHAS DE FUTURO - ESTUDANTES,EPT
2026,7,1261,2118,71,0,Investimentos Próprios,7500.0,7120.0,7120.0,SECRETARIA DE ESTADO DE EDUCACAO,SEE,SEE,TRILHAS DE FUTURO - ESTUDANTES,EPT
2026,7,1261,2118,71,0,Investimentos Próprios,7500.0,7500.0,0.0,SECRETARIA DE ESTADO DE EDUCACAO,SEE,SEE,TRILHAS DE FUTURO - ESTUDANTES,EPT
2026,7,1261,2118,71,0,Investimentos Próprios,31720.0,31720.0,0.0,SECRETARIA DE ESTADO DE EDUCACAO,SEE,SEE,TRILHAS DE FUTURO - ESTUDANTES,EPT
2026,7,1261,2118,10,0,Investimentos Próprios,60500.0,59425.8,116021.8,SECRETARIA DE ESTADO DE EDUCACAO,SEE,SEE,TRILHAS DE FUTURO - ESTUDANTES,EPT
2026,7,1261,2118,71,0,Investimentos Próprios,87000.0,41040.0,56440.0,SECRETARIA DE ESTADO DE EDUCACAO,SEE,SEE,TRILHAS DE FUTURO - ESTUDANTES,EPT
2026,7,1261,2118,71,0,Investimentos Próprios,26420.0,26420.0,26420.0,SECRETARIA DE ESTADO DE EDUCACAO,SEE,SEE,TRILHAS DE FUTURO - ESTUDANTES,EPT
2026,7,1261,2118,71,0,Investimentos Próprios,17000.0,15200.0,15200.0,SECRETARIA DE ESTADO DE EDUCACAO,SEE,SEE,TRILHAS DE FUTURO - ESTUDANTES,EPT
2026,7,1261,2118,71,0,Investimentos Próprios,1740.0,1740.0,1740.0,SECRETARIA DE ESTADO DE EDUCACAO,SEE,SEE,TRILHAS DE FUTURO - ESTUDANTES,EPT
2026,7,1261,2118,71,0,Investimentos Próprios,36000.0,35180.0,35180.0,SECRETARIA DE ESTADO DE EDUCACAO,SEE,SEE,TRILHAS DE FUTURO - ESTUDANTES,EPT
2026,7,1261,2118,10,0,Investimentos Próprios,110361.42,110361.42,110361.42,SECRETARIA DE ESTADO DE EDUCACAO,SEE,SEE,TRILHAS DE FUTURO - ESTUDANTES,EPT
2026,7,1261,2118,10,0,Investimentos Próprios,467364.78,467364.78,467364.78,SECRETARIA DE ESTADO DE EDUCACAO,SEE,SEE,TRILHAS DE FUTURO - ESTUDANTES,EPT
2026,7,1261,2118,10,0,Investimentos Próprios,0.0,0.0,0.0,SECRETARIA DE ESTADO DE EDUCACAO,SEE,SEE,TRILHAS DE FUTURO - ESTUDANTES,EPT
2026,7,1261,2118,71,0,Investimentos Próprios,15520.0,15520.0,15520.0,SECRETARIA DE ESTADO DE EDUCACAO,SEE,SEE,TRILHAS DE FUTURO - ESTUDANTES,EPT
2026,7,1261,2118,71,0,Investimentos Próprios,16400.0,16400.0,16400.0,SECRETARIA DE ESTADO DE EDUCACAO,SEE,SEE,TRILHAS DE FUTURO - ESTUDANTES,EPT
2026,7,2301,4275,33,0,Investimentos Próprios,0.0,0.0,0.0,DEPARTAMENTO DE ESTRADAS DE RODAGEM DO ESTADO DE MINAS GERAIS,DER-MG,DER-MG,IMPLANTACAO/PAVIMENTACAO DA MALHA,Transportes
2026,7,1261,2118,71,0,Investimentos Próprios,10360.0,10360.0,10360.0,SECRETARIA DE ESTADO DE EDUCACAO,SEE,SEE,TRILHAS DE FUTURO - ESTUDANTES,EPT
2026,7,1261,2118,71,0,Investimentos Próprios,8700.0,8700.0,8700.0,SECRETARIA DE ESTADO DE EDUCACAO,SEE,SEE,TRILHAS DE FUTURO - ESTUDANTES,EPT
2026,7,1261,2118,71,0,Investimentos Próprios,6860.0,6860.0,0.0,SECRETARIA DE ESTADO DE EDUCACAO,SEE,SEE,TRILHAS DE FUTURO - ESTUDANTES,EPT
2026,7,1261,2118,71,0,Investimentos Próprios,34100.0,34100.0,34100.0,SECRETARIA DE ESTADO DE EDUCACAO,SEE,SEE,TRILHAS DE FUTURO - ESTUDANTES,EPT
2026,7,1261,2118,10,0,Investimentos Próprios,50000.0,35372.75,35372.75,SECRETARIA DE ESTADO DE EDUCACAO,SEE,SEE,TRILHAS DE FUTURO - ESTUDANTES,EPT
2026,7,2301,4162,10,0,Investimentos Próprios,0.0,79099.41,0.0,DEPARTAMENTO DE ESTRADAS DE RODAGEM DO ESTADO DE MINAS GERAIS,DER-MG,DER-MG,SUPORTE A GESTAO DOS ATIVOS RODOVIARIOS,Transportes
2026,7,1261,2118,10,0,Investimentos Próprios,83567.7,83567.7,83567.7,SECRETARIA DE ESTADO DE EDUCACAO,SEE,SEE,TRILHAS DE FUTURO - ESTUDANTES,EPT
2026,7,2301,4385,10,0,Investimentos Próprios,7736000.0,597928.69,0.0,DEPARTAMENTO DE ESTRADAS DE RODAGEM DO ESTADO DE MINAS GERAIS,DER-MG,DER-MG,REABILITACAO DA MALHA VIARIA,Transportes
2026,7,2301,4385,10,0,Investimentos Próprios,10000000.0,5753866.65,0.0,DEPARTAMENTO DE ESTRADAS DE RODAGEM DO ESTADO DE MINAS GERAIS,DER-MG,DER-MG,REABILITACAO DA MALHA VIARIA,Transportes
2026,7,1261,2118,71,0,Investimentos Próprios,9240.0,9240.0,0.0,SECRETARIA DE ESTADO DE EDUCACAO,SEE,SEE,TRILHAS DE FUTURO - ESTUDANTES,EPT
2026,7,1261,2118,71,0,Investimentos Próprios,5900.0,5900.0,5900.0,SECRETARIA DE ESTADO DE EDUCACAO,SEE,SEE,TRILHAS DE FUTURO - ESTUDANTES,EPT
2026,7,1261,2118,10,0,Investimentos Próprios,0.0,0.0,0.0,SECRETARIA DE ESTADO DE EDUCACAO,SEE,SEE,TRILHAS DE FUTURO - ESTUDANTES,EPT
2026,7,2301,4385,10,0,Investimentos Próprios,-24997.49,1711748.32,0.0,DEPARTAMENTO DE ESTRADAS DE RODAGEM DO ESTADO DE MINAS GERAIS,DER-MG,DER-MG,REABILITACAO DA MALHA VIARIA,Transportes
2026,7,2301,4385,33,0,Investimentos Próprios,-36.29,458925.55,0.0,DEPARTAMENTO DE ESTRADAS DE RODAGEM DO ESTADO DE MINAS GERAIS,DER-MG,DER-MG,REABILITACAO DA MALHA VIARIA,Transportes
2026,7,1261,2118,71,0,Investimentos Próprios,66580.0,31380.0,63560.0,SECRETARIA DE ESTADO DE EDUCACAO,SEE,SEE,TRILHAS DE FUTURO - ESTUDANTES,EPT
2026,7,1261,2118,10,0,Investimentos Próprios,62429.0,57743.28,57743.28,SECRETARIA DE ESTADO DE EDUCACAO,SEE,SEE,TRILHAS DE FUTURO - ESTUDANTES,EPT
2026,7,1261,2118,71,0,Investimentos Próprios,7000.0,7000.0,9900.0,SECRETARIA DE ESTADO DE EDUCACAO,SEE,SEE,TRILHAS DE FUTURO - ESTUDANTES,EPT
2026,7,1261,2118,10,0,Investimentos Próprios,40710.28,40710.28,0.0,SECRETARIA DE ESTADO DE EDUCACAO,SEE,SEE,TRILHAS DE FUTURO - ESTUDANTES,EPT
2026,7,1261,2118,71,0,Investimentos Próprios,46800.0,13520.0,13520.0,SECRETARIA DE ESTADO DE EDUCACAO,SEE,SEE,TRILHAS DE FUTURO - ESTUDANTES,EPT
2026,7,2301,4268,33,0,Investimentos Próprios,0.0,13229.45,0.0,DEPARTAMENTO DE ESTRADAS DE RODAGEM DO ESTADO DE MINAS GERAIS,DER-MG,DER-MG,AMPLIACAO DE CAPACIDADE DA MALHA E RESTAURACAO DO PAVIMENTO,Transportes
2026,7,2301,4385,10,0,Investimentos Próprios,0.0,26701.7,0.0,DEPARTAMENTO DE ESTRADAS DE RODAGEM DO ESTADO DE MINAS GERAIS,DER-MG,DER-MG,REABILITACAO DA MALHA VIARIA,Transportes
2026,7,1261,2118,71,0,Investimentos Próprios,18000.0,4850.0,4850.0,SECRETARIA DE ESTADO DE EDUCACAO,SEE,SEE,TRILHAS DE FUTURO - ESTUDANTES,EPT
2026,7,1261,2118,71,0,Investimentos Próprios,80840.0,51240.0,77740.0,SECRETARIA DE ESTADO DE EDUCACAO,SEE,SEE,TRILHAS DE FUTURO - ESTUDANTES,EPT
2026,7,1261,2118,71,0,Investimentos Próprios,11920.0,6800.0,11860.0,SECRETARIA DE ESTADO DE EDUCACAO,SEE,SEE,TRILHAS DE FUTURO - ESTUDANTES,EPT
2026,7,2301,4293,32,0,Investimentos Próprios,925162.73,410197.61,0.0,DEPARTAMENTO DE ESTRADAS DE RODAGEM DO ESTADO DE MINAS GERAIS,DER-MG,DER-MG,CONSERVACAO ROTINEIRA DA MALHA VIARIA,Transportes
2026,7,1261,2118,71,0,Investimentos Próprios,4000.0,3860.0,0.0,SECRETARIA DE ESTADO DE EDUCACAO,SEE,SEE,TRILHAS DE FUTURO - ESTUDANTES,EPT
2026,7,1261,2118,71,0,Investimentos Próprios,6000.0,3740.0,3740.0,SECRETARIA DE ESTADO DE EDUCACAO,SEE,SEE,TRILHAS DE FUTURO - ESTUDANTES,EPT
2026,7,1261,2118,71,0,Investimentos Próprios,30000.0,24600.0,40660.0,SECRETARIA DE ESTADO DE EDUCACAO,SEE,SEE,TRILHAS DE FUTURO - ESTUDANTES,EPT
2026,7,1261,2118,71,0,Investimentos Próprios,112500.0,94100.0,135060.0,SECRETARIA DE ESTADO DE EDUCACAO,SEE,SEE,TRILHAS DE FUTURO - ESTUDANTES,EPT
2026,7,1261,2118,10,0,Investimentos Próprios,80515.71,53677.27,53677.27,SECRETARIA DE ESTADO DE EDUCACAO,SEE,SEE,TRILHAS DE FUTURO - ESTUDANTES,EPT
2026,7,1261,2118,10,0,Investimentos Próprios,0.0,0.0,0.0,SECRETARIA DE ESTADO DE EDUCACAO,SEE,SEE,TRILHAS DE FUTURO - ESTUDANTES,EPT
2026,7,1261,2118,10,0,Investimentos Próprios,0.0,0.0,0.0,SECRETARIA DE ESTADO DE EDUCACAO,SEE,SEE,TRILHAS DE FUTURO - ESTUDANTES,EPT
2026,7,2301,4275,33,0,Investimentos Próprios,0.0,11903.41,0.0,DEPARTAMENTO DE ESTRADAS DE RODAGEM DO ESTADO DE MINAS GERAIS,DER-MG,DER-MG,IMPLANTACAO/PAVIMENTACAO DA MALHA,Transportes
2026,7,1261,2118,71,0,Investimentos Próprios,53220.0,24520.0,24520.0,SECRETARIA DE ESTADO DE EDUCACAO,SEE,SEE,TRILHAS DE FUTURO - ESTUDANTES,EPT
2026,7,2301,4293,32,0,Investimentos Próprios,345688.55,345688.55,345688.55,DEPARTAMENTO DE ESTRADAS DE RODAGEM DO ESTADO DE MINAS GERAIS,DER-MG,DER-MG,CONSERVACAO ROTINEIRA DA MALHA VIARIA,Transportes
2026,7,1261,2118,71,0,Investimentos Próprios,16021.0,16020.0,25500.0,SECRETARIA DE ESTADO DE EDUCACAO,SEE,SEE,TRILHAS DE FUTURO - ESTUDANTES,EPT
2026,7,1261,2118,71,0,Investimentos Próprios,5620.0,5620.0,0.0,SECRETARIA DE ESTADO DE EDUCACAO,SEE,SEE,TRILHAS DE FUTURO - ESTUDANTES,EPT
2026,7,1261,2118,71,0,Investimentos Próprios,35000.0,12460.0,12460.0,SECRETARIA DE ESTADO DE EDUCACAO,SEE,SEE,TRILHAS DE FUTURO - ESTUDANTES,EPT
2026,7,1261,2118,71,0,Investimentos Próprios,41080.0,41080.0,41080.0,SECRETARIA DE ESTADO DE EDUCACAO,SEE,SEE,TRILHAS DE FUTURO - ESTUDANTES,EPT
2026,7,1261,2118,71,0,Investimentos Próprios,351800.0,193880.0,307360.0,SECRETARIA DE ESTADO DE EDUCACAO,SEE,SEE,TRILHAS DE FUTURO - ESTUDANTES,EPT
2026,7,1261,2118,71,0,Investimentos Próprios,30000.0,8040.0,12780.0,SECRETARIA DE ESTADO DE EDUCACAO,SEE,SEE,TRILHAS DE FUTURO - ESTUDANTES,EPT
2026,7,1261,2118,71,0,Investimentos Próprios,11660.0,11660.0,11660.0,SECRETARIA DE ESTADO DE EDUCACAO,SEE,SEE,TRILHAS DE FUTURO - ESTUDANTES,EPT
2026,7,1261,2118,71,0,Investimentos Próprios,50000.0,21540.0,21540.0,SECRETARIA DE ESTADO DE EDUCACAO,SEE,SEE,TRILHAS DE FUTURO - ESTUDANTES,EPT
2026,7,1261,2118,71,0,Investimentos Próprios,176460.0,176460.0,269560.0,SECRETARIA DE ESTADO DE EDUCACAO,SEE,SEE,TRILHAS DE FUTURO - ESTUDANTES,EPT
2026,7,1261,2118,71,0,Investimentos Próprios,17140.0,17140.0,17140.0,SECRETARIA DE ESTADO DE EDUCACAO,SEE,SEE,TRILHAS DE FUTURO - ESTUDANTES,EPT
2026,7,1261,2118,71,0,Investimentos Próprios,17160.0,8580.0,12400.0,SECRETARIA DE ESTADO DE EDUCACAO,SEE,SEE,TRILHAS DE FUTURO - ESTUDANTES,EPT
2026,7,2301,4293,32,0,Investimentos Próprios,700870.0,864202.8,0.0,DEPARTAMENTO DE ESTRADAS DE RODAGEM DO ESTADO DE MINAS GERAIS,DER-MG,DER-MG,CONSERVACAO ROTINEIRA DA MALHA VIARIA,Transportes
2026,7,1261,2118,71,0,Investimentos Próprios,20000.0,7280.0,7280.0,SECRETARIA DE ESTADO DE EDUCACAO,SEE,SEE,TRILHAS DE FUTURO - ESTUDANTES,EPT
2026,7,2301,4275,10,0,Investimentos Próprios,0.0,661935.51,0.0,DEPARTAMENTO DE ESTRADAS DE RODAGEM DO ESTADO DE MINAS GERAIS,DER-MG,DER-MG,IMPLANTACAO/PAVIMENTACAO DA MALHA,Transportes
2026,7,2301,4293,32,0,Investimentos Próprios,471391.0,35546.0,0.0,DEPARTAMENTO DE ESTRADAS DE RODAGEM DO ESTADO DE MINAS GERAIS,DER-MG,DER-MG,CONSERVACAO ROTINEIRA DA MALHA VIARIA,Transportes
2026,7,1261,2118,71,0,Investimentos Próprios,30000.0,10920.0,10920.0,SECRETARIA DE ESTADO DE EDUCACAO,SEE,SEE,TRILHAS DE FUTURO - ESTUDANTES,EPT
2026,7,1261,2118,71,0,Investimentos Próprios,30000.0,8380.0,8380.0,SECRETARIA DE ESTADO DE EDUCACAO,SEE,SEE,TRILHAS DE FUTURO - ESTUDANTES,EPT
2026,7,1261,2118,10,0,Investimentos Próprios,113192.0,113192.0,113192.0,SECRETARIA DE ESTADO DE EDUCACAO,SEE,SEE,TRILHAS DE FUTURO - ESTUDANTES,EPT
2026,7,1261,2118,10,0,Investimentos Próprios,31000.0,30432.6,30432.6,SECRETARIA DE ESTADO DE EDUCACAO,SEE,SEE,TRILHAS DE FUTURO - ESTUDANTES,EPT
2026,7,1261,2118,10,0,Investimentos Próprios,21500.0,18466.35,18466.35,SECRETARIA DE ESTADO DE EDUCACAO,SEE,SEE,TRILHAS DE FUTURO - ESTUDANTES,EPT
2026,7,1261,2118,10,0,Investimentos Próprios,24000.0,20311.68,20311.68,SECRETARIA DE ESTADO DE EDUCACAO,SEE,SEE,TRILHAS DE FUTURO - ESTUDANTES,EPT
2026,7,1261,2118,10,0,Investimentos Próprios,15000.0,12510.72,12510.72,SECRETARIA DE ESTADO DE EDUCACAO,SEE,SEE,TRILHAS DE FUTURO - ESTUDANTES,EPT
2026,7,1261,2118,10,0,Investimentos Próprios,162453.13,161653.13,161653.13,SECRETARIA DE ESTADO DE EDUCACAO,SEE,SEE,TRILHAS DE FUTURO - ESTUDANTES,EPT
2026,7,1261,2118,10,0,Investimentos Próprios,43415.08,29804.11,29804.11,SECRETARIA DE ESTADO DE EDUCACAO,SEE,SEE,TRILHAS DE FUTURO - ESTUDANTES,EPT
2026,7,1261,2118,10,0,Investimentos Próprios,41797.0,41797.0,41797.0,SECRETARIA DE ESTADO DE EDUCACAO,SEE,SEE,TRILHAS DE FUTURO - ESTUDANTES,EPT
2026,7,1261,2118,10,0,Investimentos Próprios,25424.8,25424.8,25424.8,SECRETARIA DE ESTADO DE EDUCACAO,SEE,SEE,TRILHAS DE FUTURO - ESTUDANTES,EPT
2026,7,1261,2118,10,0,Investimentos Próprios,523092.5,515417.71,515417.71,SECRETARIA DE ESTADO DE EDUCACAO,SEE,SEE,TRILHAS DE FUTURO - ESTUDANTES,EPT
2026,7,1261,2118,10,0,Investimentos Próprios,22765.48,21111.84,21111.84,SECRETARIA DE ESTADO DE EDUCACAO,SEE,SEE,TRILHAS DE FUTURO - ESTUDANTES,EPT
2026,7,1261,2118,10,0,Investimentos Próprios,158999.17,158905.0,158905.0,SECRETARIA DE ESTADO DE EDUCACAO,SEE,SEE,TRILHAS DE FUTURO - ESTUDANTES,EPT
2026,7,1261,2118,10,0,Investimentos Próprios,442891.73,376807.03,376807.03,SECRETARIA DE ESTADO DE EDUCACAO,SEE,SEE,TRILHAS DE FUTURO - ESTUDANTES,EPT
2026,7,1261,2118,10,0,Investimentos Próprios,12307.24,12307.24,12307.24,SECRETARIA DE ESTADO DE EDUCACAO,SEE,SEE,TRILHAS DE FUTURO - ESTUDANTES,EPT
2026,7,1261,2118,10,0,Investimentos Próprios,17913.25,17913.25,17913.25,SECRETARIA DE ESTADO DE EDUCACAO,SEE,SEE,TRILHAS DE FUTURO - ESTUDANTES,EPT
2026,7,1261,2118,10,0,Investimentos Próprios,46071.88,46071.88,46071.88,SECRETARIA DE ESTADO DE EDUCACAO,SEE,SEE,TRILHAS DE FUTURO - ESTUDANTES,EPT
2026,7,1261,2118,71,0,Investimentos Próprios,29000.0,19740.0,19740.0,SECRETARIA DE ESTADO DE EDUCACAO,SEE,SEE,TRILHAS DE FUTURO - ESTUDANTES,EPT
2026,7,1261,2118,10,0,Investimentos Próprios,38373.81,33273.67,33273.67,SECRETARIA DE ESTADO DE EDUCACAO,SEE,SEE,TRILHAS DE FUTURO - ESTUDANTES,EPT
2026,7,1511,4060,48,0,Investimentos Próprios,0.0,235495.0,0.0,POLICIA CIVIL DO ESTADO DE MINAS GERAIS,PCMG,PCMG,GESTAO DAS UNIDADES POLICIAIS,Segurança Pública
2026,7,1261,2118,10,0,Investimentos Próprios,32920.08,32920.08,32920.08,SECRETARIA DE ESTADO DE EDUCACAO,SEE,SEE,TRILHAS DE FUTURO - ESTUDANTES,EPT
2026,7,1261,2118,10,0,Investimentos Próprios,13266.3,13266.3,13266.3,SECRETARIA DE ESTADO DE EDUCACAO,SEE,SEE,TRILHAS DE FUTURO - ESTUDANTES,EPT
2026,7,1261,2118,10,0,Investimentos Próprios,47939.2,47939.2,47939.2,SECRETARIA DE ESTADO DE EDUCACAO,SEE,SEE,TRILHAS DE FUTURO - ESTUDANTES,EPT
2026,7,1261,2118,10,0,Investimentos Próprios,39102.54,39102.54,39102.54,SECRETARIA DE ESTADO DE EDUCACAO,SEE,SEE,TRILHAS DE FUTURO - ESTUDANTES,EPT
2026,7,1261,2118,10,0,Investimentos Próprios,38732.4,38732.4,38732.4,SECRETARIA DE ESTADO DE EDUCACAO,SEE,SEE,TRILHAS DE FUTURO - ESTUDANTES,EPT
2026,7,1261,2118,10,0,Investimentos Próprios,48844.5,48844.5,48844.5,SECRETARIA DE ESTADO DE EDUCACAO,SEE,SEE,TRILHAS DE FUTURO - ESTUDANTES,EPT
2026,7,1261,2118,10,0,Investimentos Próprios,40000.0,37971.0,37971.0,SECRETARIA DE ESTADO DE EDUCACAO,SEE,SEE,TRILHAS DE FUTURO - ESTUDANTES,EPT
2026,7,1261,2118,10,0,Investimentos Próprios,20000.0,10182.5,15070.1,SECRETARIA DE ESTADO DE EDUCACAO,SEE,SEE,TRILHAS DE FUTURO - ESTUDANTES,EPT
2026,7,1261,2118,10,0,Investimentos Próprios,9228.72,9228.72,9228.72,SECRETARIA DE ESTADO DE EDUCACAO,SEE,SEE,TRILHAS DE FUTURO - ESTUDANTES,EPT
2026,7,1261,2118,10,0,Investimentos Próprios,26731.52,26731.52,26731.52,SECRETARIA DE ESTADO DE EDUCACAO,SEE,SEE,TRILHAS DE FUTURO - ESTUDANTES,EPT
2026,7,2301,4275,10,0,Investimentos Próprios,47000.0,0.0,0.0,DEPARTAMENTO DE ESTRADAS DE RODAGEM DO ESTADO DE MINAS GERAIS,DER-MG,DER-MG,IMPLANTACAO/PAVIMENTACAO DA MALHA,Transportes
2026,7,1261,2118,10,0,Investimentos Próprios,17500.0,15677.4,15677.4,SECRETARIA DE ESTADO DE EDUCACAO,SEE,SEE,TRILHAS DE FUTURO - ESTUDANTES,EPT
2026,7,1261,2118,10,0,Investimentos Próprios,13000.0,12135.03,12135.03,SECRETARIA DE ESTADO DE EDUCACAO,SEE,SEE,TRILHAS DE FUTURO - ESTUDANTES,EPT
2026,7,1261,2118,10,0,Investimentos Próprios,20000.0,17561.68,17561.68,SECRETARIA DE ESTADO DE EDUCACAO,SEE,SEE,TRILHAS DE FUTURO - ESTUDANTES,EPT
2026,7,1261,2118,71,0,Investimentos Próprios,19000.0,18040.0,18040.0,SECRETARIA DE ESTADO DE EDUCACAO,SEE,SEE,TRILHAS DE FUTURO - ESTUDANTES,EPT
2026,7,1261,2118,10,0,Investimentos Próprios,0.0,0.0,0.0,SECRETARIA DE ESTADO DE EDUCACAO,SEE,SEE,TRILHAS DE FUTURO - ESTUDANTES,EPT
2026,7,1261,2118,71,0,Investimentos Próprios,40000.0,36920.0,36920.0,SECRETARIA DE ESTADO DE EDUCACAO,SEE,SEE,TRILHAS DE FUTURO - ESTUDANTES,EPT
2026,7,1261,2118,10,0,Investimentos Próprios,0.0,0.0,0.0,SECRETARIA DE ESTADO DE EDUCACAO,SEE,SEE,TRILHAS DE FUTURO - ESTUDANTES,EPT
2026,7,1261,2118,10,0,Investimentos Próprios,0.0,0.0,0.0,SECRETARIA DE ESTADO DE EDUCACAO,SEE,SEE,TRILHAS DE FUTURO - ESTUDANTES,EPT
2026,7,2301,4293,32,0,Investimentos Próprios,0.0,707510.69,0.0,DEPARTAMENTO DE ESTRADAS DE RODAGEM DO ESTADO DE MINAS GERAIS,DER-MG,DER-MG,CONSERVACAO ROTINEIRA DA MALHA VIARIA,Transportes
2026,7,1261,2118,10,0,Investimentos Próprios,61000.0,42712.38,42712.38,SECRETARIA DE ESTADO DE EDUCACAO,SEE,SEE,TRILHAS DE FUTURO - ESTUDANTES,EPT
2026,7,2301,4385,33,0,Investimentos Próprios,0.0,176339.56,0.0,DEPARTAMENTO DE ESTRADAS DE RODAGEM DO ESTADO DE MINAS GERAIS,DER-MG,DER-MG,REABILITACAO DA MALHA VIARIA,Transportes
2026,7,1511,4060,48,0,Investimentos Próprios,0.0,96900.0,0.0,POLICIA CIVIL DO ESTADO DE MINAS GERAIS,PCMG,PCMG,GESTAO DAS UNIDADES POLICIAIS,Segurança Pública
2026,7,2301,4385,89,1,FEF,0.0,48077.45,0.0,DEPARTAMENTO DE ESTRADAS DE RODAGEM DO ESTADO DE MINAS GERAIS,DER-MG,DER-MG,REABILITACAO DA MALHA VIARIA,Transportes
2026,7,1261,2118,10,0,Investimentos Próprios,140000.0,119678.65,119678.65,SECRETARIA DE ESTADO DE EDUCACAO,SEE,SEE,TRILHAS DE FUTURO - ESTUDANTES,EPT
2026,7,1261,2118,71,0,Investimentos Próprios,87900.0,87900.0,87900.0,SECRETARIA DE ESTADO DE EDUCACAO,SEE,SEE,TRILHAS DE FUTURO - ESTUDANTES,EPT
2026,7,1261,2118,10,0,Investimentos Próprios,24000.0,0.0,22441.6,SECRETARIA DE ESTADO DE EDUCACAO,SEE,SEE,TRILHAS DE FUTURO - ESTUDANTES,EPT
2026,7,1261,2118,71,0,Investimentos Próprios,0.0,0.0,0.0,SECRETARIA DE ESTADO DE EDUCACAO,SEE,SEE,TRILHAS DE FUTURO - ESTUDANTES,EPT
2026,7,1251,4365,48,0,Investimentos Próprios,0.0,1275000.0,0.0,POLICIA MILITAR DO ESTADO DE MINAS GERAIS,PMMG,PMMG,POLICIAMENTO OSTENSIVO GERAL,Segurança Pública
2026,7,1251,4365,48,0,Investimentos Próprios,0.0,1502770.0,0.0,POLICIA MILITAR DO ESTADO DE MINAS GERAIS,PMMG,PMMG,POLICIAMENTO OSTENSIVO GERAL,Segurança Pública
2026,7,1261,2118,71,0,Investimentos Próprios,164420.0,164420.0,292280.0,SECRETARIA DE ESTADO DE EDUCACAO,SEE,SEE,TRILHAS DE FUTURO - ESTUDANTES,EPT
2026,7,1261,2118,10,0,Investimentos Próprios,33000.0,0.0,31246.15,SECRETARIA DE ESTADO DE EDUCACAO,SEE,SEE,TRILHAS DE FUTURO - ESTUDANTES,EPT
2026,7,2301,4275,10,0,Investimentos Próprios,0.0,31336.89,0.0,DEPARTAMENTO DE ESTRADAS DE RODAGEM DO ESTADO DE MINAS GERAIS,DER-MG,DER-MG,IMPLANTACAO/PAVIMENTACAO DA MALHA,Transportes
2026,7,2301,4275,10,0,Investimentos Próprios,0.0,32635.99,0.0,DEPARTAMENTO DE ESTRADAS DE RODAGEM DO ESTADO DE MINAS GERAIS,DER-MG,DER-MG,IMPLANTACAO/PAVIMENTACAO DA MALHA,Transportes
2026,7,1261,2118,10,0,Investimentos Próprios,30000.0,0.0,11747.82,SECRETARIA DE ESTADO DE EDUCACAO,SEE,SEE,TRILHAS DE FUTURO - ESTUDANTES,EPT
2026,7,1261,2118,10,0,Investimentos Próprios,30655.52,14232.92,14232.92,SECRETARIA DE ESTADO DE EDUCACAO,SEE,SEE,TRILHAS DE FUTURO - ESTUDANTES,EPT
2026,7,1261,2118,10,0,Investimentos Próprios,36489.6,18766.08,18766.08,SECRETARIA DE ESTADO DE EDUCACAO,SEE,SEE,TRILHAS DE FUTURO - ESTUDANTES,EPT
2026,7,1261,2118,10,0,Investimentos Próprios,58168.44,29084.22,29084.22,SECRETARIA DE ESTADO DE EDUCACAO,SEE,SEE,TRILHAS DE FUTURO - ESTUDANTES,EPT
2026,7,1261,2118,10,0,Investimentos Próprios,64550.7,46198.05,46198.05,SECRETARIA DE ESTADO DE EDUCACAO,SEE,SEE,TRILHAS DE FUTURO - ESTUDANTES,EPT
2026,7,1261,2118,10,0,Investimentos Próprios,45373.06,21579.87,21579.87,SECRETARIA DE ESTADO DE EDUCACAO,SEE,SEE,TRILHAS DE FUTURO - ESTUDANTES,EPT
2026,7,1261,2118,10,0,Investimentos Próprios,32093.14,12173.26,12173.26,SECRETARIA DE ESTADO DE EDUCACAO,SEE,SEE,TRILHAS DE FUTURO - ESTUDANTES,EPT
2026,7,1261,2118,71,0,Investimentos Próprios,51600.0,10660.0,10660.0,SECRETARIA DE ESTADO DE EDUCACAO,SEE,SEE,TRILHAS DE FUTURO - ESTUDANTES,EPT
2026,7,1261,2118,10,0,Investimentos Próprios,13225.29,0.0,0.0,SECRETARIA DE ESTADO DE EDUCACAO,SEE,SEE,TRILHAS DE FUTURO - ESTUDANTES,EPT
2026,7,1261,2118,10,0,Investimentos Próprios,0.0,0.0,0.0,SECRETARIA DE ESTADO DE EDUCACAO,SEE,SEE,TRILHAS DE FUTURO - ESTUDANTES,EPT
2026,7,2301,4275,33,0,Investimentos Próprios,0.0,0.0,0.0,DEPARTAMENTO DE ESTRADAS DE RODAGEM DO ESTADO DE MINAS GERAIS,DER-MG,DER-MG,IMPLANTACAO/PAVIMENTACAO DA MALHA,Transportes
2026,7,1261,2118,10,0,Investimentos Próprios,845942.31,845942.31,845942.31,SECRETARIA DE ESTADO DE EDUCACAO,SEE,SEE,TRILHAS DE FUTURO - ESTUDANTES,EPT
2026,7,1261,2118,10,0,Investimentos Próprios,38662.26,18835.46,18835.46,SECRETARIA DE ESTADO DE EDUCACAO,SEE,SEE,TRILHAS DE FUTURO - ESTUDANTES,EPT
2026,7,1261,2118,10,0,Investimentos Próprios,54506.38,27515.04,53556.06,SECRETARIA DE ESTADO DE EDUCACAO,SEE,SEE,TRILHAS DE FUTURO - ESTUDANTES,EPT
2026,7,1261,2118,10,0,Investimentos Próprios,23239.02,11066.6,11066.6,SECRETARIA DE ESTADO DE EDUCACAO,SEE,SEE,TRILHAS DE FUTURO - ESTUDANTES,EPT
2026,7,2301,4293,32,0,Investimentos Próprios,1297645.0,885518.29,0.0,DEPARTAMENTO DE ESTRADAS DE RODAGEM DO ESTADO DE MINAS GERAIS,DER-MG,DER-MG,CONSERVACAO ROTINEIRA DA MALHA VIARIA,Transportes
2026,7,1261,2118,10,0,Investimentos Próprios,0.0,0.0,0.0,SECRETARIA DE ESTADO DE EDUCACAO,SEE,SEE,TRILHAS DE FUTURO - ESTUDANTES,EPT
2026,7,1261,2118,10,0,Investimentos Próprios,12309.58,0.0,12309.63,SECRETARIA DE ESTADO DE EDUCACAO,SEE,SEE,TRILHAS DE FUTURO - ESTUDANTES,EPT
2026,7,1261,2118,10,0,Investimentos Próprios,0.0,0.0,0.0,SECRETARIA DE ESTADO DE EDUCACAO,SEE,SEE,TRILHAS DE FUTURO - ESTUDANTES,EPT
2026,7,1261,2118,10,0,Investimentos Próprios,41268.0,41268.0,41268.0,SECRETARIA DE ESTADO DE EDUCACAO,SEE,SEE,TRILHAS DE FUTURO - ESTUDANTES,EPT
2026,7,2301,4284,10,0,Investimentos Próprios,0.0,3014.07,0.0,DEPARTAMENTO DE ESTRADAS DE RODAGEM DO ESTADO DE MINAS GERAIS,DER-MG,DER-MG,PREVENCAO E MITIGACAO DE DANOS AMBIENTAIS,Transportes
2026,7,1511,4061,48,0,Investimentos Próprios,4667.2,0.0,0.0,POLICIA CIVIL DO ESTADO DE MINAS GERAIS,PCMG,PCMG,PERICIAS TECNICO-CIENTIFICAS,Segurança Pública
2026,7,1261,2118,10,0,Investimentos Próprios,32000.0,0.0,0.0,SECRETARIA DE ESTADO DE EDUCACAO,SEE,SEE,TRILHAS DE FUTURO - ESTUDANTES,EPT
2026,7,1251,4365,48,0,Investimentos Próprios,0.0,6232587.0,0.0,POLICIA MILITAR DO ESTADO DE MINAS GERAIS,PMMG,PMMG,POLICIAMENTO OSTENSIVO GERAL,Segurança Pública
2026,7,1261,2118,71,0,Investimentos Próprios,60200.0,8700.0,8700.0,SECRETARIA DE ESTADO DE EDUCACAO,SEE,SEE,TRILHAS DE FUTURO - ESTUDANTES,EPT
2026,7,1261,2118,71,0,Investimentos Próprios,50000.0,0.0,0.0,SECRETARIA DE ESTADO DE EDUCACAO,SEE,SEE,TRILHAS DE FUTURO - ESTUDANTES,EPT
2026,7,1261,2118,10,0,Investimentos Próprios,51000.0,0.0,0.0,SECRETARIA DE ESTADO DE EDUCACAO,SEE,SEE,TRILHAS DE FUTURO - ESTUDANTES,EPT
2026,7,1261,2118,10,0,Investimentos Próprios,3000.0,0.0,0.0,SECRETARIA DE ESTADO DE EDUCACAO,SEE,SEE,TRILHAS DE FUTURO - ESTUDANTES,EPT
2026,7,1261,2118,10,0,Investimentos Próprios,16000.0,0.0,0.0,SECRETARIA DE ESTADO DE EDUCACAO,SEE,SEE,TRILHAS DE FUTURO - ESTUDANTES,EPT
2026,7,1261,2118,10,0,Investimentos Próprios,22000.0,0.0,0.0,SECRETARIA DE ESTADO DE EDUCACAO,SEE,SEE,TRILHAS DE FUTURO - ESTUDANTES,EPT
2026,7,1261,2118,10,0,Investimentos Próprios,125000.0,0.0,0.0,SECRETARIA DE ESTADO DE EDUCACAO,SEE,SEE,TRILHAS DE FUTURO - ESTUDANTES,EPT
2026,7,1261,2118,10,0,Investimentos Próprios,36019.0,0.0,0.0,SECRETARIA DE ESTADO DE EDUCACAO,SEE,SEE,TRILHAS DE FUTURO - ESTUDANTES,EPT
2026,7,1261,2118,10,0,Investimentos Próprios,22180.0,0.0,0.0,SECRETARIA DE ESTADO DE EDUCACAO,SEE,SEE,TRILHAS DE FUTURO - ESTUDANTES,EPT
2026,7,1261,2118,10,0,Investimentos Próprios,186830.0,174793.77,174793.77,SECRETARIA DE ESTADO DE EDUCACAO,SEE,SEE,TRILHAS DE FUTURO - ESTUDANTES,EPT
2026,7,2301,4275,10,0,Investimentos Próprios,92526.8,0.0,0.0,DEPARTAMENTO DE ESTRADAS DE RODAGEM DO ESTADO DE MINAS GERAIS,DER-MG,DER-MG,IMPLANTACAO/PAVIMENTACAO DA MALHA,Transportes
2026,7,1261,2118,10,0,Investimentos Próprios,19015.03,0.0,0.0,SECRETARIA DE ESTADO DE EDUCACAO,SEE,SEE,TRILHAS DE FUTURO - ESTUDANTES,EPT
2026,7,1261,2118,10,0,Investimentos Próprios,19068.6,0.0,19068.6,SECRETARIA DE ESTADO DE EDUCACAO,SEE,SEE,TRILHAS DE FUTURO - ESTUDANTES,EPT
2026,7,1261,2118,71,0,Investimentos Próprios,12520.0,0.0,12520.0,SECRETARIA DE ESTADO DE EDUCACAO,SEE,SEE,TRILHAS DE FUTURO - ESTUDANTES,EPT
2026,7,1261,2118,10,0,Investimentos Próprios,26080.65,0.0,0.0,SECRETARIA DE ESTADO DE EDUCACAO,SEE,SEE,TRILHAS DE FUTURO - ESTUDANTES,EPT
2026,7,2301,4293,32,0,Investimentos Próprios,601949.0,1022737.99,0.0,DEPARTAMENTO DE ESTRADAS DE RODAGEM DO ESTADO DE MINAS GERAIS,DER-MG,DER-MG,CONSERVACAO ROTINEIRA DA MALHA VIARIA,Transportes
2026,7,1511,4060,48,0,Investimentos Próprios,0.0,10336.8,0.0,POLICIA CIVIL DO ESTADO DE MINAS GERAIS,PCMG,PCMG,GESTAO DAS UNIDADES POLICIAIS,Segurança Pública
2026,7,1301,4290,10,0,Investimentos Próprios,0.0,47336.14,0.0,"SECRETARIA DE ESTADO DE INFRAESTRUTURA, MOBILIDADE E PARCERIAS",SEINFRA,SEINFRA,MELHORIA DA MOBILIDADE E INFRAESTRUTURA DE TRANSPORTES EM MINAS GERAIS,Transportes
2026,7,2301,4293,32,0,Investimentos Próprios,900921.94,377414.17,0.0,DEPARTAMENTO DE ESTRADAS DE RODAGEM DO ESTADO DE MINAS GERAIS,DER-MG,DER-MG,CONSERVACAO ROTINEIRA DA MALHA VIARIA,Transportes
2026,7,2301,4275,10,0,Investimentos Próprios,224687.31,224687.31,0.0,DEPARTAMENTO DE ESTRADAS DE RODAGEM DO ESTADO DE MINAS GERAIS,DER-MG,DER-MG,IMPLANTACAO/PAVIMENTACAO DA MALHA,Transportes
2026,7,1261,2118,71,0,Investimentos Próprios,12480.0,12480.0,12480.0,SECRETARIA DE ESTADO DE EDUCACAO,SEE,SEE,TRILHAS DE FUTURO - ESTUDANTES,EPT
2026,7,1261,2118,10,0,Investimentos Próprios,194300.0,193133.79,193133.79,SECRETARIA DE ESTADO DE EDUCACAO,SEE,SEE,TRILHAS DE FUTURO - ESTUDANTES,EPT
2026,7,1261,2118,10,0,Investimentos Próprios,0.0,0.0,0.0,SECRETARIA DE ESTADO DE EDUCACAO,SEE,SEE,TRILHAS DE FUTURO - ESTUDANTES,EPT
2026,7,1261,2118,10,0,Investimentos Próprios,9740.25,9740.25,10725.96,SECRETARIA DE ESTADO DE EDUCACAO,SEE,SEE,TRILHAS DE FUTURO - ESTUDANTES,EPT
2026,7,2301,4293,32,0,Investimentos Próprios,7290.04,7015.37,0.0,DEPARTAMENTO DE ESTRADAS DE RODAGEM DO ESTADO DE MINAS GERAIS,DER-MG,DER-MG,CONSERVACAO ROTINEIRA DA MALHA VIARIA,Transportes
2026,7,1261,2118,10,0,Investimentos Próprios,0.0,0.0,0.0,SECRETARIA DE ESTADO DE EDUCACAO,SEE,SEE,TRILHAS DE FUTURO - ESTUDANTES,EPT
2026,7,2301,4275,33,0,Investimentos Próprios,660000.0,0.0,0.0,DEPARTAMENTO DE ESTRADAS DE RODAGEM DO ESTADO DE MINAS GERAIS,DER-MG,DER-MG,IMPLANTACAO/PAVIMENTACAO DA MALHA,Transportes
2026,7,1261,2118,10,0,Investimentos Próprios,22556.56,22556.56,22556.56,SECRETARIA DE ESTADO DE EDUCACAO,SEE,SEE,TRILHAS DE FUTURO - ESTUDANTES,EPT
2026,7,1261,2118,10,0,Investimentos Próprios,0.0,0.0,0.0,SECRETARIA DE ESTADO DE EDUCACAO,SEE,SEE,TRILHAS DE FUTURO - ESTUDANTES,EPT
2026,7,1261,2118,71,0,Investimentos Próprios,20760.0,20760.0,20760.0,SECRETARIA DE ESTADO DE EDUCACAO,SEE,SEE,TRILHAS DE FUTURO - ESTUDANTES,EPT
2026,7,1261,2118,10,0,Investimentos Próprios,22991.76,22991.76,22991.76,SECRETARIA DE ESTADO DE EDUCACAO,SEE,SEE,TRILHAS DE FUTURO - ESTUDANTES,EPT
2026,7,1261,2118,71,0,Investimentos Próprios,75000.0,24160.0,24160.0,SECRETARIA DE ESTADO DE EDUCACAO,SEE,SEE,TRILHAS DE FUTURO - ESTUDANTES,EPT
2026,7,1261,2118,10,0,Investimentos Próprios,74223.63,74223.63,74223.63,SECRETARIA DE ESTADO DE EDUCACAO,SEE,SEE,TRILHAS DE FUTURO - ESTUDANTES,EPT
2026,7,1261,2118,10,0,Investimentos Próprios,37899.52,24830.72,24830.72,SECRETARIA DE ESTADO DE EDUCACAO,SEE,SEE,TRILHAS DE FUTURO - ESTUDANTES,EPT
2026,7,1261,2118,10,0,Investimentos Próprios,31276.8,18244.8,18244.8,SECRETARIA DE ESTADO DE EDUCACAO,SEE,SEE,TRILHAS DE FUTURO - ESTUDANTES,EPT
2026,7,1261,2118,10,0,Investimentos Próprios,34000.0,0.0,20605.3,SECRETARIA DE ESTADO DE EDUCACAO,SEE,SEE,TRILHAS DE FUTURO - ESTUDANTES,EPT
2026,7,1261,2118,10,0,Investimentos Próprios,30000.0,0.0,18259.56,SECRETARIA DE ESTADO DE EDUCACAO,SEE,SEE,TRILHAS DE FUTURO - ESTUDANTES,EPT
2026,7,1261,2118,10,0,Investimentos Próprios,42000.0,0.0,24075.66,SECRETARIA DE ESTADO DE EDUCACAO,SEE,SEE,TRILHAS DE FUTURO - ESTUDANTES,EPT
2026,7,1261,2118,71,0,Investimentos Próprios,78000.0,22040.0,22040.0,SECRETARIA DE ESTADO DE EDUCACAO,SEE,SEE,TRILHAS DE FUTURO - ESTUDANTES,EPT
2026,7,1261,2118,71,0,Investimentos Próprios,37200.0,7380.0,7380.0,SECRETARIA DE ESTADO DE EDUCACAO,SEE,SEE,TRILHAS DE FUTURO - ESTUDANTES,EPT
2026,7,1261,2118,71,0,Investimentos Próprios,28800.0,8740.0,8740.0,SECRETARIA DE ESTADO DE EDUCACAO,SEE,SEE,TRILHAS DE FUTURO - ESTUDANTES,EPT
2026,7,1261,2118,71,0,Investimentos Próprios,75600.0,18380.0,18380.0,SECRETARIA DE ESTADO DE EDUCACAO,SEE,SEE,TRILHAS DE FUTURO - ESTUDANTES,EPT
2026,7,1261,2118,71,0,Investimentos Próprios,26400.0,5020.0,5020.0,SECRETARIA DE ESTADO DE EDUCACAO,SEE,SEE,TRILHAS DE FUTURO - ESTUDANTES,EPT
2026,7,1261,2118,71,0,Investimentos Próprios,42000.0,9220.0,9220.0,SECRETARIA DE ESTADO DE EDUCACAO,SEE,SEE,TRILHAS DE FUTURO - ESTUDANTES,EPT
2026,7,1261,2118,71,0,Investimentos Próprios,36000.0,9660.0,9660.0,SECRETARIA DE ESTADO DE EDUCACAO,SEE,SEE,TRILHAS DE FUTURO - ESTUDANTES,EPT
2026,7,1261,2118,71,0,Investimentos Próprios,18700.0,0.0,0.0,SECRETARIA DE ESTADO DE EDUCACAO,SEE,SEE,TRILHAS DE FUTURO - ESTUDANTES,EPT
2026,7,1261,2118,71,0,Investimentos Próprios,25200.0,0.0,0.0,SECRETARIA DE ESTADO DE EDUCACAO,SEE,SEE,TRILHAS DE FUTURO - ESTUDANTES,EPT
2026,7,1261,2118,71,0,Investimentos Próprios,19300.0,0.0,0.0,SECRETARIA DE ESTADO DE EDUCACAO,SEE,SEE,TRILHAS DE FUTURO - ESTUDANTES,EPT
2026,7,1261,2118,71,0,Investimentos Próprios,13200.0,0.0,0.0,SECRETARIA DE ESTADO DE EDUCACAO,SEE,SEE,TRILHAS DE FUTURO - ESTUDANTES,EPT
2026,7,1261,2118,71,0,Investimentos Próprios,20400.0,0.0,0.0,SECRETARIA DE ESTADO DE EDUCACAO,SEE,SEE,TRILHAS DE FUTURO - ESTUDANTES,EPT
2026,7,1261,2118,71,0,Investimentos Próprios,14640.0,14640.0,14640.0,SECRETARIA DE ESTADO DE EDUCACAO,SEE,SEE,TRILHAS DE FUTURO - ESTUDANTES,EPT
2026,7,1261,2118,71,0,Investimentos Próprios,4220.0,4220.0,4220.0,SECRETARIA DE ESTADO DE EDUCACAO,SEE,SEE,TRILHAS DE FUTURO - ESTUDANTES,EPT
2026,7,1261,2118,71,0,Investimentos Próprios,7960.0,7960.0,7960.0,SECRETARIA DE ESTADO DE EDUCACAO,SEE,SEE,TRILHAS DE FUTURO - ESTUDANTES,EPT
2026,7,1261,2118,71,0,Investimentos Próprios,39000.0,18180.0,18180.0,SECRETARIA DE ESTADO DE EDUCACAO,SEE,SEE,TRILHAS DE FUTURO - ESTUDANTES,EPT
2026,7,1261,2118,71,0,Investimentos Próprios,39000.0,36900.0,55240.0,SECRETARIA DE ESTADO DE EDUCACAO,SEE,SEE,TRILHAS DE FUTURO - ESTUDANTES,EPT
2026,7,1261,2118,10,0,Investimentos Próprios,78000.0,36577.64,36577.64,SECRETARIA DE ESTADO DE EDUCACAO,SEE,SEE,TRILHAS DE FUTURO - ESTUDANTES,EPT
2026,7,1261,2118,71,0,Investimentos Próprios,6800.0,6800.0,11940.0,SECRETARIA DE ESTADO DE EDUCACAO,SEE,SEE,TRILHAS DE FUTURO - ESTUDANTES,EPT
2026,7,1261,2118,71,0,Investimentos Próprios,45700.0,45700.0,45700.0,SECRETARIA DE ESTADO DE EDUCACAO,SEE,SEE,TRILHAS DE FUTURO - ESTUDANTES,EPT
2026,7,1261,2118,71,0,Investimentos Próprios,27500.0,27440.0,27440.0,SECRETARIA DE ESTADO DE EDUCACAO,SEE,SEE,TRILHAS DE FUTURO - ESTUDANTES,EPT
2026,7,1261,2118,71,0,Investimentos Próprios,16.0,0.0,0.0,SECRETARIA DE ESTADO DE EDUCACAO,SEE,SEE,TRILHAS DE FUTURO - ESTUDANTES,EPT
2026,7,1261,2118,71,0,Investimentos Próprios,800.0,800.0,800.0,SECRETARIA DE ESTADO DE EDUCACAO,SEE,SEE,TRILHAS DE FUTURO - ESTUDANTES,EPT
2026,7,1261,2118,10,0,Investimentos Próprios,0.0,0.0,0.0,SECRETARIA DE ESTADO DE EDUCACAO,SEE,SEE,TRILHAS DE FUTURO - ESTUDANTES,EPT
2026,7,1261,2118,71,0,Investimentos Próprios,15000.0,13660.0,13660.0,SECRETARIA DE ESTADO DE EDUCACAO,SEE,SEE,TRILHAS DE FUTURO - ESTUDANTES,EPT
2026,7,1261,2118,71,0,Investimentos Próprios,25400.0,25400.0,25400.0,SECRETARIA DE ESTADO DE EDUCACAO,SEE,SEE,TRILHAS DE FUTURO - ESTUDANTES,EPT
2026,7,1261,2118,10,0,Investimentos Próprios,43362.73,43362.73,43362.73,SECRETARIA DE ESTADO DE EDUCACAO,SEE,SEE,TRILHAS DE FUTURO - ESTUDANTES,EPT
2026,7,1261,2118,10,0,Investimentos Próprios,110000.0,104583.6,104583.6,SECRETARIA DE ESTADO DE EDUCACAO,SEE,SEE,TRILHAS DE FUTURO - ESTUDANTES,EPT
2026,7,1261,2118,10,0,Investimentos Próprios,26883.48,26883.48,26883.48,SECRETARIA DE ESTADO DE EDUCACAO,SEE,SEE,TRILHAS DE FUTURO - ESTUDANTES,EPT
2026,7,1261,2118,10,0,Investimentos Próprios,65000.0,64220.4,127905.63,SECRETARIA DE ESTADO DE EDUCACAO,SEE,SEE,TRILHAS DE FUTURO - ESTUDANTES,EPT
2026,7,2301,4293,32,0,Investimentos Próprios,327845.95,215755.77,0.0,DEPARTAMENTO DE ESTRADAS DE RODAGEM DO ESTADO DE MINAS GERAIS,DER-MG,DER-MG,CONSERVACAO ROTINEIRA DA MALHA VIARIA,Transportes
2026,7,2301,4293,32,0,Investimentos Próprios,2470294.52,1933476.82,0.0,DEPARTAMENTO DE ESTRADAS DE RODAGEM DO ESTADO DE MINAS GERAIS,DER-MG,DER-MG,CONSERVACAO ROTINEIRA DA MALHA VIARIA,Transportes
2026,7,2301,4293,32,0,Investimentos Próprios,780558.48,610571.62,0.0,DEPARTAMENTO DE ESTRADAS DE RODAGEM DO ESTADO DE MINAS GERAIS,DER-MG,DER-MG,CONSERVACAO ROTINEIRA DA MALHA VIARIA,Transportes
2026,7,2301,4293,32,0,Investimentos Próprios,409167.75,0.0,0.0,DEPARTAMENTO DE ESTRADAS DE RODAGEM DO ESTADO DE MINAS GERAIS,DER-MG,DER-MG,CONSERVACAO ROTINEIRA DA MALHA VIARIA,Transportes
2026,7,2301,4293,32,0,Investimentos Próprios,1331526.0,1324268.43,0.0,DEPARTAMENTO DE ESTRADAS DE RODAGEM DO ESTADO DE MINAS GERAIS,DER-MG,DER-MG,CONSERVACAO ROTINEIRA DA MALHA VIARIA,Transportes
2026,7,2301,4293,32,0,Investimentos Próprios,1019974.0,619020.2,0.0,DEPARTAMENTO DE ESTRADAS DE RODAGEM DO ESTADO DE MINAS GERAIS,DER-MG,DER-MG,CONSERVACAO ROTINEIRA DA MALHA VIARIA,Transportes
2026,7,2301,4293,32,0,Investimentos Próprios,945690.0,415053.09,0.0,DEPARTAMENTO DE ESTRADAS DE RODAGEM DO ESTADO DE MINAS GERAIS,DER-MG,DER-MG,CONSERVACAO ROTINEIRA DA MALHA VIARIA,Transportes
2026,7,2301,4293,32,0,Investimentos Próprios,5276443.5,2915119.57,0.0,DEPARTAMENTO DE ESTRADAS DE RODAGEM DO ESTADO DE MINAS GERAIS,DER-MG,DER-MG,CONSERVACAO ROTINEIRA DA MALHA VIARIA,Transportes
2026,7,2301,4293,32,0,Investimentos Próprios,1743503.85,933764.31,0.0,DEPARTAMENTO DE ESTRADAS DE RODAGEM DO ESTADO DE MINAS GERAIS,DER-MG,DER-MG,CONSERVACAO ROTINEIRA DA MALHA VIARIA,Transportes
2026,7,2301,4293,32,0,Investimentos Próprios,17611.15,9431.96,0.0,DEPARTAMENTO DE ESTRADAS DE RODAGEM DO ESTADO DE MINAS GERAIS,DER-MG,DER-MG,CONSERVACAO ROTINEIRA DA MALHA VIARIA,Transportes
2026,7,2301,4293,32,0,Investimentos Próprios,1057300.0,969943.27,0.0,DEPARTAMENTO DE ESTRADAS DE RODAGEM DO ESTADO DE MINAS GERAIS,DER-MG,DER-MG,CONSERVACAO ROTINEIRA DA MALHA VIARIA,Transportes
2026,7,2301,4162,10,0,Investimentos Próprios,0.0,299325.33,0.0,DEPARTAMENTO DE ESTRADAS DE RODAGEM DO ESTADO DE MINAS GERAIS,DER-MG,DER-MG,SUPORTE A GESTAO DOS ATIVOS RODOVIARIOS,Transportes
2026,7,1261,2118,10,0,Investimentos Próprios,219000.0,108240.51,201326.0,SECRETARIA DE ESTADO DE EDUCACAO,SEE,SEE,TRILHAS DE FUTURO - ESTUDANTES,EPT
2026,7,1261,2118,10,0,Investimentos Próprios,91815.26,91815.26,91815.26,SECRETARIA DE ESTADO DE EDUCACAO,SEE,SEE,TRILHAS DE FUTURO - ESTUDANTES,EPT
2026,7,1261,2118,10,0,Investimentos Próprios,93213.53,92358.36,92358.36,SECRETARIA DE ESTADO DE EDUCACAO,SEE,SEE,TRILHAS DE FUTURO - ESTUDANTES,EPT
2026,7,1261,2118,10,0,Investimentos Próprios,154500.0,150227.68,300464.66,SECRETARIA DE ESTADO DE EDUCACAO,SEE,SEE,TRILHAS DE FUTURO - ESTUDANTES,EPT
2026,7,1261,2118,71,0,Investimentos Próprios,3260.0,3260.0,3260.0,SECRETARIA DE ESTADO DE EDUCACAO,SEE,SEE,TRILHAS DE FUTURO - ESTUDANTES,EPT
2026,7,1261,2118,71,0,Investimentos Próprios,23400.0,23380.0,23380.0,SECRETARIA DE ESTADO DE EDUCACAO,SEE,SEE,TRILHAS DE FUTURO - ESTUDANTES,EPT
2026,7,1261,2118,71,0,Investimentos Próprios,142000.0,5440.0,5440.0,SECRETARIA DE ESTADO DE EDUCACAO,SEE,SEE,TRILHAS DE FUTURO - ESTUDANTES,EPT
2026,7,1261,2118,71,0,Investimentos Próprios,46620.0,34840.0,34840.0,SECRETARIA DE ESTADO DE EDUCACAO,SEE,SEE,TRILHAS DE FUTURO - ESTUDANTES,EPT
2026,7,1261,2118,71,0,Investimentos Próprios,82740.0,55400.0,55400.0,SECRETARIA DE ESTADO DE EDUCACAO,SEE,SEE,TRILHAS DE FUTURO - ESTUDANTES,EPT
2026,7,1261,2118,71,0,Investimentos Próprios,28140.0,16420.0,16420.0,SECRETARIA DE ESTADO DE EDUCACAO,SEE,SEE,TRILHAS DE FUTURO - ESTUDANTES,EPT
2026,7,1261,2118,71,0,Investimentos Próprios,26700.0,0.0,0.0,SECRETARIA DE ESTADO DE EDUCACAO,SEE,SEE,TRILHAS DE FUTURO - ESTUDANTES,EPT
2026,7,1261,2118,71,0,Investimentos Próprios,25200.0,11780.0,11780.0,SECRETARIA DE ESTADO DE EDUCACAO,SEE,SEE,TRILHAS DE FUTURO - ESTUDANTES,EPT
2026,7,1261,2118,71,0,Investimentos Próprios,14280.0,7680.0,7680.0,SECRETARIA DE ESTADO DE EDUCACAO,SEE,SEE,TRILHAS DE FUTURO - ESTUDANTES,EPT
2026,7,1261,2118,71,0,Investimentos Próprios,50400.0,23400.0,31760.0,SECRETARIA DE ESTADO DE EDUCACAO,SEE,SEE,TRILHAS DE FUTURO - ESTUDANTES,EPT
2026,7,1261,2118,71,0,Investimentos Próprios,0.0,0.0,0.0,SECRETARIA DE ESTADO DE EDUCACAO,SEE,SEE,TRILHAS DE FUTURO - ESTUDANTES,EPT
2026,7,1261,2118,71,0,Investimentos Próprios,19180.0,10380.0,16380.0,SECRETARIA DE ESTADO DE EDUCACAO,SEE,SEE,TRILHAS DE FUTURO - ESTUDANTES,EPT
2026,7,1261,2118,71,0,Investimentos Próprios,53000.0,6780.0,6780.0,SECRETARIA DE ESTADO DE EDUCACAO,SEE,SEE,TRILHAS DE FUTURO - ESTUDANTES,EPT
2026,7,1261,2118,10,0,Investimentos Próprios,71996.34,63126.04,63126.04,SECRETARIA DE ESTADO DE EDUCACAO,SEE,SEE,TRILHAS DE FUTURO - ESTUDANTES,EPT
2026,7,1261,2118,10,0,Investimentos Próprios,46350.36,43039.62,43039.62,SECRETARIA DE ESTADO DE EDUCACAO,SEE,SEE,TRILHAS DE FUTURO - ESTUDANTES,EPT
2026,7,1261,2118,10,0,Investimentos Próprios,131478.0,121403.42,121403.42,SECRETARIA DE ESTADO DE EDUCACAO,SEE,SEE,TRILHAS DE FUTURO - ESTUDANTES,EPT
2026,7,1261,2118,71,0,Investimentos Próprios,11800.0,11800.0,11800.0,SECRETARIA DE ESTADO DE EDUCACAO,SEE,SEE,TRILHAS DE FUTURO - ESTUDANTES,EPT
2026,7,1261,2118,71,0,Investimentos Próprios,7060.0,7060.0,0.0,SECRETARIA DE ESTADO DE EDUCACAO,SEE,SEE,TRILHAS DE FUTURO - ESTUDANTES,EPT
2026,7,1261,2118,10,0,Investimentos Próprios,0.0,0.0,0.0,SECRETARIA DE ESTADO DE EDUCACAO,SEE,SEE,TRILHAS DE FUTURO - ESTUDANTES,EPT
2026,7,1261,2118,10,0,Investimentos Próprios,0.0,0.0,0.0,SECRETARIA DE ESTADO DE EDUCACAO,SEE,SEE,TRILHAS DE FUTURO - ESTUDANTES,EPT
2026,7,1261,2118,71,0,Investimentos Próprios,12360.0,12360.0,12360.0,SECRETARIA DE ESTADO DE EDUCACAO,SEE,SEE,TRILHAS DE FUTURO - ESTUDANTES,EPT
2026,7,1261,2118,71,0,Investimentos Próprios,10500.0,9020.0,9020.0,SECRETARIA DE ESTADO DE EDUCACAO,SEE,SEE,TRILHAS DE FUTURO - ESTUDANTES,EPT
2026,7,1261,2118,71,0,Investimentos Próprios,8500.0,8300.0,8300.0,SECRETARIA DE ESTADO DE EDUCACAO,SEE,SEE,TRILHAS DE FUTURO - ESTUDANTES,EPT
2026,7,1261,2118,10,0,Investimentos Próprios,34059.0,34059.0,0.0,SECRETARIA DE ESTADO DE EDUCACAO,SEE,SEE,TRILHAS DE FUTURO - ESTUDANTES,EPT
2026,7,1261,2118,71,0,Investimentos Próprios,16840.0,16840.0,0.0,SECRETARIA DE ESTADO DE EDUCACAO,SEE,SEE,TRILHAS DE FUTURO - ESTUDANTES,EPT
2026,7,1261,2118,10,0,Investimentos Próprios,20114.15,20114.15,20114.15,SECRETARIA DE ESTADO DE EDUCACAO,SEE,SEE,TRILHAS DE FUTURO - ESTUDANTES,EPT
2026,7,1261,2118,71,0,Investimentos Próprios,20000.0,14400.0,14400.0,SECRETARIA DE ESTADO DE EDUCACAO,SEE,SEE,TRILHAS DE FUTURO - ESTUDANTES,EPT
2026,7,1261,2118,10,0,Investimentos Próprios,0.0,0.0,0.0,SECRETARIA DE ESTADO DE EDUCACAO,SEE,SEE,TRILHAS DE FUTURO - ESTUDANTES,EPT
2026,7,2301,4162,10,0,Investimentos Próprios,423030.19,149662.66,0.0,DEPARTAMENTO DE ESTRADAS DE RODAGEM DO ESTADO DE MINAS GERAIS,DER-MG,DER-MG,SUPORTE A GESTAO DOS ATIVOS RODOVIARIOS,Transportes
2026,7,1261,2118,10,0,Investimentos Próprios,19388.0,19388.0,19388.0,SECRETARIA DE ESTADO DE EDUCACAO,SEE,SEE,TRILHAS DE FUTURO - ESTUDANTES,EPT
2026,7,1261,2118,10,0,Investimentos Próprios,99603.0,99597.6,99597.6,SECRETARIA DE ESTADO DE EDUCACAO,SEE,SEE,TRILHAS DE FUTURO - ESTUDANTES,EPT
2026,7,1261,2118,71,0,Investimentos Próprios,22000.0,19020.0,19020.0,SECRETARIA DE ESTADO DE EDUCACAO,SEE,SEE,TRILHAS DE FUTURO - ESTUDANTES,EPT
2026,7,1261,2118,71,0,Investimentos Próprios,15500.0,14420.0,14420.0,SECRETARIA DE ESTADO DE EDUCACAO,SEE,SEE,TRILHAS DE FUTURO - ESTUDANTES,EPT
2026,7,1261,2118,71,0,Investimentos Próprios,24400.0,24400.0,24400.0,SECRETARIA DE ESTADO DE EDUCACAO,SEE,SEE,TRILHAS DE FUTURO - ESTUDANTES,EPT
2026,7,1261,2118,71,0,Investimentos Próprios,83064.0,49420.0,49420.0,SECRETARIA DE ESTADO DE EDUCACAO,SEE,SEE,TRILHAS DE FUTURO - ESTUDANTES,EPT
2026,7,1261,2118,10,0,Investimentos Próprios,40000.0,0.0,37640.47,SECRETARIA DE ESTADO DE EDUCACAO,SEE,SEE,TRILHAS DE FUTURO - ESTUDANTES,EPT
2026,7,1261,2118,71,0,Investimentos Próprios,24000.0,19680.0,19680.0,SECRETARIA DE ESTADO DE EDUCACAO,SEE,SEE,TRILHAS DE FUTURO - ESTUDANTES,EPT
2026,7,1261,2118,10,0,Investimentos Próprios,0.0,0.0,0.0,SECRETARIA DE ESTADO DE EDUCACAO,SEE,SEE,TRILHAS DE FUTURO - ESTUDANTES,EPT
2026,7,1261,2118,10,0,Investimentos Próprios,170000.0,79081.07,151310.22,SECRETARIA DE ESTADO DE EDUCACAO,SEE,SEE,TRILHAS DE FUTURO - ESTUDANTES,EPT
2026,7,1261,2118,71,0,Investimentos Próprios,10080.0,10080.0,10080.0,SECRETARIA DE ESTADO DE EDUCACAO,SEE,SEE,TRILHAS DE FUTURO - ESTUDANTES,EPT
2026,7,1261,2118,71,0,Investimentos Próprios,7960.0,7960.0,0.0,SECRETARIA DE ESTADO DE EDUCACAO,SEE,SEE,TRILHAS DE FUTURO - ESTUDANTES,EPT
2026,7,1261,2118,71,0,Investimentos Próprios,6060.0,6060.0,0.0,SECRETARIA DE ESTADO DE EDUCACAO,SEE,SEE,TRILHAS DE FUTURO - ESTUDANTES,EPT
2026,7,1261,2118,71,0,Investimentos Próprios,7380.0,7380.0,0.0,SECRETARIA DE ESTADO DE EDUCACAO,SEE,SEE,TRILHAS DE FUTURO - ESTUDANTES,EPT
2026,7,1261,2118,10,0,Investimentos Próprios,340000.0,305961.87,305961.87,SECRETARIA DE ESTADO DE EDUCACAO,SEE,SEE,TRILHAS DE FUTURO - ESTUDANTES,EPT
2026,7,1261,2118,10,0,Investimentos Próprios,1950000.0,12292.64,1300478.47,SECRETARIA DE ESTADO DE EDUCACAO,SEE,SEE,TRILHAS DE FUTURO - ESTUDANTES,EPT
2026,7,1261,2118,71,0,Investimentos Próprios,53560.0,53560.0,53560.0,SECRETARIA DE ESTADO DE EDUCACAO,SEE,SEE,TRILHAS DE FUTURO - ESTUDANTES,EPT
2026,7,2301,4385,10,0,Investimentos Próprios,2996532.83,993088.61,0.0,DEPARTAMENTO DE ESTRADAS DE RODAGEM DO ESTADO DE MINAS GERAIS,DER-MG,DER-MG,REABILITACAO DA MALHA VIARIA,Transportes
2026,7,1261,2118,71,0,Investimentos Próprios,14820.0,14820.0,14820.0,SECRETARIA DE ESTADO DE EDUCACAO,SEE,SEE,TRILHAS DE FUTURO - ESTUDANTES,EPT
2026,7,1261,2118,71,0,Investimentos Próprios,9940.0,9940.0,9940.0,SECRETARIA DE ESTADO DE EDUCACAO,SEE,SEE,TRILHAS DE FUTURO - ESTUDANTES,EPT
2026,7,1261,2118,10,0,Investimentos Próprios,46529.1,46529.1,46529.1,SECRETARIA DE ESTADO DE EDUCACAO,SEE,SEE,TRILHAS DE FUTURO - ESTUDANTES,EPT
2026,7,1261,2118,10,0,Investimentos Próprios,30963.9,30963.9,30963.9,SECRETARIA DE ESTADO DE EDUCACAO,SEE,SEE,TRILHAS DE FUTURO - ESTUDANTES,EPT
2026,7,1261,2118,71,0,Investimentos Próprios,9320.0,9320.0,0.0,SECRETARIA DE ESTADO DE EDUCACAO,SEE,SEE,TRILHAS DE FUTURO - ESTUDANTES,EPT
2026,7,1261,2118,71,0,Investimentos Próprios,22460.0,22460.0,22460.0,SECRETARIA DE ESTADO DE EDUCACAO,SEE,SEE,TRILHAS DE FUTURO - ESTUDANTES,EPT
2026,7,1261,2118,10,0,Investimentos Próprios,10664.72,0.0,0.0,SECRETARIA DE ESTADO DE EDUCACAO,SEE,SEE,TRILHAS DE FUTURO - ESTUDANTES,EPT
2026,7,2301,4385,10,0,Investimentos Próprios,-2671.04,187798.51,0.0,DEPARTAMENTO DE ESTRADAS DE RODAGEM DO ESTADO DE MINAS GERAIS,DER-MG,DER-MG,REABILITACAO DA MALHA VIARIA,Transportes
2026,7,2301,4385,10,0,Investimentos Próprios,-19997.11,0.0,0.0,DEPARTAMENTO DE ESTRADAS DE RODAGEM DO ESTADO DE MINAS GERAIS,DER-MG,DER-MG,REABILITACAO DA MALHA VIARIA,Transportes
2026,7,1261,2118,10,0,Investimentos Próprios,225340.0,0.0,65764.11,SECRETARIA DE ESTADO DE EDUCACAO,SEE,SEE,TRILHAS DE FUTURO - ESTUDANTES,EPT
2026,7,1261,2118,71,0,Investimentos Próprios,10180.0,10180.0,0.0,SECRETARIA DE ESTADO DE EDUCACAO,SEE,SEE,TRILHAS DE FUTURO - ESTUDANTES,EPT
2026,7,1261,2118,10,0,Investimentos Próprios,281000.0,136500.32,136500.32,SECRETARIA DE ESTADO DE EDUCACAO,SEE,SEE,TRILHAS DE FUTURO - ESTUDANTES,EPT
2026,7,1261,2118,71,0,Investimentos Próprios,0.0,0.0,0.0,SECRETARIA DE ESTADO DE EDUCACAO,SEE,SEE,TRILHAS DE FUTURO - ESTUDANTES,EPT
2026,7,1301,1039,32,0,Investimentos Próprios,0.0,11012.29,0.0,"SECRETARIA DE ESTADO DE INFRAESTRUTURA, MOBILIDADE E PARCERIAS",SEINFRA,SEINFRA,REQUALIFICACAO URBANA E AMBIENTAL E CONTROLE DE CHEIAS DO CORREGO FERRUGEM - PAC FERRUGEM,Habitação
2026,7,1261,2118,71,0,Investimentos Próprios,8840.0,8840.0,8840.0,SECRETARIA DE ESTADO DE EDUCACAO,SEE,SEE,TRILHAS DE FUTURO - ESTUDANTES,EPT
2026,7,1261,2118,10,0,Investimentos Próprios,35000.0,34511.46,0.0,SECRETARIA DE ESTADO DE EDUCACAO,SEE,SEE,TRILHAS DE FUTURO - ESTUDANTES,EPT
2026,7,1261,2118,10,0,Investimentos Próprios,181600.0,174634.28,348443.19,SECRETARIA DE ESTADO DE EDUCACAO,SEE,SEE,TRILHAS DE FUTURO - ESTUDANTES,EPT
2026,7,2301,4162,10,0,Investimentos Próprios,2001460.93,385137.45,0.0,DEPARTAMENTO DE ESTRADAS DE RODAGEM DO ESTADO DE MINAS GERAIS,DER-MG,DER-MG,SUPORTE A GESTAO DOS ATIVOS RODOVIARIOS,Transportes
2026,7,1261,2118,10,0,Investimentos Próprios,52500.0,51642.39,101869.92,SECRETARIA DE ESTADO DE EDUCACAO,SEE,SEE,TRILHAS DE FUTURO - ESTUDANTES,EPT
2026,7,1261,2118,71,0,Investimentos Próprios,6800.0,6340.0,0.0,SECRETARIA DE ESTADO DE EDUCACAO,SEE,SEE,TRILHAS DE FUTURO - ESTUDANTES,EPT
2026,7,1261,2118,71,0,Investimentos Próprios,17760.0,12000.0,16580.0,SECRETARIA DE ESTADO DE EDUCACAO,SEE,SEE,TRILHAS DE FUTURO - ESTUDANTES,EPT
2026,7,1261,2118,71,0,Investimentos Próprios,21100.0,21100.0,21100.0,SECRETARIA DE ESTADO DE EDUCACAO,SEE,SEE,TRILHAS DE FUTURO - ESTUDANTES,EPT
2026,7,1261,2118,71,0,Investimentos Próprios,60000.0,30340.0,41820.0,SECRETARIA DE ESTADO DE EDUCACAO,SEE,SEE,TRILHAS DE FUTURO - ESTUDANTES,EPT
2026,7,1261,2118,10,0,Investimentos Próprios,0.0,0.0,0.0,SECRETARIA DE ESTADO DE EDUCACAO,SEE,SEE,TRILHAS DE FUTURO - ESTUDANTES,EPT
2026,7,1261,2118,10,0,Investimentos Próprios,0.0,0.0,0.0,SECRETARIA DE ESTADO DE EDUCACAO,SEE,SEE,TRILHAS DE FUTURO - ESTUDANTES,EPT
2026,7,1261,2118,10,0,Investimentos Próprios,0.0,0.0,0.0,SECRETARIA DE ESTADO DE EDUCACAO,SEE,SEE,TRILHAS DE FUTURO - ESTUDANTES,EPT
2026,7,1261,2118,10,0,Investimentos Próprios,15274.01,15274.01,0.0,SECRETARIA DE ESTADO DE EDUCACAO,SEE,SEE,TRILHAS DE FUTURO - ESTUDANTES,EPT
2026,7,1261,2118,10,0,Investimentos Próprios,16568.82,16568.82,0.0,SECRETARIA DE ESTADO DE EDUCACAO,SEE,SEE,TRILHAS DE FUTURO - ESTUDANTES,EPT
2026,7,1261,2118,71,0,Investimentos Próprios,121440.0,40480.0,40480.0,SECRETARIA DE ESTADO DE EDUCACAO,SEE,SEE,TRILHAS DE FUTURO - ESTUDANTES,EPT
2026,7,2301,4293,32,0,Investimentos Próprios,508988.0,889595.64,0.0,DEPARTAMENTO DE ESTRADAS DE RODAGEM DO ESTADO DE MINAS GERAIS,DER-MG,DER-MG,CONSERVACAO ROTINEIRA DA MALHA VIARIA,Transportes
2026,7,1261,2118,71,0,Investimentos Próprios,17000.0,8140.0,14620.0,SECRETARIA DE ESTADO DE EDUCACAO,SEE,SEE,TRILHAS DE FUTURO - ESTUDANTES,EPT
2026,7,1261,2118,71,0,Investimentos Próprios,9780.0,9780.0,0.0,SECRETARIA DE ESTADO DE EDUCACAO,SEE,SEE,TRILHAS DE FUTURO - ESTUDANTES,EPT
2026,7,1261,2118,10,0,Investimentos Próprios,40814.0,40814.0,40814.0,SECRETARIA DE ESTADO DE EDUCACAO,SEE,SEE,TRILHAS DE FUTURO - ESTUDANTES,EPT
2026,7,1261,2118,71,0,Investimentos Próprios,10780.0,10780.0,17860.0,SECRETARIA DE ESTADO DE EDUCACAO,SEE,SEE,TRILHAS DE FUTURO - ESTUDANTES,EPT
2026,7,1261,2118,71,0,Investimentos Próprios,12080.0,12080.0,20920.0,SECRETARIA DE ESTADO DE EDUCACAO,SEE,SEE,TRILHAS DE FUTURO - ESTUDANTES,EPT
2026,7,1261,2118,71,0,Investimentos Próprios,22020.0,7760.0,13860.0,SECRETARIA DE ESTADO DE EDUCACAO,SEE,SEE,TRILHAS DE FUTURO - ESTUDANTES,EPT
2026,7,1261,2118,71,0,Investimentos Próprios,19960.0,7540.0,11440.0,SECRETARIA DE ESTADO DE EDUCACAO,SEE,SEE,TRILHAS DE FUTURO - ESTUDANTES,EPT
2026,7,1261,2118,71,0,Investimentos Próprios,20700.0,7820.0,13500.0,SECRETARIA DE ESTADO DE EDUCACAO,SEE,SEE,TRILHAS DE FUTURO - ESTUDANTES,EPT
2026,7,2301,4275,10,0,Investimentos Próprios,0.0,655581.63,0.0,DEPARTAMENTO DE ESTRADAS DE RODAGEM DO ESTADO DE MINAS GERAIS,DER-MG,DER-MG,IMPLANTACAO/PAVIMENTACAO DA MALHA,Transportes
2026,7,2301,4272,10,0,Investimentos Próprios,0.0,69921.11,0.0,DEPARTAMENTO DE ESTRADAS DE RODAGEM DO ESTADO DE MINAS GERAIS,DER-MG,DER-MG,IMPLANTACAO E RESTAURACAO DE OBRAS DE ARTES ESPECIAIS,Transportes
2026,7,1261,2118,10,0,Investimentos Próprios,60000.0,30243.2,30243.2,SECRETARIA DE ESTADO DE EDUCACAO,SEE,SEE,TRILHAS DE FUTURO - ESTUDANTES,EPT
2026,7,1261,2118,71,0,Investimentos Próprios,61720.0,59000.0,59000.0,SECRETARIA DE ESTADO DE EDUCACAO,SEE,SEE,TRILHAS DE FUTURO - ESTUDANTES,EPT
2026,7,2301,4293,32,0,Investimentos Próprios,471391.0,35546.0,0.0,DEPARTAMENTO DE ESTRADAS DE RODAGEM DO ESTADO DE MINAS GERAIS,DER-MG,DER-MG,CONSERVACAO ROTINEIRA DA MALHA VIARIA,Transportes
2026,7,1261,2118,10,0,Investimentos Próprios,1151604.45,1151552.08,1151552.08,SECRETARIA DE ESTADO DE EDUCACAO,SEE,SEE,TRILHAS DE FUTURO - ESTUDANTES,EPT
2026,7,1261,2118,10,0,Investimentos Próprios,109256.14,106130.4,106130.4,SECRETARIA DE ESTADO DE EDUCACAO,SEE,SEE,TRILHAS DE FUTURO - ESTUDANTES,EPT
2026,7,1261,2118,10,0,Investimentos Próprios,97287.75,97287.75,97287.75,SECRETARIA DE ESTADO DE EDUCACAO,SEE,SEE,TRILHAS DE FUTURO - ESTUDANTES,EPT
2026,7,1261,2118,10,0,Investimentos Próprios,30681.7,30681.7,30681.7,SECRETARIA DE ESTADO DE EDUCACAO,SEE,SEE,TRILHAS DE FUTURO - ESTUDANTES,EPT
2026,7,1261,2118,10,0,Investimentos Próprios,26060.42,24153.56,24153.56,SECRETARIA DE ESTADO DE EDUCACAO,SEE,SEE,TRILHAS DE FUTURO - ESTUDANTES,EPT
2026,7,1261,2118,10,0,Investimentos Próprios,35594.72,35594.72,35594.72,SECRETARIA DE ESTADO DE EDUCACAO,SEE,SEE,TRILHAS DE FUTURO - ESTUDANTES,EPT
2026,7,1261,2118,10,0,Investimentos Próprios,23000.0,21516.9,21516.9,SECRETARIA DE ESTADO DE EDUCACAO,SEE,SEE,TRILHAS DE FUTURO - ESTUDANTES,EPT
2026,7,1261,2118,10,0,Investimentos Próprios,20500.0,18949.76,18949.76,SECRETARIA DE ESTADO DE EDUCACAO,SEE,SEE,TRILHAS DE FUTURO - ESTUDANTES,EPT
2026,7,1261,2118,71,0,Investimentos Próprios,71880.0,71080.0,71080.0,SECRETARIA DE ESTADO DE EDUCACAO,SEE,SEE,TRILHAS DE FUTURO - ESTUDANTES,EPT
2026,7,1261,2118,10,0,Investimentos Próprios,633508.44,312608.44,312608.44,SECRETARIA DE ESTADO DE EDUCACAO,SEE,SEE,TRILHAS DE FUTURO - ESTUDANTES,EPT
2026,7,1261,2118,10,0,Investimentos Próprios,40000.0,34783.33,34783.33,SECRETARIA DE ESTADO DE EDUCACAO,SEE,SEE,TRILHAS DE FUTURO - ESTUDANTES,EPT
2026,7,1261,2118,10,0,Investimentos Próprios,49128.36,49128.36,49128.36,SECRETARIA DE ESTADO DE EDUCACAO,SEE,SEE,TRILHAS DE FUTURO - ESTUDANTES,EPT
2026,7,1261,2118,10,0,Investimentos Próprios,43473.44,39224.16,39224.16,SECRETARIA DE ESTADO DE EDUCACAO,SEE,SEE,TRILHAS DE FUTURO - ESTUDANTES,EPT
2026,7,1261,2118,10,0,Investimentos Próprios,33014.8,33014.8,33014.8,SECRETARIA DE ESTADO DE EDUCACAO,SEE,SEE,TRILHAS DE FUTURO - ESTUDANTES,EPT
2026,7,1261,2118,10,0,Investimentos Próprios,64761.84,64761.84,64761.84,SECRETARIA DE ESTADO DE EDUCACAO,SEE,SEE,TRILHAS DE FUTURO - ESTUDANTES,EPT
2026,7,1261,2118,10,0,Investimentos Próprios,41794.56,41794.56,41794.56,SECRETARIA DE ESTADO DE EDUCACAO,SEE,SEE,TRILHAS DE FUTURO - ESTUDANTES,EPT
2026,7,1261,2118,10,0,Investimentos Próprios,37145.25,37145.25,37145.25,SECRETARIA DE ESTADO DE EDUCACAO,SEE,SEE,TRILHAS DE FUTURO - ESTUDANTES,EPT
2026,7,1261,2118,10,0,Investimentos Próprios,0.0,0.0,0.0,SECRETARIA DE ESTADO DE EDUCACAO,SEE,SEE,TRILHAS DE FUTURO - ESTUDANTES,EPT
2026,7,1261,2118,10,0,Investimentos Próprios,0.0,0.0,0.0,SECRETARIA DE ESTADO DE EDUCACAO,SEE,SEE,TRILHAS DE FUTURO - ESTUDANTES,EPT
2026,7,1261,2118,10,0,Investimentos Próprios,0.0,0.0,0.0,SECRETARIA DE ESTADO DE EDUCACAO,SEE,SEE,TRILHAS DE FUTURO - ESTUDANTES,EPT
2026,7,1261,2118,10,0,Investimentos Próprios,70000.0,49840.1,49840.1,SECRETARIA DE ESTADO DE EDUCACAO,SEE,SEE,TRILHAS DE FUTURO - ESTUDANTES,EPT
2026,7,1261,2118,10,0,Investimentos Próprios,23500.0,22682.96,22682.96,SECRETARIA DE ESTADO DE EDUCACAO,SEE,SEE,TRILHAS DE FUTURO - ESTUDANTES,EPT
2026,7,1261,2118,10,0,Investimentos Próprios,50000.0,34783.33,34783.33,SECRETARIA DE ESTADO DE EDUCACAO,SEE,SEE,TRILHAS DE FUTURO - ESTUDANTES,EPT
2026,7,1261,2118,71,0,Investimentos Próprios,112560.0,112560.0,112560.0,SECRETARIA DE ESTADO DE EDUCACAO,SEE,SEE,TRILHAS DE FUTURO - ESTUDANTES,EPT
2026,7,1261,2118,71,0,Investimentos Próprios,16880.0,16880.0,16880.0,SECRETARIA DE ESTADO DE EDUCACAO,SEE,SEE,TRILHAS DE FUTURO - ESTUDANTES,EPT
2026,7,1261,2118,10,0,Investimentos Próprios,0.0,0.0,0.0,SECRETARIA DE ESTADO DE EDUCACAO,SEE,SEE,TRILHAS DE FUTURO - ESTUDANTES,EPT
2026,7,1261,2118,10,0,Investimentos Próprios,0.0,0.0,0.0,SECRETARIA DE ESTADO DE EDUCACAO,SEE,SEE,TRILHAS DE FUTURO - ESTUDANTES,EPT
2026,7,1261,2118,10,0,Investimentos Próprios,0.0,0.0,0.0,SECRETARIA DE ESTADO DE EDUCACAO,SEE,SEE,TRILHAS DE FUTURO - ESTUDANTES,EPT
2026,7,1261,2118,10,0,Investimentos Próprios,0.0,0.0,0.0,SECRETARIA DE ESTADO DE EDUCACAO,SEE,SEE,TRILHAS DE FUTURO - ESTUDANTES,EPT
2026,7,1261,2118,10,0,Investimentos Próprios,0.0,0.0,0.0,SECRETARIA DE ESTADO DE EDUCACAO,SEE,SEE,TRILHAS DE FUTURO - ESTUDANTES,EPT
2026,7,2301,4293,32,0,Investimentos Próprios,-844412.17,0.0,0.0,DEPARTAMENTO DE ESTRADAS DE RODAGEM DO ESTADO DE MINAS GERAIS,DER-MG,DER-MG,CONSERVACAO ROTINEIRA DA MALHA VIARIA,Transportes
2026,7,2301,4385,33,0,Investimentos Próprios,0.0,2732140.71,0.0,DEPARTAMENTO DE ESTRADAS DE RODAGEM DO ESTADO DE MINAS GERAIS,DER-MG,DER-MG,REABILITACAO DA MALHA VIARIA,Transportes
2026,7,2301,4268,33,0,Investimentos Próprios,-30000.0,0.0,0.0,DEPARTAMENTO DE ESTRADAS DE RODAGEM DO ESTADO DE MINAS GERAIS,DER-MG,DER-MG,AMPLIACAO DE CAPACIDADE DA MALHA E RESTAURACAO DO PAVIMENTO,Transportes
2026,7,1261,2118,10,0,Investimentos Próprios,141500.0,140519.81,140519.81,SECRETARIA DE ESTADO DE EDUCACAO,SEE,SEE,TRILHAS DE FUTURO - ESTUDANTES,EPT
2026,7,1261,2118,71,0,Investimentos Próprios,11900.0,11900.0,0.0,SECRETARIA DE ESTADO DE EDUCACAO,SEE,SEE,TRILHAS DE FUTURO - ESTUDANTES,EPT
2026,7,1261,2118,10,0,Investimentos Próprios,23641.47,23641.47,23641.47,SECRETARIA DE ESTADO DE EDUCACAO,SEE,SEE,TRILHAS DE FUTURO - ESTUDANTES,EPT
2026,7,1261,2118,10,0,Investimentos Próprios,21126.42,21126.42,21126.42,SECRETARIA DE ESTADO DE EDUCACAO,SEE,SEE,TRILHAS DE FUTURO - ESTUDANTES,EPT
2026,7,1251,4365,48,0,Investimentos Próprios,0.0,0.0,0.0,POLICIA MILITAR DO ESTADO DE MINAS GERAIS,PMMG,PMMG,POLICIAMENTO OSTENSIVO GERAL,Segurança Pública
2026,7,1261,2118,10,0,Investimentos Próprios,76760.96,76760.96,76760.96,SECRETARIA DE ESTADO DE EDUCACAO,SEE,SEE,TRILHAS DE FUTURO - ESTUDANTES,EPT
2026,7,1261,2118,71,0,Investimentos Próprios,12000.0,7080.0,0.0,SECRETARIA DE ESTADO DE EDUCACAO,SEE,SEE,TRILHAS DE FUTURO - ESTUDANTES,EPT
2026,7,1261,2118,10,0,Investimentos Próprios,550000.0,0.0,0.0,SECRETARIA DE ESTADO DE EDUCACAO,SEE,SEE,TRILHAS DE FUTURO - ESTUDANTES,EPT
2026,7,1261,2118,10,0,Investimentos Próprios,24048.3,18985.5,18985.5,SECRETARIA DE ESTADO DE EDUCACAO,SEE,SEE,TRILHAS DE FUTURO - ESTUDANTES,EPT
2026,7,1261,2118,71,0,Investimentos Próprios,27600.0,7140.0,7140.0,SECRETARIA DE ESTADO DE EDUCACAO,SEE,SEE,TRILHAS DE FUTURO - ESTUDANTES,EPT
2026,7,1261,2118,71,0,Investimentos Próprios,45600.0,10260.0,10260.0,SECRETARIA DE ESTADO DE EDUCACAO,SEE,SEE,TRILHAS DE FUTURO - ESTUDANTES,EPT
2026,7,1261,2118,10,0,Investimentos Próprios,11570.0,0.0,0.0,SECRETARIA DE ESTADO DE EDUCACAO,SEE,SEE,TRILHAS DE FUTURO - ESTUDANTES,EPT
2026,7,1261,2118,10,0,Investimentos Próprios,0.0,0.0,0.0,SECRETARIA DE ESTADO DE EDUCACAO,SEE,SEE,TRILHAS DE FUTURO - ESTUDANTES,EPT
2026,7,2301,4293,32,0,Investimentos Próprios,-214072.47,0.0,0.0,DEPARTAMENTO DE ESTRADAS DE RODAGEM DO ESTADO DE MINAS GERAIS,DER-MG,DER-MG,CONSERVACAO ROTINEIRA DA MALHA VIARIA,Transportes
2026,7,1261,2118,71,0,Investimentos Próprios,33600.0,2220.0,0.0,SECRETARIA DE ESTADO DE EDUCACAO,SEE,SEE,TRILHAS DE FUTURO - ESTUDANTES,EPT
2026,7,1261,2118,10,0,Investimentos Próprios,58168.44,49521.78,49521.78,SECRETARIA DE ESTADO DE EDUCACAO,SEE,SEE,TRILHAS DE FUTURO - ESTUDANTES,EPT
2026,7,1261,2118,10,0,Investimentos Próprios,59740.56,29084.22,29084.22,SECRETARIA DE ESTADO DE EDUCACAO,SEE,SEE,TRILHAS DE FUTURO - ESTUDANTES,EPT
2026,7,1261,2118,10,0,Investimentos Próprios,64378.86,32189.43,32189.43,SECRETARIA DE ESTADO DE EDUCACAO,SEE,SEE,TRILHAS DE FUTURO - ESTUDANTES,EPT
2026,7,1261,2118,10,0,Investimentos Próprios,0.0,0.0,0.0,SECRETARIA DE ESTADO DE EDUCACAO,SEE,SEE,TRILHAS DE FUTURO - ESTUDANTES,EPT
2026,7,1261,2118,10,0,Investimentos Próprios,47584.66,22133.2,22133.2,SECRETARIA DE ESTADO DE EDUCACAO,SEE,SEE,TRILHAS DE FUTURO - ESTUDANTES,EPT
2026,7,1261,2118,10,0,Investimentos Próprios,0.0,0.0,0.0,SECRETARIA DE ESTADO DE EDUCACAO,SEE,SEE,TRILHAS DE FUTURO - ESTUDANTES,EPT
2026,7,1261,2118,71,0,Investimentos Próprios,0.0,0.0,0.0,SECRETARIA DE ESTADO DE EDUCACAO,SEE,SEE,TRILHAS DE FUTURO - ESTUDANTES,EPT
2026,7,2301,4293,32,0,Investimentos Próprios,478712.96,460675.92,0.0,DEPARTAMENTO DE ESTRADAS DE RODAGEM DO ESTADO DE MINAS GERAIS,DER-MG,DER-MG,CONSERVACAO ROTINEIRA DA MALHA VIARIA,Transportes
2026,7,2301,4275,10,0,Investimentos Próprios,40313.4,0.0,0.0,DEPARTAMENTO DE ESTRADAS DE RODAGEM DO ESTADO DE MINAS GERAIS,DER-MG,DER-MG,IMPLANTACAO/PAVIMENTACAO DA MALHA,Transportes
2026,7,1261,2118,10,0,Investimentos Próprios,10547.6,10547.6,0.0,SECRETARIA DE ESTADO DE EDUCACAO,SEE,SEE,TRILHAS DE FUTURO - ESTUDANTES,EPT
2026,7,2301,4284,10,0,Investimentos Próprios,0.0,10754.39,0.0,DEPARTAMENTO DE ESTRADAS DE RODAGEM DO ESTADO DE MINAS GERAIS,DER-MG,DER-MG,PREVENCAO E MITIGACAO DE DANOS AMBIENTAIS,Transportes
2026,7,2301,4284,10,0,Investimentos Próprios,0.0,3014.07,0.0,DEPARTAMENTO DE ESTRADAS DE RODAGEM DO ESTADO DE MINAS GERAIS,DER-MG,DER-MG,PREVENCAO E MITIGACAO DE DANOS AMBIENTAIS,Transportes
2026,7,1261,2118,71,0,Investimentos Próprios,0.0,0.0,0.0,SECRETARIA DE ESTADO DE EDUCACAO,SEE,SEE,TRILHAS DE FUTURO - ESTUDANTES,EPT
2026,7,1261,2118,10,0,Investimentos Próprios,0.0,0.0,0.0,SECRETARIA DE ESTADO DE EDUCACAO,SEE,SEE,TRILHAS DE FUTURO - ESTUDANTES,EPT
2026,7,1261,2118,71,0,Investimentos Próprios,38160.0,38160.0,38160.0,SECRETARIA DE ESTADO DE EDUCACAO,SEE,SEE,TRILHAS DE FUTURO - ESTUDANTES,EPT
2026,7,1261,2118,10,0,Investimentos Próprios,125000.0,123125.33,123125.33,SECRETARIA DE ESTADO DE EDUCACAO,SEE,SEE,TRILHAS DE FUTURO - ESTUDANTES,EPT
2026,7,2301,4293,32,0,Investimentos Próprios,24859.25,7866.2,0.0,DEPARTAMENTO DE ESTRADAS DE RODAGEM DO ESTADO DE MINAS GERAIS,DER-MG,DER-MG,CONSERVACAO ROTINEIRA DA MALHA VIARIA,Transportes
2026,7,1261,2118,10,0,Investimentos Próprios,20000.0,0.0,0.0,SECRETARIA DE ESTADO DE EDUCACAO,SEE,SEE,TRILHAS DE FUTURO - ESTUDANTES,EPT
2026,7,1261,2118,10,0,Investimentos Próprios,27000.0,0.0,0.0,SECRETARIA DE ESTADO DE EDUCACAO,SEE,SEE,TRILHAS DE FUTURO - ESTUDANTES,EPT
2026,7,1261,2118,10,0,Investimentos Próprios,17380.0,0.0,0.0,SECRETARIA DE ESTADO DE EDUCACAO,SEE,SEE,TRILHAS DE FUTURO - ESTUDANTES,EPT
2026,7,1261,2118,10,0,Investimentos Próprios,16705.56,0.0,16705.56,SECRETARIA DE ESTADO DE EDUCACAO,SEE,SEE,TRILHAS DE FUTURO - ESTUDANTES,EPT
2026,7,1261,2118,10,0,Investimentos Próprios,17196.9,0.0,17196.9,SECRETARIA DE ESTADO DE EDUCACAO,SEE,SEE,TRILHAS DE FUTURO - ESTUDANTES,EPT
2026,7,1261,2118,10,0,Investimentos Próprios,34885.14,0.0,34885.14,SECRETARIA DE ESTADO DE EDUCACAO,SEE,SEE,TRILHAS DE FUTURO - ESTUDANTES,EPT
2026,7,1261,2118,71,0,Investimentos Próprios,11380.0,0.0,0.0,SECRETARIA DE ESTADO DE EDUCACAO,SEE,SEE,TRILHAS DE FUTURO - ESTUDANTES,EPT
2026,7,2301,4268,10,0,Investimentos Próprios,0.0,154659.24,0.0,DEPARTAMENTO DE ESTRADAS DE RODAGEM DO ESTADO DE MINAS GERAIS,DER-MG,DER-MG,AMPLIACAO DE CAPACIDADE DA MALHA E RESTAURACAO DO PAVIMENTO,Transportes
2026,7,2301,4293,32,0,Investimentos Próprios,2461065.75,909733.43,0.0,DEPARTAMENTO DE ESTRADAS DE RODAGEM DO ESTADO DE MINAS GERAIS,DER-MG,DER-MG,CONSERVACAO ROTINEIRA DA MALHA VIARIA,Transportes
2026,7,1261,2118,10,0,Investimentos Próprios,0.0,0.0,0.0,SECRETARIA DE ESTADO DE EDUCACAO,SEE,SEE,TRILHAS DE FUTURO - ESTUDANTES,EPT
2026,7,1261,2118,71,0,Investimentos Próprios,885000.0,314820.0,314820.0,SECRETARIA DE ESTADO DE EDUCACAO,SEE,SEE,TRILHAS DE FUTURO - ESTUDANTES,EPT
2026,7,2301,4280,89,1,FEF,213238.58,0.0,0.0,DEPARTAMENTO DE ESTRADAS DE RODAGEM DO ESTADO DE MINAS GERAIS,DER-MG,DER-MG,MITIGACAO DE DANOS PONTUAIS NAS RODOVIAS,Transportes
2026,7,1261,2118,10,0,Investimentos Próprios,80000.0,61908.84,97776.66,SECRETARIA DE ESTADO DE EDUCACAO,SEE,SEE,TRILHAS DE FUTURO - ESTUDANTES,EPT
2026,7,2301,4275,10,0,Investimentos Próprios,700000.0,0.0,0.0,DEPARTAMENTO DE ESTRADAS DE RODAGEM DO ESTADO DE MINAS GERAIS,DER-MG,DER-MG,IMPLANTACAO/PAVIMENTACAO DA MALHA,Transportes
2026,7,1261,2118,71,0,Investimentos Próprios,23380.0,23380.0,23380.0,SECRETARIA DE ESTADO DE EDUCACAO,SEE,SEE,TRILHAS DE FUTURO - ESTUDANTES,EPT
2026,7,1261,2118,10,0,Investimentos Próprios,47980.05,47980.05,47980.05,SECRETARIA DE ESTADO DE EDUCACAO,SEE,SEE,TRILHAS DE FUTURO - ESTUDANTES,EPT
2026,7,1261,2118,10,0,Investimentos Próprios,115600.84,115600.84,115600.84,SECRETARIA DE ESTADO DE EDUCACAO,SEE,SEE,TRILHAS DE FUTURO - ESTUDANTES,EPT
2026,7,1261,2118,71,0,Investimentos Próprios,13740.0,13740.0,13740.0,SECRETARIA DE ESTADO DE EDUCACAO,SEE,SEE,TRILHAS DE FUTURO - ESTUDANTES,EPT
2026,7,1261,2118,71,0,Investimentos Próprios,24740.0,24740.0,24740.0,SECRETARIA DE ESTADO DE EDUCACAO,SEE,SEE,TRILHAS DE FUTURO - ESTUDANTES,EPT
2026,7,1261,2118,10,0,Investimentos Próprios,26485.92,16001.91,16001.91,SECRETARIA DE ESTADO DE EDUCACAO,SEE,SEE,TRILHAS DE FUTURO - ESTUDANTES,EPT
2026,7,1261,2118,10,0,Investimentos Próprios,34741.28,20472.54,20472.54,SECRETARIA DE ESTADO DE EDUCACAO,SEE,SEE,TRILHAS DE FUTURO - ESTUDANTES,EPT
2026,7,1261,2118,71,0,Investimentos Próprios,13460.0,13460.0,13460.0,SECRETARIA DE ESTADO DE EDUCACAO,SEE,SEE,TRILHAS DE FUTURO - ESTUDANTES,EPT
2026,7,1261,2118,10,0,Investimentos Próprios,101850.4,101850.4,101850.4,SECRETARIA DE ESTADO DE EDUCACAO,SEE,SEE,TRILHAS DE FUTURO - ESTUDANTES,EPT
2026,7,1261,2118,10,0,Investimentos Próprios,164800.0,160136.34,160136.34,SECRETARIA DE ESTADO DE EDUCACAO,SEE,SEE,TRILHAS DE FUTURO - ESTUDANTES,EPT
2026,7,1261,2118,71,0,Investimentos Próprios,18700.0,18700.0,18700.0,SECRETARIA DE ESTADO DE EDUCACAO,SEE,SEE,TRILHAS DE FUTURO - ESTUDANTES,EPT
2026,7,1261,2118,71,0,Investimentos Próprios,48410.0,48400.0,48400.0,SECRETARIA DE ESTADO DE EDUCACAO,SEE,SEE,TRILHAS DE FUTURO - ESTUDANTES,EPT
2026,7,1261,2118,71,0,Investimentos Próprios,220000.0,69500.0,69500.0,SECRETARIA DE ESTADO DE EDUCACAO,SEE,SEE,TRILHAS DE FUTURO - ESTUDANTES,EPT
2026,7,1261,2118,71,0,Investimentos Próprios,26400.0,5960.0,5960.0,SECRETARIA DE ESTADO DE EDUCACAO,SEE,SEE,TRILHAS DE FUTURO - ESTUDANTES,EPT
2026,7,1261,2118,71,0,Investimentos Próprios,46800.0,7700.0,7700.0,SECRETARIA DE ESTADO DE EDUCACAO,SEE,SEE,TRILHAS DE FUTURO - ESTUDANTES,EPT
2026,7,1261,2118,71,0,Investimentos Próprios,44400.0,8140.0,8140.0,SECRETARIA DE ESTADO DE EDUCACAO,SEE,SEE,TRILHAS DE FUTURO - ESTUDANTES,EPT
2026,7,1261,2118,71,0,Investimentos Próprios,30000.0,10480.0,10480.0,SECRETARIA DE ESTADO DE EDUCACAO,SEE,SEE,TRILHAS DE FUTURO - ESTUDANTES,EPT
2026,7,1261,2118,71,0,Investimentos Próprios,20400.0,0.0,0.0,SECRETARIA DE ESTADO DE EDUCACAO,SEE,SEE,TRILHAS DE FUTURO - ESTUDANTES,EPT
2026,7,1261,2118,71,0,Investimentos Próprios,24320.0,24320.0,24320.0,SECRETARIA DE ESTADO DE EDUCACAO,SEE,SEE,TRILHAS DE FUTURO - ESTUDANTES,EPT
2026,7,1261,2118,71,0,Investimentos Próprios,22600.0,22600.0,22600.0,SECRETARIA DE ESTADO DE EDUCACAO,SEE,SEE,TRILHAS DE FUTURO - ESTUDANTES,EPT
2026,7,1261,2118,71,0,Investimentos Próprios,15300.0,15300.0,15300.0,SECRETARIA DE ESTADO DE EDUCACAO,SEE,SEE,TRILHAS DE FUTURO - ESTUDANTES,EPT
2026,7,1261,2118,71,0,Investimentos Próprios,16700.0,16700.0,16700.0,SECRETARIA DE ESTADO DE EDUCACAO,SEE,SEE,TRILHAS DE FUTURO - ESTUDANTES,EPT
2026,7,1261,2118,71,0,Investimentos Próprios,13020.0,13020.0,13020.0,SECRETARIA DE ESTADO DE EDUCACAO,SEE,SEE,TRILHAS DE FUTURO - ESTUDANTES,EPT
2026,7,1261,2118,71,0,Investimentos Próprios,100500.0,88840.0,88840.0,SECRETARIA DE ESTADO DE EDUCACAO,SEE,SEE,TRILHAS DE FUTURO - ESTUDANTES,EPT
2026,7,1261,2118,10,0,Investimentos Próprios,13543.2,13543.2,13543.2,SECRETARIA DE ESTADO DE EDUCACAO,SEE,SEE,TRILHAS DE FUTURO - ESTUDANTES,EPT
2026,7,1261,2118,71,0,Investimentos Próprios,20240.0,20240.0,20240.0,SECRETARIA DE ESTADO DE EDUCACAO,SEE,SEE,TRILHAS DE FUTURO - ESTUDANTES,EPT
2026,7,1261,2118,71,0,Investimentos Próprios,73220.0,73220.0,118840.0,SECRETARIA DE ESTADO DE EDUCACAO,SEE,SEE,TRILHAS DE FUTURO - ESTUDANTES,EPT
2026,7,1261,2118,71,0,Investimentos Próprios,35000.0,10100.0,16420.0,SECRETARIA DE ESTADO DE EDUCACAO,SEE,SEE,TRILHAS DE FUTURO - ESTUDANTES,EPT
2026,7,1261,2118,71,0,Investimentos Próprios,14.0,0.0,0.0,SECRETARIA DE ESTADO DE EDUCACAO,SEE,SEE,TRILHAS DE FUTURO - ESTUDANTES,EPT
2026,7,1261,2118,71,0,Investimentos Próprios,106320.0,95900.0,95900.0,SECRETARIA DE ESTADO DE EDUCACAO,SEE,SEE,TRILHAS DE FUTURO - ESTUDANTES,EPT
2026,7,1261,2118,71,0,Investimentos Próprios,66271.0,66260.0,66260.0,SECRETARIA DE ESTADO DE EDUCACAO,SEE,SEE,TRILHAS DE FUTURO - ESTUDANTES,EPT
2026,7,1261,2118,10,0,Investimentos Próprios,24200.0,23749.95,23749.95,SECRETARIA DE ESTADO DE EDUCACAO,SEE,SEE,TRILHAS DE FUTURO - ESTUDANTES,EPT
2026,7,1261,2118,10,0,Investimentos Próprios,28000.0,27458.24,27458.24,SECRETARIA DE ESTADO DE EDUCACAO,SEE,SEE,TRILHAS DE FUTURO - ESTUDANTES,EPT
2026,7,1261,2118,71,0,Investimentos Próprios,146340.0,131780.0,131780.0,SECRETARIA DE ESTADO DE EDUCACAO,SEE,SEE,TRILHAS DE FUTURO - ESTUDANTES,EPT
2026,7,1261,2118,10,0,Investimentos Próprios,13137.25,13137.25,13137.25,SECRETARIA DE ESTADO DE EDUCACAO,SEE,SEE,TRILHAS DE FUTURO - ESTUDANTES,EPT
2026,7,1261,2118,71,0,Investimentos Próprios,30020.0,30020.0,30020.0,SECRETARIA DE ESTADO DE EDUCACAO,SEE,SEE,TRILHAS DE FUTURO - ESTUDANTES,EPT
2026,7,1261,2118,71,0,Investimentos Próprios,75800.0,75800.0,75800.0,SECRETARIA DE ESTADO DE EDUCACAO,SEE,SEE,TRILHAS DE FUTURO - ESTUDANTES,EPT
2026,7,1261,2118,10,0,Investimentos Próprios,0.0,0.0,0.0,SECRETARIA DE ESTADO DE EDUCACAO,SEE,SEE,TRILHAS DE FUTURO - ESTUDANTES,EPT
2026,7,1261,2118,10,0,Investimentos Próprios,90000.0,73211.92,73211.92,SECRETARIA DE ESTADO DE EDUCACAO,SEE,SEE,TRILHAS DE FUTURO - ESTUDANTES,EPT
2026,7,2301,4293,32,0,Investimentos Próprios,700870.0,864202.81,0.0,DEPARTAMENTO DE ESTRADAS DE RODAGEM DO ESTADO DE MINAS GERAIS,DER-MG,DER-MG,CONSERVACAO ROTINEIRA DA MALHA VIARIA,Transportes
2026,7,1261,2118,10,0,Investimentos Próprios,69500.0,65675.95,65675.95,SECRETARIA DE ESTADO DE EDUCACAO,SEE,SEE,TRILHAS DE FUTURO - ESTUDANTES,EPT
2026,7,1261,2118,10,0,Investimentos Próprios,13004.82,13004.82,13004.82,SECRETARIA DE ESTADO DE EDUCACAO,SEE,SEE,TRILHAS DE FUTURO - ESTUDANTES,EPT
2026,7,1261,2118,10,0,Investimentos Próprios,113233.85,95458.55,95458.55,SECRETARIA DE ESTADO DE EDUCACAO,SEE,SEE,TRILHAS DE FUTURO - ESTUDANTES,EPT
2026,7,1261,2118,10,0,Investimentos Próprios,75000.0,73629.84,144085.98,SECRETARIA DE ESTADO DE EDUCACAO,SEE,SEE,TRILHAS DE FUTURO - ESTUDANTES,EPT
2026,7,2301,4293,32,0,Investimentos Próprios,7302918.0,5927292.24,0.0,DEPARTAMENTO DE ESTRADAS DE RODAGEM DO ESTADO DE MINAS GERAIS,DER-MG,DER-MG,CONSERVACAO ROTINEIRA DA MALHA VIARIA,Transportes
2026,7,2301,4293,32,0,Investimentos Próprios,55561.0,1464351.58,0.0,DEPARTAMENTO DE ESTRADAS DE RODAGEM DO ESTADO DE MINAS GERAIS,DER-MG,DER-MG,CONSERVACAO ROTINEIRA DA MALHA VIARIA,Transportes
2026,7,1261,2118,10,0,Investimentos Próprios,29006.25,29006.25,29006.25,SECRETARIA DE ESTADO DE EDUCACAO,SEE,SEE,TRILHAS DE FUTURO - ESTUDANTES,EPT
2026,7,1261,2118,10,0,Investimentos Próprios,674246.34,608859.16,608859.16,SECRETARIA DE ESTADO DE EDUCACAO,SEE,SEE,TRILHAS DE FUTURO - ESTUDANTES,EPT
2026,7,1261,2118,10,0,Investimentos Próprios,140484.69,119184.29,119184.29,SECRETARIA DE ESTADO DE EDUCACAO,SEE,SEE,TRILHAS DE FUTURO - ESTUDANTES,EPT
2026,7,1261,2118,10,0,Investimentos Próprios,55197.94,55197.94,55197.94,SECRETARIA DE ESTADO DE EDUCACAO,SEE,SEE,TRILHAS DE FUTURO - ESTUDANTES,EPT
2026,7,1261,2118,71,0,Investimentos Próprios,14420.0,14420.0,14420.0,SECRETARIA DE ESTADO DE EDUCACAO,SEE,SEE,TRILHAS DE FUTURO - ESTUDANTES,EPT
2026,7,1261,2118,10,0,Investimentos Próprios,34306.46,17153.23,17153.23,SECRETARIA DE ESTADO DE EDUCACAO,SEE,SEE,TRILHAS DE FUTURO - ESTUDANTES,EPT
2026,7,1261,2118,71,0,Investimentos Próprios,0.0,0.0,0.0,SECRETARIA DE ESTADO DE EDUCACAO,SEE,SEE,TRILHAS DE FUTURO - ESTUDANTES,EPT
2026,7,1261,2118,71,0,Investimentos Próprios,9500.0,9000.0,9000.0,SECRETARIA DE ESTADO DE EDUCACAO,SEE,SEE,TRILHAS DE FUTURO - ESTUDANTES,EPT
2026,7,1261,2118,71,0,Investimentos Próprios,40740.0,27720.0,27720.0,SECRETARIA DE ESTADO DE EDUCACAO,SEE,SEE,TRILHAS DE FUTURO - ESTUDANTES,EPT
2026,7,1261,2118,71,0,Investimentos Próprios,0.0,0.0,0.0,SECRETARIA DE ESTADO DE EDUCACAO,SEE,SEE,TRILHAS DE FUTURO - ESTUDANTES,EPT
2026,7,1261,2118,71,0,Investimentos Próprios,31920.0,19320.0,19320.0,SECRETARIA DE ESTADO DE EDUCACAO,SEE,SEE,TRILHAS DE FUTURO - ESTUDANTES,EPT
2026,7,1261,2118,71,0,Investimentos Próprios,15540.0,9100.0,9100.0,SECRETARIA DE ESTADO DE EDUCACAO,SEE,SEE,TRILHAS DE FUTURO - ESTUDANTES,EPT
2026,7,1261,2118,71,0,Investimentos Próprios,14560.0,14560.0,14560.0,SECRETARIA DE ESTADO DE EDUCACAO,SEE,SEE,TRILHAS DE FUTURO - ESTUDANTES,EPT
2026,7,1261,2118,71,0,Investimentos Próprios,0.0,0.0,0.0,SECRETARIA DE ESTADO DE EDUCACAO,SEE,SEE,TRILHAS DE FUTURO - ESTUDANTES,EPT
2026,7,1261,2118,10,0,Investimentos Próprios,0.0,0.0,0.0,SECRETARIA DE ESTADO DE EDUCACAO,SEE,SEE,TRILHAS DE FUTURO - ESTUDANTES,EPT
2026,7,1261,2118,71,0,Investimentos Próprios,0.0,0.0,0.0,SECRETARIA DE ESTADO DE EDUCACAO,SEE,SEE,TRILHAS DE FUTURO - ESTUDANTES,EPT
2026,7,1261,2118,71,0,Investimentos Próprios,7500.0,6920.0,6920.0,SECRETARIA DE ESTADO DE EDUCACAO,SEE,SEE,TRILHAS DE FUTURO - ESTUDANTES,EPT
2026,7,1261,2118,10,0,Investimentos Próprios,0.0,0.0,0.0,SECRETARIA DE ESTADO DE EDUCACAO,SEE,SEE,TRILHAS DE FUTURO - ESTUDANTES,EPT
2026,7,1261,2118,10,0,Investimentos Próprios,0.0,0.0,0.0,SECRETARIA DE ESTADO DE EDUCACAO,SEE,SEE,TRILHAS DE FUTURO - ESTUDANTES,EPT
2026,7,1261,2118,10,0,Investimentos Próprios,50448.93,46694.43,46694.43,SECRETARIA DE ESTADO DE EDUCACAO,SEE,SEE,TRILHAS DE FUTURO - ESTUDANTES,EPT
2026,7,1261,2118,10,0,Investimentos Próprios,212161.57,204208.2,204208.2,SECRETARIA DE ESTADO DE EDUCACAO,SEE,SEE,TRILHAS DE FUTURO - ESTUDANTES,EPT
2026,7,1261,2118,10,0,Investimentos Próprios,24761.8,24760.8,24760.8,SECRETARIA DE ESTADO DE EDUCACAO,SEE,SEE,TRILHAS DE FUTURO - ESTUDANTES,EPT
2026,7,1261,2118,10,0,Investimentos Próprios,229824.48,106110.64,106110.64,SECRETARIA DE ESTADO DE EDUCACAO,SEE,SEE,TRILHAS DE FUTURO - ESTUDANTES,EPT
2026,7,1251,4365,48,0,Investimentos Próprios,0.0,0.0,0.0,POLICIA MILITAR DO ESTADO DE MINAS GERAIS,PMMG,PMMG,POLICIAMENTO OSTENSIVO GERAL,Segurança Pública
2026,7,1261,2118,71,0,Investimentos Próprios,13500.0,13040.0,13040.0,SECRETARIA DE ESTADO DE EDUCACAO,SEE,SEE,TRILHAS DE FUTURO - ESTUDANTES,EPT
2026,7,1261,2118,71,0,Investimentos Próprios,9500.0,9420.0,9420.0,SECRETARIA DE ESTADO DE EDUCACAO,SEE,SEE,TRILHAS DE FUTURO - ESTUDANTES,EPT
2026,7,1261,2118,71,0,Investimentos Próprios,10500.0,9680.0,9680.0,SECRETARIA DE ESTADO DE EDUCACAO,SEE,SEE,TRILHAS DE FUTURO - ESTUDANTES,EPT
2026,7,1251,4365,48,0,Investimentos Próprios,0.0,0.0,0.0,POLICIA MILITAR DO ESTADO DE MINAS GERAIS,PMMG,PMMG,POLICIAMENTO OSTENSIVO GERAL,Segurança Pública
2026,7,1251,4365,48,0,Investimentos Próprios,0.0,0.0,0.0,POLICIA MILITAR DO ESTADO DE MINAS GERAIS,PMMG,PMMG,POLICIAMENTO OSTENSIVO GERAL,Segurança Pública
2026,7,1261,2118,71,0,Investimentos Próprios,13900.0,7900.0,11820.0,SECRETARIA DE ESTADO DE EDUCACAO,SEE,SEE,TRILHAS DE FUTURO - ESTUDANTES,EPT
2026,7,1261,2118,10,0,Investimentos Próprios,35373.0,17686.5,34665.54,SECRETARIA DE ESTADO DE EDUCACAO,SEE,SEE,TRILHAS DE FUTURO - ESTUDANTES,EPT
2026,7,1261,2118,71,0,Investimentos Próprios,20200.0,20200.0,20200.0,SECRETARIA DE ESTADO DE EDUCACAO,SEE,SEE,TRILHAS DE FUTURO - ESTUDANTES,EPT
2026,7,1261,2118,10,0,Investimentos Próprios,79669.38,79669.38,0.0,SECRETARIA DE ESTADO DE EDUCACAO,SEE,SEE,TRILHAS DE FUTURO - ESTUDANTES,EPT
2026,7,1261,2118,10,0,Investimentos Próprios,0.0,0.0,0.0,SECRETARIA DE ESTADO DE EDUCACAO,SEE,SEE,TRILHAS DE FUTURO - ESTUDANTES,EPT
2026,7,1261,2118,71,0,Investimentos Próprios,7000.0,4820.0,9120.0,SECRETARIA DE ESTADO DE EDUCACAO,SEE,SEE,TRILHAS DE FUTURO - ESTUDANTES,EPT
2026,7,1261,2118,71,0,Investimentos Próprios,115160.0,115160.0,115160.0,SECRETARIA DE ESTADO DE EDUCACAO,SEE,SEE,TRILHAS DE FUTURO - ESTUDANTES,EPT
2026,7,1261,2118,71,0,Investimentos Próprios,125006.0,109340.0,109340.0,SECRETARIA DE ESTADO DE EDUCACAO,SEE,SEE,TRILHAS DE FUTURO - ESTUDANTES,EPT
2026,7,1261,2118,10,0,Investimentos Próprios,0.0,0.0,0.0,SECRETARIA DE ESTADO DE EDUCACAO,SEE,SEE,TRILHAS DE FUTURO - ESTUDANTES,EPT
2026,7,1261,2118,71,0,Investimentos Próprios,8580.0,8580.0,0.0,SECRETARIA DE ESTADO DE EDUCACAO,SEE,SEE,TRILHAS DE FUTURO - ESTUDANTES,EPT
2026,7,1261,2118,71,0,Investimentos Próprios,3720.0,3720.0,0.0,SECRETARIA DE ESTADO DE EDUCACAO,SEE,SEE,TRILHAS DE FUTURO - ESTUDANTES,EPT
2026,7,1261,2118,71,0,Investimentos Próprios,81560.0,81560.0,0.0,SECRETARIA DE ESTADO DE EDUCACAO,SEE,SEE,TRILHAS DE FUTURO - ESTUDANTES,EPT
2026,7,1261,2118,71,0,Investimentos Próprios,52880.0,52880.0,52880.0,SECRETARIA DE ESTADO DE EDUCACAO,SEE,SEE,TRILHAS DE FUTURO - ESTUDANTES,EPT
2026,7,1261,2118,10,0,Investimentos Próprios,66000.0,63195.15,124286.97,SECRETARIA DE ESTADO DE EDUCACAO,SEE,SEE,TRILHAS DE FUTURO - ESTUDANTES,EPT
2026,7,1261,2118,10,0,Investimentos Próprios,25000.0,22870.4,22870.4,SECRETARIA DE ESTADO DE EDUCACAO,SEE,SEE,TRILHAS DE FUTURO - ESTUDANTES,EPT
2026,7,1261,2118,71,0,Investimentos Próprios,13180.0,13180.0,13180.0,SECRETARIA DE ESTADO DE EDUCACAO,SEE,SEE,TRILHAS DE FUTURO - ESTUDANTES,EPT
2026,7,1261,2118,71,0,Investimentos Próprios,30000.0,26120.0,26120.0,SECRETARIA DE ESTADO DE EDUCACAO,SEE,SEE,TRILHAS DE FUTURO - ESTUDANTES,EPT
2026,7,1261,2118,71,0,Investimentos Próprios,7240.0,7240.0,0.0,SECRETARIA DE ESTADO DE EDUCACAO,SEE,SEE,TRILHAS DE FUTURO - ESTUDANTES,EPT
2026,7,1261,2118,71,0,Investimentos Próprios,0.0,0.0,0.0,SECRETARIA DE ESTADO DE EDUCACAO,SEE,SEE,TRILHAS DE FUTURO - ESTUDANTES,EPT
2026,7,1261,2118,71,0,Investimentos Próprios,14500.0,11880.0,11880.0,SECRETARIA DE ESTADO DE EDUCACAO,SEE,SEE,TRILHAS DE FUTURO - ESTUDANTES,EPT
2026,7,1261,2118,71,0,Investimentos Próprios,14020.0,14020.0,14020.0,SECRETARIA DE ESTADO DE EDUCACAO,SEE,SEE,TRILHAS DE FUTURO - ESTUDANTES,EPT
2026,7,1261,2118,71,0,Investimentos Próprios,9940.0,9940.0,9940.0,SECRETARIA DE ESTADO DE EDUCACAO,SEE,SEE,TRILHAS DE FUTURO - ESTUDANTES,EPT
2026,7,1261,2118,71,0,Investimentos Próprios,9080.0,9080.0,9080.0,SECRETARIA DE ESTADO DE EDUCACAO,SEE,SEE,TRILHAS DE FUTURO - ESTUDANTES,EPT
2026,7,1261,2118,10,0,Investimentos Próprios,100000.0,0.0,0.0,SECRETARIA DE ESTADO DE EDUCACAO,SEE,SEE,TRILHAS DE FUTURO - ESTUDANTES,EPT
2026,7,1261,2118,71,0,Investimentos Próprios,80000.0,6060.0,6060.0,SECRETARIA DE ESTADO DE EDUCACAO,SEE,SEE,TRILHAS DE FUTURO - ESTUDANTES,EPT
2026,7,1261,2118,71,0,Investimentos Próprios,19440.0,19440.0,19440.0,SECRETARIA DE ESTADO DE EDUCACAO,SEE,SEE,TRILHAS DE FUTURO - ESTUDANTES,EPT
2026,7,2301,4268,33,0,Investimentos Próprios,0.0,46315.6,0.0,DEPARTAMENTO DE ESTRADAS DE RODAGEM DO ESTADO DE MINAS GERAIS,DER-MG,DER-MG,AMPLIACAO DE CAPACIDADE DA MALHA E RESTAURACAO DO PAVIMENTO,Transportes
2026,7,1261,2118,71,0,Investimentos Próprios,56700.0,27040.0,27040.0,SECRETARIA DE ESTADO DE EDUCACAO,SEE,SEE,TRILHAS DE FUTURO - ESTUDANTES,EPT
2026,7,2301,4385,10,0,Investimentos Próprios,8000000.0,7161344.3,0.0,DEPARTAMENTO DE ESTRADAS DE RODAGEM DO ESTADO DE MINAS GERAIS,DER-MG,DER-MG,REABILITACAO DA MALHA VIARIA,Transportes
2026,7,2301,4385,10,0,Investimentos Próprios,3366000.0,916064.86,0.0,DEPARTAMENTO DE ESTRADAS DE RODAGEM DO ESTADO DE MINAS GERAIS,DER-MG,DER-MG,REABILITACAO DA MALHA VIARIA,Transportes
2026,7,1261,2118,71,0,Investimentos Próprios,11980.0,11980.0,11980.0,SECRETARIA DE ESTADO DE EDUCACAO,SEE,SEE,TRILHAS DE FUTURO - ESTUDANTES,EPT
2026,7,1261,2118,10,0,Investimentos Próprios,17947.8,17947.8,17947.8,SECRETARIA DE ESTADO DE EDUCACAO,SEE,SEE,TRILHAS DE FUTURO - ESTUDANTES,EPT
2026,7,1261,2118,10,0,Investimentos Próprios,25559.8,25559.8,25559.8,SECRETARIA DE ESTADO DE EDUCACAO,SEE,SEE,TRILHAS DE FUTURO - ESTUDANTES,EPT
2026,7,1261,2118,71,0,Investimentos Próprios,12080.0,12080.0,12080.0,SECRETARIA DE ESTADO DE EDUCACAO,SEE,SEE,TRILHAS DE FUTURO - ESTUDANTES,EPT
2026,7,1261,2118,71,0,Investimentos Próprios,5360.0,5360.0,0.0,SECRETARIA DE ESTADO DE EDUCACAO,SEE,SEE,TRILHAS DE FUTURO - ESTUDANTES,EPT
2026,7,1261,2118,71,0,Investimentos Próprios,5640.0,5640.0,0.0,SECRETARIA DE ESTADO DE EDUCACAO,SEE,SEE,TRILHAS DE FUTURO - ESTUDANTES,EPT
2026,7,1261,2118,10,0,Investimentos Próprios,0.0,0.0,0.0,SECRETARIA DE ESTADO DE EDUCACAO,SEE,SEE,TRILHAS DE FUTURO - ESTUDANTES,EPT
2026,7,2301,4385,33,0,Investimentos Próprios,-179342.31,704685.38,0.0,DEPARTAMENTO DE ESTRADAS DE RODAGEM DO ESTADO DE MINAS GERAIS,DER-MG,DER-MG,REABILITACAO DA MALHA VIARIA,Transportes
2026,7,1261,2118,10,0,Investimentos Próprios,0.0,0.0,0.0,SECRETARIA DE ESTADO DE EDUCACAO,SEE,SEE,TRILHAS DE FUTURO - ESTUDANTES,EPT
2026,7,1261,2118,10,0,Investimentos Próprios,443305.0,0.0,0.0,SECRETARIA DE ESTADO DE EDUCACAO,SEE,SEE,TRILHAS DE FUTURO - ESTUDANTES,EPT
2026,7,1261,2118,71,0,Investimentos Próprios,16960.0,16960.0,16960.0,SECRETARIA DE ESTADO DE EDUCACAO,SEE,SEE,TRILHAS DE FUTURO - ESTUDANTES,EPT
2026,7,1261,2118,71,0,Investimentos Próprios,8700.0,8700.0,0.0,SECRETARIA DE ESTADO DE EDUCACAO,SEE,SEE,TRILHAS DE FUTURO - ESTUDANTES,EPT
2026,7,1261,2118,71,0,Investimentos Próprios,9920.0,9920.0,9920.0,SECRETARIA DE ESTADO DE EDUCACAO,SEE,SEE,TRILHAS DE FUTURO - ESTUDANTES,EPT
2026,7,1261,2118,71,0,Investimentos Próprios,48000.0,13480.0,13480.0,SECRETARIA DE ESTADO DE EDUCACAO,SEE,SEE,TRILHAS DE FUTURO - ESTUDANTES,EPT
2026,7,1261,2118,71,0,Investimentos Próprios,10000.0,8240.0,8240.0,SECRETARIA DE ESTADO DE EDUCACAO,SEE,SEE,TRILHAS DE FUTURO - ESTUDANTES,EPT
2026,7,1261,2118,10,0,Investimentos Próprios,0.0,0.0,0.0,SECRETARIA DE ESTADO DE EDUCACAO,SEE,SEE,TRILHAS DE FUTURO - ESTUDANTES,EPT
2026,7,2301,4385,10,0,Investimentos Próprios,356655.57,496198.58,0.0,DEPARTAMENTO DE ESTRADAS DE RODAGEM DO ESTADO DE MINAS GERAIS,DER-MG,DER-MG,REABILITACAO DA MALHA VIARIA,Transportes
2026,7,1261,2118,71,0,Investimentos Próprios,9000.0,7640.0,13140.0,SECRETARIA DE ESTADO DE EDUCACAO,SEE,SEE,TRILHAS DE FUTURO - ESTUDANTES,EPT
2026,7,1261,2118,71,0,Investimentos Próprios,10000.0,8460.0,13680.0,SECRETARIA DE ESTADO DE EDUCACAO,SEE,SEE,TRILHAS DE FUTURO - ESTUDANTES,EPT
2026,7,1261,2118,10,0,Investimentos Próprios,36500.0,35284.44,67473.76,SECRETARIA DE ESTADO DE EDUCACAO,SEE,SEE,TRILHAS DE FUTURO - ESTUDANTES,EPT
2026,7,2301,4268,10,0,Investimentos Próprios,110271.57,0.0,0.0,DEPARTAMENTO DE ESTRADAS DE RODAGEM DO ESTADO DE MINAS GERAIS,DER-MG,DER-MG,AMPLIACAO DE CAPACIDADE DA MALHA E RESTAURACAO DO PAVIMENTO,Transportes
2026,7,1261,2118,71,0,Investimentos Próprios,4060.0,4060.0,4060.0,SECRETARIA DE ESTADO DE EDUCACAO,SEE,SEE,TRILHAS DE FUTURO - ESTUDANTES,EPT
2026,7,1261,2118,10,0,Investimentos Próprios,10763.28,10763.28,0.0,SECRETARIA DE ESTADO DE EDUCACAO,SEE,SEE,TRILHAS DE FUTURO - ESTUDANTES,EPT
2026,7,1261,2118,71,0,Investimentos Próprios,5000.0,2920.0,2920.0,SECRETARIA DE ESTADO DE EDUCACAO,SEE,SEE,TRILHAS DE FUTURO - ESTUDANTES,EPT
2026,7,1261,2118,71,0,Investimentos Próprios,68000.0,58260.0,84120.0,SECRETARIA DE ESTADO DE EDUCACAO,SEE,SEE,TRILHAS DE FUTURO - ESTUDANTES,EPT
2026,7,1261,2118,10,0,Investimentos Próprios,139300.0,137205.72,137205.72,SECRETARIA DE ESTADO DE EDUCACAO,SEE,SEE,TRILHAS DE FUTURO - ESTUDANTES,EPT
2026,7,1261,2118,10,0,Investimentos Próprios,35814.6,35814.6,0.0,SECRETARIA DE ESTADO DE EDUCACAO,SEE,SEE,TRILHAS DE FUTURO - ESTUDANTES,EPT
2026,7,1261,2118,10,0,Investimentos Próprios,114960.67,114960.67,0.0,SECRETARIA DE ESTADO DE EDUCACAO,SEE,SEE,TRILHAS DE FUTURO - ESTUDANTES,EPT
2026,7,1261,2118,10,0,Investimentos Próprios,0.0,0.0,0.0,SECRETARIA DE ESTADO DE EDUCACAO,SEE,SEE,TRILHAS DE FUTURO - ESTUDANTES,EPT
2026,7,1261,2118,10,0,Investimentos Próprios,0.0,0.0,0.0,SECRETARIA DE ESTADO DE EDUCACAO,SEE,SEE,TRILHAS DE FUTURO - ESTUDANTES,EPT
2026,7,1261,2118,10,0,Investimentos Próprios,0.0,0.0,0.0,SECRETARIA DE ESTADO DE EDUCACAO,SEE,SEE,TRILHAS DE FUTURO - ESTUDANTES,EPT
2026,7,1261,2118,10,0,Investimentos Próprios,15274.01,15274.01,0.0,SECRETARIA DE ESTADO DE EDUCACAO,SEE,SEE,TRILHAS DE FUTURO - ESTUDANTES,EPT
2026,7,1261,2118,10,0,Investimentos Próprios,13270.56,13270.56,0.0,SECRETARIA DE ESTADO DE EDUCACAO,SEE,SEE,TRILHAS DE FUTURO - ESTUDANTES,EPT
2026,7,2301,4275,10,0,Investimentos Próprios,0.0,7070.59,0.0,DEPARTAMENTO DE ESTRADAS DE RODAGEM DO ESTADO DE MINAS GERAIS,DER-MG,DER-MG,IMPLANTACAO/PAVIMENTACAO DA MALHA,Transportes
2026,7,1261,2118,71,0,Investimentos Próprios,185000.0,59900.0,107440.0,SECRETARIA DE ESTADO DE EDUCACAO,SEE,SEE,TRILHAS DE FUTURO - ESTUDANTES,EPT
2026,7,1261,2118,71,0,Investimentos Próprios,75000.0,23440.0,35340.0,SECRETARIA DE ESTADO DE EDUCACAO,SEE,SEE,TRILHAS DE FUTURO - ESTUDANTES,EPT
2026,7,1261,2118,71,0,Investimentos Próprios,10760.0,10760.0,0.0,SECRETARIA DE ESTADO DE EDUCACAO,SEE,SEE,TRILHAS DE FUTURO - ESTUDANTES,EPT
2026,7,1261,2118,71,0,Investimentos Próprios,350340.0,147840.0,236000.0,SECRETARIA DE ESTADO DE EDUCACAO,SEE,SEE,TRILHAS DE FUTURO - ESTUDANTES,EPT
2026,7,1261,2118,71,0,Investimentos Próprios,32820.0,32820.0,32820.0,SECRETARIA DE ESTADO DE EDUCACAO,SEE,SEE,TRILHAS DE FUTURO - ESTUDANTES,EPT
2026,7,1261,2118,71,0,Investimentos Próprios,168500.0,87340.0,139220.0,SECRETARIA DE ESTADO DE EDUCACAO,SEE,SEE,TRILHAS DE FUTURO - ESTUDANTES,EPT
2026,7,1261,2118,71,0,Investimentos Próprios,95000.0,77060.0,171000.0,SECRETARIA DE ESTADO DE EDUCACAO,SEE,SEE,TRILHAS DE FUTURO - ESTUDANTES,EPT
2026,7,1261,2118,10,0,Investimentos Próprios,15027.22,15027.22,0.0,SECRETARIA DE ESTADO DE EDUCACAO,SEE,SEE,TRILHAS DE FUTURO - ESTUDANTES,EPT
2026,7,1261,2118,10,0,Investimentos Próprios,60000.0,57176.8,57176.8,SECRETARIA DE ESTADO DE EDUCACAO,SEE,SEE,TRILHAS DE FUTURO - ESTUDANTES,EPT
2026,7,1261,2118,10,0,Investimentos Próprios,265511.31,265511.31,531830.8,SECRETARIA DE ESTADO DE EDUCACAO,SEE,SEE,TRILHAS DE FUTURO - ESTUDANTES,EPT
2026,7,1261,2118,71,0,Investimentos Próprios,8380.0,8380.0,0.0,SECRETARIA DE ESTADO DE EDUCACAO,SEE,SEE,TRILHAS DE FUTURO - ESTUDANTES,EPT
2026,7,1261,2118,71,0,Investimentos Próprios,7360.0,7360.0,0.0,SECRETARIA DE ESTADO DE EDUCACAO,SEE,SEE,TRILHAS DE FUTURO - ESTUDANTES,EPT
2026,7,1261,2118,71,0,Investimentos Próprios,7180.0,7180.0,0.0,SECRETARIA DE ESTADO DE EDUCACAO,SEE,SEE,TRILHAS DE FUTURO - ESTUDANTES,EPT
2026,7,1261,2118,10,0,Investimentos Próprios,12617.0,12617.0,0.0,SECRETARIA DE ESTADO DE EDUCACAO,SEE,SEE,TRILHAS DE FUTURO - ESTUDANTES,EPT
2026,7,1261,2118,10,0,Investimentos Próprios,30585.5,30585.5,30585.5,SECRETARIA DE ESTADO DE EDUCACAO,SEE,SEE,TRILHAS DE FUTURO - ESTUDANTES,EPT
2026,7,1261,2118,71,0,Investimentos Próprios,165000.0,72300.0,72300.0,SECRETARIA DE ESTADO DE EDUCACAO,SEE,SEE,TRILHAS DE FUTURO - ESTUDANTES,EPT
2026,7,1261,2118,71,0,Investimentos Próprios,20000.0,4240.0,4240.0,SECRETARIA DE ESTADO DE EDUCACAO,SEE,SEE,TRILHAS DE FUTURO - ESTUDANTES,EPT
2026,7,1261,2118,10,0,Investimentos Próprios,50000.0,21429.3,21429.3,SECRETARIA DE ESTADO DE EDUCACAO,SEE,SEE,TRILHAS DE FUTURO - ESTUDANTES,EPT
2026,7,1261,2118,71,0,Investimentos Próprios,30000.0,9500.0,9500.0,SECRETARIA DE ESTADO DE EDUCACAO,SEE,SEE,TRILHAS DE FUTURO - ESTUDANTES,EPT
2026,7,1261,2118,10,0,Investimentos Próprios,5600.0,5594.16,5594.16,SECRETARIA DE ESTADO DE EDUCACAO,SEE,SEE,TRILHAS DE FUTURO - ESTUDANTES,EPT
2026,7,2301,4275,10,0,Investimentos Próprios,0.0,133421.7,0.0,DEPARTAMENTO DE ESTRADAS DE RODAGEM DO ESTADO DE MINAS GERAIS,DER-MG,DER-MG,IMPLANTACAO/PAVIMENTACAO DA MALHA,Transportes
2026,7,1261,2118,10,0,Investimentos Próprios,24000.0,22215.9,22215.9,SECRETARIA DE ESTADO DE EDUCACAO,SEE,SEE,TRILHAS DE FUTURO - ESTUDANTES,EPT
2026,7,1261,2118,10,0,Investimentos Próprios,43320.48,43320.48,43320.48,SECRETARIA DE ESTADO DE EDUCACAO,SEE,SEE,TRILHAS DE FUTURO - ESTUDANTES,EPT
2026,7,1261,2118,10,0,Investimentos Próprios,15471.6,15471.6,15471.6,SECRETARIA DE ESTADO DE EDUCACAO,SEE,SEE,TRILHAS DE FUTURO - ESTUDANTES,EPT
2026,7,1261,2118,10,0,Investimentos Próprios,53648.14,53648.14,53648.14,SECRETARIA DE ESTADO DE EDUCACAO,SEE,SEE,TRILHAS DE FUTURO - ESTUDANTES,EPT
2026,7,1261,2118,10,0,Investimentos Próprios,19704.22,19704.22,19704.22,SECRETARIA DE ESTADO DE EDUCACAO,SEE,SEE,TRILHAS DE FUTURO - ESTUDANTES,EPT
2026,7,1261,2118,10,0,Investimentos Próprios,50000.0,48902.58,48902.58,SECRETARIA DE ESTADO DE EDUCACAO,SEE,SEE,TRILHAS DE FUTURO - ESTUDANTES,EPT
2026,7,1261,2118,10,0,Investimentos Próprios,60000.0,37644.29,37644.29,SECRETARIA DE ESTADO DE EDUCACAO,SEE,SEE,TRILHAS DE FUTURO - ESTUDANTES,EPT
2026,7,1261,2118,10,0,Investimentos Próprios,41091.46,38523.24,38523.24,SECRETARIA DE ESTADO DE EDUCACAO,SEE,SEE,TRILHAS DE FUTURO - ESTUDANTES,EPT
2026,7,1261,2118,10,0,Investimentos Próprios,19524.33,15314.88,15314.88,SECRETARIA DE ESTADO DE EDUCACAO,SEE,SEE,TRILHAS DE FUTURO - ESTUDANTES,EPT
2026,7,1261,2118,10,0,Investimentos Próprios,51389.88,45764.64,45764.64,SECRETARIA DE ESTADO DE EDUCACAO,SEE,SEE,TRILHAS DE FUTURO - ESTUDANTES,EPT
2026,7,1261,2118,10,0,Investimentos Próprios,21437.04,19864.44,19864.44,SECRETARIA DE ESTADO DE EDUCACAO,SEE,SEE,TRILHAS DE FUTURO - ESTUDANTES,EPT
2026,7,1511,4061,48,0,Investimentos Próprios,0.0,119438.54,0.0,POLICIA CIVIL DO ESTADO DE MINAS GERAIS,PCMG,PCMG,PERICIAS TECNICO-CIENTIFICAS,Segurança Pública
2026,7,1261,2118,10,0,Investimentos Próprios,47695.44,47695.44,47695.44,SECRETARIA DE ESTADO DE EDUCACAO,SEE,SEE,TRILHAS DE FUTURO - ESTUDANTES,EPT
2026,7,1261,2118,10,0,Investimentos Próprios,160000.0,74069.17,119506.56,SECRETARIA DE ESTADO DE EDUCACAO,SEE,SEE,TRILHAS DE FUTURO - ESTUDANTES,EPT
2026,7,4381,4210,54,0,Investimentos Próprios,0.0,563945.89,0.0,FUNDO ESTADUAL DE DESENVOLVIMENTO DE TRANSPORTES,FUNTRANS,FUNTRANS,REGULACAO DO USO E OCUPACAO DA FAIXA DE DOMINIO,Transportes
2026,7,1261,2118,10,0,Investimentos Próprios,0.0,0.0,0.0,SECRETARIA DE ESTADO DE EDUCACAO,SEE,SEE,TRILHAS DE FUTURO - ESTUDANTES,EPT
2026,7,2301,4275,10,0,Investimentos Próprios,15000.0,0.0,0.0,DEPARTAMENTO DE ESTRADAS DE RODAGEM DO ESTADO DE MINAS GERAIS,DER-MG,DER-MG,IMPLANTACAO/PAVIMENTACAO DA MALHA,Transportes
2026,7,1261,2118,10,0,Investimentos Próprios,0.0,0.0,0.0,SECRETARIA DE ESTADO DE EDUCACAO,SEE,SEE,TRILHAS DE FUTURO - ESTUDANTES,EPT
2026,7,1261,2118,10,0,Investimentos Próprios,5000.0,3717.99,3717.99,SECRETARIA DE ESTADO DE EDUCACAO,SEE,SEE,TRILHAS DE FUTURO - ESTUDANTES,EPT
2026,7,1261,2118,10,0,Investimentos Próprios,23500.0,22813.91,22813.91,SECRETARIA DE ESTADO DE EDUCACAO,SEE,SEE,TRILHAS DE FUTURO - ESTUDANTES,EPT
2026,7,1261,2118,10,0,Investimentos Próprios,13000.0,12105.34,12105.34,SECRETARIA DE ESTADO DE EDUCACAO,SEE,SEE,TRILHAS DE FUTURO - ESTUDANTES,EPT
2026,7,1261,2118,10,0,Investimentos Próprios,16500.0,15890.5,15890.5,SECRETARIA DE ESTADO DE EDUCACAO,SEE,SEE,TRILHAS DE FUTURO - ESTUDANTES,EPT
2026,7,1261,2118,71,0,Investimentos Próprios,0.0,0.0,0.0,SECRETARIA DE ESTADO DE EDUCACAO,SEE,SEE,TRILHAS DE FUTURO - ESTUDANTES,EPT
2026,7,2301,4293,32,0,Investimentos Próprios,2543654.5,560169.36,0.0,DEPARTAMENTO DE ESTRADAS DE RODAGEM DO ESTADO DE MINAS GERAIS,DER-MG,DER-MG,CONSERVACAO ROTINEIRA DA MALHA VIARIA,Transportes
2026,7,1301,1038,32,0,Investimentos Próprios,0.0,3347.6,0.0,"SECRETARIA DE ESTADO DE INFRAESTRUTURA, MOBILIDADE E PARCERIAS",SEINFRA,SEINFRA,REQUALIFICACAO URBANA E AMBIENTAL DO RIBEIRAO ARRUDAS -  PAC FNHIS,Habitação
2026,7,2301,4385,33,0,Investimentos Próprios,0.0,23543.17,0.0,DEPARTAMENTO DE ESTRADAS DE RODAGEM DO ESTADO DE MINAS GERAIS,DER-MG,DER-MG,REABILITACAO DA MALHA VIARIA,Transportes
2026,7,1261,2118,71,0,Investimentos Próprios,0.0,0.0,0.0,SECRETARIA DE ESTADO DE EDUCACAO,SEE,SEE,TRILHAS DE FUTURO - ESTUDANTES,EPT
2026,7,1261,2118,71,0,Investimentos Próprios,0.0,0.0,0.0,SECRETARIA DE ESTADO DE EDUCACAO,SEE,SEE,TRILHAS DE FUTURO - ESTUDANTES,EPT
2026,7,1261,2118,10,0,Investimentos Próprios,106900.0,106236.1,106236.1,SECRETARIA DE ESTADO DE EDUCACAO,SEE,SEE,TRILHAS DE FUTURO - ESTUDANTES,EPT
2026,7,2301,4268,10,0,Investimentos Próprios,2434378.53,0.0,0.0,DEPARTAMENTO DE ESTRADAS DE RODAGEM DO ESTADO DE MINAS GERAIS,DER-MG,DER-MG,AMPLIACAO DE CAPACIDADE DA MALHA E RESTAURACAO DO PAVIMENTO,Transportes
2026,7,1261,2118,71,0,Investimentos Próprios,8100.0,8100.0,0.0,SECRETARIA DE ESTADO DE EDUCACAO,SEE,SEE,TRILHAS DE FUTURO - ESTUDANTES,EPT
2026,7,1261,2118,71,0,Investimentos Próprios,63340.0,63340.0,63340.0,SECRETARIA DE ESTADO DE EDUCACAO,SEE,SEE,TRILHAS DE FUTURO - ESTUDANTES,EPT
2026,7,1261,2118,71,0,Investimentos Próprios,18500.0,18500.0,18500.0,SECRETARIA DE ESTADO DE EDUCACAO,SEE,SEE,TRILHAS DE FUTURO - ESTUDANTES,EPT
2026,7,1261,2118,10,0,Investimentos Próprios,101488.82,48600.28,48600.28,SECRETARIA DE ESTADO DE EDUCACAO,SEE,SEE,TRILHAS DE FUTURO - ESTUDANTES,EPT
2026,7,1261,2118,10,0,Investimentos Próprios,33087.36,16543.68,16543.68,SECRETARIA DE ESTADO DE EDUCACAO,SEE,SEE,TRILHAS DE FUTURO - ESTUDANTES,EPT
2026,7,1261,2118,10,0,Investimentos Próprios,39291.24,19128.63,19128.63,SECRETARIA DE ESTADO DE EDUCACAO,SEE,SEE,TRILHAS DE FUTURO - ESTUDANTES,EPT
2026,7,1261,2118,71,0,Investimentos Próprios,38400.0,7380.0,7380.0,SECRETARIA DE ESTADO DE EDUCACAO,SEE,SEE,TRILHAS DE FUTURO - ESTUDANTES,EPT
2026,7,1261,2118,71,0,Investimentos Próprios,63600.0,15580.0,15580.0,SECRETARIA DE ESTADO DE EDUCACAO,SEE,SEE,TRILHAS DE FUTURO - ESTUDANTES,EPT
2026,7,1261,2118,10,0,Investimentos Próprios,0.0,0.0,0.0,SECRETARIA DE ESTADO DE EDUCACAO,SEE,SEE,TRILHAS DE FUTURO - ESTUDANTES,EPT
2026,7,1261,2118,10,0,Investimentos Próprios,0.0,0.0,0.0,SECRETARIA DE ESTADO DE EDUCACAO,SEE,SEE,TRILHAS DE FUTURO - ESTUDANTES,EPT
2026,7,2301,4272,10,0,Investimentos Próprios,0.0,504296.52,0.0,DEPARTAMENTO DE ESTRADAS DE RODAGEM DO ESTADO DE MINAS GERAIS,DER-MG,DER-MG,IMPLANTACAO E RESTAURACAO DE OBRAS DE ARTES ESPECIAIS,Transportes
2026,7,1261,2118,10,0,Investimentos Próprios,38085.32,19251.92,38085.32,SECRETARIA DE ESTADO DE EDUCACAO,SEE,SEE,TRILHAS DE FUTURO - ESTUDANTES,EPT
2026,7,1261,2118,10,0,Investimentos Próprios,0.0,0.0,0.0,SECRETARIA DE ESTADO DE EDUCACAO,SEE,SEE,TRILHAS DE FUTURO - ESTUDANTES,EPT
2026,7,1261,2118,10,0,Investimentos Próprios,0.0,0.0,0.0,SECRETARIA DE ESTADO DE EDUCACAO,SEE,SEE,TRILHAS DE FUTURO - ESTUDANTES,EPT
2026,7,1261,2118,10,0,Investimentos Próprios,0.0,0.0,0.0,SECRETARIA DE ESTADO DE EDUCACAO,SEE,SEE,TRILHAS DE FUTURO - ESTUDANTES,EPT
2026,7,1261,2118,71,0,Investimentos Próprios,0.0,0.0,0.0,SECRETARIA DE ESTADO DE EDUCACAO,SEE,SEE,TRILHAS DE FUTURO - ESTUDANTES,EPT
2026,7,2301,4272,10,0,Investimentos Próprios,0.0,6857.46,0.0,DEPARTAMENTO DE ESTRADAS DE RODAGEM DO ESTADO DE MINAS GERAIS,DER-MG,DER-MG,IMPLANTACAO E RESTAURACAO DE OBRAS DE ARTES ESPECIAIS,Transportes
2026,7,2301,4293,32,0,Investimentos Próprios,1444056.15,776933.11,0.0,DEPARTAMENTO DE ESTRADAS DE RODAGEM DO ESTADO DE MINAS GERAIS,DER-MG,DER-MG,CONSERVACAO ROTINEIRA DA MALHA VIARIA,Transportes
2026,7,2301,4385,33,0,Investimentos Próprios,-2726.31,187481.49,0.0,DEPARTAMENTO DE ESTRADAS DE RODAGEM DO ESTADO DE MINAS GERAIS,DER-MG,DER-MG,REABILITACAO DA MALHA VIARIA,Transportes
2026,7,2301,4275,10,0,Investimentos Próprios,561686.6,0.0,0.0,DEPARTAMENTO DE ESTRADAS DE RODAGEM DO ESTADO DE MINAS GERAIS,DER-MG,DER-MG,IMPLANTACAO/PAVIMENTACAO DA MALHA,Transportes
2026,7,2301,4385,10,0,Investimentos Próprios,-42000.17,9020.84,0.0,DEPARTAMENTO DE ESTRADAS DE RODAGEM DO ESTADO DE MINAS GERAIS,DER-MG,DER-MG,REABILITACAO DA MALHA VIARIA,Transportes
2026,7,2301,4385,10,0,Investimentos Próprios,-1568.76,81768.46,0.0,DEPARTAMENTO DE ESTRADAS DE RODAGEM DO ESTADO DE MINAS GERAIS,DER-MG,DER-MG,REABILITACAO DA MALHA VIARIA,Transportes
2026,7,1261,2118,71,0,Investimentos Próprios,289640.0,289640.0,289640.0,SECRETARIA DE ESTADO DE EDUCACAO,SEE,SEE,TRILHAS DE FUTURO - ESTUDANTES,EPT
2026,7,1261,2118,10,0,Investimentos Próprios,9335.46,9335.46,9335.46,SECRETARIA DE ESTADO DE EDUCACAO,SEE,SEE,TRILHAS DE FUTURO - ESTUDANTES,EPT
2026,7,1261,2118,10,0,Investimentos Próprios,24000.0,0.0,0.0,SECRETARIA DE ESTADO DE EDUCACAO,SEE,SEE,TRILHAS DE FUTURO - ESTUDANTES,EPT
2026,7,2301,4284,10,0,Investimentos Próprios,0.0,45205.94,0.0,DEPARTAMENTO DE ESTRADAS DE RODAGEM DO ESTADO DE MINAS GERAIS,DER-MG,DER-MG,PREVENCAO E MITIGACAO DE DANOS AMBIENTAIS,Transportes
2026,7,2301,4284,10,0,Investimentos Próprios,0.0,7094.83,0.0,DEPARTAMENTO DE ESTRADAS DE RODAGEM DO ESTADO DE MINAS GERAIS,DER-MG,DER-MG,PREVENCAO E MITIGACAO DE DANOS AMBIENTAIS,Transportes
2026,7,1401,4120,10,0,Investimentos Próprios,0.0,135466.37,0.0,CORPO DE BOMBEIROS MILITAR DO ESTADO DE MINAS GERAIS,CBMMG,CBMMG, MODERNIZACAO E ESTRUTURACAO DO CORPO DE BOMBEIROS MILITAR DE MINAS GERAIS,Segurança Pública
2026,7,1261,2118,71,0,Investimentos Próprios,245000.0,109060.0,109060.0,SECRETARIA DE ESTADO DE EDUCACAO,SEE,SEE,TRILHAS DE FUTURO - ESTUDANTES,EPT
2026,7,1511,4061,48,0,Investimentos Próprios,524.0,0.0,0.0,POLICIA CIVIL DO ESTADO DE MINAS GERAIS,PCMG,PCMG,PERICIAS TECNICO-CIENTIFICAS,Segurança Pública
2026,7,1261,2118,10,0,Investimentos Próprios,0.0,0.0,0.0,SECRETARIA DE ESTADO DE EDUCACAO,SEE,SEE,TRILHAS DE FUTURO - ESTUDANTES,EPT
2026,7,1261,2118,71,0,Investimentos Próprios,49200.0,49200.0,49200.0,SECRETARIA DE ESTADO DE EDUCACAO,SEE,SEE,TRILHAS DE FUTURO - ESTUDANTES,EPT
2026,7,1261,2118,71,0,Investimentos Próprios,48000.0,11980.0,11980.0,SECRETARIA DE ESTADO DE EDUCACAO,SEE,SEE,TRILHAS DE FUTURO - ESTUDANTES,EPT
2026,7,1261,2118,10,0,Investimentos Próprios,24000.0,0.0,0.0,SECRETARIA DE ESTADO DE EDUCACAO,SEE,SEE,TRILHAS DE FUTURO - ESTUDANTES,EPT
2026,7,1261,2118,10,0,Investimentos Próprios,48000.0,0.0,0.0,SECRETARIA DE ESTADO DE EDUCACAO,SEE,SEE,TRILHAS DE FUTURO - ESTUDANTES,EPT
2026,7,1261,2118,10,0,Investimentos Próprios,42000.0,0.0,0.0,SECRETARIA DE ESTADO DE EDUCACAO,SEE,SEE,TRILHAS DE FUTURO - ESTUDANTES,EPT
2026,7,1261,2118,10,0,Investimentos Próprios,15000.0,0.0,0.0,SECRETARIA DE ESTADO DE EDUCACAO,SEE,SEE,TRILHAS DE FUTURO - ESTUDANTES,EPT
2026,7,1261,2118,10,0,Investimentos Próprios,64000.0,32555.61,63455.85,SECRETARIA DE ESTADO DE EDUCACAO,SEE,SEE,TRILHAS DE FUTURO - ESTUDANTES,EPT
2026,7,2301,4275,10,0,Investimentos Próprios,400000.0,0.0,0.0,DEPARTAMENTO DE ESTRADAS DE RODAGEM DO ESTADO DE MINAS GERAIS,DER-MG,DER-MG,IMPLANTACAO/PAVIMENTACAO DA MALHA,Transportes
2026,7,1261,2118,10,0,Investimentos Próprios,49969.73,0.0,0.0,SECRETARIA DE ESTADO DE EDUCACAO,SEE,SEE,TRILHAS DE FUTURO - ESTUDANTES,EPT
2026,7,1261,2118,71,0,Investimentos Próprios,12380.0,0.0,12380.0,SECRETARIA DE ESTADO DE EDUCACAO,SEE,SEE,TRILHAS DE FUTURO - ESTUDANTES,EPT
2026,7,1261,2118,71,0,Investimentos Próprios,9360.0,0.0,0.0,SECRETARIA DE ESTADO DE EDUCACAO,SEE,SEE,TRILHAS DE FUTURO - ESTUDANTES,EPT
2026,7,1261,2118,71,0,Investimentos Próprios,6560.0,0.0,0.0,SECRETARIA DE ESTADO DE EDUCACAO,SEE,SEE,TRILHAS DE FUTURO - ESTUDANTES,EPT
2026,7,1261,2118,71,0,Investimentos Próprios,10200.0,0.0,0.0,SECRETARIA DE ESTADO DE EDUCACAO,SEE,SEE,TRILHAS DE FUTURO - ESTUDANTES,EPT
2026,7,2301,4275,10,0,Investimentos Próprios,0.0,0.0,0.0,DEPARTAMENTO DE ESTRADAS DE RODAGEM DO ESTADO DE MINAS GERAIS,DER-MG,DER-MG,IMPLANTACAO/PAVIMENTACAO DA MALHA,Transportes
2026,7,2301,4293,32,0,Investimentos Próprios,0.0,36352.24,0.0,DEPARTAMENTO DE ESTRADAS DE RODAGEM DO ESTADO DE MINAS GERAIS,DER-MG,DER-MG,CONSERVACAO ROTINEIRA DA MALHA VIARIA,Transportes
2026,7,2301,4293,32,0,Investimentos Próprios,900921.94,1193223.86,0.0,DEPARTAMENTO DE ESTRADAS DE RODAGEM DO ESTADO DE MINAS GERAIS,DER-MG,DER-MG,CONSERVACAO ROTINEIRA DA MALHA VIARIA,Transportes
2026,7,1261,2118,71,0,Investimentos Próprios,0.0,0.0,0.0,SECRETARIA DE ESTADO DE EDUCACAO,SEE,SEE,TRILHAS DE FUTURO - ESTUDANTES,EPT
2026,7,1261,2118,71,0,Investimentos Próprios,19580.0,19580.0,19580.0,SECRETARIA DE ESTADO DE EDUCACAO,SEE,SEE,TRILHAS DE FUTURO - ESTUDANTES,EPT
2026,7,1261,2118,71,0,Investimentos Próprios,19640.0,19640.0,19640.0,SECRETARIA DE ESTADO DE EDUCACAO,SEE,SEE,TRILHAS DE FUTURO - ESTUDANTES,EPT
2026,7,2301,4280,89,1,FEF,100000.0,0.0,0.0,DEPARTAMENTO DE ESTRADAS DE RODAGEM DO ESTADO DE MINAS GERAIS,DER-MG,DER-MG,MITIGACAO DE DANOS PONTUAIS NAS RODOVIAS,Transportes
2026,7,2301,4293,32,0,Investimentos Próprios,17451.13,16427.91,0.0,DEPARTAMENTO DE ESTRADAS DE RODAGEM DO ESTADO DE MINAS GERAIS,DER-MG,DER-MG,CONSERVACAO ROTINEIRA DA MALHA VIARIA,Transportes
2026,7,1261,2118,10,0,Investimentos Próprios,0.0,0.0,0.0,SECRETARIA DE ESTADO DE EDUCACAO,SEE,SEE,TRILHAS DE FUTURO - ESTUDANTES,EPT
2026,7,1261,2118,10,0,Investimentos Próprios,30892.68,30892.68,30892.68,SECRETARIA DE ESTADO DE EDUCACAO,SEE,SEE,TRILHAS DE FUTURO - ESTUDANTES,EPT
2026,7,1261,2118,10,0,Investimentos Próprios,0.0,0.0,0.0,SECRETARIA DE ESTADO DE EDUCACAO,SEE,SEE,TRILHAS DE FUTURO - ESTUDANTES,EPT
2026,7,1261,2118,10,0,Investimentos Próprios,0.0,0.0,0.0,SECRETARIA DE ESTADO DE EDUCACAO,SEE,SEE,TRILHAS DE FUTURO - ESTUDANTES,EPT
2026,7,1261,2118,71,0,Investimentos Próprios,41160.0,39480.0,39480.0,SECRETARIA DE ESTADO DE EDUCACAO,SEE,SEE,TRILHAS DE FUTURO - ESTUDANTES,EPT
2026,7,1261,2118,71,0,Investimentos Próprios,58180.0,58180.0,92680.0,SECRETARIA DE ESTADO DE EDUCACAO,SEE,SEE,TRILHAS DE FUTURO - ESTUDANTES,EPT
2026,7,1301,1036,10,0,Investimentos Próprios,204761.91,57740.79,0.0,"SECRETARIA DE ESTADO DE INFRAESTRUTURA, MOBILIDADE E PARCERIAS",SEINFRA,SEINFRA,CONTENCAO DE ENCOSTAS EM AREAS DE RISCO - PAC ENCOSTAS,Saneamento
2026,7,1301,1036,10,0,Investimentos Próprios,0.0,8722.8,0.0,"SECRETARIA DE ESTADO DE INFRAESTRUTURA, MOBILIDADE E PARCERIAS",SEINFRA,SEINFRA,CONTENCAO DE ENCOSTAS EM AREAS DE RISCO - PAC ENCOSTAS,Saneamento
2026,7,1251,4365,48,0,Investimentos Próprios,2859682.0,0.0,0.0,POLICIA MILITAR DO ESTADO DE MINAS GERAIS,PMMG,PMMG,POLICIAMENTO OSTENSIVO GERAL,Segurança Pública
2026,7,1261,2118,10,0,Investimentos Próprios,38960.55,38960.55,38960.55,SECRETARIA DE ESTADO DE EDUCACAO,SEE,SEE,TRILHAS DE FUTURO - ESTUDANTES,EPT
2026,7,1261,2118,71,0,Investimentos Próprios,10840.0,5420.0,5420.0,SECRETARIA DE ESTADO DE EDUCACAO,SEE,SEE,TRILHAS DE FUTURO - ESTUDANTES,EPT
2026,7,1261,2118,10,0,Investimentos Próprios,72317.7,43390.62,43390.62,SECRETARIA DE ESTADO DE EDUCACAO,SEE,SEE,TRILHAS DE FUTURO - ESTUDANTES,EPT
2026,7,1261,2118,10,0,Investimentos Próprios,24278.76,12691.17,12691.17,SECRETARIA DE ESTADO DE EDUCACAO,SEE,SEE,TRILHAS DE FUTURO - ESTUDANTES,EPT
2026,7,1261,2118,10,0,Investimentos Próprios,26485.92,15450.12,15450.12,SECRETARIA DE ESTADO DE EDUCACAO,SEE,SEE,TRILHAS DE FUTURO - ESTUDANTES,EPT
2026,7,1261,2118,10,0,Investimentos Próprios,41534.72,15715.84,15715.84,SECRETARIA DE ESTADO DE EDUCACAO,SEE,SEE,TRILHAS DE FUTURO - ESTUDANTES,EPT
2026,7,1261,2118,71,0,Investimentos Próprios,8500.0,6640.0,6640.0,SECRETARIA DE ESTADO DE EDUCACAO,SEE,SEE,TRILHAS DE FUTURO - ESTUDANTES,EPT
2026,7,1261,2118,71,0,Investimentos Próprios,28800.0,7940.0,7940.0,SECRETARIA DE ESTADO DE EDUCACAO,SEE,SEE,TRILHAS DE FUTURO - ESTUDANTES,EPT
2026,7,1261,2118,71,0,Investimentos Próprios,33600.0,9760.0,9760.0,SECRETARIA DE ESTADO DE EDUCACAO,SEE,SEE,TRILHAS DE FUTURO - ESTUDANTES,EPT
2026,7,1261,2118,71,0,Investimentos Próprios,42000.0,24800.0,24800.0,SECRETARIA DE ESTADO DE EDUCACAO,SEE,SEE,TRILHAS DE FUTURO - ESTUDANTES,EPT
2026,7,1261,2118,71,0,Investimentos Próprios,9000.0,9000.0,9000.0,SECRETARIA DE ESTADO DE EDUCACAO,SEE,SEE,TRILHAS DE FUTURO - ESTUDANTES,EPT
2026,7,1261,2118,71,0,Investimentos Próprios,19680.0,19680.0,19680.0,SECRETARIA DE ESTADO DE EDUCACAO,SEE,SEE,TRILHAS DE FUTURO - ESTUDANTES,EPT
2026,7,1261,2118,71,0,Investimentos Próprios,13080.0,13080.0,13080.0,SECRETARIA DE ESTADO DE EDUCACAO,SEE,SEE,TRILHAS DE FUTURO - ESTUDANTES,EPT
2026,7,1261,2118,10,0,Investimentos Próprios,44000.0,20472.84,20472.84,SECRETARIA DE ESTADO DE EDUCACAO,SEE,SEE,TRILHAS DE FUTURO - ESTUDANTES,EPT
2026,7,1261,2118,71,0,Investimentos Próprios,126000.0,80940.0,129040.0,SECRETARIA DE ESTADO DE EDUCACAO,SEE,SEE,TRILHAS DE FUTURO - ESTUDANTES,EPT
2026,7,1261,2118,71,0,Investimentos Próprios,21020.0,0.0,0.0,SECRETARIA DE ESTADO DE EDUCACAO,SEE,SEE,TRILHAS DE FUTURO - ESTUDANTES,EPT
2026,7,1261,2118,10,0,Investimentos Próprios,171745.85,0.0,0.0,SECRETARIA DE ESTADO DE EDUCACAO,SEE,SEE,TRILHAS DE FUTURO - ESTUDANTES,EPT
2026,7,1261,2118,71,0,Investimentos Próprios,25840.0,12920.0,23180.0,SECRETARIA DE ESTADO DE EDUCACAO,SEE,SEE,TRILHAS DE FUTURO - ESTUDANTES,EPT
2026,7,1261,2118,10,0,Investimentos Próprios,28000.0,27458.24,27458.24,SECRETARIA DE ESTADO DE EDUCACAO,SEE,SEE,TRILHAS DE FUTURO - ESTUDANTES,EPT
2026,7,1261,2118,71,0,Investimentos Próprios,14000.0,12640.0,12640.0,SECRETARIA DE ESTADO DE EDUCACAO,SEE,SEE,TRILHAS DE FUTURO - ESTUDANTES,EPT
2026,7,1261,2118,71,0,Investimentos Próprios,97820.0,97820.0,97820.0,SECRETARIA DE ESTADO DE EDUCACAO,SEE,SEE,TRILHAS DE FUTURO - ESTUDANTES,EPT
2026,7,1261,2118,71,0,Investimentos Próprios,16500.0,15020.0,15020.0,SECRETARIA DE ESTADO DE EDUCACAO,SEE,SEE,TRILHAS DE FUTURO - ESTUDANTES,EPT
2026,7,1261,2118,71,0,Investimentos Próprios,66800.0,11700.0,11700.0,SECRETARIA DE ESTADO DE EDUCACAO,SEE,SEE,TRILHAS DE FUTURO - ESTUDANTES,EPT
2026,7,1261,2118,10,0,Investimentos Próprios,46000.0,36866.34,36866.34,SECRETARIA DE ESTADO DE EDUCACAO,SEE,SEE,TRILHAS DE FUTURO - ESTUDANTES,EPT
2026,7,2301,4293,32,0,Investimentos Próprios,12899470.16,9288984.03,0.0,DEPARTAMENTO DE ESTRADAS DE RODAGEM DO ESTADO DE MINAS GERAIS,DER-MG,DER-MG,CONSERVACAO ROTINEIRA DA MALHA VIARIA,Transportes
2026,7,2301,4293,32,0,Investimentos Próprios,177000.0,36527.44,0.0,DEPARTAMENTO DE ESTRADAS DE RODAGEM DO ESTADO DE MINAS GERAIS,DER-MG,DER-MG,CONSERVACAO ROTINEIRA DA MALHA VIARIA,Transportes
2026,7,2301,4293,32,0,Investimentos Próprios,2464559.0,2320051.13,0.0,DEPARTAMENTO DE ESTRADAS DE RODAGEM DO ESTADO DE MINAS GERAIS,DER-MG,DER-MG,CONSERVACAO ROTINEIRA DA MALHA VIARIA,Transportes
2026,7,2301,4293,32,0,Investimentos Próprios,409167.74,0.0,0.0,DEPARTAMENTO DE ESTRADAS DE RODAGEM DO ESTADO DE MINAS GERAIS,DER-MG,DER-MG,CONSERVACAO ROTINEIRA DA MALHA VIARIA,Transportes
2026,7,2301,4293,32,0,Investimentos Próprios,1968539.0,1191682.46,0.0,DEPARTAMENTO DE ESTRADAS DE RODAGEM DO ESTADO DE MINAS GERAIS,DER-MG,DER-MG,CONSERVACAO ROTINEIRA DA MALHA VIARIA,Transportes
2026,7,2301,4293,32,0,Investimentos Próprios,5276443.5,2915119.56,0.0,DEPARTAMENTO DE ESTRADAS DE RODAGEM DO ESTADO DE MINAS GERAIS,DER-MG,DER-MG,CONSERVACAO ROTINEIRA DA MALHA VIARIA,Transportes
2026,7,1261,2118,10,0,Investimentos Próprios,35731.44,17865.72,34738.9,SECRETARIA DE ESTADO DE EDUCACAO,SEE,SEE,TRILHAS DE FUTURO - ESTUDANTES,EPT
2026,7,1261,2118,10,0,Investimentos Próprios,12626.58,12626.58,12626.58,SECRETARIA DE ESTADO DE EDUCACAO,SEE,SEE,TRILHAS DE FUTURO - ESTUDANTES,EPT
2026,7,1261,2118,71,0,Investimentos Próprios,6720.0,6720.0,6720.0,SECRETARIA DE ESTADO DE EDUCACAO,SEE,SEE,TRILHAS DE FUTURO - ESTUDANTES,EPT
2026,7,1261,2118,10,0,Investimentos Próprios,27045.12,13522.56,13522.56,SECRETARIA DE ESTADO DE EDUCACAO,SEE,SEE,TRILHAS DE FUTURO - ESTUDANTES,EPT
2026,7,1261,2118,10,0,Investimentos Próprios,37000.0,17263.99,17263.99,SECRETARIA DE ESTADO DE EDUCACAO,SEE,SEE,TRILHAS DE FUTURO - ESTUDANTES,EPT
2026,7,1261,2118,10,0,Investimentos Próprios,0.0,0.0,0.0,SECRETARIA DE ESTADO DE EDUCACAO,SEE,SEE,TRILHAS DE FUTURO - ESTUDANTES,EPT
2026,7,1261,2118,71,0,Investimentos Próprios,16100.0,16080.0,16080.0,SECRETARIA DE ESTADO DE EDUCACAO,SEE,SEE,TRILHAS DE FUTURO - ESTUDANTES,EPT
2026,7,1261,2118,71,0,Investimentos Próprios,52920.0,37520.0,37520.0,SECRETARIA DE ESTADO DE EDUCACAO,SEE,SEE,TRILHAS DE FUTURO - ESTUDANTES,EPT
2026,7,1261,2118,71,0,Investimentos Próprios,33600.0,26140.0,26140.0,SECRETARIA DE ESTADO DE EDUCACAO,SEE,SEE,TRILHAS DE FUTURO - ESTUDANTES,EPT
2026,7,1261,2118,71,0,Investimentos Próprios,118440.0,86000.0,86000.0,SECRETARIA DE ESTADO DE EDUCACAO,SEE,SEE,TRILHAS DE FUTURO - ESTUDANTES,EPT
2026,7,1261,2118,71,0,Investimentos Próprios,33300.0,33300.0,33300.0,SECRETARIA DE ESTADO DE EDUCACAO,SEE,SEE,TRILHAS DE FUTURO - ESTUDANTES,EPT
2026,7,1261,2118,71,0,Investimentos Próprios,27720.0,17900.0,17900.0,SECRETARIA DE ESTADO DE EDUCACAO,SEE,SEE,TRILHAS DE FUTURO - ESTUDANTES,EPT
2026,7,1261,2118,71,0,Investimentos Próprios,26880.0,15440.0,15440.0,SECRETARIA DE ESTADO DE EDUCACAO,SEE,SEE,TRILHAS DE FUTURO - ESTUDANTES,EPT
2026,7,1261,2118,71,0,Investimentos Próprios,0.0,0.0,0.0,SECRETARIA DE ESTADO DE EDUCACAO,SEE,SEE,TRILHAS DE FUTURO - ESTUDANTES,EPT
2026,7,1261,2118,10,0,Investimentos Próprios,56102.76,28051.38,55657.5,SECRETARIA DE ESTADO DE EDUCACAO,SEE,SEE,TRILHAS DE FUTURO - ESTUDANTES,EPT
2026,7,1261,2118,71,0,Investimentos Próprios,0.0,0.0,0.0,SECRETARIA DE ESTADO DE EDUCACAO,SEE,SEE,TRILHAS DE FUTURO - ESTUDANTES,EPT
2026,7,1261,2118,71,0,Investimentos Próprios,0.0,0.0,0.0,SECRETARIA DE ESTADO DE EDUCACAO,SEE,SEE,TRILHAS DE FUTURO - ESTUDANTES,EPT
2026,7,1261,2118,10,0,Investimentos Próprios,0.0,0.0,0.0,SECRETARIA DE ESTADO DE EDUCACAO,SEE,SEE,TRILHAS DE FUTURO - ESTUDANTES,EPT
2026,7,1261,2118,71,0,Investimentos Próprios,40000.0,3480.0,3480.0,SECRETARIA DE ESTADO DE EDUCACAO,SEE,SEE,TRILHAS DE FUTURO - ESTUDANTES,EPT
2026,7,1261,2118,71,0,Investimentos Próprios,9500.0,9460.0,9460.0,SECRETARIA DE ESTADO DE EDUCACAO,SEE,SEE,TRILHAS DE FUTURO - ESTUDANTES,EPT
2026,7,1261,2118,71,0,Investimentos Próprios,149700.0,45860.0,45860.0,SECRETARIA DE ESTADO DE EDUCACAO,SEE,SEE,TRILHAS DE FUTURO - ESTUDANTES,EPT
2026,7,1261,2118,71,0,Investimentos Próprios,162360.0,57200.0,57200.0,SECRETARIA DE ESTADO DE EDUCACAO,SEE,SEE,TRILHAS DE FUTURO - ESTUDANTES,EPT
2026,7,1261,2118,10,0,Investimentos Próprios,248209.48,119848.06,119848.06,SECRETARIA DE ESTADO DE EDUCACAO,SEE,SEE,TRILHAS DE FUTURO - ESTUDANTES,EPT
2026,7,1261,2118,10,0,Investimentos Próprios,43163.06,43163.06,43163.06,SECRETARIA DE ESTADO DE EDUCACAO,SEE,SEE,TRILHAS DE FUTURO - ESTUDANTES,EPT
2026,7,1261,2118,10,0,Investimentos Próprios,0.0,0.0,0.0,SECRETARIA DE ESTADO DE EDUCACAO,SEE,SEE,TRILHAS DE FUTURO - ESTUDANTES,EPT
2026,7,1261,2118,10,0,Investimentos Próprios,0.0,0.0,0.0,SECRETARIA DE ESTADO DE EDUCACAO,SEE,SEE,TRILHAS DE FUTURO - ESTUDANTES,EPT
2026,7,1261,2118,71,0,Investimentos Próprios,3540.0,3540.0,0.0,SECRETARIA DE ESTADO DE EDUCACAO,SEE,SEE,TRILHAS DE FUTURO - ESTUDANTES,EPT
2026,7,1261,2118,71,0,Investimentos Próprios,19000.0,8080.0,16520.0,SECRETARIA DE ESTADO DE EDUCACAO,SEE,SEE,TRILHAS DE FUTURO - ESTUDANTES,EPT
2026,7,1261,2118,10,0,Investimentos Próprios,35373.0,17686.5,35373.0,SECRETARIA DE ESTADO DE EDUCACAO,SEE,SEE,TRILHAS DE FUTURO - ESTUDANTES,EPT
2026,7,1261,2118,71,0,Investimentos Próprios,7000.0,5720.0,5720.0,SECRETARIA DE ESTADO DE EDUCACAO,SEE,SEE,TRILHAS DE FUTURO - ESTUDANTES,EPT
2026,7,1261,2118,10,0,Investimentos Próprios,0.0,0.0,0.0,SECRETARIA DE ESTADO DE EDUCACAO,SEE,SEE,TRILHAS DE FUTURO - ESTUDANTES,EPT
2026,7,1261,2118,71,0,Investimentos Próprios,11420.0,11420.0,0.0,SECRETARIA DE ESTADO DE EDUCACAO,SEE,SEE,TRILHAS DE FUTURO - ESTUDANTES,EPT
2026,7,1261,2118,10,0,Investimentos Próprios,19000.0,18321.39,18321.39,SECRETARIA DE ESTADO DE EDUCACAO,SEE,SEE,TRILHAS DE FUTURO - ESTUDANTES,EPT
2026,7,1261,2118,71,0,Investimentos Próprios,42520.0,42520.0,0.0,SECRETARIA DE ESTADO DE EDUCACAO,SEE,SEE,TRILHAS DE FUTURO - ESTUDANTES,EPT
2026,7,1261,2118,10,0,Investimentos Próprios,15375.0,15375.0,15375.0,SECRETARIA DE ESTADO DE EDUCACAO,SEE,SEE,TRILHAS DE FUTURO - ESTUDANTES,EPT
2026,7,1261,2118,10,0,Investimentos Próprios,26657.7,26657.7,26657.7,SECRETARIA DE ESTADO DE EDUCACAO,SEE,SEE,TRILHAS DE FUTURO - ESTUDANTES,EPT
2026,7,1261,2118,10,0,Investimentos Próprios,19975.63,19975.63,19975.63,SECRETARIA DE ESTADO DE EDUCACAO,SEE,SEE,TRILHAS DE FUTURO - ESTUDANTES,EPT
2026,7,1261,2118,10,0,Investimentos Próprios,165000.0,156797.29,156797.29,SECRETARIA DE ESTADO DE EDUCACAO,SEE,SEE,TRILHAS DE FUTURO - ESTUDANTES,EPT
2026,7,1261,2118,71,0,Investimentos Próprios,124440.0,124440.0,204500.0,SECRETARIA DE ESTADO DE EDUCACAO,SEE,SEE,TRILHAS DE FUTURO - ESTUDANTES,EPT
2026,7,1261,2118,10,0,Investimentos Próprios,493264.48,493264.48,493264.48,SECRETARIA DE ESTADO DE EDUCACAO,SEE,SEE,TRILHAS DE FUTURO - ESTUDANTES,EPT
2026,7,1261,2118,71,0,Investimentos Próprios,49400.0,49400.0,49400.0,SECRETARIA DE ESTADO DE EDUCACAO,SEE,SEE,TRILHAS DE FUTURO - ESTUDANTES,EPT
2026,7,1261,2118,71,0,Investimentos Próprios,65060.0,64100.0,64100.0,SECRETARIA DE ESTADO DE EDUCACAO,SEE,SEE,TRILHAS DE FUTURO - ESTUDANTES,EPT
2026,7,1261,2118,71,0,Investimentos Próprios,16780.0,16780.0,16780.0,SECRETARIA DE ESTADO DE EDUCACAO,SEE,SEE,TRILHAS DE FUTURO - ESTUDANTES,EPT
2026,7,1511,4060,48,0,Investimentos Próprios,0.0,36705.2,0.0,POLICIA CIVIL DO ESTADO DE MINAS GERAIS,PCMG,PCMG,GESTAO DAS UNIDADES POLICIAIS,Segurança Pública
2026,7,1261,2118,71,0,Investimentos Próprios,10960.0,10960.0,10960.0,SECRETARIA DE ESTADO DE EDUCACAO,SEE,SEE,TRILHAS DE FUTURO - ESTUDANTES,EPT
2026,7,1261,2118,71,0,Investimentos Próprios,11040.0,11040.0,11040.0,SECRETARIA DE ESTADO DE EDUCACAO,SEE,SEE,TRILHAS DE FUTURO - ESTUDANTES,EPT
2026,7,1261,2118,71,0,Investimentos Próprios,48000.0,18320.0,18320.0,SECRETARIA DE ESTADO DE EDUCACAO,SEE,SEE,TRILHAS DE FUTURO - ESTUDANTES,EPT
2026,7,2301,4162,10,0,Investimentos Próprios,0.0,156498.63,0.0,DEPARTAMENTO DE ESTRADAS DE RODAGEM DO ESTADO DE MINAS GERAIS,DER-MG,DER-MG,SUPORTE A GESTAO DOS ATIVOS RODOVIARIOS,Transportes
2026,7,1261,2118,10,0,Investimentos Próprios,125000.0,115059.76,115059.76,SECRETARIA DE ESTADO DE EDUCACAO,SEE,SEE,TRILHAS DE FUTURO - ESTUDANTES,EPT
2026,7,1261,2118,71,0,Investimentos Próprios,8000.0,6780.0,6780.0,SECRETARIA DE ESTADO DE EDUCACAO,SEE,SEE,TRILHAS DE FUTURO - ESTUDANTES,EPT
2026,7,1261,2118,71,0,Investimentos Próprios,0.0,0.0,0.0,SECRETARIA DE ESTADO DE EDUCACAO,SEE,SEE,TRILHAS DE FUTURO - ESTUDANTES,EPT
2026,7,2301,4268,10,0,Investimentos Próprios,0.0,93360.33,0.0,DEPARTAMENTO DE ESTRADAS DE RODAGEM DO ESTADO DE MINAS GERAIS,DER-MG,DER-MG,AMPLIACAO DE CAPACIDADE DA MALHA E RESTAURACAO DO PAVIMENTO,Transportes
2026,7,1261,2118,10,0,Investimentos Próprios,21639.12,21639.12,21639.12,SECRETARIA DE ESTADO DE EDUCACAO,SEE,SEE,TRILHAS DE FUTURO - ESTUDANTES,EPT
2026,7,1261,2118,10,0,Investimentos Próprios,21048.0,21048.0,21048.0,SECRETARIA DE ESTADO DE EDUCACAO,SEE,SEE,TRILHAS DE FUTURO - ESTUDANTES,EPT
2026,7,1261,2118,71,0,Investimentos Próprios,27100.0,27100.0,27100.0,SECRETARIA DE ESTADO DE EDUCACAO,SEE,SEE,TRILHAS DE FUTURO - ESTUDANTES,EPT
2026,7,1261,2118,10,0,Investimentos Próprios,11055.3,11055.3,11055.3,SECRETARIA DE ESTADO DE EDUCACAO,SEE,SEE,TRILHAS DE FUTURO - ESTUDANTES,EPT
2026,7,1261,2118,10,0,Investimentos Próprios,0.0,0.0,0.0,SECRETARIA DE ESTADO DE EDUCACAO,SEE,SEE,TRILHAS DE FUTURO - ESTUDANTES,EPT
2026,7,1261,2118,10,0,Investimentos Próprios,91378.35,87828.2,87828.2,SECRETARIA DE ESTADO DE EDUCACAO,SEE,SEE,TRILHAS DE FUTURO - ESTUDANTES,EPT
2026,7,2301,4385,10,0,Investimentos Próprios,11211.64,46315.6,0.0,DEPARTAMENTO DE ESTRADAS DE RODAGEM DO ESTADO DE MINAS GERAIS,DER-MG,DER-MG,REABILITACAO DA MALHA VIARIA,Transportes
2026,7,1261,2118,10,0,Investimentos Próprios,245000.0,243467.55,243467.55,SECRETARIA DE ESTADO DE EDUCACAO,SEE,SEE,TRILHAS DE FUTURO - ESTUDANTES,EPT
2026,7,1261,2118,10,0,Investimentos Próprios,250661.0,0.0,165726.39,SECRETARIA DE ESTADO DE EDUCACAO,SEE,SEE,TRILHAS DE FUTURO - ESTUDANTES,EPT
2026,7,1261,2118,71,0,Investimentos Próprios,70100.0,70100.0,70100.0,SECRETARIA DE ESTADO DE EDUCACAO,SEE,SEE,TRILHAS DE FUTURO - ESTUDANTES,EPT
2026,7,1261,2118,71,0,Investimentos Próprios,6360.0,6360.0,6360.0,SECRETARIA DE ESTADO DE EDUCACAO,SEE,SEE,TRILHAS DE FUTURO - ESTUDANTES,EPT
2026,7,1261,2118,10,0,Investimentos Próprios,48912.5,48912.5,0.0,SECRETARIA DE ESTADO DE EDUCACAO,SEE,SEE,TRILHAS DE FUTURO - ESTUDANTES,EPT
2026,7,1261,2118,71,0,Investimentos Próprios,13000.0,5370.0,5370.0,SECRETARIA DE ESTADO DE EDUCACAO,SEE,SEE,TRILHAS DE FUTURO - ESTUDANTES,EPT
2026,7,1261,2118,71,0,Investimentos Próprios,13000.0,4920.0,4920.0,SECRETARIA DE ESTADO DE EDUCACAO,SEE,SEE,TRILHAS DE FUTURO - ESTUDANTES,EPT
2026,7,1261,2118,10,0,Investimentos Próprios,360496.0,190871.72,190871.72,SECRETARIA DE ESTADO DE EDUCACAO,SEE,SEE,TRILHAS DE FUTURO - ESTUDANTES,EPT
2026,7,1301,1038,32,0,Investimentos Próprios,0.0,357092.69,0.0,"SECRETARIA DE ESTADO DE INFRAESTRUTURA, MOBILIDADE E PARCERIAS",SEINFRA,SEINFRA,REQUALIFICACAO URBANA E AMBIENTAL DO RIBEIRAO ARRUDAS -  PAC FNHIS,Habitação
2026,7,2301,4275,33,0,Investimentos Próprios,0.0,47551.95,0.0,DEPARTAMENTO DE ESTRADAS DE RODAGEM DO ESTADO DE MINAS GERAIS,DER-MG,DER-MG,IMPLANTACAO/PAVIMENTACAO DA MALHA,Transportes
2026,7,1261,2118,71,0,Investimentos Próprios,2800.0,2280.0,0.0,SECRETARIA DE ESTADO DE EDUCACAO,SEE,SEE,TRILHAS DE FUTURO - ESTUDANTES,EPT
2026,7,1261,2118,71,0,Investimentos Próprios,7000.0,6980.0,0.0,SECRETARIA DE ESTADO DE EDUCACAO,SEE,SEE,TRILHAS DE FUTURO - ESTUDANTES,EPT
2026,7,1261,2118,71,0,Investimentos Próprios,74800.0,74800.0,0.0,SECRETARIA DE ESTADO DE EDUCACAO,SEE,SEE,TRILHAS DE FUTURO - ESTUDANTES,EPT
2026,7,1261,2118,71,0,Investimentos Próprios,8000.0,6600.0,6600.0,SECRETARIA DE ESTADO DE EDUCACAO,SEE,SEE,TRILHAS DE FUTURO - ESTUDANTES,EPT
2026,7,1261,2118,71,0,Investimentos Próprios,19620.0,19620.0,31920.0,SECRETARIA DE ESTADO DE EDUCACAO,SEE,SEE,TRILHAS DE FUTURO - ESTUDANTES,EPT
2026,7,1261,2118,10,0,Investimentos Próprios,0.0,0.0,0.0,SECRETARIA DE ESTADO DE EDUCACAO,SEE,SEE,TRILHAS DE FUTURO - ESTUDANTES,EPT
2026,7,1261,2118,71,0,Investimentos Próprios,12000.0,9440.0,9440.0,SECRETARIA DE ESTADO DE EDUCACAO,SEE,SEE,TRILHAS DE FUTURO - ESTUDANTES,EPT
2026,7,1261,2118,10,0,Investimentos Próprios,47719.16,47719.16,0.0,SECRETARIA DE ESTADO DE EDUCACAO,SEE,SEE,TRILHAS DE FUTURO - ESTUDANTES,EPT
2026,7,1261,2118,10,0,Investimentos Próprios,256194.44,256194.44,0.0,SECRETARIA DE ESTADO DE EDUCACAO,SEE,SEE,TRILHAS DE FUTURO - ESTUDANTES,EPT
2026,7,1261,2118,10,0,Investimentos Próprios,80000.0,79124.76,79124.76,SECRETARIA DE ESTADO DE EDUCACAO,SEE,SEE,TRILHAS DE FUTURO - ESTUDANTES,EPT
2026,7,1261,2118,10,0,Investimentos Próprios,46946.5,46946.5,0.0,SECRETARIA DE ESTADO DE EDUCACAO,SEE,SEE,TRILHAS DE FUTURO - ESTUDANTES,EPT
2026,7,1261,2118,71,0,Investimentos Próprios,56000.0,26620.0,41540.0,SECRETARIA DE ESTADO DE EDUCACAO,SEE,SEE,TRILHAS DE FUTURO - ESTUDANTES,EPT
2026,7,1261,2118,10,0,Investimentos Próprios,0.0,0.0,0.0,SECRETARIA DE ESTADO DE EDUCACAO,SEE,SEE,TRILHAS DE FUTURO - ESTUDANTES,EPT
2026,7,1261,2118,10,0,Investimentos Próprios,0.0,0.0,0.0,SECRETARIA DE ESTADO DE EDUCACAO,SEE,SEE,TRILHAS DE FUTURO - ESTUDANTES,EPT
2026,7,1261,2118,10,0,Investimentos Próprios,0.0,0.0,0.0,SECRETARIA DE ESTADO DE EDUCACAO,SEE,SEE,TRILHAS DE FUTURO - ESTUDANTES,EPT
2026,7,1261,2118,71,0,Investimentos Próprios,50000.0,10140.0,10140.0,SECRETARIA DE ESTADO DE EDUCACAO,SEE,SEE,TRILHAS DE FUTURO - ESTUDANTES,EPT
2026,7,1261,2118,71,0,Investimentos Próprios,1180.0,1180.0,0.0,SECRETARIA DE ESTADO DE EDUCACAO,SEE,SEE,TRILHAS DE FUTURO - ESTUDANTES,EPT
2026,7,1261,2118,10,0,Investimentos Próprios,25188.25,25188.25,0.0,SECRETARIA DE ESTADO DE EDUCACAO,SEE,SEE,TRILHAS DE FUTURO - ESTUDANTES,EPT
2026,7,1261,2118,71,0,Investimentos Próprios,27420.0,27420.0,27420.0,SECRETARIA DE ESTADO DE EDUCACAO,SEE,SEE,TRILHAS DE FUTURO - ESTUDANTES,EPT
2026,7,1261,2118,10,0,Investimentos Próprios,19803.08,19803.08,0.0,SECRETARIA DE ESTADO DE EDUCACAO,SEE,SEE,TRILHAS DE FUTURO - ESTUDANTES,EPT
2026,7,1261,2118,10,0,Investimentos Próprios,9243.0,9243.0,0.0,SECRETARIA DE ESTADO DE EDUCACAO,SEE,SEE,TRILHAS DE FUTURO - ESTUDANTES,EPT
2026,7,1261,2118,10,0,Investimentos Próprios,5214.55,5214.55,0.0,SECRETARIA DE ESTADO DE EDUCACAO,SEE,SEE,TRILHAS DE FUTURO - ESTUDANTES,EPT
2026,7,1261,2118,71,0,Investimentos Próprios,5740.0,5740.0,0.0,SECRETARIA DE ESTADO DE EDUCACAO,SEE,SEE,TRILHAS DE FUTURO - ESTUDANTES,EPT
2026,7,1261,2118,71,0,Investimentos Próprios,11460.0,11460.0,11460.0,SECRETARIA DE ESTADO DE EDUCACAO,SEE,SEE,TRILHAS DE FUTURO - ESTUDANTES,EPT
2026,7,1261,2118,71,0,Investimentos Próprios,9920.0,9920.0,0.0,SECRETARIA DE ESTADO DE EDUCACAO,SEE,SEE,TRILHAS DE FUTURO - ESTUDANTES,EPT
2026,7,1261,2118,71,0,Investimentos Próprios,11720.0,11720.0,0.0,SECRETARIA DE ESTADO DE EDUCACAO,SEE,SEE,TRILHAS DE FUTURO - ESTUDANTES,EPT
2026,7,1261,2118,10,0,Investimentos Próprios,48100.0,48048.15,91918.2,SECRETARIA DE ESTADO DE EDUCACAO,SEE,SEE,TRILHAS DE FUTURO - ESTUDANTES,EPT
2026,7,1261,2118,71,0,Investimentos Próprios,10020.0,10020.0,10020.0,SECRETARIA DE ESTADO DE EDUCACAO,SEE,SEE,TRILHAS DE FUTURO - ESTUDANTES,EPT
2026,7,1261,2118,71,0,Investimentos Próprios,515000.0,150260.0,150260.0,SECRETARIA DE ESTADO DE EDUCACAO,SEE,SEE,TRILHAS DE FUTURO - ESTUDANTES,EPT
2026,7,1261,2118,71,0,Investimentos Próprios,22220.0,22220.0,22220.0,SECRETARIA DE ESTADO DE EDUCACAO,SEE,SEE,TRILHAS DE FUTURO - ESTUDANTES,EPT
2026,7,1261,2118,71,0,Investimentos Próprios,18520.0,18520.0,18520.0,SECRETARIA DE ESTADO DE EDUCACAO,SEE,SEE,TRILHAS DE FUTURO - ESTUDANTES,EPT
2026,7,1261,2118,71,0,Investimentos Próprios,23420.0,8700.0,16120.0,SECRETARIA DE ESTADO DE EDUCACAO,SEE,SEE,TRILHAS DE FUTURO - ESTUDANTES,EPT
2026,7,1261,2118,71,0,Investimentos Próprios,30000.0,10060.0,10060.0,SECRETARIA DE ESTADO DE EDUCACAO,SEE,SEE,TRILHAS DE FUTURO - ESTUDANTES,EPT
2026,7,2301,4385,10,0,Investimentos Próprios,0.0,706384.54,0.0,DEPARTAMENTO DE ESTRADAS DE RODAGEM DO ESTADO DE MINAS GERAIS,DER-MG,DER-MG,REABILITACAO DA MALHA VIARIA,Transportes
2026,7,2301,4268,33,0,Investimentos Próprios,0.0,2692524.46,0.0,DEPARTAMENTO DE ESTRADAS DE RODAGEM DO ESTADO DE MINAS GERAIS,DER-MG,DER-MG,AMPLIACAO DE CAPACIDADE DA MALHA E RESTAURACAO DO PAVIMENTO,Transportes
2026,7,1261,2118,10,0,Investimentos Próprios,40000.0,21761.6,21761.6,SECRETARIA DE ESTADO DE EDUCACAO,SEE,SEE,TRILHAS DE FUTURO - ESTUDANTES,EPT
2026,7,1261,2118,71,0,Investimentos Próprios,30000.0,10360.0,10360.0,SECRETARIA DE ESTADO DE EDUCACAO,SEE,SEE,TRILHAS DE FUTURO - ESTUDANTES,EPT
2026,7,1261,2118,10,0,Investimentos Próprios,70000.0,30009.6,30009.6,SECRETARIA DE ESTADO DE EDUCACAO,SEE,SEE,TRILHAS DE FUTURO - ESTUDANTES,EPT
2026,7,1261,2118,10,0,Investimentos Próprios,60065.46,60065.46,60065.46,SECRETARIA DE ESTADO DE EDUCACAO,SEE,SEE,TRILHAS DE FUTURO - ESTUDANTES,EPT
2026,7,2301,4275,10,0,Investimentos Próprios,0.0,61065.77,0.0,DEPARTAMENTO DE ESTRADAS DE RODAGEM DO ESTADO DE MINAS GERAIS,DER-MG,DER-MG,IMPLANTACAO/PAVIMENTACAO DA MALHA,Transportes
2026,7,1261,2118,10,0,Investimentos Próprios,45902.36,45902.36,45902.36,SECRETARIA DE ESTADO DE EDUCACAO,SEE,SEE,TRILHAS DE FUTURO - ESTUDANTES,EPT
2026,7,1261,2118,71,0,Investimentos Próprios,33740.0,16140.0,16140.0,SECRETARIA DE ESTADO DE EDUCACAO,SEE,SEE,TRILHAS DE FUTURO - ESTUDANTES,EPT
2026,7,1261,2118,10,0,Investimentos Próprios,262903.25,215564.51,215564.51,SECRETARIA DE ESTADO DE EDUCACAO,SEE,SEE,TRILHAS DE FUTURO - ESTUDANTES,EPT
2026,7,1261,2118,10,0,Investimentos Próprios,12076.78,12076.78,12076.78,SECRETARIA DE ESTADO DE EDUCACAO,SEE,SEE,TRILHAS DE FUTURO - ESTUDANTES,EPT
2026,7,1261,2118,10,0,Investimentos Próprios,296869.16,287123.83,287123.83,SECRETARIA DE ESTADO DE EDUCACAO,SEE,SEE,TRILHAS DE FUTURO - ESTUDANTES,EPT
2026,7,1261,2118,10,0,Investimentos Próprios,110551.5,35376.48,35376.48,SECRETARIA DE ESTADO DE EDUCACAO,SEE,SEE,TRILHAS DE FUTURO - ESTUDANTES,EPT
2026,7,1261,2118,10,0,Investimentos Próprios,15947.55,15188.14,15188.14,SECRETARIA DE ESTADO DE EDUCACAO,SEE,SEE,TRILHAS DE FUTURO - ESTUDANTES,EPT
2026,7,1511,4060,48,0,Investimentos Próprios,0.0,122629.0,0.0,POLICIA CIVIL DO ESTADO DE MINAS GERAIS,PCMG,PCMG,GESTAO DAS UNIDADES POLICIAIS,Segurança Pública
2026,7,1261,2118,10,0,Investimentos Próprios,39285.72,39285.72,39285.72,SECRETARIA DE ESTADO DE EDUCACAO,SEE,SEE,TRILHAS DE FUTURO - ESTUDANTES,EPT
2026,7,1261,2118,10,0,Investimentos Próprios,49495.76,49495.76,49495.76,SECRETARIA DE ESTADO DE EDUCACAO,SEE,SEE,TRILHAS DE FUTURO - ESTUDANTES,EPT
2026,7,1261,2118,10,0,Investimentos Próprios,25763.49,25763.49,25763.49,SECRETARIA DE ESTADO DE EDUCACAO,SEE,SEE,TRILHAS DE FUTURO - ESTUDANTES,EPT
2026,7,1261,2118,10,0,Investimentos Próprios,18795.58,18795.58,18795.58,SECRETARIA DE ESTADO DE EDUCACAO,SEE,SEE,TRILHAS DE FUTURO - ESTUDANTES,EPT
2026,7,1261,2118,10,0,Investimentos Próprios,18618.92,18618.92,0.0,SECRETARIA DE ESTADO DE EDUCACAO,SEE,SEE,TRILHAS DE FUTURO - ESTUDANTES,EPT
2026,7,1261,2118,10,0,Investimentos Próprios,14000.0,11899.68,11899.68,SECRETARIA DE ESTADO DE EDUCACAO,SEE,SEE,TRILHAS DE FUTURO - ESTUDANTES,EPT
2026,7,1261,2118,10,0,Investimentos Próprios,31000.0,27963.33,27963.33,SECRETARIA DE ESTADO DE EDUCACAO,SEE,SEE,TRILHAS DE FUTURO - ESTUDANTES,EPT
2026,7,1261,2118,10,0,Investimentos Próprios,12500.0,11791.26,11791.26,SECRETARIA DE ESTADO DE EDUCACAO,SEE,SEE,TRILHAS DE FUTURO - ESTUDANTES,EPT
2026,7,1261,2118,10,0,Investimentos Próprios,33500.0,32098.43,32098.43,SECRETARIA DE ESTADO DE EDUCACAO,SEE,SEE,TRILHAS DE FUTURO - ESTUDANTES,EPT
2026,7,1261,2118,10,0,Investimentos Próprios,6000.0,4483.29,4483.29,SECRETARIA DE ESTADO DE EDUCACAO,SEE,SEE,TRILHAS DE FUTURO - ESTUDANTES,EPT
2026,7,1261,2118,10,0,Investimentos Próprios,22000.0,19854.57,19854.57,SECRETARIA DE ESTADO DE EDUCACAO,SEE,SEE,TRILHAS DE FUTURO - ESTUDANTES,EPT
2026,7,1261,2118,10,0,Investimentos Próprios,13000.0,10887.99,10887.99,SECRETARIA DE ESTADO DE EDUCACAO,SEE,SEE,TRILHAS DE FUTURO - ESTUDANTES,EPT
2026,7,2301,4293,32,0,Investimentos Próprios,87064.6,178107.09,0.0,DEPARTAMENTO DE ESTRADAS DE RODAGEM DO ESTADO DE MINAS GERAIS,DER-MG,DER-MG,CONSERVACAO ROTINEIRA DA MALHA VIARIA,Transportes
2026,7,2301,4293,32,0,Investimentos Próprios,777581.4,1602963.76,0.0,DEPARTAMENTO DE ESTRADAS DE RODAGEM DO ESTADO DE MINAS GERAIS,DER-MG,DER-MG,CONSERVACAO ROTINEIRA DA MALHA VIARIA,Transportes
2026,7,2301,4268,33,0,Investimentos Próprios,-244001.33,0.0,0.0,DEPARTAMENTO DE ESTRADAS DE RODAGEM DO ESTADO DE MINAS GERAIS,DER-MG,DER-MG,AMPLIACAO DE CAPACIDADE DA MALHA E RESTAURACAO DO PAVIMENTO,Transportes
2026,7,1261,2118,71,0,Investimentos Próprios,0.0,0.0,0.0,SECRETARIA DE ESTADO DE EDUCACAO,SEE,SEE,TRILHAS DE FUTURO - ESTUDANTES,EPT
2026,7,1261,2118,10,0,Investimentos Próprios,30000.0,19934.55,19934.55,SECRETARIA DE ESTADO DE EDUCACAO,SEE,SEE,TRILHAS DE FUTURO - ESTUDANTES,EPT
2026,7,1261,2118,71,0,Investimentos Próprios,7170.0,7160.0,7160.0,SECRETARIA DE ESTADO DE EDUCACAO,SEE,SEE,TRILHAS DE FUTURO - ESTUDANTES,EPT
2026,7,1261,2118,71,0,Investimentos Próprios,5050.0,5040.0,5040.0,SECRETARIA DE ESTADO DE EDUCACAO,SEE,SEE,TRILHAS DE FUTURO - ESTUDANTES,EPT
2026,7,1261,2118,71,0,Investimentos Próprios,147240.0,147240.0,147240.0,SECRETARIA DE ESTADO DE EDUCACAO,SEE,SEE,TRILHAS DE FUTURO - ESTUDANTES,EPT
2026,7,1261,2118,71,0,Investimentos Próprios,190000.0,83220.0,83220.0,SECRETARIA DE ESTADO DE EDUCACAO,SEE,SEE,TRILHAS DE FUTURO - ESTUDANTES,EPT
2026,7,1261,2118,10,0,Investimentos Próprios,26000.0,0.0,23523.14,SECRETARIA DE ESTADO DE EDUCACAO,SEE,SEE,TRILHAS DE FUTURO - ESTUDANTES,EPT
2026,7,1261,2118,71,0,Investimentos Próprios,380000.0,124260.0,124260.0,SECRETARIA DE ESTADO DE EDUCACAO,SEE,SEE,TRILHAS DE FUTURO - ESTUDANTES,EPT
2026,7,1251,4365,48,0,Investimentos Próprios,0.0,0.0,0.0,POLICIA MILITAR DO ESTADO DE MINAS GERAIS,PMMG,PMMG,POLICIAMENTO OSTENSIVO GERAL,Segurança Pública
2026,7,1261,2118,10,0,Investimentos Próprios,36180.46,0.0,0.0,SECRETARIA DE ESTADO DE EDUCACAO,SEE,SEE,TRILHAS DE FUTURO - ESTUDANTES,EPT
2026,7,1261,2118,10,0,Investimentos Próprios,0.0,0.0,0.0,SECRETARIA DE ESTADO DE EDUCACAO,SEE,SEE,TRILHAS DE FUTURO - ESTUDANTES,EPT
2026,7,1261,2118,10,0,Investimentos Próprios,0.0,0.0,0.0,SECRETARIA DE ESTADO DE EDUCACAO,SEE,SEE,TRILHAS DE FUTURO - ESTUDANTES,EPT
2026,7,1261,2118,10,0,Investimentos Próprios,220000.0,0.0,98718.84,SECRETARIA DE ESTADO DE EDUCACAO,SEE,SEE,TRILHAS DE FUTURO - ESTUDANTES,EPT
2026,7,1261,2118,71,0,Investimentos Próprios,14000.0,7580.0,0.0,SECRETARIA DE ESTADO DE EDUCACAO,SEE,SEE,TRILHAS DE FUTURO - ESTUDANTES,EPT
2026,7,1261,2118,71,0,Investimentos Próprios,29960.0,11660.0,11660.0,SECRETARIA DE ESTADO DE EDUCACAO,SEE,SEE,TRILHAS DE FUTURO - ESTUDANTES,EPT
2026,7,1261,2118,10,0,Investimentos Próprios,40426.4,20718.53,20718.53,SECRETARIA DE ESTADO DE EDUCACAO,SEE,SEE,TRILHAS DE FUTURO - ESTUDANTES,EPT
2026,7,1261,2118,71,0,Investimentos Próprios,33600.0,3860.0,3860.0,SECRETARIA DE ESTADO DE EDUCACAO,SEE,SEE,TRILHAS DE FUTURO - ESTUDANTES,EPT
2026,7,1261,2118,71,0,Investimentos Próprios,44400.0,8200.0,8200.0,SECRETARIA DE ESTADO DE EDUCACAO,SEE,SEE,TRILHAS DE FUTURO - ESTUDANTES,EPT
2026,7,1261,2118,71,0,Investimentos Próprios,37200.0,8160.0,8160.0,SECRETARIA DE ESTADO DE EDUCACAO,SEE,SEE,TRILHAS DE FUTURO - ESTUDANTES,EPT
2026,7,1261,2118,71,0,Investimentos Próprios,44400.0,8900.0,8900.0,SECRETARIA DE ESTADO DE EDUCACAO,SEE,SEE,TRILHAS DE FUTURO - ESTUDANTES,EPT
2026,7,1261,2118,10,0,Investimentos Próprios,34306.46,16046.57,16046.57,SECRETARIA DE ESTADO DE EDUCACAO,SEE,SEE,TRILHAS DE FUTURO - ESTUDANTES,EPT
2026,7,1261,2118,10,0,Investimentos Próprios,76839.6,36498.81,36498.81,SECRETARIA DE ESTADO DE EDUCACAO,SEE,SEE,TRILHAS DE FUTURO - ESTUDANTES,EPT
2026,7,1261,2118,10,0,Investimentos Próprios,55255.68,27627.84,27627.84,SECRETARIA DE ESTADO DE EDUCACAO,SEE,SEE,TRILHAS DE FUTURO - ESTUDANTES,EPT
2026,7,1261,2118,10,0,Investimentos Próprios,39391.1,17444.63,17444.63,SECRETARIA DE ESTADO DE EDUCACAO,SEE,SEE,TRILHAS DE FUTURO - ESTUDANTES,EPT
2026,7,1261,2118,71,0,Investimentos Próprios,72000.0,13820.0,13820.0,SECRETARIA DE ESTADO DE EDUCACAO,SEE,SEE,TRILHAS DE FUTURO - ESTUDANTES,EPT
2026,7,1261,2118,10,0,Investimentos Próprios,0.0,0.0,0.0,SECRETARIA DE ESTADO DE EDUCACAO,SEE,SEE,TRILHAS DE FUTURO - ESTUDANTES,EPT
2026,7,1261,2118,10,0,Investimentos Próprios,0.0,0.0,0.0,SECRETARIA DE ESTADO DE EDUCACAO,SEE,SEE,TRILHAS DE FUTURO - ESTUDANTES,EPT
2026,7,1261,2118,71,0,Investimentos Próprios,39600.0,4960.0,0.0,SECRETARIA DE ESTADO DE EDUCACAO,SEE,SEE,TRILHAS DE FUTURO - ESTUDANTES,EPT
2026,7,1261,2118,71,0,Investimentos Próprios,58800.0,18400.0,0.0,SECRETARIA DE ESTADO DE EDUCACAO,SEE,SEE,TRILHAS DE FUTURO - ESTUDANTES,EPT
2026,7,1261,2118,10,0,Investimentos Próprios,125769.6,62884.06,62884.06,SECRETARIA DE ESTADO DE EDUCACAO,SEE,SEE,TRILHAS DE FUTURO - ESTUDANTES,EPT
2026,7,1261,2118,10,0,Investimentos Próprios,446995.08,0.0,17196.9,SECRETARIA DE ESTADO DE EDUCACAO,SEE,SEE,TRILHAS DE FUTURO - ESTUDANTES,EPT
2026,7,2301,4293,32,0,Investimentos Próprios,551445.0,517220.7,0.0,DEPARTAMENTO DE ESTRADAS DE RODAGEM DO ESTADO DE MINAS GERAIS,DER-MG,DER-MG,CONSERVACAO ROTINEIRA DA MALHA VIARIA,Transportes
2026,7,1261,2118,10,0,Investimentos Próprios,0.0,0.0,0.0,SECRETARIA DE ESTADO DE EDUCACAO,SEE,SEE,TRILHAS DE FUTURO - ESTUDANTES,EPT
2026,7,1261,2118,10,0,Investimentos Próprios,0.0,0.0,0.0,SECRETARIA DE ESTADO DE EDUCACAO,SEE,SEE,TRILHAS DE FUTURO - ESTUDANTES,EPT
2026,7,1261,2118,10,0,Investimentos Próprios,0.0,0.0,0.0,SECRETARIA DE ESTADO DE EDUCACAO,SEE,SEE,TRILHAS DE FUTURO - ESTUDANTES,EPT
2026,7,1511,4061,48,0,Investimentos Próprios,6625.58,0.0,0.0,POLICIA CIVIL DO ESTADO DE MINAS GERAIS,PCMG,PCMG,PERICIAS TECNICO-CIENTIFICAS,Segurança Pública
2026,7,1261,2118,71,0,Investimentos Próprios,70000.0,31340.0,41840.0,SECRETARIA DE ESTADO DE EDUCACAO,SEE,SEE,TRILHAS DE FUTURO - ESTUDANTES,EPT
2026,7,1511,4061,48,0,Investimentos Próprios,1697.0,0.0,0.0,POLICIA CIVIL DO ESTADO DE MINAS GERAIS,PCMG,PCMG,PERICIAS TECNICO-CIENTIFICAS,Segurança Pública
2026,7,1261,2118,10,0,Investimentos Próprios,30439.46,0.0,0.0,SECRETARIA DE ESTADO DE EDUCACAO,SEE,SEE,TRILHAS DE FUTURO - ESTUDANTES,EPT
2026,7,1261,2118,10,0,Investimentos Próprios,122377.62,0.0,0.0,SECRETARIA DE ESTADO DE EDUCACAO,SEE,SEE,TRILHAS DE FUTURO - ESTUDANTES,EPT
2026,7,1261,2118,10,0,Investimentos Próprios,0.0,0.0,0.0,SECRETARIA DE ESTADO DE EDUCACAO,SEE,SEE,TRILHAS DE FUTURO - ESTUDANTES,EPT
2026,7,1261,2118,10,0,Investimentos Próprios,28000.0,0.0,0.0,SECRETARIA DE ESTADO DE EDUCACAO,SEE,SEE,TRILHAS DE FUTURO - ESTUDANTES,EPT
2026,7,1261,2118,10,0,Investimentos Próprios,0.0,0.0,0.0,SECRETARIA DE ESTADO DE EDUCACAO,SEE,SEE,TRILHAS DE FUTURO - ESTUDANTES,EPT
2026,7,1261,2118,71,0,Investimentos Próprios,0.0,0.0,0.0,SECRETARIA DE ESTADO DE EDUCACAO,SEE,SEE,TRILHAS DE FUTURO - ESTUDANTES,EPT
2026,7,1261,2118,10,0,Investimentos Próprios,270000.0,248500.63,248500.63,SECRETARIA DE ESTADO DE EDUCACAO,SEE,SEE,TRILHAS DE FUTURO - ESTUDANTES,EPT
2026,7,1261,2118,71,0,Investimentos Próprios,46800.0,14000.0,14000.0,SECRETARIA DE ESTADO DE EDUCACAO,SEE,SEE,TRILHAS DE FUTURO - ESTUDANTES,EPT
2026,7,1261,2118,71,0,Investimentos Próprios,25200.0,7520.0,7520.0,SECRETARIA DE ESTADO DE EDUCACAO,SEE,SEE,TRILHAS DE FUTURO - ESTUDANTES,EPT
2026,7,1261,2118,10,0,Investimentos Próprios,490000.0,0.0,404036.35,SECRETARIA DE ESTADO DE EDUCACAO,SEE,SEE,TRILHAS DE FUTURO - ESTUDANTES,EPT
2026,7,1261,2118,10,0,Investimentos Próprios,80000.0,35903.16,35903.16,SECRETARIA DE ESTADO DE EDUCACAO,SEE,SEE,TRILHAS DE FUTURO - ESTUDANTES,EPT
2026,7,1261,2118,10,0,Investimentos Próprios,281572.42,281572.42,281572.42,SECRETARIA DE ESTADO DE EDUCACAO,SEE,SEE,TRILHAS DE FUTURO - ESTUDANTES,EPT
2026,7,1261,2118,10,0,Investimentos Próprios,33000.0,0.0,0.0,SECRETARIA DE ESTADO DE EDUCACAO,SEE,SEE,TRILHAS DE FUTURO - ESTUDANTES,EPT
2026,7,1261,2118,10,0,Investimentos Próprios,42000.0,0.0,0.0,SECRETARIA DE ESTADO DE EDUCACAO,SEE,SEE,TRILHAS DE FUTURO - ESTUDANTES,EPT
2026,7,1261,2118,10,0,Investimentos Próprios,6000.0,0.0,0.0,SECRETARIA DE ESTADO DE EDUCACAO,SEE,SEE,TRILHAS DE FUTURO - ESTUDANTES,EPT
2026,7,1261,2118,10,0,Investimentos Próprios,13000.0,0.0,0.0,SECRETARIA DE ESTADO DE EDUCACAO,SEE,SEE,TRILHAS DE FUTURO - ESTUDANTES,EPT
2026,7,1511,4060,48,0,Investimentos Próprios,21480.0,0.0,0.0,POLICIA CIVIL DO ESTADO DE MINAS GERAIS,PCMG,PCMG,GESTAO DAS UNIDADES POLICIAIS,Segurança Pública
2026,7,1261,2118,10,0,Investimentos Próprios,25380.0,0.0,0.0,SECRETARIA DE ESTADO DE EDUCACAO,SEE,SEE,TRILHAS DE FUTURO - ESTUDANTES,EPT
2026,7,1261,2118,10,0,Investimentos Próprios,27176.0,0.0,0.0,SECRETARIA DE ESTADO DE EDUCACAO,SEE,SEE,TRILHAS DE FUTURO - ESTUDANTES,EPT
2026,7,1261,2118,10,0,Investimentos Próprios,15000.0,0.0,0.0,SECRETARIA DE ESTADO DE EDUCACAO,SEE,SEE,TRILHAS DE FUTURO - ESTUDANTES,EPT
2026,7,2301,4293,32,0,Investimentos Próprios,1848253.0,0.0,0.0,DEPARTAMENTO DE ESTRADAS DE RODAGEM DO ESTADO DE MINAS GERAIS,DER-MG,DER-MG,CONSERVACAO ROTINEIRA DA MALHA VIARIA,Transportes
2026,7,1261,2118,10,0,Investimentos Próprios,20975.46,0.0,20975.46,SECRETARIA DE ESTADO DE EDUCACAO,SEE,SEE,TRILHAS DE FUTURO - ESTUDANTES,EPT
2026,7,1261,2118,71,0,Investimentos Próprios,22220.0,0.0,0.0,SECRETARIA DE ESTADO DE EDUCACAO,SEE,SEE,TRILHAS DE FUTURO - ESTUDANTES,EPT
2026,7,1301,4262,10,0,Investimentos Próprios,0.0,555520.0,0.0,"SECRETARIA DE ESTADO DE INFRAESTRUTURA, MOBILIDADE E PARCERIAS",SEINFRA,SEINFRA,FOMENTO A INFRAESTRUTURA PUBLICA MUNICIPAL,Transportes
2026,7,2301,4275,10,0,Investimentos Próprios,0.0,356526.51,0.0,DEPARTAMENTO DE ESTRADAS DE RODAGEM DO ESTADO DE MINAS GERAIS,DER-MG,DER-MG,IMPLANTACAO/PAVIMENTACAO DA MALHA,Transportes
2026,7,1261,2118,71,0,Investimentos Próprios,7440.0,7440.0,7440.0,SECRETARIA DE ESTADO DE EDUCACAO,SEE,SEE,TRILHAS DE FUTURO - ESTUDANTES,EPT
2026,7,1261,2118,71,0,Investimentos Próprios,26620.0,26620.0,26620.0,SECRETARIA DE ESTADO DE EDUCACAO,SEE,SEE,TRILHAS DE FUTURO - ESTUDANTES,EPT
2026,7,1261,2118,71,0,Investimentos Próprios,7420.0,7420.0,7420.0,SECRETARIA DE ESTADO DE EDUCACAO,SEE,SEE,TRILHAS DE FUTURO - ESTUDANTES,EPT
2026,7,1261,2118,71,0,Investimentos Próprios,5640.0,5640.0,5640.0,SECRETARIA DE ESTADO DE EDUCACAO,SEE,SEE,TRILHAS DE FUTURO - ESTUDANTES,EPT
2026,7,2301,4293,32,0,Investimentos Próprios,8633.96,8127.72,0.0,DEPARTAMENTO DE ESTRADAS DE RODAGEM DO ESTADO DE MINAS GERAIS,DER-MG,DER-MG,CONSERVACAO ROTINEIRA DA MALHA VIARIA,Transportes
2026,7,2301,4275,33,0,Investimentos Próprios,6630000.0,0.0,0.0,DEPARTAMENTO DE ESTRADAS DE RODAGEM DO ESTADO DE MINAS GERAIS,DER-MG,DER-MG,IMPLANTACAO/PAVIMENTACAO DA MALHA,Transportes
2026,7,1261,2118,10,0,Investimentos Próprios,37126.32,37126.32,37126.32,SECRETARIA DE ESTADO DE EDUCACAO,SEE,SEE,TRILHAS DE FUTURO - ESTUDANTES,EPT
2026,7,1261,2118,10,0,Investimentos Próprios,16340.5,16340.5,16340.5,SECRETARIA DE ESTADO DE EDUCACAO,SEE,SEE,TRILHAS DE FUTURO - ESTUDANTES,EPT
2026,7,1261,2118,10,0,Investimentos Próprios,43429.46,43429.46,43429.46,SECRETARIA DE ESTADO DE EDUCACAO,SEE,SEE,TRILHAS DE FUTURO - ESTUDANTES,EPT
2026,7,1261,2118,10,0,Investimentos Próprios,14599.49,14599.49,14599.49,SECRETARIA DE ESTADO DE EDUCACAO,SEE,SEE,TRILHAS DE FUTURO - ESTUDANTES,EPT
2026,7,1261,2118,71,0,Investimentos Próprios,16000.0,15040.0,15040.0,SECRETARIA DE ESTADO DE EDUCACAO,SEE,SEE,TRILHAS DE FUTURO - ESTUDANTES,EPT
2026,7,1261,2118,10,0,Investimentos Próprios,0.0,0.0,0.0,SECRETARIA DE ESTADO DE EDUCACAO,SEE,SEE,TRILHAS DE FUTURO - ESTUDANTES,EPT
2026,7,1261,2118,71,0,Investimentos Próprios,56060.0,56060.0,90560.0,SECRETARIA DE ESTADO DE EDUCACAO,SEE,SEE,TRILHAS DE FUTURO - ESTUDANTES,EPT
2026,7,1261,2118,10,0,Investimentos Próprios,78167.88,47148.88,47148.88,SECRETARIA DE ESTADO DE EDUCACAO,SEE,SEE,TRILHAS DE FUTURO - ESTUDANTES,EPT
2026,7,1261,2118,10,0,Investimentos Próprios,20701.64,11440.38,11440.38,SECRETARIA DE ESTADO DE EDUCACAO,SEE,SEE,TRILHAS DE FUTURO - ESTUDANTES,EPT
2026,7,1261,2118,10,0,Investimentos Próprios,29266.56,19511.04,19511.04,SECRETARIA DE ESTADO DE EDUCACAO,SEE,SEE,TRILHAS DE FUTURO - ESTUDANTES,EPT
2026,7,1261,2118,10,0,Investimentos Próprios,27666.0,19366.2,19366.2,SECRETARIA DE ESTADO DE EDUCACAO,SEE,SEE,TRILHAS DE FUTURO - ESTUDANTES,EPT
2026,7,1261,2118,10,0,Investimentos Próprios,46000.0,0.0,24545.64,SECRETARIA DE ESTADO DE EDUCACAO,SEE,SEE,TRILHAS DE FUTURO - ESTUDANTES,EPT
2026,7,1261,2118,10,0,Investimentos Próprios,99634.53,99634.53,99634.53,SECRETARIA DE ESTADO DE EDUCACAO,SEE,SEE,TRILHAS DE FUTURO - ESTUDANTES,EPT
2026,7,1261,2118,10,0,Investimentos Próprios,156879.62,156636.44,156636.44,SECRETARIA DE ESTADO DE EDUCACAO,SEE,SEE,TRILHAS DE FUTURO - ESTUDANTES,EPT
2026,7,1261,2118,71,0,Investimentos Próprios,29510.0,29500.0,29500.0,SECRETARIA DE ESTADO DE EDUCACAO,SEE,SEE,TRILHAS DE FUTURO - ESTUDANTES,EPT
2026,7,1261,2118,71,0,Investimentos Próprios,8500.0,8100.0,8100.0,SECRETARIA DE ESTADO DE EDUCACAO,SEE,SEE,TRILHAS DE FUTURO - ESTUDANTES,EPT
2026,7,1261,2118,71,0,Investimentos Próprios,30000.0,6720.0,6720.0,SECRETARIA DE ESTADO DE EDUCACAO,SEE,SEE,TRILHAS DE FUTURO - ESTUDANTES,EPT
2026,7,1261,2118,71,0,Investimentos Próprios,64800.0,13980.0,13980.0,SECRETARIA DE ESTADO DE EDUCACAO,SEE,SEE,TRILHAS DE FUTURO - ESTUDANTES,EPT
2026,7,1261,2118,71,0,Investimentos Próprios,24000.0,9100.0,9100.0,SECRETARIA DE ESTADO DE EDUCACAO,SEE,SEE,TRILHAS DE FUTURO - ESTUDANTES,EPT
2026,7,1261,2118,71,0,Investimentos Próprios,19200.0,5760.0,5760.0,SECRETARIA DE ESTADO DE EDUCACAO,SEE,SEE,TRILHAS DE FUTURO - ESTUDANTES,EPT
2026,7,1261,2118,71,0,Investimentos Próprios,25200.0,8300.0,8300.0,SECRETARIA DE ESTADO DE EDUCACAO,SEE,SEE,TRILHAS DE FUTURO - ESTUDANTES,EPT
2026,7,1261,2118,71,0,Investimentos Próprios,23040.0,23040.0,23040.0,SECRETARIA DE ESTADO DE EDUCACAO,SEE,SEE,TRILHAS DE FUTURO - ESTUDANTES,EPT
2026,7,1261,2118,71,0,Investimentos Próprios,32340.0,32340.0,32340.0,SECRETARIA DE ESTADO DE EDUCACAO,SEE,SEE,TRILHAS DE FUTURO - ESTUDANTES,EPT
2026,7,1261,2118,71,0,Investimentos Próprios,27860.0,27860.0,27860.0,SECRETARIA DE ESTADO DE EDUCACAO,SEE,SEE,TRILHAS DE FUTURO - ESTUDANTES,EPT
2026,7,1261,2118,71,0,Investimentos Próprios,9300.0,9300.0,9300.0,SECRETARIA DE ESTADO DE EDUCACAO,SEE,SEE,TRILHAS DE FUTURO - ESTUDANTES,EPT
2026,7,1261,2118,71,0,Investimentos Próprios,39000.0,34900.0,34900.0,SECRETARIA DE ESTADO DE EDUCACAO,SEE,SEE,TRILHAS DE FUTURO - ESTUDANTES,EPT
2026,7,1261,2118,10,0,Investimentos Próprios,18858.26,9429.13,18361.99,SECRETARIA DE ESTADO DE EDUCACAO,SEE,SEE,TRILHAS DE FUTURO - ESTUDANTES,EPT
2026,7,1261,2118,10,0,Investimentos Próprios,0.0,0.0,0.0,SECRETARIA DE ESTADO DE EDUCACAO,SEE,SEE,TRILHAS DE FUTURO - ESTUDANTES,EPT
2026,7,1261,2118,71,0,Investimentos Próprios,6180.0,6180.0,6180.0,SECRETARIA DE ESTADO DE EDUCACAO,SEE,SEE,TRILHAS DE FUTURO - ESTUDANTES,EPT
2026,7,1261,2118,71,0,Investimentos Próprios,0.0,0.0,0.0,SECRETARIA DE ESTADO DE EDUCACAO,SEE,SEE,TRILHAS DE FUTURO - ESTUDANTES,EPT
2026,7,1261,2118,71,0,Investimentos Próprios,28920.0,28420.0,28420.0,SECRETARIA DE ESTADO DE EDUCACAO,SEE,SEE,TRILHAS DE FUTURO - ESTUDANTES,EPT
2026,7,1261,2118,10,0,Investimentos Próprios,21000.0,19162.43,19162.43,SECRETARIA DE ESTADO DE EDUCACAO,SEE,SEE,TRILHAS DE FUTURO - ESTUDANTES,EPT
2026,7,2301,4162,10,0,Investimentos Próprios,0.0,794997.15,0.0,DEPARTAMENTO DE ESTRADAS DE RODAGEM DO ESTADO DE MINAS GERAIS,DER-MG,DER-MG,SUPORTE A GESTAO DOS ATIVOS RODOVIARIOS,Transportes
2026,7,1261,2118,71,0,Investimentos Próprios,280200.0,280200.0,280200.0,SECRETARIA DE ESTADO DE EDUCACAO,SEE,SEE,TRILHAS DE FUTURO - ESTUDANTES,EPT
2026,7,1261,2118,71,0,Investimentos Próprios,36200.0,36200.0,36200.0,SECRETARIA DE ESTADO DE EDUCACAO,SEE,SEE,TRILHAS DE FUTURO - ESTUDANTES,EPT
2026,7,1261,2118,71,0,Investimentos Próprios,13320.0,13320.0,22780.0,SECRETARIA DE ESTADO DE EDUCACAO,SEE,SEE,TRILHAS DE FUTURO - ESTUDANTES,EPT
2026,7,1261,2118,10,0,Investimentos Próprios,131977.22,131977.22,131977.22,SECRETARIA DE ESTADO DE EDUCACAO,SEE,SEE,TRILHAS DE FUTURO - ESTUDANTES,EPT
2026,7,1261,2118,71,0,Investimentos Próprios,77140.0,27140.0,27140.0,SECRETARIA DE ESTADO DE EDUCACAO,SEE,SEE,TRILHAS DE FUTURO - ESTUDANTES,EPT
2026,7,1261,2118,71,0,Investimentos Próprios,3500.0,2900.0,2900.0,SECRETARIA DE ESTADO DE EDUCACAO,SEE,SEE,TRILHAS DE FUTURO - ESTUDANTES,EPT
2026,7,1261,2118,10,0,Investimentos Próprios,9643.79,9643.79,9643.79,SECRETARIA DE ESTADO DE EDUCACAO,SEE,SEE,TRILHAS DE FUTURO - ESTUDANTES,EPT
2026,7,1261,2118,71,0,Investimentos Próprios,3500.0,2700.0,2700.0,SECRETARIA DE ESTADO DE EDUCACAO,SEE,SEE,TRILHAS DE FUTURO - ESTUDANTES,EPT
2026,7,1261,2118,10,0,Investimentos Próprios,180000.0,154092.33,295389.99,SECRETARIA DE ESTADO DE EDUCACAO,SEE,SEE,TRILHAS DE FUTURO - ESTUDANTES,EPT
2026,7,1261,2118,10,0,Investimentos Próprios,39000.0,38692.5,76648.0,SECRETARIA DE ESTADO DE EDUCACAO,SEE,SEE,TRILHAS DE FUTURO - ESTUDANTES,EPT
2026,7,2301,4293,32,0,Investimentos Próprios,2998262.62,1030010.61,0.0,DEPARTAMENTO DE ESTRADAS DE RODAGEM DO ESTADO DE MINAS GERAIS,DER-MG,DER-MG,CONSERVACAO ROTINEIRA DA MALHA VIARIA,Transportes
2026,7,2301,4293,32,0,Investimentos Próprios,1319238.09,649654.74,0.0,DEPARTAMENTO DE ESTRADAS DE RODAGEM DO ESTADO DE MINAS GERAIS,DER-MG,DER-MG,CONSERVACAO ROTINEIRA DA MALHA VIARIA,Transportes
2026,7,2301,4293,32,0,Investimentos Próprios,1624985.25,332177.78,0.0,DEPARTAMENTO DE ESTRADAS DE RODAGEM DO ESTADO DE MINAS GERAIS,DER-MG,DER-MG,CONSERVACAO ROTINEIRA DA MALHA VIARIA,Transportes
2026,7,2301,4293,32,0,Investimentos Próprios,724647.0,590072.02,0.0,DEPARTAMENTO DE ESTRADAS DE RODAGEM DO ESTADO DE MINAS GERAIS,DER-MG,DER-MG,CONSERVACAO ROTINEIRA DA MALHA VIARIA,Transportes
2026,7,1261,2118,10,0,Investimentos Próprios,28590.08,13848.32,13848.32,SECRETARIA DE ESTADO DE EDUCACAO,SEE,SEE,TRILHAS DE FUTURO - ESTUDANTES,EPT
2026,7,1261,2118,10,0,Investimentos Próprios,34819.68,17409.84,17409.84,SECRETARIA DE ESTADO DE EDUCACAO,SEE,SEE,TRILHAS DE FUTURO - ESTUDANTES,EPT
2026,7,1261,2118,71,0,Investimentos Próprios,0.0,0.0,0.0,SECRETARIA DE ESTADO DE EDUCACAO,SEE,SEE,TRILHAS DE FUTURO - ESTUDANTES,EPT
2026,7,1261,2118,71,0,Investimentos Próprios,26880.0,17920.0,17920.0,SECRETARIA DE ESTADO DE EDUCACAO,SEE,SEE,TRILHAS DE FUTURO - ESTUDANTES,EPT
2026,7,1261,2118,71,0,Investimentos Próprios,70180.0,70180.0,70180.0,SECRETARIA DE ESTADO DE EDUCACAO,SEE,SEE,TRILHAS DE FUTURO - ESTUDANTES,EPT
2026,7,1261,2118,71,0,Investimentos Próprios,26880.0,15300.0,15300.0,SECRETARIA DE ESTADO DE EDUCACAO,SEE,SEE,TRILHAS DE FUTURO - ESTUDANTES,EPT
2026,7,1261,2118,10,0,Investimentos Próprios,36505.84,18252.92,36025.5,SECRETARIA DE ESTADO DE EDUCACAO,SEE,SEE,TRILHAS DE FUTURO - ESTUDANTES,EPT
2026,7,1261,2118,71,0,Investimentos Próprios,5500.0,3940.0,3940.0,SECRETARIA DE ESTADO DE EDUCACAO,SEE,SEE,TRILHAS DE FUTURO - ESTUDANTES,EPT
2026,7,1261,2118,10,0,Investimentos Próprios,47420.34,0.0,44231.05,SECRETARIA DE ESTADO DE EDUCACAO,SEE,SEE,TRILHAS DE FUTURO - ESTUDANTES,EPT
2026,7,1261,2118,71,0,Investimentos Próprios,224120.0,83320.0,83320.0,SECRETARIA DE ESTADO DE EDUCACAO,SEE,SEE,TRILHAS DE FUTURO - ESTUDANTES,EPT
2026,7,1261,2118,71,0,Investimentos Próprios,144020.0,52500.0,52500.0,SECRETARIA DE ESTADO DE EDUCACAO,SEE,SEE,TRILHAS DE FUTURO - ESTUDANTES,EPT
2026,7,1261,2118,10,0,Investimentos Próprios,14936.48,14936.48,14936.48,SECRETARIA DE ESTADO DE EDUCACAO,SEE,SEE,TRILHAS DE FUTURO - ESTUDANTES,EPT
2026,7,1261,2118,71,0,Investimentos Próprios,50000.0,49420.0,49420.0,SECRETARIA DE ESTADO DE EDUCACAO,SEE,SEE,TRILHAS DE FUTURO - ESTUDANTES,EPT
2026,7,1261,2118,71,0,Investimentos Próprios,101640.0,52480.0,0.0,SECRETARIA DE ESTADO DE EDUCACAO,SEE,SEE,TRILHAS DE FUTURO - ESTUDANTES,EPT
2026,7,1261,2118,71,0,Investimentos Próprios,12800.0,12800.0,12800.0,SECRETARIA DE ESTADO DE EDUCACAO,SEE,SEE,TRILHAS DE FUTURO - ESTUDANTES,EPT
2026,7,1251,4365,48,0,Investimentos Próprios,0.0,0.0,0.0,POLICIA MILITAR DO ESTADO DE MINAS GERAIS,PMMG,PMMG,POLICIAMENTO OSTENSIVO GERAL,Segurança Pública
2026,7,1261,2118,71,0,Investimentos Próprios,8500.0,7180.0,7180.0,SECRETARIA DE ESTADO DE EDUCACAO,SEE,SEE,TRILHAS DE FUTURO - ESTUDANTES,EPT
2026,7,1261,2118,71,0,Investimentos Próprios,2140.0,2140.0,0.0,SECRETARIA DE ESTADO DE EDUCACAO,SEE,SEE,TRILHAS DE FUTURO - ESTUDANTES,EPT
2026,7,1261,2118,71,0,Investimentos Próprios,71300.0,71300.0,0.0,SECRETARIA DE ESTADO DE EDUCACAO,SEE,SEE,TRILHAS DE FUTURO - ESTUDANTES,EPT
2026,7,1261,2118,71,0,Investimentos Próprios,10500.0,10460.0,10460.0,SECRETARIA DE ESTADO DE EDUCACAO,SEE,SEE,TRILHAS DE FUTURO - ESTUDANTES,EPT
2026,7,1261,2118,10,0,Investimentos Próprios,31986.56,31986.56,31986.56,SECRETARIA DE ESTADO DE EDUCACAO,SEE,SEE,TRILHAS DE FUTURO - ESTUDANTES,EPT
2026,7,1261,2118,71,0,Investimentos Próprios,10000.0,4160.0,0.0,SECRETARIA DE ESTADO DE EDUCACAO,SEE,SEE,TRILHAS DE FUTURO - ESTUDANTES,EPT
2026,7,1261,2118,71,0,Investimentos Próprios,25040.0,25040.0,0.0,SECRETARIA DE ESTADO DE EDUCACAO,SEE,SEE,TRILHAS DE FUTURO - ESTUDANTES,EPT
2026,7,2301,4162,10,0,Investimentos Próprios,1000000.0,299571.34,0.0,DEPARTAMENTO DE ESTRADAS DE RODAGEM DO ESTADO DE MINAS GERAIS,DER-MG,DER-MG,SUPORTE A GESTAO DOS ATIVOS RODOVIARIOS,Transportes
2026,7,1261,2118,71,0,Investimentos Próprios,15000.0,11740.0,11740.0,SECRETARIA DE ESTADO DE EDUCACAO,SEE,SEE,TRILHAS DE FUTURO - ESTUDANTES,EPT
2026,7,1261,2118,10,0,Investimentos Próprios,20000.0,14619.26,14619.26,SECRETARIA DE ESTADO DE EDUCACAO,SEE,SEE,TRILHAS DE FUTURO - ESTUDANTES,EPT
2026,7,1261,2118,10,0,Investimentos Próprios,39617.2,39617.2,39617.2,SECRETARIA DE ESTADO DE EDUCACAO,SEE,SEE,TRILHAS DE FUTURO - ESTUDANTES,EPT
2026,7,1261,2118,71,0,Investimentos Próprios,0.0,0.0,0.0,SECRETARIA DE ESTADO DE EDUCACAO,SEE,SEE,TRILHAS DE FUTURO - ESTUDANTES,EPT
2026,7,1261,2118,10,0,Investimentos Próprios,342737.83,342731.28,342731.28,SECRETARIA DE ESTADO DE EDUCACAO,SEE,SEE,TRILHAS DE FUTURO - ESTUDANTES,EPT
2026,7,1261,2118,71,0,Investimentos Próprios,8720.0,8720.0,8720.0,SECRETARIA DE ESTADO DE EDUCACAO,SEE,SEE,TRILHAS DE FUTURO - ESTUDANTES,EPT
2026,7,1261,2118,10,0,Investimentos Próprios,120000.0,54910.89,54910.89,SECRETARIA DE ESTADO DE EDUCACAO,SEE,SEE,TRILHAS DE FUTURO - ESTUDANTES,EPT
2026,7,1261,2118,10,0,Investimentos Próprios,908970.36,0.0,0.0,SECRETARIA DE ESTADO DE EDUCACAO,SEE,SEE,TRILHAS DE FUTURO - ESTUDANTES,EPT
2026,7,1261,2118,71,0,Investimentos Próprios,5940.0,5940.0,5940.0,SECRETARIA DE ESTADO DE EDUCACAO,SEE,SEE,TRILHAS DE FUTURO - ESTUDANTES,EPT
2026,7,1261,2118,71,0,Investimentos Próprios,122640.0,41400.0,41400.0,SECRETARIA DE ESTADO DE EDUCACAO,SEE,SEE,TRILHAS DE FUTURO - ESTUDANTES,EPT
2026,7,1261,2118,71,0,Investimentos Próprios,3500.0,3500.0,0.0,SECRETARIA DE ESTADO DE EDUCACAO,SEE,SEE,TRILHAS DE FUTURO - ESTUDANTES,EPT
2026,7,1261,2118,10,0,Investimentos Próprios,25889.5,25889.5,25889.5,SECRETARIA DE ESTADO DE EDUCACAO,SEE,SEE,TRILHAS DE FUTURO - ESTUDANTES,EPT
2026,7,1261,2118,10,0,Investimentos Próprios,35373.0,35373.0,35373.0,SECRETARIA DE ESTADO DE EDUCACAO,SEE,SEE,TRILHAS DE FUTURO - ESTUDANTES,EPT
2026,7,1261,2118,71,0,Investimentos Próprios,1100.0,1100.0,0.0,SECRETARIA DE ESTADO DE EDUCACAO,SEE,SEE,TRILHAS DE FUTURO - ESTUDANTES,EPT
2026,7,1261,2118,71,0,Investimentos Próprios,5620.0,5620.0,0.0,SECRETARIA DE ESTADO DE EDUCACAO,SEE,SEE,TRILHAS DE FUTURO - ESTUDANTES,EPT
2026,7,1261,2118,10,0,Investimentos Próprios,80142.0,79728.41,79728.41,SECRETARIA DE ESTADO DE EDUCACAO,SEE,SEE,TRILHAS DE FUTURO - ESTUDANTES,EPT
2026,7,1261,2118,71,0,Investimentos Próprios,33600.0,26360.0,26360.0,SECRETARIA DE ESTADO DE EDUCACAO,SEE,SEE,TRILHAS DE FUTURO - ESTUDANTES,EPT
2026,7,1261,2118,10,0,Investimentos Próprios,62553.6,61771.68,61771.68,SECRETARIA DE ESTADO DE EDUCACAO,SEE,SEE,TRILHAS DE FUTURO - ESTUDANTES,EPT
2026,7,1261,2118,71,0,Investimentos Próprios,71820.0,46980.0,46980.0,SECRETARIA DE ESTADO DE EDUCACAO,SEE,SEE,TRILHAS DE FUTURO - ESTUDANTES,EPT
2026,7,2301,4385,10,0,Investimentos Próprios,-347954.75,0.0,0.0,DEPARTAMENTO DE ESTRADAS DE RODAGEM DO ESTADO DE MINAS GERAIS,DER-MG,DER-MG,REABILITACAO DA MALHA VIARIA,Transportes
2026,7,1261,2118,10,0,Investimentos Próprios,132331.59,132331.59,0.0,SECRETARIA DE ESTADO DE EDUCACAO,SEE,SEE,TRILHAS DE FUTURO - ESTUDANTES,EPT
2026,7,1261,2118,71,0,Investimentos Próprios,45600.0,12300.0,12300.0,SECRETARIA DE ESTADO DE EDUCACAO,SEE,SEE,TRILHAS DE FUTURO - ESTUDANTES,EPT
2026,7,1261,2118,71,0,Investimentos Próprios,0.0,0.0,0.0,SECRETARIA DE ESTADO DE EDUCACAO,SEE,SEE,TRILHAS DE FUTURO - ESTUDANTES,EPT
2026,7,1261,2118,71,0,Investimentos Próprios,30000.0,15100.0,0.0,SECRETARIA DE ESTADO DE EDUCACAO,SEE,SEE,TRILHAS DE FUTURO - ESTUDANTES,EPT
2026,7,1261,2118,10,0,Investimentos Próprios,20782.97,20782.97,20782.97,SECRETARIA DE ESTADO DE EDUCACAO,SEE,SEE,TRILHAS DE FUTURO - ESTUDANTES,EPT
2026,7,1261,2118,10,0,Investimentos Próprios,40088.78,40088.78,40088.78,SECRETARIA DE ESTADO DE EDUCACAO,SEE,SEE,TRILHAS DE FUTURO - ESTUDANTES,EPT
2026,7,1261,2118,71,0,Investimentos Próprios,58207.7,21020.0,21020.0,SECRETARIA DE ESTADO DE EDUCACAO,SEE,SEE,TRILHAS DE FUTURO - ESTUDANTES,EPT
2026,7,2301,4385,10,0,Investimentos Próprios,0.0,4425.95,0.0,DEPARTAMENTO DE ESTRADAS DE RODAGEM DO ESTADO DE MINAS GERAIS,DER-MG,DER-MG,REABILITACAO DA MALHA VIARIA,Transportes
2026,7,2301,4385,10,0,Investimentos Próprios,0.0,9087.17,0.0,DEPARTAMENTO DE ESTRADAS DE RODAGEM DO ESTADO DE MINAS GERAIS,DER-MG,DER-MG,REABILITACAO DA MALHA VIARIA,Transportes
2026,7,1261,2118,71,0,Investimentos Próprios,14000.0,4900.0,4900.0,SECRETARIA DE ESTADO DE EDUCACAO,SEE,SEE,TRILHAS DE FUTURO - ESTUDANTES,EPT
2026,7,1261,2118,71,0,Investimentos Próprios,16000.0,13880.0,21600.0,SECRETARIA DE ESTADO DE EDUCACAO,SEE,SEE,TRILHAS DE FUTURO - ESTUDANTES,EPT
2026,7,1261,2118,71,0,Investimentos Próprios,9000.0,7800.0,14120.0,SECRETARIA DE ESTADO DE EDUCACAO,SEE,SEE,TRILHAS DE FUTURO - ESTUDANTES,EPT
2026,7,1261,2118,71,0,Investimentos Próprios,3060.0,3060.0,3060.0,SECRETARIA DE ESTADO DE EDUCACAO,SEE,SEE,TRILHAS DE FUTURO - ESTUDANTES,EPT
2026,7,2301,4275,33,0,Investimentos Próprios,0.0,164555.83,0.0,DEPARTAMENTO DE ESTRADAS DE RODAGEM DO ESTADO DE MINAS GERAIS,DER-MG,DER-MG,IMPLANTACAO/PAVIMENTACAO DA MALHA,Transportes
2026,7,2301,4268,10,0,Investimentos Próprios,1792990.47,0.0,0.0,DEPARTAMENTO DE ESTRADAS DE RODAGEM DO ESTADO DE MINAS GERAIS,DER-MG,DER-MG,AMPLIACAO DE CAPACIDADE DA MALHA E RESTAURACAO DO PAVIMENTO,Transportes
2026,7,1261,2118,10,0,Investimentos Próprios,17371.0,17370.92,31639.89,SECRETARIA DE ESTADO DE EDUCACAO,SEE,SEE,TRILHAS DE FUTURO - ESTUDANTES,EPT
2026,7,1261,2118,71,0,Investimentos Próprios,11200.0,10140.0,0.0,SECRETARIA DE ESTADO DE EDUCACAO,SEE,SEE,TRILHAS DE FUTURO - ESTUDANTES,EPT
2026,7,1261,2118,71,0,Investimentos Próprios,24640.0,15480.0,22920.0,SECRETARIA DE ESTADO DE EDUCACAO,SEE,SEE,TRILHAS DE FUTURO - ESTUDANTES,EPT
2026,7,1261,2118,71,0,Investimentos Próprios,4220.0,4220.0,4220.0,SECRETARIA DE ESTADO DE EDUCACAO,SEE,SEE,TRILHAS DE FUTURO - ESTUDANTES,EPT
2026,7,1261,2118,10,0,Investimentos Próprios,21398.58,21398.58,0.0,SECRETARIA DE ESTADO DE EDUCACAO,SEE,SEE,TRILHAS DE FUTURO - ESTUDANTES,EPT
2026,7,1261,2118,10,0,Investimentos Próprios,87000.0,42380.85,83496.6,SECRETARIA DE ESTADO DE EDUCACAO,SEE,SEE,TRILHAS DE FUTURO - ESTUDANTES,EPT
2026,7,1261,2118,10,0,Investimentos Próprios,126872.33,126872.33,126872.33,SECRETARIA DE ESTADO DE EDUCACAO,SEE,SEE,TRILHAS DE FUTURO - ESTUDANTES,EPT
2026,7,1261,2118,71,0,Investimentos Próprios,65740.0,65740.0,65740.0,SECRETARIA DE ESTADO DE EDUCACAO,SEE,SEE,TRILHAS DE FUTURO - ESTUDANTES,EPT
2026,7,1261,2118,10,0,Investimentos Próprios,0.0,0.0,0.0,SECRETARIA DE ESTADO DE EDUCACAO,SEE,SEE,TRILHAS DE FUTURO - ESTUDANTES,EPT
2026,7,1261,2118,10,0,Investimentos Próprios,0.0,0.0,0.0,SECRETARIA DE ESTADO DE EDUCACAO,SEE,SEE,TRILHAS DE FUTURO - ESTUDANTES,EPT
2026,7,1261,2118,10,0,Investimentos Próprios,13823.5,13823.5,0.0,SECRETARIA DE ESTADO DE EDUCACAO,SEE,SEE,TRILHAS DE FUTURO - ESTUDANTES,EPT
2026,7,1261,2118,10,0,Investimentos Próprios,90000.0,43895.93,43895.93,SECRETARIA DE ESTADO DE EDUCACAO,SEE,SEE,TRILHAS DE FUTURO - ESTUDANTES,EPT
2026,7,1261,2118,71,0,Investimentos Próprios,44860.0,44860.0,44860.0,SECRETARIA DE ESTADO DE EDUCACAO,SEE,SEE,TRILHAS DE FUTURO - ESTUDANTES,EPT
2026,7,1261,2118,71,0,Investimentos Próprios,145000.0,46900.0,76300.0,SECRETARIA DE ESTADO DE EDUCACAO,SEE,SEE,TRILHAS DE FUTURO - ESTUDANTES,EPT
2026,7,1261,2118,10,0,Investimentos Próprios,295221.16,147610.58,288627.36,SECRETARIA DE ESTADO DE EDUCACAO,SEE,SEE,TRILHAS DE FUTURO - ESTUDANTES,EPT
2026,7,1261,2118,10,0,Investimentos Próprios,314814.55,314814.55,619621.9,SECRETARIA DE ESTADO DE EDUCACAO,SEE,SEE,TRILHAS DE FUTURO - ESTUDANTES,EPT
2026,7,1261,2118,10,0,Investimentos Próprios,11395.92,11395.92,0.0,SECRETARIA DE ESTADO DE EDUCACAO,SEE,SEE,TRILHAS DE FUTURO - ESTUDANTES,EPT
2026,7,1261,2118,10,0,Investimentos Próprios,15027.22,15027.22,0.0,SECRETARIA DE ESTADO DE EDUCACAO,SEE,SEE,TRILHAS DE FUTURO - ESTUDANTES,EPT
2026,7,1261,2118,10,0,Investimentos Próprios,21567.0,21567.0,0.0,SECRETARIA DE ESTADO DE EDUCACAO,SEE,SEE,TRILHAS DE FUTURO - ESTUDANTES,EPT
2026,7,1261,2118,10,0,Investimentos Próprios,11188.08,11188.08,0.0,SECRETARIA DE ESTADO DE EDUCACAO,SEE,SEE,TRILHAS DE FUTURO - ESTUDANTES,EPT
2026,7,1261,2118,10,0,Investimentos Próprios,297940.66,297940.66,297940.66,SECRETARIA DE ESTADO DE EDUCACAO,SEE,SEE,TRILHAS DE FUTURO - ESTUDANTES,EPT
2026,7,1261,2118,10,0,Investimentos Próprios,107709.48,107709.48,107709.48,SECRETARIA DE ESTADO DE EDUCACAO,SEE,SEE,TRILHAS DE FUTURO - ESTUDANTES,EPT
2026,7,1261,2118,71,0,Investimentos Próprios,7500.0,7500.0,0.0,SECRETARIA DE ESTADO DE EDUCACAO,SEE,SEE,TRILHAS DE FUTURO - ESTUDANTES,EPT
2026,7,1261,2118,71,0,Investimentos Próprios,20900.0,11660.0,18400.0,SECRETARIA DE ESTADO DE EDUCACAO,SEE,SEE,TRILHAS DE FUTURO - ESTUDANTES,EPT
2026,7,1261,2118,71,0,Investimentos Próprios,4000.0,3060.0,3060.0,SECRETARIA DE ESTADO DE EDUCACAO,SEE,SEE,TRILHAS DE FUTURO - ESTUDANTES,EPT
2026,7,1261,2118,71,0,Investimentos Próprios,15400.0,15340.0,34860.0,SECRETARIA DE ESTADO DE EDUCACAO,SEE,SEE,TRILHAS DE FUTURO - ESTUDANTES,EPT
2026,7,1261,2118,71,0,Investimentos Próprios,21120.0,7780.0,14780.0,SECRETARIA DE ESTADO DE EDUCACAO,SEE,SEE,TRILHAS DE FUTURO - ESTUDANTES,EPT
2026,7,2301,4385,10,0,Investimentos Próprios,0.0,26036.24,0.0,DEPARTAMENTO DE ESTRADAS DE RODAGEM DO ESTADO DE MINAS GERAIS,DER-MG,DER-MG,REABILITACAO DA MALHA VIARIA,Transportes
2026,7,2301,4293,32,0,Investimentos Próprios,5378739.0,3675119.79,0.0,DEPARTAMENTO DE ESTRADAS DE RODAGEM DO ESTADO DE MINAS GERAIS,DER-MG,DER-MG,CONSERVACAO ROTINEIRA DA MALHA VIARIA,Transportes
2026,7,1261,2118,10,0,Investimentos Próprios,22000.0,19042.2,19042.2,SECRETARIA DE ESTADO DE EDUCACAO,SEE,SEE,TRILHAS DE FUTURO - ESTUDANTES,EPT
2026,7,1261,2118,10,0,Investimentos Próprios,17096.66,17096.66,17096.66,SECRETARIA DE ESTADO DE EDUCACAO,SEE,SEE,TRILHAS DE FUTURO - ESTUDANTES,EPT
2026,7,1261,2118,10,0,Investimentos Próprios,165072.6,154853.82,154853.82,SECRETARIA DE ESTADO DE EDUCACAO,SEE,SEE,TRILHAS DE FUTURO - ESTUDANTES,EPT
2026,7,1261,2118,10,0,Investimentos Próprios,62404.02,57946.59,57946.59,SECRETARIA DE ESTADO DE EDUCACAO,SEE,SEE,TRILHAS DE FUTURO - ESTUDANTES,EPT
2026,7,1261,2118,10,0,Investimentos Próprios,180608.09,180552.82,180552.82,SECRETARIA DE ESTADO DE EDUCACAO,SEE,SEE,TRILHAS DE FUTURO - ESTUDANTES,EPT
2026,7,1251,4365,48,0,Investimentos Próprios,0.0,4041262.06,0.0,POLICIA MILITAR DO ESTADO DE MINAS GERAIS,PMMG,PMMG,POLICIAMENTO OSTENSIVO GERAL,Segurança Pública
2026,7,1261,2118,71,0,Investimentos Próprios,34000.0,9900.0,9900.0,SECRETARIA DE ESTADO DE EDUCACAO,SEE,SEE,TRILHAS DE FUTURO - ESTUDANTES,EPT
2026,7,1261,2118,71,0,Investimentos Próprios,29000.0,19260.0,19260.0,SECRETARIA DE ESTADO DE EDUCACAO,SEE,SEE,TRILHAS DE FUTURO - ESTUDANTES,EPT
2026,7,2301,4275,10,0,Investimentos Próprios,42351.36,42351.36,42351.36,DEPARTAMENTO DE ESTRADAS DE RODAGEM DO ESTADO DE MINAS GERAIS,DER-MG,DER-MG,IMPLANTACAO/PAVIMENTACAO DA MALHA,Transportes
2026,7,1261,2118,10,0,Investimentos Próprios,7370.17,7370.17,7370.17,SECRETARIA DE ESTADO DE EDUCACAO,SEE,SEE,TRILHAS DE FUTURO - ESTUDANTES,EPT
2026,7,1261,2118,10,0,Investimentos Próprios,28149.0,28149.0,28149.0,SECRETARIA DE ESTADO DE EDUCACAO,SEE,SEE,TRILHAS DE FUTURO - ESTUDANTES,EPT
2026,7,1261,2118,10,0,Investimentos Próprios,150000.0,102560.71,167764.87,SECRETARIA DE ESTADO DE EDUCACAO,SEE,SEE,TRILHAS DE FUTURO - ESTUDANTES,EPT
2026,7,1261,2118,10,0,Investimentos Próprios,10754.1,0.0,10754.1,SECRETARIA DE ESTADO DE EDUCACAO,SEE,SEE,TRILHAS DE FUTURO - ESTUDANTES,EPT
2026,7,1261,2118,10,0,Investimentos Próprios,0.0,0.0,0.0,SECRETARIA DE ESTADO DE EDUCACAO,SEE,SEE,TRILHAS DE FUTURO - ESTUDANTES,EPT
2026,7,1261,2118,10,0,Investimentos Próprios,0.0,0.0,0.0,SECRETARIA DE ESTADO DE EDUCACAO,SEE,SEE,TRILHAS DE FUTURO - ESTUDANTES,EPT
2026,7,1261,2118,10,0,Investimentos Próprios,0.0,0.0,0.0,SECRETARIA DE ESTADO DE EDUCACAO,SEE,SEE,TRILHAS DE FUTURO - ESTUDANTES,EPT
2026,7,1261,2118,10,0,Investimentos Próprios,0.0,0.0,0.0,SECRETARIA DE ESTADO DE EDUCACAO,SEE,SEE,TRILHAS DE FUTURO - ESTUDANTES,EPT
2026,7,1261,2118,10,0,Investimentos Próprios,15000.0,13632.63,13632.63,SECRETARIA DE ESTADO DE EDUCACAO,SEE,SEE,TRILHAS DE FUTURO - ESTUDANTES,EPT
2026,7,1261,2118,10,0,Investimentos Próprios,13500.0,12393.3,12393.3,SECRETARIA DE ESTADO DE EDUCACAO,SEE,SEE,TRILHAS DE FUTURO - ESTUDANTES,EPT
2026,7,1261,2118,10,0,Investimentos Próprios,1274000.0,1188183.11,1188183.11,SECRETARIA DE ESTADO DE EDUCACAO,SEE,SEE,TRILHAS DE FUTURO - ESTUDANTES,EPT
2026,7,2301,4280,10,0,Investimentos Próprios,2105408.94,70447.78,0.0,DEPARTAMENTO DE ESTRADAS DE RODAGEM DO ESTADO DE MINAS GERAIS,DER-MG,DER-MG,MITIGACAO DE DANOS PONTUAIS NAS RODOVIAS,Transportes
2026,7,1261,2118,71,0,Investimentos Próprios,0.0,0.0,0.0,SECRETARIA DE ESTADO DE EDUCACAO,SEE,SEE,TRILHAS DE FUTURO - ESTUDANTES,EPT
2026,7,1261,2118,10,0,Investimentos Próprios,0.0,0.0,0.0,SECRETARIA DE ESTADO DE EDUCACAO,SEE,SEE,TRILHAS DE FUTURO - ESTUDANTES,EPT
2026,7,1261,2118,10,0,Investimentos Próprios,337118.47,0.0,0.0,SECRETARIA DE ESTADO DE EDUCACAO,SEE,SEE,TRILHAS DE FUTURO - ESTUDANTES,EPT
2026,7,2301,4268,33,0,Investimentos Próprios,-172503.19,0.0,0.0,DEPARTAMENTO DE ESTRADAS DE RODAGEM DO ESTADO DE MINAS GERAIS,DER-MG,DER-MG,AMPLIACAO DE CAPACIDADE DA MALHA E RESTAURACAO DO PAVIMENTO,Transportes
2026,7,2301,4268,33,0,Investimentos Próprios,-54264.59,0.0,0.0,DEPARTAMENTO DE ESTRADAS DE RODAGEM DO ESTADO DE MINAS GERAIS,DER-MG,DER-MG,AMPLIACAO DE CAPACIDADE DA MALHA E RESTAURACAO DO PAVIMENTO,Transportes
2026,7,2301,4275,10,0,Investimentos Próprios,0.0,447179.5,0.0,DEPARTAMENTO DE ESTRADAS DE RODAGEM DO ESTADO DE MINAS GERAIS,DER-MG,DER-MG,IMPLANTACAO/PAVIMENTACAO DA MALHA,Transportes
2026,7,1261,2118,71,0,Investimentos Próprios,0.0,0.0,0.0,SECRETARIA DE ESTADO DE EDUCACAO,SEE,SEE,TRILHAS DE FUTURO - ESTUDANTES,EPT
2026,7,1261,2118,10,0,Investimentos Próprios,5878.99,5878.99,0.0,SECRETARIA DE ESTADO DE EDUCACAO,SEE,SEE,TRILHAS DE FUTURO - ESTUDANTES,EPT
2026,7,1261,2118,10,0,Investimentos Próprios,25637.69,25637.69,25637.69,SECRETARIA DE ESTADO DE EDUCACAO,SEE,SEE,TRILHAS DE FUTURO - ESTUDANTES,EPT
2026,7,1261,2118,71,0,Investimentos Próprios,200000.0,99400.0,99400.0,SECRETARIA DE ESTADO DE EDUCACAO,SEE,SEE,TRILHAS DE FUTURO - ESTUDANTES,EPT
2026,7,2301,4275,10,0,Investimentos Próprios,0.0,453170.23,0.0,DEPARTAMENTO DE ESTRADAS DE RODAGEM DO ESTADO DE MINAS GERAIS,DER-MG,DER-MG,IMPLANTACAO/PAVIMENTACAO DA MALHA,Transportes
2026,7,1261,2118,10,0,Investimentos Próprios,35595.84,35595.84,35595.84,SECRETARIA DE ESTADO DE EDUCACAO,SEE,SEE,TRILHAS DE FUTURO - ESTUDANTES,EPT
2026,7,1261,2118,71,0,Investimentos Próprios,24060.0,24060.0,24060.0,SECRETARIA DE ESTADO DE EDUCACAO,SEE,SEE,TRILHAS DE FUTURO - ESTUDANTES,EPT
2026,7,1261,2118,71,0,Investimentos Próprios,15620.0,15620.0,15620.0,SECRETARIA DE ESTADO DE EDUCACAO,SEE,SEE,TRILHAS DE FUTURO - ESTUDANTES,EPT
2026,7,1261,2118,71,0,Investimentos Próprios,16800.0,0.0,0.0,SECRETARIA DE ESTADO DE EDUCACAO,SEE,SEE,TRILHAS DE FUTURO - ESTUDANTES,EPT
2026,7,1261,2118,71,0,Investimentos Próprios,80280.0,36320.0,36320.0,SECRETARIA DE ESTADO DE EDUCACAO,SEE,SEE,TRILHAS DE FUTURO - ESTUDANTES,EPT
2026,7,1261,2118,10,0,Investimentos Próprios,1030000.0,479954.8,479954.8,SECRETARIA DE ESTADO DE EDUCACAO,SEE,SEE,TRILHAS DE FUTURO - ESTUDANTES,EPT
2026,7,1261,2118,71,0,Investimentos Próprios,305000.0,136200.0,136200.0,SECRETARIA DE ESTADO DE EDUCACAO,SEE,SEE,TRILHAS DE FUTURO - ESTUDANTES,EPT
2026,7,1261,2118,10,0,Investimentos Próprios,26277.16,13138.58,13138.58,SECRETARIA DE ESTADO DE EDUCACAO,SEE,SEE,TRILHAS DE FUTURO - ESTUDANTES,EPT
2026,7,1261,2118,10,0,Investimentos Próprios,33740.0,16869.89,16869.89,SECRETARIA DE ESTADO DE EDUCACAO,SEE,SEE,TRILHAS DE FUTURO - ESTUDANTES,EPT
2026,7,1261,2118,71,0,Investimentos Próprios,76800.0,15340.0,15340.0,SECRETARIA DE ESTADO DE EDUCACAO,SEE,SEE,TRILHAS DE FUTURO - ESTUDANTES,EPT
2026,7,1261,2118,71,0,Investimentos Próprios,85200.0,16080.0,16080.0,SECRETARIA DE ESTADO DE EDUCACAO,SEE,SEE,TRILHAS DE FUTURO - ESTUDANTES,EPT
2026,7,1261,2118,10,0,Investimentos Próprios,53059.5,26529.75,26529.75,SECRETARIA DE ESTADO DE EDUCACAO,SEE,SEE,TRILHAS DE FUTURO - ESTUDANTES,EPT
2026,7,1261,2118,10,0,Investimentos Próprios,45899.06,23483.24,23483.24,SECRETARIA DE ESTADO DE EDUCACAO,SEE,SEE,TRILHAS DE FUTURO - ESTUDANTES,EPT
2026,7,1261,2118,71,0,Investimentos Próprios,72000.0,13800.0,13800.0,SECRETARIA DE ESTADO DE EDUCACAO,SEE,SEE,TRILHAS DE FUTURO - ESTUDANTES,EPT
2026,7,1251,4365,48,0,Investimentos Próprios,1563323.29,0.0,0.0,POLICIA MILITAR DO ESTADO DE MINAS GERAIS,PMMG,PMMG,POLICIAMENTO OSTENSIVO GERAL,Segurança Pública
2026,7,1251,4365,48,0,Investimentos Próprios,0.0,53200.0,0.0,POLICIA MILITAR DO ESTADO DE MINAS GERAIS,PMMG,PMMG,POLICIAMENTO OSTENSIVO GERAL,Segurança Pública
2026,7,1261,2118,10,0,Investimentos Próprios,49521.6,24760.8,24760.8,SECRETARIA DE ESTADO DE EDUCACAO,SEE,SEE,TRILHAS DE FUTURO - ESTUDANTES,EPT
2026,7,1261,2118,10,0,Investimentos Próprios,47541.48,24336.71,24336.71,SECRETARIA DE ESTADO DE EDUCACAO,SEE,SEE,TRILHAS DE FUTURO - ESTUDANTES,EPT
2026,7,1261,2118,10,0,Investimentos Próprios,0.0,0.0,0.0,SECRETARIA DE ESTADO DE EDUCACAO,SEE,SEE,TRILHAS DE FUTURO - ESTUDANTES,EPT
2026,7,1261,2118,10,0,Investimentos Próprios,0.0,0.0,0.0,SECRETARIA DE ESTADO DE EDUCACAO,SEE,SEE,TRILHAS DE FUTURO - ESTUDANTES,EPT
2026,7,2301,4385,33,0,Investimentos Próprios,-52043.32,17956.68,0.0,DEPARTAMENTO DE ESTRADAS DE RODAGEM DO ESTADO DE MINAS GERAIS,DER-MG,DER-MG,REABILITACAO DA MALHA VIARIA,Transportes
2026,7,1261,2118,10,0,Investimentos Próprios,20374.51,0.0,20374.56,SECRETARIA DE ESTADO DE EDUCACAO,SEE,SEE,TRILHAS DE FUTURO - ESTUDANTES,EPT
2026,7,1261,2118,71,0,Investimentos Próprios,0.0,0.0,0.0,SECRETARIA DE ESTADO DE EDUCACAO,SEE,SEE,TRILHAS DE FUTURO - ESTUDANTES,EPT
2026,7,1511,4061,48,0,Investimentos Próprios,9635.65,0.0,0.0,POLICIA CIVIL DO ESTADO DE MINAS GERAIS,PCMG,PCMG,PERICIAS TECNICO-CIENTIFICAS,Segurança Pública
2026,7,1261,2118,71,0,Investimentos Próprios,45000.0,42220.0,42220.0,SECRETARIA DE ESTADO DE EDUCACAO,SEE,SEE,TRILHAS DE FUTURO - ESTUDANTES,EPT
2026,7,1261,2118,71,0,Investimentos Próprios,30000.0,0.0,9100.0,SECRETARIA DE ESTADO DE EDUCACAO,SEE,SEE,TRILHAS DE FUTURO - ESTUDANTES,EPT
2026,7,1261,2118,10,0,Investimentos Próprios,0.0,0.0,0.0,SECRETARIA DE ESTADO DE EDUCACAO,SEE,SEE,TRILHAS DE FUTURO - ESTUDANTES,EPT
2026,7,1261,2118,10,0,Investimentos Próprios,150000.0,0.0,72092.6,SECRETARIA DE ESTADO DE EDUCACAO,SEE,SEE,TRILHAS DE FUTURO - ESTUDANTES,EPT
2026,7,2301,4268,10,0,Investimentos Próprios,0.0,90597.34,0.0,DEPARTAMENTO DE ESTRADAS DE RODAGEM DO ESTADO DE MINAS GERAIS,DER-MG,DER-MG,AMPLIACAO DE CAPACIDADE DA MALHA E RESTAURACAO DO PAVIMENTO,Transportes
2026,7,1261,2118,10,0,Investimentos Próprios,0.0,0.0,0.0,SECRETARIA DE ESTADO DE EDUCACAO,SEE,SEE,TRILHAS DE FUTURO - ESTUDANTES,EPT
2026,7,1261,2118,10,0,Investimentos Próprios,0.0,0.0,0.0,SECRETARIA DE ESTADO DE EDUCACAO,SEE,SEE,TRILHAS DE FUTURO - ESTUDANTES,EPT
2026,7,1261,2118,10,0,Investimentos Próprios,0.0,0.0,0.0,SECRETARIA DE ESTADO DE EDUCACAO,SEE,SEE,TRILHAS DE FUTURO - ESTUDANTES,EPT
2026,7,1261,2118,71,0,Investimentos Próprios,56000.0,0.0,12560.0,SECRETARIA DE ESTADO DE EDUCACAO,SEE,SEE,TRILHAS DE FUTURO - ESTUDANTES,EPT
2026,7,1261,2118,71,0,Investimentos Próprios,29420.0,29420.0,29420.0,SECRETARIA DE ESTADO DE EDUCACAO,SEE,SEE,TRILHAS DE FUTURO - ESTUDANTES,EPT
2026,7,1261,2118,71,0,Investimentos Próprios,340000.0,235080.0,235080.0,SECRETARIA DE ESTADO DE EDUCACAO,SEE,SEE,TRILHAS DE FUTURO - ESTUDANTES,EPT
2026,7,1261,2118,10,0,Investimentos Próprios,31000.0,0.0,0.0,SECRETARIA DE ESTADO DE EDUCACAO,SEE,SEE,TRILHAS DE FUTURO - ESTUDANTES,EPT
2026,7,1261,2118,10,0,Investimentos Próprios,19000.0,0.0,0.0,SECRETARIA DE ESTADO DE EDUCACAO,SEE,SEE,TRILHAS DE FUTURO - ESTUDANTES,EPT
2026,7,1261,2118,10,0,Investimentos Próprios,23146.0,0.0,0.0,SECRETARIA DE ESTADO DE EDUCACAO,SEE,SEE,TRILHAS DE FUTURO - ESTUDANTES,EPT
2026,7,1261,2118,10,0,Investimentos Próprios,16610.0,0.0,0.0,SECRETARIA DE ESTADO DE EDUCACAO,SEE,SEE,TRILHAS DE FUTURO - ESTUDANTES,EPT
2026,7,2301,4275,10,0,Investimentos Próprios,5384551.4,0.0,0.0,DEPARTAMENTO DE ESTRADAS DE RODAGEM DO ESTADO DE MINAS GERAIS,DER-MG,DER-MG,IMPLANTACAO/PAVIMENTACAO DA MALHA,Transportes
2026,7,2301,4280,10,0,Investimentos Próprios,1673659.02,0.0,0.0,DEPARTAMENTO DE ESTRADAS DE RODAGEM DO ESTADO DE MINAS GERAIS,DER-MG,DER-MG,MITIGACAO DE DANOS PONTUAIS NAS RODOVIAS,Transportes
2026,7,2301,4275,10,0,Investimentos Próprios,522921.8,0.0,0.0,DEPARTAMENTO DE ESTRADAS DE RODAGEM DO ESTADO DE MINAS GERAIS,DER-MG,DER-MG,IMPLANTACAO/PAVIMENTACAO DA MALHA,Transportes
2026,7,1261,2118,10,0,Investimentos Próprios,50779.2,0.0,50779.2,SECRETARIA DE ESTADO DE EDUCACAO,SEE,SEE,TRILHAS DE FUTURO - ESTUDANTES,EPT
2026,7,1261,2118,71,0,Investimentos Próprios,9400.0,0.0,0.0,SECRETARIA DE ESTADO DE EDUCACAO,SEE,SEE,TRILHAS DE FUTURO - ESTUDANTES,EPT
2026,7,2301,4275,10,0,Investimentos Próprios,26137308.0,0.0,0.0,DEPARTAMENTO DE ESTRADAS DE RODAGEM DO ESTADO DE MINAS GERAIS,DER-MG,DER-MG,IMPLANTACAO/PAVIMENTACAO DA MALHA,Transportes
2026,7,1261,2118,10,0,Investimentos Próprios,14723.08,14723.08,14723.08,SECRETARIA DE ESTADO DE EDUCACAO,SEE,SEE,TRILHAS DE FUTURO - ESTUDANTES,EPT
2026,7,1261,2118,10,0,Investimentos Próprios,8900.04,8900.04,8900.04,SECRETARIA DE ESTADO DE EDUCACAO,SEE,SEE,TRILHAS DE FUTURO - ESTUDANTES,EPT
2026,7,1261,2118,10,0,Investimentos Próprios,35205.09,35205.09,35205.09,SECRETARIA DE ESTADO DE EDUCACAO,SEE,SEE,TRILHAS DE FUTURO - ESTUDANTES,EPT
2026,7,1261,2118,10,0,Investimentos Próprios,46472.66,46472.66,46472.66,SECRETARIA DE ESTADO DE EDUCACAO,SEE,SEE,TRILHAS DE FUTURO - ESTUDANTES,EPT
2026,7,1261,2118,10,0,Investimentos Próprios,38472.27,38472.27,38472.27,SECRETARIA DE ESTADO DE EDUCACAO,SEE,SEE,TRILHAS DE FUTURO - ESTUDANTES,EPT
2026,7,1261,2118,10,0,Investimentos Próprios,0.0,0.0,0.0,SECRETARIA DE ESTADO DE EDUCACAO,SEE,SEE,TRILHAS DE FUTURO - ESTUDANTES,EPT
2026,7,1261,2118,10,0,Investimentos Próprios,0.0,0.0,0.0,SECRETARIA DE ESTADO DE EDUCACAO,SEE,SEE,TRILHAS DE FUTURO - ESTUDANTES,EPT
2026,7,1261,2118,10,0,Investimentos Próprios,25549.91,25549.91,25549.91,SECRETARIA DE ESTADO DE EDUCACAO,SEE,SEE,TRILHAS DE FUTURO - ESTUDANTES,EPT
2026,7,1261,2118,71,0,Investimentos Próprios,245000.0,115880.0,115880.0,SECRETARIA DE ESTADO DE EDUCACAO,SEE,SEE,TRILHAS DE FUTURO - ESTUDANTES,EPT
2026,7,1261,2118,10,0,Investimentos Próprios,20926.0,11300.04,11300.04,SECRETARIA DE ESTADO DE EDUCACAO,SEE,SEE,TRILHAS DE FUTURO - ESTUDANTES,EPT
2026,7,1261,2118,10,0,Investimentos Próprios,23444.52,10656.6,10656.6,SECRETARIA DE ESTADO DE EDUCACAO,SEE,SEE,TRILHAS DE FUTURO - ESTUDANTES,EPT
2026,7,1261,2118,10,0,Investimentos Próprios,24815.2,19231.78,19231.78,SECRETARIA DE ESTADO DE EDUCACAO,SEE,SEE,TRILHAS DE FUTURO - ESTUDANTES,EPT
2026,7,1261,2118,10,0,Investimentos Próprios,21791.2,14164.28,14164.28,SECRETARIA DE ESTADO DE EDUCACAO,SEE,SEE,TRILHAS DE FUTURO - ESTUDANTES,EPT
2026,7,1261,2118,10,0,Investimentos Próprios,30547.74,30547.74,30547.74,SECRETARIA DE ESTADO DE EDUCACAO,SEE,SEE,TRILHAS DE FUTURO - ESTUDANTES,EPT
2026,7,1261,2118,71,0,Investimentos Próprios,19720.0,19720.0,19720.0,SECRETARIA DE ESTADO DE EDUCACAO,SEE,SEE,TRILHAS DE FUTURO - ESTUDANTES,EPT
2026,7,1261,2118,71,0,Investimentos Próprios,8120.0,8120.0,8120.0,SECRETARIA DE ESTADO DE EDUCACAO,SEE,SEE,TRILHAS DE FUTURO - ESTUDANTES,EPT
2026,7,1261,2118,10,0,Investimentos Próprios,60000.0,57846.15,57846.15,SECRETARIA DE ESTADO DE EDUCACAO,SEE,SEE,TRILHAS DE FUTURO - ESTUDANTES,EPT
2026,7,1261,2118,71,0,Investimentos Próprios,91000.0,48380.0,48380.0,SECRETARIA DE ESTADO DE EDUCACAO,SEE,SEE,TRILHAS DE FUTURO - ESTUDANTES,EPT
2026,7,1261,2118,71,0,Investimentos Próprios,28800.0,8700.0,8700.0,SECRETARIA DE ESTADO DE EDUCACAO,SEE,SEE,TRILHAS DE FUTURO - ESTUDANTES,EPT
2026,7,1261,2118,71,0,Investimentos Próprios,24000.0,7260.0,7260.0,SECRETARIA DE ESTADO DE EDUCACAO,SEE,SEE,TRILHAS DE FUTURO - ESTUDANTES,EPT
2026,7,1261,2118,71,0,Investimentos Próprios,36000.0,8420.0,8420.0,SECRETARIA DE ESTADO DE EDUCACAO,SEE,SEE,TRILHAS DE FUTURO - ESTUDANTES,EPT
2026,7,1261,2118,10,0,Investimentos Próprios,35903.16,23522.76,23522.76,SECRETARIA DE ESTADO DE EDUCACAO,SEE,SEE,TRILHAS DE FUTURO - ESTUDANTES,EPT
2026,7,1261,2118,71,0,Investimentos Próprios,16800.0,0.0,0.0,SECRETARIA DE ESTADO DE EDUCACAO,SEE,SEE,TRILHAS DE FUTURO - ESTUDANTES,EPT
2026,7,1261,2118,71,0,Investimentos Próprios,23040.0,23040.0,23040.0,SECRETARIA DE ESTADO DE EDUCACAO,SEE,SEE,TRILHAS DE FUTURO - ESTUDANTES,EPT
2026,7,1261,2118,71,0,Investimentos Próprios,24580.0,24580.0,24580.0,SECRETARIA DE ESTADO DE EDUCACAO,SEE,SEE,TRILHAS DE FUTURO - ESTUDANTES,EPT
2026,7,1261,2118,71,0,Investimentos Próprios,9000.0,9000.0,9000.0,SECRETARIA DE ESTADO DE EDUCACAO,SEE,SEE,TRILHAS DE FUTURO - ESTUDANTES,EPT
2026,7,1261,2118,71,0,Investimentos Próprios,16540.0,16540.0,16540.0,SECRETARIA DE ESTADO DE EDUCACAO,SEE,SEE,TRILHAS DE FUTURO - ESTUDANTES,EPT
2026,7,1261,2118,71,0,Investimentos Próprios,17660.0,17660.0,17660.0,SECRETARIA DE ESTADO DE EDUCACAO,SEE,SEE,TRILHAS DE FUTURO - ESTUDANTES,EPT
2026,7,1261,2118,71,0,Investimentos Próprios,29040.0,29040.0,29040.0,SECRETARIA DE ESTADO DE EDUCACAO,SEE,SEE,TRILHAS DE FUTURO - ESTUDANTES,EPT
2026,7,1261,2118,71,0,Investimentos Próprios,19560.0,19560.0,19560.0,SECRETARIA DE ESTADO DE EDUCACAO,SEE,SEE,TRILHAS DE FUTURO - ESTUDANTES,EPT
2026,7,1261,2118,71,0,Investimentos Próprios,64980.0,57420.0,57420.0,SECRETARIA DE ESTADO DE EDUCACAO,SEE,SEE,TRILHAS DE FUTURO - ESTUDANTES,EPT
2026,7,1261,2118,71,0,Investimentos Próprios,20000.0,4580.0,7180.0,SECRETARIA DE ESTADO DE EDUCACAO,SEE,SEE,TRILHAS DE FUTURO - ESTUDANTES,EPT
2026,7,1261,2118,71,0,Investimentos Próprios,99548.0,97880.0,97880.0,SECRETARIA DE ESTADO DE EDUCACAO,SEE,SEE,TRILHAS DE FUTURO - ESTUDANTES,EPT
2026,7,1261,2118,71,0,Investimentos Próprios,25260.0,25260.0,25260.0,SECRETARIA DE ESTADO DE EDUCACAO,SEE,SEE,TRILHAS DE FUTURO - ESTUDANTES,EPT
2026,7,1261,2118,71,0,Investimentos Próprios,154820.0,154820.0,111200.0,SECRETARIA DE ESTADO DE EDUCACAO,SEE,SEE,TRILHAS DE FUTURO - ESTUDANTES,EPT
2026,7,1261,2118,10,0,Investimentos Próprios,24474.97,0.0,0.0,SECRETARIA DE ESTADO DE EDUCACAO,SEE,SEE,TRILHAS DE FUTURO - ESTUDANTES,EPT
2026,7,1261,2118,10,0,Investimentos Próprios,26000.0,25154.04,25154.04,SECRETARIA DE ESTADO DE EDUCACAO,SEE,SEE,TRILHAS DE FUTURO - ESTUDANTES,EPT
2026,7,2301,4162,10,0,Investimentos Próprios,846060.37,299325.34,0.0,DEPARTAMENTO DE ESTRADAS DE RODAGEM DO ESTADO DE MINAS GERAIS,DER-MG,DER-MG,SUPORTE A GESTAO DOS ATIVOS RODOVIARIOS,Transportes
2026,7,1261,2118,71,0,Investimentos Próprios,11000.0,8760.0,8760.0,SECRETARIA DE ESTADO DE EDUCACAO,SEE,SEE,TRILHAS DE FUTURO - ESTUDANTES,EPT
2026,7,1261,2118,10,0,Investimentos Próprios,20513.94,20513.94,41027.88,SECRETARIA DE ESTADO DE EDUCACAO,SEE,SEE,TRILHAS DE FUTURO - ESTUDANTES,EPT
2026,7,1261,2118,10,0,Investimentos Próprios,60312.6,60312.6,60312.6,SECRETARIA DE ESTADO DE EDUCACAO,SEE,SEE,TRILHAS DE FUTURO - ESTUDANTES,EPT
2026,7,1261,2118,10,0,Investimentos Próprios,30000.0,23127.36,23127.36,SECRETARIA DE ESTADO DE EDUCACAO,SEE,SEE,TRILHAS DE FUTURO - ESTUDANTES,EPT
2026,7,1261,2118,71,0,Investimentos Próprios,41560.0,41560.0,41560.0,SECRETARIA DE ESTADO DE EDUCACAO,SEE,SEE,TRILHAS DE FUTURO - ESTUDANTES,EPT
2026,7,1261,2118,71,0,Investimentos Próprios,7500.0,6600.0,6600.0,SECRETARIA DE ESTADO DE EDUCACAO,SEE,SEE,TRILHAS DE FUTURO - ESTUDANTES,EPT
2026,7,1261,2118,10,0,Investimentos Próprios,60000.0,0.0,56995.44,SECRETARIA DE ESTADO DE EDUCACAO,SEE,SEE,TRILHAS DE FUTURO - ESTUDANTES,EPT
2026,7,1261,2118,10,0,Investimentos Próprios,55000.0,54916.64,54916.64,SECRETARIA DE ESTADO DE EDUCACAO,SEE,SEE,TRILHAS DE FUTURO - ESTUDANTES,EPT
2026,7,1261,2118,10,0,Investimentos Próprios,43000.0,41628.08,83256.16,SECRETARIA DE ESTADO DE EDUCACAO,SEE,SEE,TRILHAS DE FUTURO - ESTUDANTES,EPT
2026,7,2301,4293,32,0,Investimentos Próprios,2626487.18,79738.31,0.0,DEPARTAMENTO DE ESTRADAS DE RODAGEM DO ESTADO DE MINAS GERAIS,DER-MG,DER-MG,CONSERVACAO ROTINEIRA DA MALHA VIARIA,Transportes
2026,7,2301,4293,32,0,Investimentos Próprios,409290.51,0.0,0.0,DEPARTAMENTO DE ESTRADAS DE RODAGEM DO ESTADO DE MINAS GERAIS,DER-MG,DER-MG,CONSERVACAO ROTINEIRA DA MALHA VIARIA,Transportes
2026,7,2301,4293,32,0,Investimentos Próprios,433838.0,418259.92,0.0,DEPARTAMENTO DE ESTRADAS DE RODAGEM DO ESTADO DE MINAS GERAIS,DER-MG,DER-MG,CONSERVACAO ROTINEIRA DA MALHA VIARIA,Transportes
2026,7,1261,2118,71,0,Investimentos Próprios,18620.0,18620.0,18620.0,SECRETARIA DE ESTADO DE EDUCACAO,SEE,SEE,TRILHAS DE FUTURO - ESTUDANTES,EPT
2026,7,1261,2118,10,0,Investimentos Próprios,22578.0,11076.0,11076.0,SECRETARIA DE ESTADO DE EDUCACAO,SEE,SEE,TRILHAS DE FUTURO - ESTUDANTES,EPT
2026,7,1261,2118,71,0,Investimentos Próprios,0.0,0.0,0.0,SECRETARIA DE ESTADO DE EDUCACAO,SEE,SEE,TRILHAS DE FUTURO - ESTUDANTES,EPT
2026,7,1261,2118,71,0,Investimentos Próprios,35000.0,12620.0,12620.0,SECRETARIA DE ESTADO DE EDUCACAO,SEE,SEE,TRILHAS DE FUTURO - ESTUDANTES,EPT
2026,7,1261,2118,71,0,Investimentos Próprios,3500.0,2940.0,2940.0,SECRETARIA DE ESTADO DE EDUCACAO,SEE,SEE,TRILHAS DE FUTURO - ESTUDANTES,EPT
2026,7,1261,2118,71,0,Investimentos Próprios,5100.0,5080.0,5080.0,SECRETARIA DE ESTADO DE EDUCACAO,SEE,SEE,TRILHAS DE FUTURO - ESTUDANTES,EPT
2026,7,1261,2118,71,0,Investimentos Próprios,248310.0,233200.0,233200.0,SECRETARIA DE ESTADO DE EDUCACAO,SEE,SEE,TRILHAS DE FUTURO - ESTUDANTES,EPT
2026,7,1261,2118,71,0,Investimentos Próprios,28140.0,16580.0,16580.0,SECRETARIA DE ESTADO DE EDUCACAO,SEE,SEE,TRILHAS DE FUTURO - ESTUDANTES,EPT
2026,7,1261,2118,71,0,Investimentos Próprios,12740.0,12740.0,12740.0,SECRETARIA DE ESTADO DE EDUCACAO,SEE,SEE,TRILHAS DE FUTURO - ESTUDANTES,EPT
2026,7,1261,2118,71,0,Investimentos Próprios,22720.0,22720.0,22720.0,SECRETARIA DE ESTADO DE EDUCACAO,SEE,SEE,TRILHAS DE FUTURO - ESTUDANTES,EPT
2026,7,1261,2118,71,0,Investimentos Próprios,13120.0,13120.0,13120.0,SECRETARIA DE ESTADO DE EDUCACAO,SEE,SEE,TRILHAS DE FUTURO - ESTUDANTES,EPT
2026,7,1261,2118,71,0,Investimentos Próprios,12140.0,6420.0,8860.0,SECRETARIA DE ESTADO DE EDUCACAO,SEE,SEE,TRILHAS DE FUTURO - ESTUDANTES,EPT
2026,7,1261,2118,71,0,Investimentos Próprios,1800.0,1760.0,1760.0,SECRETARIA DE ESTADO DE EDUCACAO,SEE,SEE,TRILHAS DE FUTURO - ESTUDANTES,EPT
2026,7,1261,2118,10,0,Investimentos Próprios,0.0,0.0,0.0,SECRETARIA DE ESTADO DE EDUCACAO,SEE,SEE,TRILHAS DE FUTURO - ESTUDANTES,EPT
2026,7,1261,2118,10,0,Investimentos Próprios,233193.04,114088.49,114088.49,SECRETARIA DE ESTADO DE EDUCACAO,SEE,SEE,TRILHAS DE FUTURO - ESTUDANTES,EPT
2026,7,2301,4162,10,0,Investimentos Próprios,1000000.0,299571.33,0.0,DEPARTAMENTO DE ESTRADAS DE RODAGEM DO ESTADO DE MINAS GERAIS,DER-MG,DER-MG,SUPORTE A GESTAO DOS ATIVOS RODOVIARIOS,Transportes
2026,7,1261,2118,10,0,Investimentos Próprios,25412.92,12706.46,23458.08,SECRETARIA DE ESTADO DE EDUCACAO,SEE,SEE,TRILHAS DE FUTURO - ESTUDANTES,EPT
2026,7,1261,2118,10,0,Investimentos Próprios,99262.4,49631.2,98021.62,SECRETARIA DE ESTADO DE EDUCACAO,SEE,SEE,TRILHAS DE FUTURO - ESTUDANTES,EPT
2026,7,1261,2118,71,0,Investimentos Próprios,14120.0,8120.0,12720.0,SECRETARIA DE ESTADO DE EDUCACAO,SEE,SEE,TRILHAS DE FUTURO - ESTUDANTES,EPT
2026,7,1261,2118,71,0,Investimentos Próprios,13060.0,7060.0,10660.0,SECRETARIA DE ESTADO DE EDUCACAO,SEE,SEE,TRILHAS DE FUTURO - ESTUDANTES,EPT
2026,7,1261,2118,71,0,Investimentos Próprios,0.0,0.0,0.0,SECRETARIA DE ESTADO DE EDUCACAO,SEE,SEE,TRILHAS DE FUTURO - ESTUDANTES,EPT
2026,7,1261,2118,71,0,Investimentos Próprios,13000.0,10560.0,10560.0,SECRETARIA DE ESTADO DE EDUCACAO,SEE,SEE,TRILHAS DE FUTURO - ESTUDANTES,EPT
2026,7,1261,2118,10,0,Investimentos Próprios,77416.68,77416.68,0.0,SECRETARIA DE ESTADO DE EDUCACAO,SEE,SEE,TRILHAS DE FUTURO - ESTUDANTES,EPT
2026,7,1261,2118,10,0,Investimentos Próprios,0.0,0.0,0.0,SECRETARIA DE ESTADO DE EDUCACAO,SEE,SEE,TRILHAS DE FUTURO - ESTUDANTES,EPT
2026,7,1261,2118,71,0,Investimentos Próprios,81000.0,32180.0,62420.0,SECRETARIA DE ESTADO DE EDUCACAO,SEE,SEE,TRILHAS DE FUTURO - ESTUDANTES,EPT
2026,7,1261,2118,71,0,Investimentos Próprios,4500.0,3600.0,3600.0,SECRETARIA DE ESTADO DE EDUCACAO,SEE,SEE,TRILHAS DE FUTURO - ESTUDANTES,EPT
2026,7,1261,2118,71,0,Investimentos Próprios,105820.0,105820.0,0.0,SECRETARIA DE ESTADO DE EDUCACAO,SEE,SEE,TRILHAS DE FUTURO - ESTUDANTES,EPT
2026,7,1261,2118,71,0,Investimentos Próprios,34740.0,34740.0,0.0,SECRETARIA DE ESTADO DE EDUCACAO,SEE,SEE,TRILHAS DE FUTURO - ESTUDANTES,EPT
2026,7,1261,2118,71,0,Investimentos Próprios,57960.0,57960.0,0.0,SECRETARIA DE ESTADO DE EDUCACAO,SEE,SEE,TRILHAS DE FUTURO - ESTUDANTES,EPT
2026,7,1261,2118,10,0,Investimentos Próprios,0.0,0.0,0.0,SECRETARIA DE ESTADO DE EDUCACAO,SEE,SEE,TRILHAS DE FUTURO - ESTUDANTES,EPT
2026,7,1261,2118,71,0,Investimentos Próprios,16000.0,11960.0,11960.0,SECRETARIA DE ESTADO DE EDUCACAO,SEE,SEE,TRILHAS DE FUTURO - ESTUDANTES,EPT
2026,7,1261,2118,71,0,Investimentos Próprios,12000.0,10440.0,10440.0,SECRETARIA DE ESTADO DE EDUCACAO,SEE,SEE,TRILHAS DE FUTURO - ESTUDANTES,EPT
2026,7,1261,2118,10,0,Investimentos Próprios,55587.19,55587.19,55587.19,SECRETARIA DE ESTADO DE EDUCACAO,SEE,SEE,TRILHAS DE FUTURO - ESTUDANTES,EPT
2026,7,1261,2118,71,0,Investimentos Próprios,23640.0,23640.0,37640.0,SECRETARIA DE ESTADO DE EDUCACAO,SEE,SEE,TRILHAS DE FUTURO - ESTUDANTES,EPT
2026,7,1261,2118,71,0,Investimentos Próprios,4100.0,4100.0,0.0,SECRETARIA DE ESTADO DE EDUCACAO,SEE,SEE,TRILHAS DE FUTURO - ESTUDANTES,EPT
2026,7,1261,2118,10,0,Investimentos Próprios,284759.07,284759.07,543820.8,SECRETARIA DE ESTADO DE EDUCACAO,SEE,SEE,TRILHAS DE FUTURO - ESTUDANTES,EPT
2026,7,1261,2118,10,0,Investimentos Próprios,22000.0,20197.6,20197.6,SECRETARIA DE ESTADO DE EDUCACAO,SEE,SEE,TRILHAS DE FUTURO - ESTUDANTES,EPT
2026,7,1261,2118,71,0,Investimentos Próprios,335000.0,242020.0,242020.0,SECRETARIA DE ESTADO DE EDUCACAO,SEE,SEE,TRILHAS DE FUTURO - ESTUDANTES,EPT
2026,7,1261,2118,71,0,Investimentos Próprios,11000.0,10280.0,10280.0,SECRETARIA DE ESTADO DE EDUCACAO,SEE,SEE,TRILHAS DE FUTURO - ESTUDANTES,EPT
2026,7,1511,1051,48,0,Investimentos Próprios,0.0,100224.0,0.0,POLICIA CIVIL DO ESTADO DE MINAS GERAIS,PCMG,PCMG,IMPLEMENTACAO DA CADEIA DE CUSTODIA DA PROVA EM MINAS GERAIS,Segurança Pública
2026,7,1261,2118,71,0,Investimentos Próprios,8980.0,8980.0,8980.0,SECRETARIA DE ESTADO DE EDUCACAO,SEE,SEE,TRILHAS DE FUTURO - ESTUDANTES,EPT
2026,7,1261,2118,71,0,Investimentos Próprios,8180.0,8180.0,0.0,SECRETARIA DE ESTADO DE EDUCACAO,SEE,SEE,TRILHAS DE FUTURO - ESTUDANTES,EPT
2026,7,1261,2118,71,0,Investimentos Próprios,8310.0,8300.0,8300.0,SECRETARIA DE ESTADO DE EDUCACAO,SEE,SEE,TRILHAS DE FUTURO - ESTUDANTES,EPT
2026,7,1261,2118,71,0,Investimentos Próprios,10110.0,10100.0,10100.0,SECRETARIA DE ESTADO DE EDUCACAO,SEE,SEE,TRILHAS DE FUTURO - ESTUDANTES,EPT
2026,7,1261,2118,71,0,Investimentos Próprios,19700.0,19700.0,19700.0,SECRETARIA DE ESTADO DE EDUCACAO,SEE,SEE,TRILHAS DE FUTURO - ESTUDANTES,EPT
2026,7,2301,4162,10,0,Investimentos Próprios,100000.0,72211.2,0.0,DEPARTAMENTO DE ESTRADAS DE RODAGEM DO ESTADO DE MINAS GERAIS,DER-MG,DER-MG,SUPORTE A GESTAO DOS ATIVOS RODOVIARIOS,Transportes
2026,7,4381,4210,54,0,Investimentos Próprios,0.0,123826.38,0.0,FUNDO ESTADUAL DE DESENVOLVIMENTO DE TRANSPORTES,FUNTRANS,FUNTRANS,REGULACAO DO USO E OCUPACAO DA FAIXA DE DOMINIO,Transportes
2026,7,2301,4268,10,0,Investimentos Próprios,0.0,1698958.92,0.0,DEPARTAMENTO DE ESTRADAS DE RODAGEM DO ESTADO DE MINAS GERAIS,DER-MG,DER-MG,AMPLIACAO DE CAPACIDADE DA MALHA E RESTAURACAO DO PAVIMENTO,Transportes
2026,7,2301,4275,10,0,Investimentos Próprios,-1102580.22,0.0,0.0,DEPARTAMENTO DE ESTRADAS DE RODAGEM DO ESTADO DE MINAS GERAIS,DER-MG,DER-MG,IMPLANTACAO/PAVIMENTACAO DA MALHA,Transportes
2026,7,2301,4275,10,0,Investimentos Próprios,-1070151.39,0.0,0.0,DEPARTAMENTO DE ESTRADAS DE RODAGEM DO ESTADO DE MINAS GERAIS,DER-MG,DER-MG,IMPLANTACAO/PAVIMENTACAO DA MALHA,Transportes
2026,7,2301,4275,10,0,Investimentos Próprios,-1070151.39,0.0,0.0,DEPARTAMENTO DE ESTRADAS DE RODAGEM DO ESTADO DE MINAS GERAIS,DER-MG,DER-MG,IMPLANTACAO/PAVIMENTACAO DA MALHA,Transportes
2026,7,2301,4385,10,0,Investimentos Próprios,3054000.0,1961359.35,0.0,DEPARTAMENTO DE ESTRADAS DE RODAGEM DO ESTADO DE MINAS GERAIS,DER-MG,DER-MG,REABILITACAO DA MALHA VIARIA,Transportes
2026,7,2301,4385,10,0,Investimentos Próprios,3092000.0,989419.08,0.0,DEPARTAMENTO DE ESTRADAS DE RODAGEM DO ESTADO DE MINAS GERAIS,DER-MG,DER-MG,REABILITACAO DA MALHA VIARIA,Transportes
2026,7,1301,4262,10,0,Investimentos Próprios,0.0,0.0,0.0,"SECRETARIA DE ESTADO DE INFRAESTRUTURA, MOBILIDADE E PARCERIAS",SEINFRA,SEINFRA,FOMENTO A INFRAESTRUTURA PUBLICA MUNICIPAL,Transportes
2026,7,1261,2118,10,0,Investimentos Próprios,50163.36,50163.36,50163.36,SECRETARIA DE ESTADO DE EDUCACAO,SEE,SEE,TRILHAS DE FUTURO - ESTUDANTES,EPT
2026,7,1261,2118,10,0,Investimentos Próprios,99341.23,99341.23,0.0,SECRETARIA DE ESTADO DE EDUCACAO,SEE,SEE,TRILHAS DE FUTURO - ESTUDANTES,EPT
2026,7,1261,2118,71,0,Investimentos Próprios,58800.0,16900.0,16900.0,SECRETARIA DE ESTADO DE EDUCACAO,SEE,SEE,TRILHAS DE FUTURO - ESTUDANTES,EPT
2026,7,1261,2118,10,0,Investimentos Próprios,0.0,0.0,0.0,SECRETARIA DE ESTADO DE EDUCACAO,SEE,SEE,TRILHAS DE FUTURO - ESTUDANTES,EPT
2026,7,1261,2118,10,0,Investimentos Próprios,0.0,0.0,0.0,SECRETARIA DE ESTADO DE EDUCACAO,SEE,SEE,TRILHAS DE FUTURO - ESTUDANTES,EPT
2026,7,1261,2118,10,0,Investimentos Próprios,0.0,0.0,0.0,SECRETARIA DE ESTADO DE EDUCACAO,SEE,SEE,TRILHAS DE FUTURO - ESTUDANTES,EPT
2026,7,2301,4385,10,0,Investimentos Próprios,613250.02,172470.71,0.0,DEPARTAMENTO DE ESTRADAS DE RODAGEM DO ESTADO DE MINAS GERAIS,DER-MG,DER-MG,REABILITACAO DA MALHA VIARIA,Transportes
2026,7,2301,4385,33,0,Investimentos Próprios,179327.72,0.0,0.0,DEPARTAMENTO DE ESTRADAS DE RODAGEM DO ESTADO DE MINAS GERAIS,DER-MG,DER-MG,REABILITACAO DA MALHA VIARIA,Transportes
2026,7,1261,2118,71,0,Investimentos Próprios,34840.0,27260.0,43400.0,SECRETARIA DE ESTADO DE EDUCACAO,SEE,SEE,TRILHAS DE FUTURO - ESTUDANTES,EPT
2026,7,1261,2118,10,0,Investimentos Próprios,0.0,0.0,0.0,SECRETARIA DE ESTADO DE EDUCACAO,SEE,SEE,TRILHAS DE FUTURO - ESTUDANTES,EPT
2026,7,1261,2118,71,0,Investimentos Próprios,45800.0,17420.0,0.0,SECRETARIA DE ESTADO DE EDUCACAO,SEE,SEE,TRILHAS DE FUTURO - ESTUDANTES,EPT
2026,7,1261,2118,71,0,Investimentos Próprios,6000.0,5580.0,5580.0,SECRETARIA DE ESTADO DE EDUCACAO,SEE,SEE,TRILHAS DE FUTURO - ESTUDANTES,EPT
2026,7,1261,2118,71,0,Investimentos Próprios,38940.0,38940.0,38940.0,SECRETARIA DE ESTADO DE EDUCACAO,SEE,SEE,TRILHAS DE FUTURO - ESTUDANTES,EPT
2026,7,1261,2118,71,0,Investimentos Próprios,134000.0,0.0,34780.0,SECRETARIA DE ESTADO DE EDUCACAO,SEE,SEE,TRILHAS DE FUTURO - ESTUDANTES,EPT
2026,7,1261,2118,10,0,Investimentos Próprios,192200.0,185749.46,185749.46,SECRETARIA DE ESTADO DE EDUCACAO,SEE,SEE,TRILHAS DE FUTURO - ESTUDANTES,EPT
2026,7,1261,2118,10,0,Investimentos Próprios,47768.34,47768.34,47768.34,SECRETARIA DE ESTADO DE EDUCACAO,SEE,SEE,TRILHAS DE FUTURO - ESTUDANTES,EPT
2026,7,1261,2118,10,0,Investimentos Próprios,46573.78,46573.78,46573.78,SECRETARIA DE ESTADO DE EDUCACAO,SEE,SEE,TRILHAS DE FUTURO - ESTUDANTES,EPT
2026,7,1261,2118,10,0,Investimentos Próprios,14046.09,14046.09,14046.09,SECRETARIA DE ESTADO DE EDUCACAO,SEE,SEE,TRILHAS DE FUTURO - ESTUDANTES,EPT
2026,7,1261,2118,71,0,Investimentos Próprios,7900.0,7900.0,7900.0,SECRETARIA DE ESTADO DE EDUCACAO,SEE,SEE,TRILHAS DE FUTURO - ESTUDANTES,EPT
2026,7,1261,2118,71,0,Investimentos Próprios,50000.0,0.0,18100.0,SECRETARIA DE ESTADO DE EDUCACAO,SEE,SEE,TRILHAS DE FUTURO - ESTUDANTES,EPT
2026,7,1261,2118,71,0,Investimentos Próprios,48000.0,19760.0,19760.0,SECRETARIA DE ESTADO DE EDUCACAO,SEE,SEE,TRILHAS DE FUTURO - ESTUDANTES,EPT
2026,7,1261,2118,71,0,Investimentos Próprios,20940.0,20940.0,20940.0,SECRETARIA DE ESTADO DE EDUCACAO,SEE,SEE,TRILHAS DE FUTURO - ESTUDANTES,EPT
2026,7,1261,2118,71,0,Investimentos Próprios,4550.0,4520.0,0.0,SECRETARIA DE ESTADO DE EDUCACAO,SEE,SEE,TRILHAS DE FUTURO - ESTUDANTES,EPT
2026,7,1261,2118,10,0,Investimentos Próprios,5218.56,5218.56,0.0,SECRETARIA DE ESTADO DE EDUCACAO,SEE,SEE,TRILHAS DE FUTURO - ESTUDANTES,EPT
2026,7,1261,2118,71,0,Investimentos Próprios,12000.0,11700.0,11700.0,SECRETARIA DE ESTADO DE EDUCACAO,SEE,SEE,TRILHAS DE FUTURO - ESTUDANTES,EPT
2026,7,1261,2118,71,0,Investimentos Próprios,33680.0,33680.0,33680.0,SECRETARIA DE ESTADO DE EDUCACAO,SEE,SEE,TRILHAS DE FUTURO - ESTUDANTES,EPT
2026,7,1261,2118,71,0,Investimentos Próprios,29400.0,24560.0,40120.0,SECRETARIA DE ESTADO DE EDUCACAO,SEE,SEE,TRILHAS DE FUTURO - ESTUDANTES,EPT
2026,7,1261,2118,71,0,Investimentos Próprios,20000.0,10900.0,17320.0,SECRETARIA DE ESTADO DE EDUCACAO,SEE,SEE,TRILHAS DE FUTURO - ESTUDANTES,EPT
2026,7,1261,2118,71,0,Investimentos Próprios,60000.0,28400.0,42780.0,SECRETARIA DE ESTADO DE EDUCACAO,SEE,SEE,TRILHAS DE FUTURO - ESTUDANTES,EPT
2026,7,1261,2118,10,0,Investimentos Próprios,0.0,0.0,0.0,SECRETARIA DE ESTADO DE EDUCACAO,SEE,SEE,TRILHAS DE FUTURO - ESTUDANTES,EPT
2026,7,1261,2118,10,0,Investimentos Próprios,0.0,0.0,0.0,SECRETARIA DE ESTADO DE EDUCACAO,SEE,SEE,TRILHAS DE FUTURO - ESTUDANTES,EPT
2026,7,1261,2118,10,0,Investimentos Próprios,0.0,0.0,0.0,SECRETARIA DE ESTADO DE EDUCACAO,SEE,SEE,TRILHAS DE FUTURO - ESTUDANTES,EPT
2026,7,1261,2118,10,0,Investimentos Próprios,0.0,0.0,0.0,SECRETARIA DE ESTADO DE EDUCACAO,SEE,SEE,TRILHAS DE FUTURO - ESTUDANTES,EPT
2026,7,1261,2118,71,0,Investimentos Próprios,38700.0,38700.0,0.0,SECRETARIA DE ESTADO DE EDUCACAO,SEE,SEE,TRILHAS DE FUTURO - ESTUDANTES,EPT
2026,7,1261,2118,10,0,Investimentos Próprios,22600.0,22217.46,24532.75,SECRETARIA DE ESTADO DE EDUCACAO,SEE,SEE,TRILHAS DE FUTURO - ESTUDANTES,EPT
2026,7,1261,2118,71,0,Investimentos Próprios,5700.0,5700.0,0.0,SECRETARIA DE ESTADO DE EDUCACAO,SEE,SEE,TRILHAS DE FUTURO - ESTUDANTES,EPT
2026,7,1261,2118,71,0,Investimentos Próprios,6480.0,6480.0,0.0,SECRETARIA DE ESTADO DE EDUCACAO,SEE,SEE,TRILHAS DE FUTURO - ESTUDANTES,EPT
2026,7,1261,2118,71,0,Investimentos Próprios,100000.0,40440.0,40440.0,SECRETARIA DE ESTADO DE EDUCACAO,SEE,SEE,TRILHAS DE FUTURO - ESTUDANTES,EPT
2026,7,1261,2118,71,0,Investimentos Próprios,275000.0,134720.0,134720.0,SECRETARIA DE ESTADO DE EDUCACAO,SEE,SEE,TRILHAS DE FUTURO - ESTUDANTES,EPT
2026,7,1261,2118,71,0,Investimentos Próprios,10000.0,9800.0,9800.0,SECRETARIA DE ESTADO DE EDUCACAO,SEE,SEE,TRILHAS DE FUTURO - ESTUDANTES,EPT
2026,7,1261,2118,71,0,Investimentos Próprios,36480.0,36480.0,36480.0,SECRETARIA DE ESTADO DE EDUCACAO,SEE,SEE,TRILHAS DE FUTURO - ESTUDANTES,EPT
2026,7,1261,2118,71,0,Investimentos Próprios,111720.0,111720.0,111720.0,SECRETARIA DE ESTADO DE EDUCACAO,SEE,SEE,TRILHAS DE FUTURO - ESTUDANTES,EPT
2026,7,1261,2118,71,0,Investimentos Próprios,5520.0,5520.0,5520.0,SECRETARIA DE ESTADO DE EDUCACAO,SEE,SEE,TRILHAS DE FUTURO - ESTUDANTES,EPT
2026,7,1261,2118,71,0,Investimentos Próprios,1280.0,1280.0,0.0,SECRETARIA DE ESTADO DE EDUCACAO,SEE,SEE,TRILHAS DE FUTURO - ESTUDANTES,EPT
2026,7,1511,1051,48,0,Investimentos Próprios,0.0,163400.0,0.0,POLICIA CIVIL DO ESTADO DE MINAS GERAIS,PCMG,PCMG,IMPLEMENTACAO DA CADEIA DE CUSTODIA DA PROVA EM MINAS GERAIS,Segurança Pública
2026,7,1261,2118,10,0,Investimentos Próprios,22815.44,22815.44,0.0,SECRETARIA DE ESTADO DE EDUCACAO,SEE,SEE,TRILHAS DE FUTURO - ESTUDANTES,EPT
2026,7,1261,2118,71,0,Investimentos Próprios,8240.0,8240.0,0.0,SECRETARIA DE ESTADO DE EDUCACAO,SEE,SEE,TRILHAS DE FUTURO - ESTUDANTES,EPT
2026,7,1261,2118,71,0,Investimentos Próprios,4000.0,2780.0,2780.0,SECRETARIA DE ESTADO DE EDUCACAO,SEE,SEE,TRILHAS DE FUTURO - ESTUDANTES,EPT
2026,7,1261,2118,71,0,Investimentos Próprios,17000.0,17000.0,17000.0,SECRETARIA DE ESTADO DE EDUCACAO,SEE,SEE,TRILHAS DE FUTURO - ESTUDANTES,EPT
2026,7,1261,2118,71,0,Investimentos Próprios,19360.0,19360.0,19360.0,SECRETARIA DE ESTADO DE EDUCACAO,SEE,SEE,TRILHAS DE FUTURO - ESTUDANTES,EPT
2026,7,1261,2118,71,0,Investimentos Próprios,115600.0,83260.0,128700.0,SECRETARIA DE ESTADO DE EDUCACAO,SEE,SEE,TRILHAS DE FUTURO - ESTUDANTES,EPT
2026,7,2301,4385,10,0,Investimentos Próprios,0.0,51075.54,0.0,DEPARTAMENTO DE ESTRADAS DE RODAGEM DO ESTADO DE MINAS GERAIS,DER-MG,DER-MG,REABILITACAO DA MALHA VIARIA,Transportes
2026,7,1261,2118,10,0,Investimentos Próprios,50000.0,29107.6,29107.6,SECRETARIA DE ESTADO DE EDUCACAO,SEE,SEE,TRILHAS DE FUTURO - ESTUDANTES,EPT
2026,7,1261,2118,10,0,Investimentos Próprios,42966.95,42964.95,42964.95,SECRETARIA DE ESTADO DE EDUCACAO,SEE,SEE,TRILHAS DE FUTURO - ESTUDANTES,EPT
2026,7,1261,2118,10,0,Investimentos Próprios,252449.12,252439.11,252439.11,SECRETARIA DE ESTADO DE EDUCACAO,SEE,SEE,TRILHAS DE FUTURO - ESTUDANTES,EPT
2026,7,1261,2118,10,0,Investimentos Próprios,60000.0,29520.8,29520.8,SECRETARIA DE ESTADO DE EDUCACAO,SEE,SEE,TRILHAS DE FUTURO - ESTUDANTES,EPT
2026,7,1261,2118,10,0,Investimentos Próprios,20000.0,18766.08,18766.08,SECRETARIA DE ESTADO DE EDUCACAO,SEE,SEE,TRILHAS DE FUTURO - ESTUDANTES,EPT
2026,7,1261,2118,10,0,Investimentos Próprios,16500.0,14595.84,14595.84,SECRETARIA DE ESTADO DE EDUCACAO,SEE,SEE,TRILHAS DE FUTURO - ESTUDANTES,EPT
2026,7,1261,2118,10,0,Investimentos Próprios,59749.28,29874.14,59112.66,SECRETARIA DE ESTADO DE EDUCACAO,SEE,SEE,TRILHAS DE FUTURO - ESTUDANTES,EPT
2026,7,1261,2118,10,0,Investimentos Próprios,80000.0,59956.08,59956.08,SECRETARIA DE ESTADO DE EDUCACAO,SEE,SEE,TRILHAS DE FUTURO - ESTUDANTES,EPT
2026,7,1261,2118,10,0,Investimentos Próprios,270000.0,199249.71,199249.71,SECRETARIA DE ESTADO DE EDUCACAO,SEE,SEE,TRILHAS DE FUTURO - ESTUDANTES,EPT
2026,7,1261,2118,10,0,Investimentos Próprios,36001.06,34286.72,34286.72,SECRETARIA DE ESTADO DE EDUCACAO,SEE,SEE,TRILHAS DE FUTURO - ESTUDANTES,EPT
2026,7,1261,2118,10,0,Investimentos Próprios,38926.06,35412.48,35412.48,SECRETARIA DE ESTADO DE EDUCACAO,SEE,SEE,TRILHAS DE FUTURO - ESTUDANTES,EPT
2026,7,1261,2118,10,0,Investimentos Próprios,51997.68,51997.68,51997.68,SECRETARIA DE ESTADO DE EDUCACAO,SEE,SEE,TRILHAS DE FUTURO - ESTUDANTES,EPT
2026,7,1261,2118,10,0,Investimentos Próprios,42803.6,42803.6,42803.6,SECRETARIA DE ESTADO DE EDUCACAO,SEE,SEE,TRILHAS DE FUTURO - ESTUDANTES,EPT
2026,7,1261,2118,10,0,Investimentos Próprios,20000.0,19698.36,19698.36,SECRETARIA DE ESTADO DE EDUCACAO,SEE,SEE,TRILHAS DE FUTURO - ESTUDANTES,EPT
2026,7,2301,4293,32,0,Investimentos Próprios,2543654.5,560169.37,0.0,DEPARTAMENTO DE ESTRADAS DE RODAGEM DO ESTADO DE MINAS GERAIS,DER-MG,DER-MG,CONSERVACAO ROTINEIRA DA MALHA VIARIA,Transportes
2026,7,1511,4060,48,0,Investimentos Próprios,0.0,8176.0,0.0,POLICIA CIVIL DO ESTADO DE MINAS GERAIS,PCMG,PCMG,GESTAO DAS UNIDADES POLICIAIS,Segurança Pública
2026,7,1261,2118,10,0,Investimentos Próprios,0.0,0.0,0.0,SECRETARIA DE ESTADO DE EDUCACAO,SEE,SEE,TRILHAS DE FUTURO - ESTUDANTES,EPT
2026,7,1261,2118,10,0,Investimentos Próprios,0.0,0.0,0.0,SECRETARIA DE ESTADO DE EDUCACAO,SEE,SEE,TRILHAS DE FUTURO - ESTUDANTES,EPT
2026,7,1511,4061,48,0,Investimentos Próprios,1493.4,0.0,0.0,POLICIA CIVIL DO ESTADO DE MINAS GERAIS,PCMG,PCMG,PERICIAS TECNICO-CIENTIFICAS,Segurança Pública
2026,7,1511,4060,48,0,Investimentos Próprios,0.0,14150.0,0.0,POLICIA CIVIL DO ESTADO DE MINAS GERAIS,PCMG,PCMG,GESTAO DAS UNIDADES POLICIAIS,Segurança Pública
2026,7,2301,4385,32,0,Investimentos Próprios,116558.77,116558.77,116558.77,DEPARTAMENTO DE ESTRADAS DE RODAGEM DO ESTADO DE MINAS GERAIS,DER-MG,DER-MG,REABILITACAO DA MALHA VIARIA,Transportes
2026,7,2301,4385,33,0,Investimentos Próprios,0.0,37920.89,0.0,DEPARTAMENTO DE ESTRADAS DE RODAGEM DO ESTADO DE MINAS GERAIS,DER-MG,DER-MG,REABILITACAO DA MALHA VIARIA,Transportes
2026,7,1261,2118,10,0,Investimentos Próprios,132600.0,132304.67,132304.67,SECRETARIA DE ESTADO DE EDUCACAO,SEE,SEE,TRILHAS DE FUTURO - ESTUDANTES,EPT
2026,7,1261,2118,10,0,Investimentos Próprios,78000.0,76654.74,76654.74,SECRETARIA DE ESTADO DE EDUCACAO,SEE,SEE,TRILHAS DE FUTURO - ESTUDANTES,EPT
2026,7,1261,2118,71,0,Investimentos Próprios,10360.0,10360.0,0.0,SECRETARIA DE ESTADO DE EDUCACAO,SEE,SEE,TRILHAS DE FUTURO - ESTUDANTES,EPT
2026,7,1261,2118,71,0,Investimentos Próprios,17920.0,17920.0,0.0,SECRETARIA DE ESTADO DE EDUCACAO,SEE,SEE,TRILHAS DE FUTURO - ESTUDANTES,EPT
2026,7,1261,2118,10,0,Investimentos Próprios,0.0,0.0,0.0,SECRETARIA DE ESTADO DE EDUCACAO,SEE,SEE,TRILHAS DE FUTURO - ESTUDANTES,EPT
2026,7,1261,2118,71,0,Investimentos Próprios,7300.0,7300.0,0.0,SECRETARIA DE ESTADO DE EDUCACAO,SEE,SEE,TRILHAS DE FUTURO - ESTUDANTES,EPT
2026,7,1251,4365,48,0,Investimentos Próprios,0.0,825000.0,0.0,POLICIA MILITAR DO ESTADO DE MINAS GERAIS,PMMG,PMMG,POLICIAMENTO OSTENSIVO GERAL,Segurança Pública
2026,7,1261,2118,71,0,Investimentos Próprios,60580.0,60580.0,60580.0,SECRETARIA DE ESTADO DE EDUCACAO,SEE,SEE,TRILHAS DE FUTURO - ESTUDANTES,EPT
2026,7,1261,2118,10,0,Investimentos Próprios,650000.0,312415.44,312415.44,SECRETARIA DE ESTADO DE EDUCACAO,SEE,SEE,TRILHAS DE FUTURO - ESTUDANTES,EPT
2026,7,1261,2118,10,0,Investimentos Próprios,530000.0,0.0,250054.54,SECRETARIA DE ESTADO DE EDUCACAO,SEE,SEE,TRILHAS DE FUTURO - ESTUDANTES,EPT
2026,7,1261,2118,10,0,Investimentos Próprios,84302.68,41603.92,41603.92,SECRETARIA DE ESTADO DE EDUCACAO,SEE,SEE,TRILHAS DE FUTURO - ESTUDANTES,EPT
2026,7,1261,2118,71,0,Investimentos Próprios,37200.0,6100.0,6100.0,SECRETARIA DE ESTADO DE EDUCACAO,SEE,SEE,TRILHAS DE FUTURO - ESTUDANTES,EPT
2026,7,1261,2118,71,0,Investimentos Próprios,34800.0,5720.0,5720.0,SECRETARIA DE ESTADO DE EDUCACAO,SEE,SEE,TRILHAS DE FUTURO - ESTUDANTES,EPT
2026,7,1261,2118,71,0,Investimentos Próprios,42000.0,7920.0,7920.0,SECRETARIA DE ESTADO DE EDUCACAO,SEE,SEE,TRILHAS DE FUTURO - ESTUDANTES,EPT
2026,7,1261,2118,10,0,Investimentos Próprios,43175.0,0.0,0.0,SECRETARIA DE ESTADO DE EDUCACAO,SEE,SEE,TRILHAS DE FUTURO - ESTUDANTES,EPT
2026,7,1261,2118,71,0,Investimentos Próprios,27600.0,3240.0,0.0,SECRETARIA DE ESTADO DE EDUCACAO,SEE,SEE,TRILHAS DE FUTURO - ESTUDANTES,EPT
2026,7,2301,4385,10,0,Investimentos Próprios,-9903.12,125352.69,0.0,DEPARTAMENTO DE ESTRADAS DE RODAGEM DO ESTADO DE MINAS GERAIS,DER-MG,DER-MG,REABILITACAO DA MALHA VIARIA,Transportes
2026,7,1261,2118,10,0,Investimentos Próprios,10534.4,10534.4,0.0,SECRETARIA DE ESTADO DE EDUCACAO,SEE,SEE,TRILHAS DE FUTURO - ESTUDANTES,EPT
2026,7,1261,2118,71,0,Investimentos Próprios,0.0,0.0,0.0,SECRETARIA DE ESTADO DE EDUCACAO,SEE,SEE,TRILHAS DE FUTURO - ESTUDANTES,EPT
2026,7,1261,2118,10,0,Investimentos Próprios,49522.4,24760.8,24760.8,SECRETARIA DE ESTADO DE EDUCACAO,SEE,SEE,TRILHAS DE FUTURO - ESTUDANTES,EPT
2026,7,1261,2118,10,0,Investimentos Próprios,0.0,0.0,0.0,SECRETARIA DE ESTADO DE EDUCACAO,SEE,SEE,TRILHAS DE FUTURO - ESTUDANTES,EPT
2026,7,1261,2118,71,0,Investimentos Próprios,0.0,0.0,0.0,SECRETARIA DE ESTADO DE EDUCACAO,SEE,SEE,TRILHAS DE FUTURO - ESTUDANTES,EPT
2026,7,2301,4275,10,0,Investimentos Próprios,-116821.83,-116821.83,0.0,DEPARTAMENTO DE ESTRADAS DE RODAGEM DO ESTADO DE MINAS GERAIS,DER-MG,DER-MG,IMPLANTACAO/PAVIMENTACAO DA MALHA,Transportes
2026,7,1261,2118,10,0,Investimentos Próprios,0.0,0.0,0.0,SECRETARIA DE ESTADO DE EDUCACAO,SEE,SEE,TRILHAS DE FUTURO - ESTUDANTES,EPT
2026,7,1261,2118,10,0,Investimentos Próprios,0.0,0.0,0.0,SECRETARIA DE ESTADO DE EDUCACAO,SEE,SEE,TRILHAS DE FUTURO - ESTUDANTES,EPT
2026,7,1261,2118,10,0,Investimentos Próprios,13984.92,13984.92,0.0,SECRETARIA DE ESTADO DE EDUCACAO,SEE,SEE,TRILHAS DE FUTURO - ESTUDANTES,EPT
2026,7,1261,2118,71,0,Investimentos Próprios,84000.0,39480.0,54060.0,SECRETARIA DE ESTADO DE EDUCACAO,SEE,SEE,TRILHAS DE FUTURO - ESTUDANTES,EPT
2026,7,1511,4061,48,0,Investimentos Próprios,574.58,0.0,0.0,POLICIA CIVIL DO ESTADO DE MINAS GERAIS,PCMG,PCMG,PERICIAS TECNICO-CIENTIFICAS,Segurança Pública
2026,7,2301,4284,10,0,Investimentos Próprios,0.0,10642.25,0.0,DEPARTAMENTO DE ESTRADAS DE RODAGEM DO ESTADO DE MINAS GERAIS,DER-MG,DER-MG,PREVENCAO E MITIGACAO DE DANOS AMBIENTAIS,Transportes
2026,7,2301,4284,10,0,Investimentos Próprios,0.0,12774.05,0.0,DEPARTAMENTO DE ESTRADAS DE RODAGEM DO ESTADO DE MINAS GERAIS,DER-MG,DER-MG,PREVENCAO E MITIGACAO DE DANOS AMBIENTAIS,Transportes
2026,7,1511,4061,48,0,Investimentos Próprios,880.0,0.0,0.0,POLICIA CIVIL DO ESTADO DE MINAS GERAIS,PCMG,PCMG,PERICIAS TECNICO-CIENTIFICAS,Segurança Pública
2026,7,2301,4284,10,0,Investimentos Próprios,0.0,45205.93,0.0,DEPARTAMENTO DE ESTRADAS DE RODAGEM DO ESTADO DE MINAS GERAIS,DER-MG,DER-MG,PREVENCAO E MITIGACAO DE DANOS AMBIENTAIS,Transportes
2026,7,1261,2118,10,0,Investimentos Próprios,66093.72,0.0,0.0,SECRETARIA DE ESTADO DE EDUCACAO,SEE,SEE,TRILHAS DE FUTURO - ESTUDANTES,EPT
2026,7,1261,2118,71,0,Investimentos Próprios,0.0,0.0,0.0,SECRETARIA DE ESTADO DE EDUCACAO,SEE,SEE,TRILHAS DE FUTURO - ESTUDANTES,EPT
2026,7,1261,2118,71,0,Investimentos Próprios,74000.0,39220.0,55000.0,SECRETARIA DE ESTADO DE EDUCACAO,SEE,SEE,TRILHAS DE FUTURO - ESTUDANTES,EPT
2026,7,1261,2118,10,0,Investimentos Próprios,28000.0,0.0,0.0,SECRETARIA DE ESTADO DE EDUCACAO,SEE,SEE,TRILHAS DE FUTURO - ESTUDANTES,EPT
2026,7,1261,2118,10,0,Investimentos Próprios,28000.0,0.0,0.0,SECRETARIA DE ESTADO DE EDUCACAO,SEE,SEE,TRILHAS DE FUTURO - ESTUDANTES,EPT
2026,7,1261,2118,71,0,Investimentos Próprios,0.0,0.0,0.0,SECRETARIA DE ESTADO DE EDUCACAO,SEE,SEE,TRILHAS DE FUTURO - ESTUDANTES,EPT
2026,7,1261,2118,71,0,Investimentos Próprios,48000.0,6760.0,6760.0,SECRETARIA DE ESTADO DE EDUCACAO,SEE,SEE,TRILHAS DE FUTURO - ESTUDANTES,EPT
2026,7,1261,2118,10,0,Investimentos Próprios,120000.0,87113.7,87113.7,SECRETARIA DE ESTADO DE EDUCACAO,SEE,SEE,TRILHAS DE FUTURO - ESTUDANTES,EPT
2026,7,1261,2118,10,0,Investimentos Próprios,40000.0,0.0,0.0,SECRETARIA DE ESTADO DE EDUCACAO,SEE,SEE,TRILHAS DE FUTURO - ESTUDANTES,EPT
2026,7,1261,2118,10,0,Investimentos Próprios,36000.0,0.0,0.0,SECRETARIA DE ESTADO DE EDUCACAO,SEE,SEE,TRILHAS DE FUTURO - ESTUDANTES,EPT
2026,7,1261,2118,10,0,Investimentos Próprios,45000.0,0.0,0.0,SECRETARIA DE ESTADO DE EDUCACAO,SEE,SEE,TRILHAS DE FUTURO - ESTUDANTES,EPT
2026,7,1261,2118,10,0,Investimentos Próprios,43000.0,0.0,0.0,SECRETARIA DE ESTADO DE EDUCACAO,SEE,SEE,TRILHAS DE FUTURO - ESTUDANTES,EPT
2026,7,1261,2118,10,0,Investimentos Próprios,84000.0,0.0,0.0,SECRETARIA DE ESTADO DE EDUCACAO,SEE,SEE,TRILHAS DE FUTURO - ESTUDANTES,EPT
2026,7,1261,2118,10,0,Investimentos Próprios,15000.0,0.0,0.0,SECRETARIA DE ESTADO DE EDUCACAO,SEE,SEE,TRILHAS DE FUTURO - ESTUDANTES,EPT
2026,7,1261,2118,10,0,Investimentos Próprios,20000.0,0.0,0.0,SECRETARIA DE ESTADO DE EDUCACAO,SEE,SEE,TRILHAS DE FUTURO - ESTUDANTES,EPT
2026,7,2301,4275,10,0,Investimentos Próprios,108227.74,0.0,0.0,DEPARTAMENTO DE ESTRADAS DE RODAGEM DO ESTADO DE MINAS GERAIS,DER-MG,DER-MG,IMPLANTACAO/PAVIMENTACAO DA MALHA,Transportes
2026,7,1261,2118,10,0,Investimentos Próprios,17196.9,0.0,17196.9,SECRETARIA DE ESTADO DE EDUCACAO,SEE,SEE,TRILHAS DE FUTURO - ESTUDANTES,EPT
2026,7,1261,2118,71,0,Investimentos Próprios,9400.0,0.0,0.0,SECRETARIA DE ESTADO DE EDUCACAO,SEE,SEE,TRILHAS DE FUTURO - ESTUDANTES,EPT
2026,7,2301,4280,89,1,FEF,-313238.58,419598.44,0.0,DEPARTAMENTO DE ESTRADAS DE RODAGEM DO ESTADO DE MINAS GERAIS,DER-MG,DER-MG,MITIGACAO DE DANOS PONTUAIS NAS RODOVIAS,Transportes
2026,7,1261,2118,71,0,Investimentos Próprios,15000.0,6000.0,6000.0,SECRETARIA DE ESTADO DE EDUCACAO,SEE,SEE,TRILHAS DE FUTURO - ESTUDANTES,EPT
2026,7,1261,2118,71,0,Investimentos Próprios,9580.0,9580.0,9580.0,SECRETARIA DE ESTADO DE EDUCACAO,SEE,SEE,TRILHAS DE FUTURO - ESTUDANTES,EPT
2026,7,1261,2118,71,0,Investimentos Próprios,56060.0,56060.0,56060.0,SECRETARIA DE ESTADO DE EDUCACAO,SEE,SEE,TRILHAS DE FUTURO - ESTUDANTES,EPT
2026,7,1261,2118,71,0,Investimentos Próprios,21900.0,21900.0,21900.0,SECRETARIA DE ESTADO DE EDUCACAO,SEE,SEE,TRILHAS DE FUTURO - ESTUDANTES,EPT
2026,7,1301,1036,10,0,Investimentos Próprios,0.0,200834.6,0.0,"SECRETARIA DE ESTADO DE INFRAESTRUTURA, MOBILIDADE E PARCERIAS",SEINFRA,SEINFRA,CONTENCAO DE ENCOSTAS EM AREAS DE RISCO - PAC ENCOSTAS,Saneamento
2026,7,1261,2118,10,0,Investimentos Próprios,70000.0,43330.62,67193.86,SECRETARIA DE ESTADO DE EDUCACAO,SEE,SEE,TRILHAS DE FUTURO - ESTUDANTES,EPT
2026,7,1261,2118,10,0,Investimentos Próprios,0.0,0.0,0.0,SECRETARIA DE ESTADO DE EDUCACAO,SEE,SEE,TRILHAS DE FUTURO - ESTUDANTES,EPT
2026,7,1261,2118,10,0,Investimentos Próprios,42964.42,42964.42,42964.42,SECRETARIA DE ESTADO DE EDUCACAO,SEE,SEE,TRILHAS DE FUTURO - ESTUDANTES,EPT
2026,7,1261,2118,71,0,Investimentos Próprios,14000.0,13320.0,13320.0,SECRETARIA DE ESTADO DE EDUCACAO,SEE,SEE,TRILHAS DE FUTURO - ESTUDANTES,EPT
2026,7,1261,2118,71,0,Investimentos Próprios,43920.0,43920.0,43920.0,SECRETARIA DE ESTADO DE EDUCACAO,SEE,SEE,TRILHAS DE FUTURO - ESTUDANTES,EPT
2026,7,1261,2118,10,0,Investimentos Próprios,33199.2,21026.16,21026.16,SECRETARIA DE ESTADO DE EDUCACAO,SEE,SEE,TRILHAS DE FUTURO - ESTUDANTES,EPT
2026,7,1261,2118,10,0,Investimentos Próprios,17016.96,11167.38,11167.38,SECRETARIA DE ESTADO DE EDUCACAO,SEE,SEE,TRILHAS DE FUTURO - ESTUDANTES,EPT
2026,7,1261,2118,10,0,Investimentos Próprios,22500.66,16607.63,16607.63,SECRETARIA DE ESTADO DE EDUCACAO,SEE,SEE,TRILHAS DE FUTURO - ESTUDANTES,EPT
2026,7,1261,2118,10,0,Investimentos Próprios,0.0,0.0,0.0,SECRETARIA DE ESTADO DE EDUCACAO,SEE,SEE,TRILHAS DE FUTURO - ESTUDANTES,EPT
2026,7,1261,2118,71,0,Investimentos Próprios,10100.0,10040.0,10040.0,SECRETARIA DE ESTADO DE EDUCACAO,SEE,SEE,TRILHAS DE FUTURO - ESTUDANTES,EPT
2026,7,1261,2118,10,0,Investimentos Próprios,52000.0,0.0,28693.08,SECRETARIA DE ESTADO DE EDUCACAO,SEE,SEE,TRILHAS DE FUTURO - ESTUDANTES,EPT
2026,7,1261,2118,71,0,Investimentos Próprios,8940.0,8940.0,8940.0,SECRETARIA DE ESTADO DE EDUCACAO,SEE,SEE,TRILHAS DE FUTURO - ESTUDANTES,EPT
2026,7,1261,2118,71,0,Investimentos Próprios,13700.0,13700.0,13700.0,SECRETARIA DE ESTADO DE EDUCACAO,SEE,SEE,TRILHAS DE FUTURO - ESTUDANTES,EPT
2026,7,1261,2118,71,0,Investimentos Próprios,25200.0,6440.0,6440.0,SECRETARIA DE ESTADO DE EDUCACAO,SEE,SEE,TRILHAS DE FUTURO - ESTUDANTES,EPT
2026,7,1261,2118,71,0,Investimentos Próprios,36000.0,10820.0,10820.0,SECRETARIA DE ESTADO DE EDUCACAO,SEE,SEE,TRILHAS DE FUTURO - ESTUDANTES,EPT
2026,7,1261,2118,71,0,Investimentos Próprios,34800.0,9640.0,9640.0,SECRETARIA DE ESTADO DE EDUCACAO,SEE,SEE,TRILHAS DE FUTURO - ESTUDANTES,EPT
2026,7,1261,2118,71,0,Investimentos Próprios,28800.0,7620.0,7620.0,SECRETARIA DE ESTADO DE EDUCACAO,SEE,SEE,TRILHAS DE FUTURO - ESTUDANTES,EPT
2026,7,1261,2118,71,0,Investimentos Próprios,25200.0,0.0,0.0,SECRETARIA DE ESTADO DE EDUCACAO,SEE,SEE,TRILHAS DE FUTURO - ESTUDANTES,EPT
2026,7,1261,2118,71,0,Investimentos Próprios,9240.0,9240.0,9240.0,SECRETARIA DE ESTADO DE EDUCACAO,SEE,SEE,TRILHAS DE FUTURO - ESTUDANTES,EPT
2026,7,1261,2118,71,0,Investimentos Próprios,9180.0,9180.0,9180.0,SECRETARIA DE ESTADO DE EDUCACAO,SEE,SEE,TRILHAS DE FUTURO - ESTUDANTES,EPT
2026,7,1261,2118,71,0,Investimentos Próprios,30080.0,30080.0,30080.0,SECRETARIA DE ESTADO DE EDUCACAO,SEE,SEE,TRILHAS DE FUTURO - ESTUDANTES,EPT
2026,7,1261,2118,71,0,Investimentos Próprios,5220.0,5220.0,5220.0,SECRETARIA DE ESTADO DE EDUCACAO,SEE,SEE,TRILHAS DE FUTURO - ESTUDANTES,EPT
2026,7,1261,2118,71,0,Investimentos Próprios,5200.0,5200.0,5200.0,SECRETARIA DE ESTADO DE EDUCACAO,SEE,SEE,TRILHAS DE FUTURO - ESTUDANTES,EPT
2026,7,1261,2118,71,0,Investimentos Próprios,15400.0,15400.0,15400.0,SECRETARIA DE ESTADO DE EDUCACAO,SEE,SEE,TRILHAS DE FUTURO - ESTUDANTES,EPT
2026,7,1261,2118,71,0,Investimentos Próprios,14860.0,14860.0,14860.0,SECRETARIA DE ESTADO DE EDUCACAO,SEE,SEE,TRILHAS DE FUTURO - ESTUDANTES,EPT
2026,7,1261,2118,71,0,Investimentos Próprios,13500.0,0.0,5560.0,SECRETARIA DE ESTADO DE EDUCACAO,SEE,SEE,TRILHAS DE FUTURO - ESTUDANTES,EPT
2026,7,1261,2118,71,0,Investimentos Próprios,28940.0,28940.0,28940.0,SECRETARIA DE ESTADO DE EDUCACAO,SEE,SEE,TRILHAS DE FUTURO - ESTUDANTES,EPT
2026,7,1261,2118,10,0,Investimentos Próprios,44000.0,18653.1,18653.1,SECRETARIA DE ESTADO DE EDUCACAO,SEE,SEE,TRILHAS DE FUTURO - ESTUDANTES,EPT
2026,7,1261,2118,10,0,Investimentos Próprios,52604.62,26302.31,51612.08,SECRETARIA DE ESTADO DE EDUCACAO,SEE,SEE,TRILHAS DE FUTURO - ESTUDANTES,EPT
2026,7,1261,2118,71,0,Investimentos Próprios,22580.0,22580.0,32020.0,SECRETARIA DE ESTADO DE EDUCACAO,SEE,SEE,TRILHAS DE FUTURO - ESTUDANTES,EPT
2026,7,1261,2118,71,0,Investimentos Próprios,9780.0,9780.0,9780.0,SECRETARIA DE ESTADO DE EDUCACAO,SEE,SEE,TRILHAS DE FUTURO - ESTUDANTES,EPT
2026,7,1261,2118,10,0,Investimentos Próprios,16608.3,0.0,0.0,SECRETARIA DE ESTADO DE EDUCACAO,SEE,SEE,TRILHAS DE FUTURO - ESTUDANTES,EPT
2026,7,1261,2118,71,0,Investimentos Próprios,33960.0,33960.0,33960.0,SECRETARIA DE ESTADO DE EDUCACAO,SEE,SEE,TRILHAS DE FUTURO - ESTUDANTES,EPT
2026,7,1261,2118,10,0,Investimentos Próprios,38300.0,37731.06,37731.06,SECRETARIA DE ESTADO DE EDUCACAO,SEE,SEE,TRILHAS DE FUTURO - ESTUDANTES,EPT
2026,7,1261,2118,71,0,Investimentos Próprios,17000.0,16260.0,16260.0,SECRETARIA DE ESTADO DE EDUCACAO,SEE,SEE,TRILHAS DE FUTURO - ESTUDANTES,EPT
2026,7,1261,2118,10,0,Investimentos Próprios,22000.0,21202.06,21202.06,SECRETARIA DE ESTADO DE EDUCACAO,SEE,SEE,TRILHAS DE FUTURO - ESTUDANTES,EPT
2026,7,1261,2118,10,0,Investimentos Próprios,22000.0,20851.24,20851.24,SECRETARIA DE ESTADO DE EDUCACAO,SEE,SEE,TRILHAS DE FUTURO - ESTUDANTES,EPT
2026,7,1261,2118,71,0,Investimentos Próprios,15000.0,14420.0,14420.0,SECRETARIA DE ESTADO DE EDUCACAO,SEE,SEE,TRILHAS DE FUTURO - ESTUDANTES,EPT
2026,7,1261,2118,10,0,Investimentos Próprios,62936.62,62936.62,125873.24,SECRETARIA DE ESTADO DE EDUCACAO,SEE,SEE,TRILHAS DE FUTURO - ESTUDANTES,EPT
2026,7,1261,2118,10,0,Investimentos Próprios,45000.0,33870.15,33870.15,SECRETARIA DE ESTADO DE EDUCACAO,SEE,SEE,TRILHAS DE FUTURO - ESTUDANTES,EPT
2026,7,2301,4162,10,0,Investimentos Próprios,2000000.0,620676.54,0.0,DEPARTAMENTO DE ESTRADAS DE RODAGEM DO ESTADO DE MINAS GERAIS,DER-MG,DER-MG,SUPORTE A GESTAO DOS ATIVOS RODOVIARIOS,Transportes
2026,7,1261,2118,10,0,Investimentos Próprios,235229.99,233343.3,233343.3,SECRETARIA DE ESTADO DE EDUCACAO,SEE,SEE,TRILHAS DE FUTURO - ESTUDANTES,EPT
2026,7,1261,2118,10,0,Investimentos Próprios,119958.54,119958.54,119958.54,SECRETARIA DE ESTADO DE EDUCACAO,SEE,SEE,TRILHAS DE FUTURO - ESTUDANTES,EPT
2026,7,1261,2118,10,0,Investimentos Próprios,89226.07,79525.44,79525.44,SECRETARIA DE ESTADO DE EDUCACAO,SEE,SEE,TRILHAS DE FUTURO - ESTUDANTES,EPT
2026,7,1261,2118,10,0,Investimentos Próprios,41050.8,41050.8,82101.6,SECRETARIA DE ESTADO DE EDUCACAO,SEE,SEE,TRILHAS DE FUTURO - ESTUDANTES,EPT
2026,7,2301,4293,32,0,Investimentos Próprios,153000.0,382248.69,0.0,DEPARTAMENTO DE ESTRADAS DE RODAGEM DO ESTADO DE MINAS GERAIS,DER-MG,DER-MG,CONSERVACAO ROTINEIRA DA MALHA VIARIA,Transportes
2026,7,2301,4293,32,0,Investimentos Próprios,1028322.94,0.0,0.0,DEPARTAMENTO DE ESTRADAS DE RODAGEM DO ESTADO DE MINAS GERAIS,DER-MG,DER-MG,CONSERVACAO ROTINEIRA DA MALHA VIARIA,Transportes
2026,7,2301,4293,32,0,Investimentos Próprios,846522.0,782226.28,0.0,DEPARTAMENTO DE ESTRADAS DE RODAGEM DO ESTADO DE MINAS GERAIS,DER-MG,DER-MG,CONSERVACAO ROTINEIRA DA MALHA VIARIA,Transportes
2026,7,2301,4293,32,0,Investimentos Próprios,20399.72,5215.1,0.0,DEPARTAMENTO DE ESTRADAS DE RODAGEM DO ESTADO DE MINAS GERAIS,DER-MG,DER-MG,CONSERVACAO ROTINEIRA DA MALHA VIARIA,Transportes
2026,7,1261,2118,10,0,Investimentos Próprios,37000.0,17414.33,17414.33,SECRETARIA DE ESTADO DE EDUCACAO,SEE,SEE,TRILHAS DE FUTURO - ESTUDANTES,EPT
2026,7,1261,2118,71,0,Investimentos Próprios,9500.0,8300.0,8300.0,SECRETARIA DE ESTADO DE EDUCACAO,SEE,SEE,TRILHAS DE FUTURO - ESTUDANTES,EPT
2026,7,1261,2118,71,0,Investimentos Próprios,95000.0,40200.0,40200.0,SECRETARIA DE ESTADO DE EDUCACAO,SEE,SEE,TRILHAS DE FUTURO - ESTUDANTES,EPT
2026,7,1261,2118,71,0,Investimentos Próprios,7000.0,6920.0,6920.0,SECRETARIA DE ESTADO DE EDUCACAO,SEE,SEE,TRILHAS DE FUTURO - ESTUDANTES,EPT
2026,7,1261,2118,71,0,Investimentos Próprios,43680.0,32100.0,32100.0,SECRETARIA DE ESTADO DE EDUCACAO,SEE,SEE,TRILHAS DE FUTURO - ESTUDANTES,EPT
2026,7,1261,2118,71,0,Investimentos Próprios,84000.0,75920.0,156180.0,SECRETARIA DE ESTADO DE EDUCACAO,SEE,SEE,TRILHAS DE FUTURO - ESTUDANTES,EPT
2026,7,1261,2118,10,0,Investimentos Próprios,40348.56,20174.28,39868.22,SECRETARIA DE ESTADO DE EDUCACAO,SEE,SEE,TRILHAS DE FUTURO - ESTUDANTES,EPT
2026,7,1261,2118,71,0,Investimentos Próprios,16140.0,9320.0,14420.0,SECRETARIA DE ESTADO DE EDUCACAO,SEE,SEE,TRILHAS DE FUTURO - ESTUDANTES,EPT
2026,7,1261,2118,71,0,Investimentos Próprios,6100.0,5940.0,5940.0,SECRETARIA DE ESTADO DE EDUCACAO,SEE,SEE,TRILHAS DE FUTURO - ESTUDANTES,EPT
2026,7,1261,2118,71,0,Investimentos Próprios,6500.0,6080.0,6080.0,SECRETARIA DE ESTADO DE EDUCACAO,SEE,SEE,TRILHAS DE FUTURO - ESTUDANTES,EPT
2026,7,1261,2118,10,0,Investimentos Próprios,0.0,0.0,0.0,SECRETARIA DE ESTADO DE EDUCACAO,SEE,SEE,TRILHAS DE FUTURO - ESTUDANTES,EPT
2026,7,1261,2118,10,0,Investimentos Próprios,17672.07,17672.07,17672.07,SECRETARIA DE ESTADO DE EDUCACAO,SEE,SEE,TRILHAS DE FUTURO - ESTUDANTES,EPT
2026,7,1261,2118,10,0,Investimentos Próprios,42978.4,21489.2,42441.17,SECRETARIA DE ESTADO DE EDUCACAO,SEE,SEE,TRILHAS DE FUTURO - ESTUDANTES,EPT
2026,7,1261,2118,71,0,Investimentos Próprios,6040.0,6040.0,0.0,SECRETARIA DE ESTADO DE EDUCACAO,SEE,SEE,TRILHAS DE FUTURO - ESTUDANTES,EPT
2026,7,1261,2118,71,0,Investimentos Próprios,53200.0,53200.0,0.0,SECRETARIA DE ESTADO DE EDUCACAO,SEE,SEE,TRILHAS DE FUTURO - ESTUDANTES,EPT
2026,7,1261,2118,71,0,Investimentos Próprios,26660.0,26660.0,0.0,SECRETARIA DE ESTADO DE EDUCACAO,SEE,SEE,TRILHAS DE FUTURO - ESTUDANTES,EPT
2026,7,2301,4162,10,0,Investimentos Próprios,1919959.59,603291.1,0.0,DEPARTAMENTO DE ESTRADAS DE RODAGEM DO ESTADO DE MINAS GERAIS,DER-MG,DER-MG,SUPORTE A GESTAO DOS ATIVOS RODOVIARIOS,Transportes
2026,7,1261,2118,71,0,Investimentos Próprios,120120.0,0.0,0.0,SECRETARIA DE ESTADO DE EDUCACAO,SEE,SEE,TRILHAS DE FUTURO - ESTUDANTES,EPT
2026,7,1261,2118,71,0,Investimentos Próprios,20000.0,7980.0,14420.0,SECRETARIA DE ESTADO DE EDUCACAO,SEE,SEE,TRILHAS DE FUTURO - ESTUDANTES,EPT
2026,7,1261,2118,71,0,Investimentos Próprios,7380.0,7380.0,0.0,SECRETARIA DE ESTADO DE EDUCACAO,SEE,SEE,TRILHAS DE FUTURO - ESTUDANTES,EPT
2026,7,1261,2118,10,0,Investimentos Próprios,86901.02,86901.02,86901.02,SECRETARIA DE ESTADO DE EDUCACAO,SEE,SEE,TRILHAS DE FUTURO - ESTUDANTES,EPT
2026,7,1261,2118,10,0,Investimentos Próprios,15898.06,15898.06,15898.06,SECRETARIA DE ESTADO DE EDUCACAO,SEE,SEE,TRILHAS DE FUTURO - ESTUDANTES,EPT
2026,7,1261,2118,10,0,Investimentos Próprios,15000.0,14018.32,14018.32,SECRETARIA DE ESTADO DE EDUCACAO,SEE,SEE,TRILHAS DE FUTURO - ESTUDANTES,EPT
2026,7,1261,2118,71,0,Investimentos Próprios,74640.0,74640.0,74640.0,SECRETARIA DE ESTADO DE EDUCACAO,SEE,SEE,TRILHAS DE FUTURO - ESTUDANTES,EPT
2026,7,1261,2118,71,0,Investimentos Próprios,33040.0,33040.0,33040.0,SECRETARIA DE ESTADO DE EDUCACAO,SEE,SEE,TRILHAS DE FUTURO - ESTUDANTES,EPT
2026,7,1261,2118,71,0,Investimentos Próprios,38000.0,36880.0,36880.0,SECRETARIA DE ESTADO DE EDUCACAO,SEE,SEE,TRILHAS DE FUTURO - ESTUDANTES,EPT
2026,7,1261,2118,10,0,Investimentos Próprios,0.0,0.0,0.0,SECRETARIA DE ESTADO DE EDUCACAO,SEE,SEE,TRILHAS DE FUTURO - ESTUDANTES,EPT
2026,7,1261,2118,10,0,Investimentos Próprios,107462.16,107462.16,213062.4,SECRETARIA DE ESTADO DE EDUCACAO,SEE,SEE,TRILHAS DE FUTURO - ESTUDANTES,EPT
2026,7,1261,2118,10,0,Investimentos Próprios,12791.9,12791.9,0.0,SECRETARIA DE ESTADO DE EDUCACAO,SEE,SEE,TRILHAS DE FUTURO - ESTUDANTES,EPT
2026,7,1261,2118,71,0,Investimentos Próprios,8800.0,8800.0,8800.0,SECRETARIA DE ESTADO DE EDUCACAO,SEE,SEE,TRILHAS DE FUTURO - ESTUDANTES,EPT
2026,7,1261,2118,71,0,Investimentos Próprios,50000.0,46380.0,46380.0,SECRETARIA DE ESTADO DE EDUCACAO,SEE,SEE,TRILHAS DE FUTURO - ESTUDANTES,EPT
2026,7,1261,2118,10,0,Investimentos Próprios,246100.0,245521.23,245521.23,SECRETARIA DE ESTADO DE EDUCACAO,SEE,SEE,TRILHAS DE FUTURO - ESTUDANTES,EPT
2026,7,1261,2118,10,0,Investimentos Próprios,100000.0,9383.06,9383.06,SECRETARIA DE ESTADO DE EDUCACAO,SEE,SEE,TRILHAS DE FUTURO - ESTUDANTES,EPT
2026,7,1261,2118,10,0,Investimentos Próprios,60000.0,27297.26,27297.26,SECRETARIA DE ESTADO DE EDUCACAO,SEE,SEE,TRILHAS DE FUTURO - ESTUDANTES,EPT
2026,7,1511,4060,48,0,Investimentos Próprios,0.0,908771.5,0.0,POLICIA CIVIL DO ESTADO DE MINAS GERAIS,PCMG,PCMG,GESTAO DAS UNIDADES POLICIAIS,Segurança Pública
2026,7,1261,2118,71,0,Investimentos Próprios,21000.0,19260.0,19260.0,SECRETARIA DE ESTADO DE EDUCACAO,SEE,SEE,TRILHAS DE FUTURO - ESTUDANTES,EPT
2026,7,1261,2118,10,0,Investimentos Próprios,164779.93,147467.42,147467.42,SECRETARIA DE ESTADO DE EDUCACAO,SEE,SEE,TRILHAS DE FUTURO - ESTUDANTES,EPT
2026,7,1261,2118,71,0,Investimentos Próprios,4660.0,4660.0,0.0,SECRETARIA DE ESTADO DE EDUCACAO,SEE,SEE,TRILHAS DE FUTURO - ESTUDANTES,EPT
2026,7,1261,2118,71,0,Investimentos Próprios,12200.0,12200.0,12200.0,SECRETARIA DE ESTADO DE EDUCACAO,SEE,SEE,TRILHAS DE FUTURO - ESTUDANTES,EPT
2026,7,1261,2118,10,0,Investimentos Próprios,28149.0,28149.0,28149.0,SECRETARIA DE ESTADO DE EDUCACAO,SEE,SEE,TRILHAS DE FUTURO - ESTUDANTES,EPT
2026,7,1261,2118,10,0,Investimentos Próprios,45090.28,45090.28,45090.28,SECRETARIA DE ESTADO DE EDUCACAO,SEE,SEE,TRILHAS DE FUTURO - ESTUDANTES,EPT
2026,7,1261,2118,71,0,Investimentos Próprios,7580.0,7580.0,0.0,SECRETARIA DE ESTADO DE EDUCACAO,SEE,SEE,TRILHAS DE FUTURO - ESTUDANTES,EPT
2026,7,1261,2118,71,0,Investimentos Próprios,5500.0,5500.0,0.0,SECRETARIA DE ESTADO DE EDUCACAO,SEE,SEE,TRILHAS DE FUTURO - ESTUDANTES,EPT
2026,7,1261,2118,10,0,Investimentos Próprios,22791.1,22791.1,0.0,SECRETARIA DE ESTADO DE EDUCACAO,SEE,SEE,TRILHAS DE FUTURO - ESTUDANTES,EPT
2026,7,2301,4385,33,0,Investimentos Próprios,-25.29,3143333.96,0.0,DEPARTAMENTO DE ESTRADAS DE RODAGEM DO ESTADO DE MINAS GERAIS,DER-MG,DER-MG,REABILITACAO DA MALHA VIARIA,Transportes
2026,7,2301,4385,10,0,Investimentos Próprios,2291241.34,5448213.32,0.0,DEPARTAMENTO DE ESTRADAS DE RODAGEM DO ESTADO DE MINAS GERAIS,DER-MG,DER-MG,REABILITACAO DA MALHA VIARIA,Transportes
2026,7,2301,4385,10,0,Investimentos Próprios,77834.8,442866.1,0.0,DEPARTAMENTO DE ESTRADAS DE RODAGEM DO ESTADO DE MINAS GERAIS,DER-MG,DER-MG,REABILITACAO DA MALHA VIARIA,Transportes
2026,7,2301,4385,10,0,Investimentos Próprios,-613263.44,0.0,0.0,DEPARTAMENTO DE ESTRADAS DE RODAGEM DO ESTADO DE MINAS GERAIS,DER-MG,DER-MG,REABILITACAO DA MALHA VIARIA,Transportes
2026,7,2301,4385,10,0,Investimentos Próprios,-40.21,0.0,0.0,DEPARTAMENTO DE ESTRADAS DE RODAGEM DO ESTADO DE MINAS GERAIS,DER-MG,DER-MG,REABILITACAO DA MALHA VIARIA,Transportes
2026,7,1261,2118,10,0,Investimentos Próprios,115930.73,115930.73,0.0,SECRETARIA DE ESTADO DE EDUCACAO,SEE,SEE,TRILHAS DE FUTURO - ESTUDANTES,EPT
2026,7,1261,2118,71,0,Investimentos Próprios,7980.0,7980.0,11180.0,SECRETARIA DE ESTADO DE EDUCACAO,SEE,SEE,TRILHAS DE FUTURO - ESTUDANTES,EPT
2026,7,1261,2118,10,0,Investimentos Próprios,47768.34,47768.34,47768.34,SECRETARIA DE ESTADO DE EDUCACAO,SEE,SEE,TRILHAS DE FUTURO - ESTUDANTES,EPT
2026,7,1261,2118,71,0,Investimentos Próprios,14000.0,10840.0,10840.0,SECRETARIA DE ESTADO DE EDUCACAO,SEE,SEE,TRILHAS DE FUTURO - ESTUDANTES,EPT
2026,7,2301,4385,10,0,Investimentos Próprios,0.0,16904.52,0.0,DEPARTAMENTO DE ESTRADAS DE RODAGEM DO ESTADO DE MINAS GERAIS,DER-MG,DER-MG,REABILITACAO DA MALHA VIARIA,Transportes
2026,7,1261,2118,71,0,Investimentos Próprios,18920.0,18920.0,18920.0,SECRETARIA DE ESTADO DE EDUCACAO,SEE,SEE,TRILHAS DE FUTURO - ESTUDANTES,EPT
2026,7,1261,2118,71,0,Investimentos Próprios,80000.0,49840.0,76560.0,SECRETARIA DE ESTADO DE EDUCACAO,SEE,SEE,TRILHAS DE FUTURO - ESTUDANTES,EPT
2026,7,1261,2118,10,0,Investimentos Próprios,9000.0,8685.13,8685.13,SECRETARIA DE ESTADO DE EDUCACAO,SEE,SEE,TRILHAS DE FUTURO - ESTUDANTES,EPT
2026,7,1261,2118,71,0,Investimentos Próprios,6600.0,6540.0,0.0,SECRETARIA DE ESTADO DE EDUCACAO,SEE,SEE,TRILHAS DE FUTURO - ESTUDANTES,EPT
2026,7,2301,4275,10,0,Investimentos Próprios,0.0,80860.22,0.0,DEPARTAMENTO DE ESTRADAS DE RODAGEM DO ESTADO DE MINAS GERAIS,DER-MG,DER-MG,IMPLANTACAO/PAVIMENTACAO DA MALHA,Transportes
2026,7,1261,2118,10,0,Investimentos Próprios,16000.0,15632.74,0.0,SECRETARIA DE ESTADO DE EDUCACAO,SEE,SEE,TRILHAS DE FUTURO - ESTUDANTES,EPT
2026,7,1261,2118,71,0,Investimentos Próprios,6500.0,6060.0,0.0,SECRETARIA DE ESTADO DE EDUCACAO,SEE,SEE,TRILHAS DE FUTURO - ESTUDANTES,EPT
2026,7,1261,2118,71,0,Investimentos Próprios,11500.0,11400.0,0.0,SECRETARIA DE ESTADO DE EDUCACAO,SEE,SEE,TRILHAS DE FUTURO - ESTUDANTES,EPT
2026,7,1261,2118,71,0,Investimentos Próprios,6500.0,6320.0,0.0,SECRETARIA DE ESTADO DE EDUCACAO,SEE,SEE,TRILHAS DE FUTURO - ESTUDANTES,EPT
2026,7,1261,2118,71,0,Investimentos Próprios,9300.0,6260.0,8460.0,SECRETARIA DE ESTADO DE EDUCACAO,SEE,SEE,TRILHAS DE FUTURO - ESTUDANTES,EPT
2026,7,1261,2118,71,0,Investimentos Próprios,153600.0,153600.0,153600.0,SECRETARIA DE ESTADO DE EDUCACAO,SEE,SEE,TRILHAS DE FUTURO - ESTUDANTES,EPT
2026,7,1261,2118,10,0,Investimentos Próprios,10410.12,10410.12,0.0,SECRETARIA DE ESTADO DE EDUCACAO,SEE,SEE,TRILHAS DE FUTURO - ESTUDANTES,EPT
2026,7,1261,2118,10,0,Investimentos Próprios,0.0,0.0,0.0,SECRETARIA DE ESTADO DE EDUCACAO,SEE,SEE,TRILHAS DE FUTURO - ESTUDANTES,EPT
2026,7,1261,2118,10,0,Investimentos Próprios,0.0,0.0,0.0,SECRETARIA DE ESTADO DE EDUCACAO,SEE,SEE,TRILHAS DE FUTURO - ESTUDANTES,EPT
2026,7,1261,2118,10,0,Investimentos Próprios,0.0,0.0,0.0,SECRETARIA DE ESTADO DE EDUCACAO,SEE,SEE,TRILHAS DE FUTURO - ESTUDANTES,EPT
2026,7,1261,2118,10,0,Investimentos Próprios,0.0,0.0,0.0,SECRETARIA DE ESTADO DE EDUCACAO,SEE,SEE,TRILHAS DE FUTURO - ESTUDANTES,EPT
2026,7,1261,2118,10,0,Investimentos Próprios,0.0,0.0,0.0,SECRETARIA DE ESTADO DE EDUCACAO,SEE,SEE,TRILHAS DE FUTURO - ESTUDANTES,EPT
2026,7,1261,2118,10,0,Investimentos Próprios,0.0,0.0,0.0,SECRETARIA DE ESTADO DE EDUCACAO,SEE,SEE,TRILHAS DE FUTURO - ESTUDANTES,EPT
2026,7,1261,2118,10,0,Investimentos Próprios,15341.5,15341.5,0.0,SECRETARIA DE ESTADO DE EDUCACAO,SEE,SEE,TRILHAS DE FUTURO - ESTUDANTES,EPT
2026,7,1261,2118,10,0,Investimentos Próprios,53159.12,26579.56,26579.56,SECRETARIA DE ESTADO DE EDUCACAO,SEE,SEE,TRILHAS DE FUTURO - ESTUDANTES,EPT
2026,7,1261,2118,71,0,Investimentos Próprios,10120.0,10120.0,0.0,SECRETARIA DE ESTADO DE EDUCACAO,SEE,SEE,TRILHAS DE FUTURO - ESTUDANTES,EPT
2026,7,1261,2118,71,0,Investimentos Próprios,8020.0,8020.0,0.0,SECRETARIA DE ESTADO DE EDUCACAO,SEE,SEE,TRILHAS DE FUTURO - ESTUDANTES,EPT
2026,7,1261,2118,71,0,Investimentos Próprios,6160.0,6160.0,0.0,SECRETARIA DE ESTADO DE EDUCACAO,SEE,SEE,TRILHAS DE FUTURO - ESTUDANTES,EPT
2026,7,1261,2118,10,0,Investimentos Próprios,30000.0,27917.4,27917.4,SECRETARIA DE ESTADO DE EDUCACAO,SEE,SEE,TRILHAS DE FUTURO - ESTUDANTES,EPT
2026,7,1261,2118,10,0,Investimentos Próprios,83238.52,82064.2,82064.2,SECRETARIA DE ESTADO DE EDUCACAO,SEE,SEE,TRILHAS DE FUTURO - ESTUDANTES,EPT
2026,7,1261,2118,71,0,Investimentos Próprios,40000.0,33660.0,33660.0,SECRETARIA DE ESTADO DE EDUCACAO,SEE,SEE,TRILHAS DE FUTURO - ESTUDANTES,EPT
2026,7,1261,2118,71,0,Investimentos Próprios,187640.0,88820.0,135800.0,SECRETARIA DE ESTADO DE EDUCACAO,SEE,SEE,TRILHAS DE FUTURO - ESTUDANTES,EPT
2026,7,1261,2118,71,0,Investimentos Próprios,200000.0,65600.0,65600.0,SECRETARIA DE ESTADO DE EDUCACAO,SEE,SEE,TRILHAS DE FUTURO - ESTUDANTES,EPT
2026,7,1261,2118,10,0,Investimentos Próprios,54000.0,51676.0,51676.0,SECRETARIA DE ESTADO DE EDUCACAO,SEE,SEE,TRILHAS DE FUTURO - ESTUDANTES,EPT
2026,7,1261,2118,71,0,Investimentos Próprios,7860.0,7860.0,0.0,SECRETARIA DE ESTADO DE EDUCACAO,SEE,SEE,TRILHAS DE FUTURO - ESTUDANTES,EPT
2026,7,1261,2118,71,0,Investimentos Próprios,7000.0,7000.0,0.0,SECRETARIA DE ESTADO DE EDUCACAO,SEE,SEE,TRILHAS DE FUTURO - ESTUDANTES,EPT
2026,7,1261,2118,71,0,Investimentos Próprios,20840.0,12480.0,19640.0,SECRETARIA DE ESTADO DE EDUCACAO,SEE,SEE,TRILHAS DE FUTURO - ESTUDANTES,EPT
2026,7,1261,2118,10,0,Investimentos Próprios,159000.0,78265.68,78265.68,SECRETARIA DE ESTADO DE EDUCACAO,SEE,SEE,TRILHAS DE FUTURO - ESTUDANTES,EPT
2026,7,1261,2118,71,0,Investimentos Próprios,2000.0,1320.0,1320.0,SECRETARIA DE ESTADO DE EDUCACAO,SEE,SEE,TRILHAS DE FUTURO - ESTUDANTES,EPT
2026,7,1261,2118,10,0,Investimentos Próprios,34544.68,34544.68,34544.68,SECRETARIA DE ESTADO DE EDUCACAO,SEE,SEE,TRILHAS DE FUTURO - ESTUDANTES,EPT
2026,7,1261,2118,71,0,Investimentos Próprios,6240.0,6240.0,10120.0,SECRETARIA DE ESTADO DE EDUCACAO,SEE,SEE,TRILHAS DE FUTURO - ESTUDANTES,EPT
2026,7,1261,2118,71,0,Investimentos Próprios,14760.0,14760.0,14760.0,SECRETARIA DE ESTADO DE EDUCACAO,SEE,SEE,TRILHAS DE FUTURO - ESTUDANTES,EPT
2026,7,2301,4293,32,0,Investimentos Próprios,0.0,137622.67,0.0,DEPARTAMENTO DE ESTRADAS DE RODAGEM DO ESTADO DE MINAS GERAIS,DER-MG,DER-MG,CONSERVACAO ROTINEIRA DA MALHA VIARIA,Transportes
2026,7,1261,2118,71,0,Investimentos Próprios,30000.0,9740.0,9740.0,SECRETARIA DE ESTADO DE EDUCACAO,SEE,SEE,TRILHAS DE FUTURO - ESTUDANTES,EPT
2026,7,1261,2118,10,0,Investimentos Próprios,65000.0,31126.4,31126.4,SECRETARIA DE ESTADO DE EDUCACAO,SEE,SEE,TRILHAS DE FUTURO - ESTUDANTES,EPT
2026,7,1511,4060,48,0,Investimentos Próprios,580000.0,0.0,0.0,POLICIA CIVIL DO ESTADO DE MINAS GERAIS,PCMG,PCMG,GESTAO DAS UNIDADES POLICIAIS,Segurança Pública
2026,7,1261,2118,71,0,Investimentos Próprios,33220.0,33220.0,33220.0,SECRETARIA DE ESTADO DE EDUCACAO,SEE,SEE,TRILHAS DE FUTURO - ESTUDANTES,EPT
2026,7,1261,2118,71,0,Investimentos Próprios,32945.0,13200.0,28860.0,SECRETARIA DE ESTADO DE EDUCACAO,SEE,SEE,TRILHAS DE FUTURO - ESTUDANTES,EPT
2026,7,1261,2118,10,0,Investimentos Próprios,56251.65,18750.55,18750.55,SECRETARIA DE ESTADO DE EDUCACAO,SEE,SEE,TRILHAS DE FUTURO - ESTUDANTES,EPT
2026,7,1261,2118,10,0,Investimentos Próprios,50000.0,20044.63,20044.63,SECRETARIA DE ESTADO DE EDUCACAO,SEE,SEE,TRILHAS DE FUTURO - ESTUDANTES,EPT
2026,7,1261,2118,71,0,Investimentos Próprios,49000.0,22120.0,22120.0,SECRETARIA DE ESTADO DE EDUCACAO,SEE,SEE,TRILHAS DE FUTURO - ESTUDANTES,EPT
2026,7,1261,2118,10,0,Investimentos Próprios,60000.0,33534.54,33534.54,SECRETARIA DE ESTADO DE EDUCACAO,SEE,SEE,TRILHAS DE FUTURO - ESTUDANTES,EPT
2026,7,1261,2118,10,0,Investimentos Próprios,104712.28,102364.02,102364.02,SECRETARIA DE ESTADO DE EDUCACAO,SEE,SEE,TRILHAS DE FUTURO - ESTUDANTES,EPT
2026,7,1261,2118,10,0,Investimentos Próprios,36183.1,31539.24,31539.24,SECRETARIA DE ESTADO DE EDUCACAO,SEE,SEE,TRILHAS DE FUTURO - ESTUDANTES,EPT
2026,7,1261,2118,10,0,Investimentos Próprios,41505.85,40915.0,40915.0,SECRETARIA DE ESTADO DE EDUCACAO,SEE,SEE,TRILHAS DE FUTURO - ESTUDANTES,EPT
2026,7,1261,2118,10,0,Investimentos Próprios,70744.5,67375.72,67375.72,SECRETARIA DE ESTADO DE EDUCACAO,SEE,SEE,TRILHAS DE FUTURO - ESTUDANTES,EPT
2026,7,1261,2118,10,0,Investimentos Próprios,51449.54,51449.54,51449.54,SECRETARIA DE ESTADO DE EDUCACAO,SEE,SEE,TRILHAS DE FUTURO - ESTUDANTES,EPT
2026,7,1261,2118,10,0,Investimentos Próprios,42594.39,42594.39,42594.39,SECRETARIA DE ESTADO DE EDUCACAO,SEE,SEE,TRILHAS DE FUTURO - ESTUDANTES,EPT
2026,7,1261,2118,10,0,Investimentos Próprios,46915.0,46915.0,46915.0,SECRETARIA DE ESTADO DE EDUCACAO,SEE,SEE,TRILHAS DE FUTURO - ESTUDANTES,EPT
2026,7,1261,2118,10,0,Investimentos Próprios,5500.0,4958.2,4958.2,SECRETARIA DE ESTADO DE EDUCACAO,SEE,SEE,TRILHAS DE FUTURO - ESTUDANTES,EPT
2026,7,1261,2118,10,0,Investimentos Próprios,0.0,0.0,0.0,SECRETARIA DE ESTADO DE EDUCACAO,SEE,SEE,TRILHAS DE FUTURO - ESTUDANTES,EPT
2026,7,1261,2118,10,0,Investimentos Próprios,34500.0,33199.2,33199.2,SECRETARIA DE ESTADO DE EDUCACAO,SEE,SEE,TRILHAS DE FUTURO - ESTUDANTES,EPT
2026,7,1261,2118,10,0,Investimentos Próprios,5500.0,4190.31,4190.31,SECRETARIA DE ESTADO DE EDUCACAO,SEE,SEE,TRILHAS DE FUTURO - ESTUDANTES,EPT
2026,7,1261,2118,10,0,Investimentos Próprios,12000.0,10720.65,10720.65,SECRETARIA DE ESTADO DE EDUCACAO,SEE,SEE,TRILHAS DE FUTURO - ESTUDANTES,EPT
2026,7,1261,2118,10,0,Investimentos Próprios,14500.0,14294.2,14294.2,SECRETARIA DE ESTADO DE EDUCACAO,SEE,SEE,TRILHAS DE FUTURO - ESTUDANTES,EPT
2026,7,1261,2118,10,0,Investimentos Próprios,22500.0,20726.59,20726.59,SECRETARIA DE ESTADO DE EDUCACAO,SEE,SEE,TRILHAS DE FUTURO - ESTUDANTES,EPT
2026,7,1261,2118,10,0,Investimentos Próprios,16000.0,15519.92,15519.92,SECRETARIA DE ESTADO DE EDUCACAO,SEE,SEE,TRILHAS DE FUTURO - ESTUDANTES,EPT
2026,7,1261,2118,10,0,Investimentos Próprios,0.0,0.0,0.0,SECRETARIA DE ESTADO DE EDUCACAO,SEE,SEE,TRILHAS DE FUTURO - ESTUDANTES,EPT
2026,7,1261,2118,71,0,Investimentos Próprios,20000.0,14460.0,14460.0,SECRETARIA DE ESTADO DE EDUCACAO,SEE,SEE,TRILHAS DE FUTURO - ESTUDANTES,EPT
2026,7,2301,4385,33,0,Investimentos Próprios,0.0,56438.56,0.0,DEPARTAMENTO DE ESTRADAS DE RODAGEM DO ESTADO DE MINAS GERAIS,DER-MG,DER-MG,REABILITACAO DA MALHA VIARIA,Transportes
2026,7,1251,4365,48,0,Investimentos Próprios,0.0,2317983.84,0.0,POLICIA MILITAR DO ESTADO DE MINAS GERAIS,PMMG,PMMG,POLICIAMENTO OSTENSIVO GERAL,Segurança Pública
2026,7,1261,2118,71,0,Investimentos Próprios,21310.0,21300.0,21300.0,SECRETARIA DE ESTADO DE EDUCACAO,SEE,SEE,TRILHAS DE FUTURO - ESTUDANTES,EPT
2026,7,1261,2118,71,0,Investimentos Próprios,5300.0,5300.0,0.0,SECRETARIA DE ESTADO DE EDUCACAO,SEE,SEE,TRILHAS DE FUTURO - ESTUDANTES,EPT
2026,7,1261,2118,71,0,Investimentos Próprios,15000.0,14680.0,14680.0,SECRETARIA DE ESTADO DE EDUCACAO,SEE,SEE,TRILHAS DE FUTURO - ESTUDANTES,EPT
2026,7,1261,2118,10,0,Investimentos Próprios,26000.0,0.0,24761.2,SECRETARIA DE ESTADO DE EDUCACAO,SEE,SEE,TRILHAS DE FUTURO - ESTUDANTES,EPT
2026,7,1261,2118,10,0,Investimentos Próprios,0.0,0.0,0.0,SECRETARIA DE ESTADO DE EDUCACAO,SEE,SEE,TRILHAS DE FUTURO - ESTUDANTES,EPT
2026,7,2301,4275,10,0,Investimentos Próprios,8295000.0,9014363.14,0.0,DEPARTAMENTO DE ESTRADAS DE RODAGEM DO ESTADO DE MINAS GERAIS,DER-MG,DER-MG,IMPLANTACAO/PAVIMENTACAO DA MALHA,Transportes
2026,7,1251,4365,48,0,Investimentos Próprios,0.0,0.0,0.0,POLICIA MILITAR DO ESTADO DE MINAS GERAIS,PMMG,PMMG,POLICIAMENTO OSTENSIVO GERAL,Segurança Pública
2026,7,1261,2118,71,0,Investimentos Próprios,119260.0,119260.0,212000.0,SECRETARIA DE ESTADO DE EDUCACAO,SEE,SEE,TRILHAS DE FUTURO - ESTUDANTES,EPT
2026,7,1261,2118,10,0,Investimentos Próprios,247500.0,129117.39,244191.39,SECRETARIA DE ESTADO DE EDUCACAO,SEE,SEE,TRILHAS DE FUTURO - ESTUDANTES,EPT
2026,7,1261,2118,71,0,Investimentos Próprios,20780.0,20780.0,20780.0,SECRETARIA DE ESTADO DE EDUCACAO,SEE,SEE,TRILHAS DE FUTURO - ESTUDANTES,EPT
2026,7,1261,2118,10,0,Investimentos Próprios,350000.0,0.0,163404.32,SECRETARIA DE ESTADO DE EDUCACAO,SEE,SEE,TRILHAS DE FUTURO - ESTUDANTES,EPT
2026,7,1261,2118,10,0,Investimentos Próprios,185000.0,0.0,54132.12,SECRETARIA DE ESTADO DE EDUCACAO,SEE,SEE,TRILHAS DE FUTURO - ESTUDANTES,EPT
2026,7,1261,2118,10,0,Investimentos Próprios,580000.0,0.0,279023.21,SECRETARIA DE ESTADO DE EDUCACAO,SEE,SEE,TRILHAS DE FUTURO - ESTUDANTES,EPT
2026,7,1261,2118,71,0,Investimentos Próprios,9220.0,9220.0,9220.0,SECRETARIA DE ESTADO DE EDUCACAO,SEE,SEE,TRILHAS DE FUTURO - ESTUDANTES,EPT
2026,7,1261,2118,71,0,Investimentos Próprios,7540.0,7540.0,7540.0,SECRETARIA DE ESTADO DE EDUCACAO,SEE,SEE,TRILHAS DE FUTURO - ESTUDANTES,EPT
2026,7,1261,2118,71,0,Investimentos Próprios,92400.0,10240.0,10240.0,SECRETARIA DE ESTADO DE EDUCACAO,SEE,SEE,TRILHAS DE FUTURO - ESTUDANTES,EPT
2026,7,1261,2118,71,0,Investimentos Próprios,31200.0,3760.0,3760.0,SECRETARIA DE ESTADO DE EDUCACAO,SEE,SEE,TRILHAS DE FUTURO - ESTUDANTES,EPT
2026,7,1261,2118,10,0,Investimentos Próprios,40270.8,19590.84,19590.84,SECRETARIA DE ESTADO DE EDUCACAO,SEE,SEE,TRILHAS DE FUTURO - ESTUDANTES,EPT
2026,7,1261,2118,10,0,Investimentos Próprios,62553.6,30755.52,30755.52,SECRETARIA DE ESTADO DE EDUCACAO,SEE,SEE,TRILHAS DE FUTURO - ESTUDANTES,EPT
2026,7,1261,2118,71,0,Investimentos Próprios,49200.0,8800.0,8800.0,SECRETARIA DE ESTADO DE EDUCACAO,SEE,SEE,TRILHAS DE FUTURO - ESTUDANTES,EPT
2026,7,1261,2118,71,0,Investimentos Próprios,49200.0,9480.0,9480.0,SECRETARIA DE ESTADO DE EDUCACAO,SEE,SEE,TRILHAS DE FUTURO - ESTUDANTES,EPT
2026,7,1261,2118,10,0,Investimentos Próprios,0.0,0.0,0.0,SECRETARIA DE ESTADO DE EDUCACAO,SEE,SEE,TRILHAS DE FUTURO - ESTUDANTES,EPT
2026,7,1261,2118,10,0,Investimentos Próprios,0.0,0.0,0.0,SECRETARIA DE ESTADO DE EDUCACAO,SEE,SEE,TRILHAS DE FUTURO - ESTUDANTES,EPT
2026,7,2301,4162,10,0,Investimentos Próprios,100000.0,0.0,0.0,DEPARTAMENTO DE ESTRADAS DE RODAGEM DO ESTADO DE MINAS GERAIS,DER-MG,DER-MG,SUPORTE A GESTAO DOS ATIVOS RODOVIARIOS,Transportes
2026,7,1261,2118,10,0,Investimentos Próprios,0.0,0.0,0.0,SECRETARIA DE ESTADO DE EDUCACAO,SEE,SEE,TRILHAS DE FUTURO - ESTUDANTES,EPT
2026,7,1261,2118,71,0,Investimentos Próprios,45600.0,12000.0,0.0,SECRETARIA DE ESTADO DE EDUCACAO,SEE,SEE,TRILHAS DE FUTURO - ESTUDANTES,EPT
2026,7,1261,2118,71,0,Investimentos Próprios,46800.0,12920.0,0.0,SECRETARIA DE ESTADO DE EDUCACAO,SEE,SEE,TRILHAS DE FUTURO - ESTUDANTES,EPT
2026,7,1261,2118,10,0,Investimentos Próprios,46780.16,24643.12,24643.12,SECRETARIA DE ESTADO DE EDUCACAO,SEE,SEE,TRILHAS DE FUTURO - ESTUDANTES,EPT
2026,7,1261,2118,10,0,Investimentos Próprios,0.0,0.0,0.0,SECRETARIA DE ESTADO DE EDUCACAO,SEE,SEE,TRILHAS DE FUTURO - ESTUDANTES,EPT
2026,7,1261,2118,10,0,Investimentos Próprios,0.0,0.0,0.0,SECRETARIA DE ESTADO DE EDUCACAO,SEE,SEE,TRILHAS DE FUTURO - ESTUDANTES,EPT
2026,7,1261,2118,10,0,Investimentos Próprios,0.0,0.0,0.0,SECRETARIA DE ESTADO DE EDUCACAO,SEE,SEE,TRILHAS DE FUTURO - ESTUDANTES,EPT
2026,7,1261,2118,71,0,Investimentos Próprios,0.0,0.0,0.0,SECRETARIA DE ESTADO DE EDUCACAO,SEE,SEE,TRILHAS DE FUTURO - ESTUDANTES,EPT
2026,7,2301,4385,10,0,Investimentos Próprios,0.0,19882.12,0.0,DEPARTAMENTO DE ESTRADAS DE RODAGEM DO ESTADO DE MINAS GERAIS,DER-MG,DER-MG,REABILITACAO DA MALHA VIARIA,Transportes
2026,7,1261,2118,10,0,Investimentos Próprios,0.0,0.0,0.0,SECRETARIA DE ESTADO DE EDUCACAO,SEE,SEE,TRILHAS DE FUTURO - ESTUDANTES,EPT
2026,7,1261,2118,10,0,Investimentos Próprios,108467.05,94068.16,94068.16,SECRETARIA DE ESTADO DE EDUCACAO,SEE,SEE,TRILHAS DE FUTURO - ESTUDANTES,EPT
2026,7,1261,2118,10,0,Investimentos Próprios,48711.0,0.0,0.0,SECRETARIA DE ESTADO DE EDUCACAO,SEE,SEE,TRILHAS DE FUTURO - ESTUDANTES,EPT
2026,7,1261,2118,10,0,Investimentos Próprios,147581.56,147581.56,147581.56,SECRETARIA DE ESTADO DE EDUCACAO,SEE,SEE,TRILHAS DE FUTURO - ESTUDANTES,EPT
2026,7,2301,4284,10,0,Investimentos Próprios,0.0,12774.05,0.0,DEPARTAMENTO DE ESTRADAS DE RODAGEM DO ESTADO DE MINAS GERAIS,DER-MG,DER-MG,PREVENCAO E MITIGACAO DE DANOS AMBIENTAIS,Transportes
2026,7,1261,2118,10,0,Investimentos Próprios,0.0,0.0,0.0,SECRETARIA DE ESTADO DE EDUCACAO,SEE,SEE,TRILHAS DE FUTURO - ESTUDANTES,EPT
2026,7,1261,2118,71,0,Investimentos Próprios,76000.0,35920.0,49920.0,SECRETARIA DE ESTADO DE EDUCACAO,SEE,SEE,TRILHAS DE FUTURO - ESTUDANTES,EPT
2026,7,1261,2118,71,0,Investimentos Próprios,70000.0,33900.0,46380.0,SECRETARIA DE ESTADO DE EDUCACAO,SEE,SEE,TRILHAS DE FUTURO - ESTUDANTES,EPT
2026,7,2301,4284,10,0,Investimentos Próprios,0.0,373731.61,0.0,DEPARTAMENTO DE ESTRADAS DE RODAGEM DO ESTADO DE MINAS GERAIS,DER-MG,DER-MG,PREVENCAO E MITIGACAO DE DANOS AMBIENTAIS,Transportes
2026,7,2301,4275,10,0,Investimentos Próprios,0.0,102242.49,0.0,DEPARTAMENTO DE ESTRADAS DE RODAGEM DO ESTADO DE MINAS GERAIS,DER-MG,DER-MG,IMPLANTACAO/PAVIMENTACAO DA MALHA,Transportes
2026,7,1261,2118,71,0,Investimentos Próprios,50400.0,8440.0,8440.0,SECRETARIA DE ESTADO DE EDUCACAO,SEE,SEE,TRILHAS DE FUTURO - ESTUDANTES,EPT
2026,7,1261,2118,71,0,Investimentos Próprios,57920.0,57920.0,57920.0,SECRETARIA DE ESTADO DE EDUCACAO,SEE,SEE,TRILHAS DE FUTURO - ESTUDANTES,EPT
2026,7,1261,2118,71,0,Investimentos Próprios,51600.0,13000.0,13000.0,SECRETARIA DE ESTADO DE EDUCACAO,SEE,SEE,TRILHAS DE FUTURO - ESTUDANTES,EPT
2026,7,1261,2118,10,0,Investimentos Próprios,385000.0,0.0,361382.15,SECRETARIA DE ESTADO DE EDUCACAO,SEE,SEE,TRILHAS DE FUTURO - ESTUDANTES,EPT
2026,7,1261,2118,10,0,Investimentos Próprios,48000.0,0.0,0.0,SECRETARIA DE ESTADO DE EDUCACAO,SEE,SEE,TRILHAS DE FUTURO - ESTUDANTES,EPT
2026,7,1261,2118,10,0,Investimentos Próprios,40000.0,0.0,0.0,SECRETARIA DE ESTADO DE EDUCACAO,SEE,SEE,TRILHAS DE FUTURO - ESTUDANTES,EPT
2026,7,1261,2118,10,0,Investimentos Próprios,0.0,0.0,0.0,SECRETARIA DE ESTADO DE EDUCACAO,SEE,SEE,TRILHAS DE FUTURO - ESTUDANTES,EPT
2026,7,2301,4275,10,0,Investimentos Próprios,340000.0,0.0,0.0,DEPARTAMENTO DE ESTRADAS DE RODAGEM DO ESTADO DE MINAS GERAIS,DER-MG,DER-MG,IMPLANTACAO/PAVIMENTACAO DA MALHA,Transportes
2026,7,1261,2118,10,0,Investimentos Próprios,46327.23,0.0,0.0,SECRETARIA DE ESTADO DE EDUCACAO,SEE,SEE,TRILHAS DE FUTURO - ESTUDANTES,EPT
2026,7,1261,2118,10,0,Investimentos Próprios,25389.6,0.0,25389.6,SECRETARIA DE ESTADO DE EDUCACAO,SEE,SEE,TRILHAS DE FUTURO - ESTUDANTES,EPT
2026,7,2301,4385,33,0,Investimentos Próprios,524678.93,0.0,0.0,DEPARTAMENTO DE ESTRADAS DE RODAGEM DO ESTADO DE MINAS GERAIS,DER-MG,DER-MG,REABILITACAO DA MALHA VIARIA,Transportes
2026,7,1261,2118,71,0,Investimentos Próprios,25560.0,0.0,25560.0,SECRETARIA DE ESTADO DE EDUCACAO,SEE,SEE,TRILHAS DE FUTURO - ESTUDANTES,EPT
2026,7,1261,2118,71,0,Investimentos Próprios,20880.0,0.0,0.0,SECRETARIA DE ESTADO DE EDUCACAO,SEE,SEE,TRILHAS DE FUTURO - ESTUDANTES,EPT
2026,8,1261,2118,10,0,Investimentos Próprios,26000.0,0.0,0.0,SECRETARIA DE ESTADO DE EDUCACAO,SEE,SEE,TRILHAS DE FUTURO - ESTUDANTES,EPT
2026,8,2301,4162,10,0,Investimentos Próprios,0.0,287576.05,0.0,DEPARTAMENTO DE ESTRADAS DE RODAGEM DO ESTADO DE MINAS GERAIS,DER-MG,DER-MG,SUPORTE A GESTAO DOS ATIVOS RODOVIARIOS,Transportes
2026,8,1261,2118,71,0,Investimentos Próprios,0.0,22940.0,0.0,SECRETARIA DE ESTADO DE EDUCACAO,SEE,SEE,TRILHAS DE FUTURO - ESTUDANTES,EPT
2026,8,1261,2118,71,0,Investimentos Próprios,0.0,27120.0,0.0,SECRETARIA DE ESTADO DE EDUCACAO,SEE,SEE,TRILHAS DE FUTURO - ESTUDANTES,EPT
2026,8,1261,2118,10,0,Investimentos Próprios,0.0,26865.85,0.0,SECRETARIA DE ESTADO DE EDUCACAO,SEE,SEE,TRILHAS DE FUTURO - ESTUDANTES,EPT
2026,8,1261,2118,71,0,Investimentos Próprios,0.0,75960.0,0.0,SECRETARIA DE ESTADO DE EDUCACAO,SEE,SEE,TRILHAS DE FUTURO - ESTUDANTES,EPT
2026,8,2301,4385,10,0,Investimentos Próprios,0.0,0.0,0.0,DEPARTAMENTO DE ESTRADAS DE RODAGEM DO ESTADO DE MINAS GERAIS,DER-MG,DER-MG,REABILITACAO DA MALHA VIARIA,Transportes
2026,8,1261,2118,71,0,Investimentos Próprios,86160.0,45700.0,0.0,SECRETARIA DE ESTADO DE EDUCACAO,SEE,SEE,TRILHAS DE FUTURO - ESTUDANTES,EPT
2026,8,1261,2118,10,0,Investimentos Próprios,48600.0,46380.08,0.0,SECRETARIA DE ESTADO DE EDUCACAO,SEE,SEE,TRILHAS DE FUTURO - ESTUDANTES,EPT
2026,8,1261,2118,10,0,Investimentos Próprios,20000.0,27394.8,0.0,SECRETARIA DE ESTADO DE EDUCACAO,SEE,SEE,TRILHAS DE FUTURO - ESTUDANTES,EPT
2026,8,1261,2118,71,0,Investimentos Próprios,7500.0,6320.0,0.0,SECRETARIA DE ESTADO DE EDUCACAO,SEE,SEE,TRILHAS DE FUTURO - ESTUDANTES,EPT
2026,8,1261,2118,71,0,Investimentos Próprios,11000.0,0.0,0.0,SECRETARIA DE ESTADO DE EDUCACAO,SEE,SEE,TRILHAS DE FUTURO - ESTUDANTES,EPT
2026,8,1261,2118,71,0,Investimentos Próprios,8000.0,0.0,0.0,SECRETARIA DE ESTADO DE EDUCACAO,SEE,SEE,TRILHAS DE FUTURO - ESTUDANTES,EPT
2026,8,1261,2118,71,0,Investimentos Próprios,18140.0,12120.0,0.0,SECRETARIA DE ESTADO DE EDUCACAO,SEE,SEE,TRILHAS DE FUTURO - ESTUDANTES,EPT
2026,8,1261,2118,71,0,Investimentos Próprios,0.0,-9240.0,0.0,SECRETARIA DE ESTADO DE EDUCACAO,SEE,SEE,TRILHAS DE FUTURO - ESTUDANTES,EPT
2026,8,1261,2118,71,0,Investimentos Próprios,15000.0,7640.0,0.0,SECRETARIA DE ESTADO DE EDUCACAO,SEE,SEE,TRILHAS DE FUTURO - ESTUDANTES,EPT
2026,8,1261,2118,10,0,Investimentos Próprios,24000.0,0.0,0.0,SECRETARIA DE ESTADO DE EDUCACAO,SEE,SEE,TRILHAS DE FUTURO - ESTUDANTES,EPT
2026,8,1261,2118,10,0,Investimentos Próprios,17000.0,0.0,0.0,SECRETARIA DE ESTADO DE EDUCACAO,SEE,SEE,TRILHAS DE FUTURO - ESTUDANTES,EPT
2026,8,1261,2118,10,0,Investimentos Próprios,-3460.0,0.0,0.0,SECRETARIA DE ESTADO DE EDUCACAO,SEE,SEE,TRILHAS DE FUTURO - ESTUDANTES,EPT
2026,8,1261,2118,71,0,Investimentos Próprios,-81260.0,0.0,0.0,SECRETARIA DE ESTADO DE EDUCACAO,SEE,SEE,TRILHAS DE FUTURO - ESTUDANTES,EPT
2026,8,1261,2118,71,0,Investimentos Próprios,0.0,8140.0,0.0,SECRETARIA DE ESTADO DE EDUCACAO,SEE,SEE,TRILHAS DE FUTURO - ESTUDANTES,EPT
2026,8,2301,4385,10,0,Investimentos Próprios,0.0,14819.2,0.0,DEPARTAMENTO DE ESTRADAS DE RODAGEM DO ESTADO DE MINAS GERAIS,DER-MG,DER-MG,REABILITACAO DA MALHA VIARIA,Transportes
2026,8,1261,2118,71,0,Investimentos Próprios,0.0,7420.0,0.0,SECRETARIA DE ESTADO DE EDUCACAO,SEE,SEE,TRILHAS DE FUTURO - ESTUDANTES,EPT
2026,8,1261,2118,71,0,Investimentos Próprios,30560.0,12240.0,0.0,SECRETARIA DE ESTADO DE EDUCACAO,SEE,SEE,TRILHAS DE FUTURO - ESTUDANTES,EPT
2026,8,1261,2118,71,0,Investimentos Próprios,31640.0,14480.0,0.0,SECRETARIA DE ESTADO DE EDUCACAO,SEE,SEE,TRILHAS DE FUTURO - ESTUDANTES,EPT
2026,8,1261,2118,71,0,Investimentos Próprios,9560.0,9560.0,0.0,SECRETARIA DE ESTADO DE EDUCACAO,SEE,SEE,TRILHAS DE FUTURO - ESTUDANTES,EPT
2026,8,1261,2118,10,0,Investimentos Próprios,29764.62,0.0,0.0,SECRETARIA DE ESTADO DE EDUCACAO,SEE,SEE,TRILHAS DE FUTURO - ESTUDANTES,EPT
2026,8,1261,2118,71,0,Investimentos Próprios,9000.0,0.0,0.0,SECRETARIA DE ESTADO DE EDUCACAO,SEE,SEE,TRILHAS DE FUTURO - ESTUDANTES,EPT
2026,8,1261,2118,71,0,Investimentos Próprios,199765.0,0.0,0.0,SECRETARIA DE ESTADO DE EDUCACAO,SEE,SEE,TRILHAS DE FUTURO - ESTUDANTES,EPT
2026,8,1261,2118,10,0,Investimentos Próprios,0.0,22134.12,0.0,SECRETARIA DE ESTADO DE EDUCACAO,SEE,SEE,TRILHAS DE FUTURO - ESTUDANTES,EPT
2026,8,1261,2118,10,0,Investimentos Próprios,0.0,60133.89,0.0,SECRETARIA DE ESTADO DE EDUCACAO,SEE,SEE,TRILHAS DE FUTURO - ESTUDANTES,EPT
2026,8,1261,2118,71,0,Investimentos Próprios,26340.0,19280.0,0.0,SECRETARIA DE ESTADO DE EDUCACAO,SEE,SEE,TRILHAS DE FUTURO - ESTUDANTES,EPT
2026,8,1261,2118,71,0,Investimentos Próprios,0.0,15860.0,0.0,SECRETARIA DE ESTADO DE EDUCACAO,SEE,SEE,TRILHAS DE FUTURO - ESTUDANTES,EPT
2026,8,2301,4385,33,0,Investimentos Próprios,0.0,571986.1,0.0,DEPARTAMENTO DE ESTRADAS DE RODAGEM DO ESTADO DE MINAS GERAIS,DER-MG,DER-MG,REABILITACAO DA MALHA VIARIA,Transportes
2026,8,1261,2118,71,0,Investimentos Próprios,0.0,10880.0,0.0,SECRETARIA DE ESTADO DE EDUCACAO,SEE,SEE,TRILHAS DE FUTURO - ESTUDANTES,EPT
2026,8,1261,2118,71,0,Investimentos Próprios,0.0,0.0,0.0,SECRETARIA DE ESTADO DE EDUCACAO,SEE,SEE,TRILHAS DE FUTURO - ESTUDANTES,EPT
2026,8,1261,2118,71,0,Investimentos Próprios,0.0,0.0,0.0,SECRETARIA DE ESTADO DE EDUCACAO,SEE,SEE,TRILHAS DE FUTURO - ESTUDANTES,EPT
2026,8,1261,2118,71,0,Investimentos Próprios,0.0,0.0,0.0,SECRETARIA DE ESTADO DE EDUCACAO,SEE,SEE,TRILHAS DE FUTURO - ESTUDANTES,EPT
2026,8,1261,2118,10,0,Investimentos Próprios,0.0,9682.08,0.0,SECRETARIA DE ESTADO DE EDUCACAO,SEE,SEE,TRILHAS DE FUTURO - ESTUDANTES,EPT
2026,8,1261,2118,71,0,Investimentos Próprios,24480.0,19700.0,0.0,SECRETARIA DE ESTADO DE EDUCACAO,SEE,SEE,TRILHAS DE FUTURO - ESTUDANTES,EPT
2026,8,2301,4385,10,0,Investimentos Próprios,0.0,91654.2,0.0,DEPARTAMENTO DE ESTRADAS DE RODAGEM DO ESTADO DE MINAS GERAIS,DER-MG,DER-MG,REABILITACAO DA MALHA VIARIA,Transportes
2026,8,1261,2118,71,0,Investimentos Próprios,-3480.0,0.0,0.0,SECRETARIA DE ESTADO DE EDUCACAO,SEE,SEE,TRILHAS DE FUTURO - ESTUDANTES,EPT
2026,8,1261,2118,71,0,Investimentos Próprios,10000.0,8120.0,0.0,SECRETARIA DE ESTADO DE EDUCACAO,SEE,SEE,TRILHAS DE FUTURO - ESTUDANTES,EPT
2026,8,1261,2118,71,0,Investimentos Próprios,9220.0,5940.0,0.0,SECRETARIA DE ESTADO DE EDUCACAO,SEE,SEE,TRILHAS DE FUTURO - ESTUDANTES,EPT
2026,8,1261,2118,10,0,Investimentos Próprios,73682.44,0.0,0.0,SECRETARIA DE ESTADO DE EDUCACAO,SEE,SEE,TRILHAS DE FUTURO - ESTUDANTES,EPT
2026,8,1261,2118,10,0,Investimentos Próprios,0.0,27.0,0.0,SECRETARIA DE ESTADO DE EDUCACAO,SEE,SEE,TRILHAS DE FUTURO - ESTUDANTES,EPT
2026,8,1261,2118,10,0,Investimentos Próprios,19000.0,0.0,0.0,SECRETARIA DE ESTADO DE EDUCACAO,SEE,SEE,TRILHAS DE FUTURO - ESTUDANTES,EPT
2026,8,1261,2118,10,0,Investimentos Próprios,16000.0,0.0,0.0,SECRETARIA DE ESTADO DE EDUCACAO,SEE,SEE,TRILHAS DE FUTURO - ESTUDANTES,EPT
2026,8,2301,4293,32,0,Investimentos Próprios,900000.0,0.0,0.0,DEPARTAMENTO DE ESTRADAS DE RODAGEM DO ESTADO DE MINAS GERAIS,DER-MG,DER-MG,CONSERVACAO ROTINEIRA DA MALHA VIARIA,Transportes
2026,8,2301,4293,32,0,Investimentos Próprios,1150000.0,0.0,0.0,DEPARTAMENTO DE ESTRADAS DE RODAGEM DO ESTADO DE MINAS GERAIS,DER-MG,DER-MG,CONSERVACAO ROTINEIRA DA MALHA VIARIA,Transportes
2026,8,1261,2118,71,0,Investimentos Próprios,-8320.0,0.0,0.0,SECRETARIA DE ESTADO DE EDUCACAO,SEE,SEE,TRILHAS DE FUTURO - ESTUDANTES,EPT
2026,8,2301,4385,10,0,Investimentos Próprios,-5168.62,0.0,0.0,DEPARTAMENTO DE ESTRADAS DE RODAGEM DO ESTADO DE MINAS GERAIS,DER-MG,DER-MG,REABILITACAO DA MALHA VIARIA,Transportes
2026,8,2301,4275,10,0,Investimentos Próprios,0.0,0.0,0.0,DEPARTAMENTO DE ESTRADAS DE RODAGEM DO ESTADO DE MINAS GERAIS,DER-MG,DER-MG,IMPLANTACAO/PAVIMENTACAO DA MALHA,Transportes
2026,8,1261,2118,71,0,Investimentos Próprios,27000.0,0.0,0.0,SECRETARIA DE ESTADO DE EDUCACAO,SEE,SEE,TRILHAS DE FUTURO - ESTUDANTES,EPT
2026,8,1261,2118,71,0,Investimentos Próprios,4740.0,0.0,0.0,SECRETARIA DE ESTADO DE EDUCACAO,SEE,SEE,TRILHAS DE FUTURO - ESTUDANTES,EPT
2026,8,1261,2118,71,0,Investimentos Próprios,18180.0,0.0,0.0,SECRETARIA DE ESTADO DE EDUCACAO,SEE,SEE,TRILHAS DE FUTURO - ESTUDANTES,EPT
2026,8,1261,2118,10,0,Investimentos Próprios,21896.42,0.0,0.0,SECRETARIA DE ESTADO DE EDUCACAO,SEE,SEE,TRILHAS DE FUTURO - ESTUDANTES,EPT
2026,8,1261,2118,71,0,Investimentos Próprios,12980.0,12980.0,0.0,SECRETARIA DE ESTADO DE EDUCACAO,SEE,SEE,TRILHAS DE FUTURO - ESTUDANTES,EPT
2026,8,1261,2118,71,0,Investimentos Próprios,120050.0,0.0,0.0,SECRETARIA DE ESTADO DE EDUCACAO,SEE,SEE,TRILHAS DE FUTURO - ESTUDANTES,EPT
2026,8,1261,2118,10,0,Investimentos Próprios,28671.43,0.0,0.0,SECRETARIA DE ESTADO DE EDUCACAO,SEE,SEE,TRILHAS DE FUTURO - ESTUDANTES,EPT
2026,8,1261,2118,10,0,Investimentos Próprios,57241.32,0.0,0.0,SECRETARIA DE ESTADO DE EDUCACAO,SEE,SEE,TRILHAS DE FUTURO - ESTUDANTES,EPT
2026,8,1261,2118,10,0,Investimentos Próprios,52910.51,0.0,0.0,SECRETARIA DE ESTADO DE EDUCACAO,SEE,SEE,TRILHAS DE FUTURO - ESTUDANTES,EPT
2026,8,2301,4385,10,0,Investimentos Próprios,0.0,533368.62,0.0,DEPARTAMENTO DE ESTRADAS DE RODAGEM DO ESTADO DE MINAS GERAIS,DER-MG,DER-MG,REABILITACAO DA MALHA VIARIA,Transportes
2026,8,1261,2118,10,0,Investimentos Próprios,0.0,10318.14,0.0,SECRETARIA DE ESTADO DE EDUCACAO,SEE,SEE,TRILHAS DE FUTURO - ESTUDANTES,EPT
2026,8,1261,2118,10,0,Investimentos Próprios,26529.75,26529.75,26529.75,SECRETARIA DE ESTADO DE EDUCACAO,SEE,SEE,TRILHAS DE FUTURO - ESTUDANTES,EPT
2026,8,1261,2118,71,0,Investimentos Próprios,0.0,0.0,0.0,SECRETARIA DE ESTADO DE EDUCACAO,SEE,SEE,TRILHAS DE FUTURO - ESTUDANTES,EPT
2026,8,1261,2118,71,0,Investimentos Próprios,0.0,0.0,0.0,SECRETARIA DE ESTADO DE EDUCACAO,SEE,SEE,TRILHAS DE FUTURO - ESTUDANTES,EPT
2026,8,1261,2118,71,0,Investimentos Próprios,0.0,0.0,0.0,SECRETARIA DE ESTADO DE EDUCACAO,SEE,SEE,TRILHAS DE FUTURO - ESTUDANTES,EPT
2026,8,1261,2118,10,0,Investimentos Próprios,0.0,73667.78,0.0,SECRETARIA DE ESTADO DE EDUCACAO,SEE,SEE,TRILHAS DE FUTURO - ESTUDANTES,EPT
2026,8,1261,2118,10,0,Investimentos Próprios,0.0,129899.07,0.0,SECRETARIA DE ESTADO DE EDUCACAO,SEE,SEE,TRILHAS DE FUTURO - ESTUDANTES,EPT
2026,8,1261,2118,71,0,Investimentos Próprios,12000.0,4940.0,0.0,SECRETARIA DE ESTADO DE EDUCACAO,SEE,SEE,TRILHAS DE FUTURO - ESTUDANTES,EPT
2026,8,1261,2118,71,0,Investimentos Próprios,0.0,7200.0,0.0,SECRETARIA DE ESTADO DE EDUCACAO,SEE,SEE,TRILHAS DE FUTURO - ESTUDANTES,EPT
2026,8,1261,2118,71,0,Investimentos Próprios,15500.0,12780.0,0.0,SECRETARIA DE ESTADO DE EDUCACAO,SEE,SEE,TRILHAS DE FUTURO - ESTUDANTES,EPT
2026,8,1261,2118,71,0,Investimentos Próprios,10000.0,0.0,0.0,SECRETARIA DE ESTADO DE EDUCACAO,SEE,SEE,TRILHAS DE FUTURO - ESTUDANTES,EPT
2026,8,1261,2118,71,0,Investimentos Próprios,137480.0,137480.0,137480.0,SECRETARIA DE ESTADO DE EDUCACAO,SEE,SEE,TRILHAS DE FUTURO - ESTUDANTES,EPT
2026,8,1261,2118,71,0,Investimentos Próprios,30000.0,7040.0,0.0,SECRETARIA DE ESTADO DE EDUCACAO,SEE,SEE,TRILHAS DE FUTURO - ESTUDANTES,EPT
2026,8,1261,2118,71,0,Investimentos Próprios,0.0,0.0,0.0,SECRETARIA DE ESTADO DE EDUCACAO,SEE,SEE,TRILHAS DE FUTURO - ESTUDANTES,EPT
2026,8,1261,2118,10,0,Investimentos Próprios,-4740.23,0.0,0.0,SECRETARIA DE ESTADO DE EDUCACAO,SEE,SEE,TRILHAS DE FUTURO - ESTUDANTES,EPT
2026,8,1261,2118,71,0,Investimentos Próprios,25480.0,13380.0,0.0,SECRETARIA DE ESTADO DE EDUCACAO,SEE,SEE,TRILHAS DE FUTURO - ESTUDANTES,EPT
2026,8,1261,2118,71,0,Investimentos Próprios,57840.0,0.0,0.0,SECRETARIA DE ESTADO DE EDUCACAO,SEE,SEE,TRILHAS DE FUTURO - ESTUDANTES,EPT
2026,8,1261,2118,10,0,Investimentos Próprios,0.0,0.0,0.0,SECRETARIA DE ESTADO DE EDUCACAO,SEE,SEE,TRILHAS DE FUTURO - ESTUDANTES,EPT
2026,8,2301,4293,32,0,Investimentos Próprios,451906.8,0.0,0.0,DEPARTAMENTO DE ESTRADAS DE RODAGEM DO ESTADO DE MINAS GERAIS,DER-MG,DER-MG,CONSERVACAO ROTINEIRA DA MALHA VIARIA,Transportes
2026,8,2301,4275,10,0,Investimentos Próprios,2400000.0,0.0,0.0,DEPARTAMENTO DE ESTRADAS DE RODAGEM DO ESTADO DE MINAS GERAIS,DER-MG,DER-MG,IMPLANTACAO/PAVIMENTACAO DA MALHA,Transportes
2026,8,1261,2118,71,0,Investimentos Próprios,0.0,19660.0,0.0,SECRETARIA DE ESTADO DE EDUCACAO,SEE,SEE,TRILHAS DE FUTURO - ESTUDANTES,EPT
2026,8,1261,2118,71,0,Investimentos Próprios,57000.0,0.0,0.0,SECRETARIA DE ESTADO DE EDUCACAO,SEE,SEE,TRILHAS DE FUTURO - ESTUDANTES,EPT
2026,8,1261,2118,71,0,Investimentos Próprios,9720.0,9720.0,0.0,SECRETARIA DE ESTADO DE EDUCACAO,SEE,SEE,TRILHAS DE FUTURO - ESTUDANTES,EPT
2026,8,1261,2118,71,0,Investimentos Próprios,18520.0,5540.0,0.0,SECRETARIA DE ESTADO DE EDUCACAO,SEE,SEE,TRILHAS DE FUTURO - ESTUDANTES,EPT
2026,8,1261,2118,71,0,Investimentos Próprios,21000.0,0.0,0.0,SECRETARIA DE ESTADO DE EDUCACAO,SEE,SEE,TRILHAS DE FUTURO - ESTUDANTES,EPT
2026,8,1261,2118,71,0,Investimentos Próprios,748108.0,0.0,0.0,SECRETARIA DE ESTADO DE EDUCACAO,SEE,SEE,TRILHAS DE FUTURO - ESTUDANTES,EPT
2026,8,1511,4060,48,0,Investimentos Próprios,0.0,120500.0,0.0,POLICIA CIVIL DO ESTADO DE MINAS GERAIS,PCMG,PCMG,GESTAO DAS UNIDADES POLICIAIS,Segurança Pública
2026,8,1261,2118,10,0,Investimentos Próprios,53327.43,53327.43,0.0,SECRETARIA DE ESTADO DE EDUCACAO,SEE,SEE,TRILHAS DE FUTURO - ESTUDANTES,EPT
2026,8,1261,2118,10,0,Investimentos Próprios,89000.0,0.0,0.0,SECRETARIA DE ESTADO DE EDUCACAO,SEE,SEE,TRILHAS DE FUTURO - ESTUDANTES,EPT
2026,8,1261,2118,10,0,Investimentos Próprios,21023.1,0.0,0.0,SECRETARIA DE ESTADO DE EDUCACAO,SEE,SEE,TRILHAS DE FUTURO - ESTUDANTES,EPT
2026,8,1261,2118,71,0,Investimentos Próprios,2005760.0,189460.0,0.0,SECRETARIA DE ESTADO DE EDUCACAO,SEE,SEE,TRILHAS DE FUTURO - ESTUDANTES,EPT
2026,8,1261,2118,71,0,Investimentos Próprios,0.0,4660.0,0.0,SECRETARIA DE ESTADO DE EDUCACAO,SEE,SEE,TRILHAS DE FUTURO - ESTUDANTES,EPT
2026,8,1261,2118,10,0,Investimentos Próprios,57639.39,57639.39,57639.39,SECRETARIA DE ESTADO DE EDUCACAO,SEE,SEE,TRILHAS DE FUTURO - ESTUDANTES,EPT
2026,8,1261,2118,71,0,Investimentos Próprios,0.0,0.0,0.0,SECRETARIA DE ESTADO DE EDUCACAO,SEE,SEE,TRILHAS DE FUTURO - ESTUDANTES,EPT
2026,8,1261,2118,10,0,Investimentos Próprios,64197.58,30312.82,0.0,SECRETARIA DE ESTADO DE EDUCACAO,SEE,SEE,TRILHAS DE FUTURO - ESTUDANTES,EPT
2026,8,2301,4293,32,0,Investimentos Próprios,-611000.0,1519868.14,0.0,DEPARTAMENTO DE ESTRADAS DE RODAGEM DO ESTADO DE MINAS GERAIS,DER-MG,DER-MG,CONSERVACAO ROTINEIRA DA MALHA VIARIA,Transportes
2026,8,1261,2118,71,0,Investimentos Próprios,30560.0,30560.0,0.0,SECRETARIA DE ESTADO DE EDUCACAO,SEE,SEE,TRILHAS DE FUTURO - ESTUDANTES,EPT
2026,8,1261,2118,71,0,Investimentos Próprios,-10.0,0.0,0.0,SECRETARIA DE ESTADO DE EDUCACAO,SEE,SEE,TRILHAS DE FUTURO - ESTUDANTES,EPT
2026,8,1261,2118,10,0,Investimentos Próprios,64474.74,0.0,0.0,SECRETARIA DE ESTADO DE EDUCACAO,SEE,SEE,TRILHAS DE FUTURO - ESTUDANTES,EPT
2026,8,1261,2118,71,0,Investimentos Próprios,7000.0,0.0,0.0,SECRETARIA DE ESTADO DE EDUCACAO,SEE,SEE,TRILHAS DE FUTURO - ESTUDANTES,EPT
2026,8,1261,2118,10,0,Investimentos Próprios,-9253.0,0.0,0.0,SECRETARIA DE ESTADO DE EDUCACAO,SEE,SEE,TRILHAS DE FUTURO - ESTUDANTES,EPT
2026,8,1261,2118,71,0,Investimentos Próprios,-1500.0,0.0,0.0,SECRETARIA DE ESTADO DE EDUCACAO,SEE,SEE,TRILHAS DE FUTURO - ESTUDANTES,EPT
2026,8,1261,2118,71,0,Investimentos Próprios,-2860.0,0.0,0.0,SECRETARIA DE ESTADO DE EDUCACAO,SEE,SEE,TRILHAS DE FUTURO - ESTUDANTES,EPT
2026,8,1261,2118,71,0,Investimentos Próprios,-260.0,0.0,0.0,SECRETARIA DE ESTADO DE EDUCACAO,SEE,SEE,TRILHAS DE FUTURO - ESTUDANTES,EPT
2026,8,1261,2118,71,0,Investimentos Próprios,-10.0,0.0,0.0,SECRETARIA DE ESTADO DE EDUCACAO,SEE,SEE,TRILHAS DE FUTURO - ESTUDANTES,EPT
2026,8,1261,2118,71,0,Investimentos Próprios,-740.0,0.0,0.0,SECRETARIA DE ESTADO DE EDUCACAO,SEE,SEE,TRILHAS DE FUTURO - ESTUDANTES,EPT
2026,8,1261,2118,10,0,Investimentos Próprios,21000.0,0.0,0.0,SECRETARIA DE ESTADO DE EDUCACAO,SEE,SEE,TRILHAS DE FUTURO - ESTUDANTES,EPT
2026,8,1261,2118,10,0,Investimentos Próprios,23000.0,0.0,0.0,SECRETARIA DE ESTADO DE EDUCACAO,SEE,SEE,TRILHAS DE FUTURO - ESTUDANTES,EPT
2026,8,1511,4060,48,0,Investimentos Próprios,48902.04,0.0,0.0,POLICIA CIVIL DO ESTADO DE MINAS GERAIS,PCMG,PCMG,GESTAO DAS UNIDADES POLICIAIS,Segurança Pública
2026,8,1261,2118,71,0,Investimentos Próprios,-5920.0,0.0,0.0,SECRETARIA DE ESTADO DE EDUCACAO,SEE,SEE,TRILHAS DE FUTURO - ESTUDANTES,EPT
2026,8,1261,2118,71,0,Investimentos Próprios,-8000.0,0.0,0.0,SECRETARIA DE ESTADO DE EDUCACAO,SEE,SEE,TRILHAS DE FUTURO - ESTUDANTES,EPT
2026,8,2301,4385,10,0,Investimentos Próprios,5152.71,186082.77,0.0,DEPARTAMENTO DE ESTRADAS DE RODAGEM DO ESTADO DE MINAS GERAIS,DER-MG,DER-MG,REABILITACAO DA MALHA VIARIA,Transportes
2026,8,1261,2118,71,0,Investimentos Próprios,8940.0,8940.0,0.0,SECRETARIA DE ESTADO DE EDUCACAO,SEE,SEE,TRILHAS DE FUTURO - ESTUDANTES,EPT
2026,8,1261,2118,71,0,Investimentos Próprios,5660.0,20760.0,0.0,SECRETARIA DE ESTADO DE EDUCACAO,SEE,SEE,TRILHAS DE FUTURO - ESTUDANTES,EPT
2026,8,1261,2118,71,0,Investimentos Próprios,6380.0,0.0,0.0,SECRETARIA DE ESTADO DE EDUCACAO,SEE,SEE,TRILHAS DE FUTURO - ESTUDANTES,EPT
2026,8,1261,2118,71,0,Investimentos Próprios,6960.0,0.0,0.0,SECRETARIA DE ESTADO DE EDUCACAO,SEE,SEE,TRILHAS DE FUTURO - ESTUDANTES,EPT
2026,8,1261,2118,71,0,Investimentos Próprios,9000.0,0.0,0.0,SECRETARIA DE ESTADO DE EDUCACAO,SEE,SEE,TRILHAS DE FUTURO - ESTUDANTES,EPT
2026,8,1261,2118,71,0,Investimentos Próprios,10000.0,0.0,0.0,SECRETARIA DE ESTADO DE EDUCACAO,SEE,SEE,TRILHAS DE FUTURO - ESTUDANTES,EPT
2026,8,1261,2118,10,0,Investimentos Próprios,-6000.0,0.0,0.0,SECRETARIA DE ESTADO DE EDUCACAO,SEE,SEE,TRILHAS DE FUTURO - ESTUDANTES,EPT
2026,8,1261,2118,10,0,Investimentos Próprios,12309.68,12309.63,0.0,SECRETARIA DE ESTADO DE EDUCACAO,SEE,SEE,TRILHAS DE FUTURO - ESTUDANTES,EPT
2026,8,1261,2118,71,0,Investimentos Próprios,0.0,0.0,0.0,SECRETARIA DE ESTADO DE EDUCACAO,SEE,SEE,TRILHAS DE FUTURO - ESTUDANTES,EPT
2026,8,1261,2118,10,0,Investimentos Próprios,0.0,11747.82,0.0,SECRETARIA DE ESTADO DE EDUCACAO,SEE,SEE,TRILHAS DE FUTURO - ESTUDANTES,EPT
2026,8,1261,2118,71,0,Investimentos Próprios,0.0,32180.0,0.0,SECRETARIA DE ESTADO DE EDUCACAO,SEE,SEE,TRILHAS DE FUTURO - ESTUDANTES,EPT
2026,8,1261,2118,10,0,Investimentos Próprios,0.0,15579.67,0.0,SECRETARIA DE ESTADO DE EDUCACAO,SEE,SEE,TRILHAS DE FUTURO - ESTUDANTES,EPT
2026,8,1261,2118,71,0,Investimentos Próprios,0.0,24960.0,0.0,SECRETARIA DE ESTADO DE EDUCACAO,SEE,SEE,TRILHAS DE FUTURO - ESTUDANTES,EPT
2026,8,1261,2118,71,0,Investimentos Próprios,93100.0,93100.0,0.0,SECRETARIA DE ESTADO DE EDUCACAO,SEE,SEE,TRILHAS DE FUTURO - ESTUDANTES,EPT
2026,8,1261,2118,71,0,Investimentos Próprios,10000.0,4160.0,0.0,SECRETARIA DE ESTADO DE EDUCACAO,SEE,SEE,TRILHAS DE FUTURO - ESTUDANTES,EPT
2026,8,1261,2118,71,0,Investimentos Próprios,12000.0,0.0,0.0,SECRETARIA DE ESTADO DE EDUCACAO,SEE,SEE,TRILHAS DE FUTURO - ESTUDANTES,EPT
2026,8,1261,2118,71,0,Investimentos Próprios,10000.0,0.0,0.0,SECRETARIA DE ESTADO DE EDUCACAO,SEE,SEE,TRILHAS DE FUTURO - ESTUDANTES,EPT
2026,8,1261,2118,71,0,Investimentos Próprios,10000.0,0.0,0.0,SECRETARIA DE ESTADO DE EDUCACAO,SEE,SEE,TRILHAS DE FUTURO - ESTUDANTES,EPT
2026,8,1261,2118,10,0,Investimentos Próprios,116000.0,0.0,0.0,SECRETARIA DE ESTADO DE EDUCACAO,SEE,SEE,TRILHAS DE FUTURO - ESTUDANTES,EPT
2026,8,1261,2118,10,0,Investimentos Próprios,-13225.29,0.0,0.0,SECRETARIA DE ESTADO DE EDUCACAO,SEE,SEE,TRILHAS DE FUTURO - ESTUDANTES,EPT
2026,8,1261,2118,71,0,Investimentos Próprios,-4300.0,3700.0,0.0,SECRETARIA DE ESTADO DE EDUCACAO,SEE,SEE,TRILHAS DE FUTURO - ESTUDANTES,EPT
2026,8,1261,2118,71,0,Investimentos Próprios,18000.0,0.0,0.0,SECRETARIA DE ESTADO DE EDUCACAO,SEE,SEE,TRILHAS DE FUTURO - ESTUDANTES,EPT
2026,8,1261,2118,10,0,Investimentos Próprios,14000.0,0.0,0.0,SECRETARIA DE ESTADO DE EDUCACAO,SEE,SEE,TRILHAS DE FUTURO - ESTUDANTES,EPT
2026,8,2301,4293,32,0,Investimentos Próprios,400000.0,0.0,0.0,DEPARTAMENTO DE ESTRADAS DE RODAGEM DO ESTADO DE MINAS GERAIS,DER-MG,DER-MG,CONSERVACAO ROTINEIRA DA MALHA VIARIA,Transportes
2026,8,2301,4293,32,0,Investimentos Próprios,550000.0,0.0,0.0,DEPARTAMENTO DE ESTRADAS DE RODAGEM DO ESTADO DE MINAS GERAIS,DER-MG,DER-MG,CONSERVACAO ROTINEIRA DA MALHA VIARIA,Transportes
2026,8,1261,2118,71,0,Investimentos Próprios,-13150.0,0.0,0.0,SECRETARIA DE ESTADO DE EDUCACAO,SEE,SEE,TRILHAS DE FUTURO - ESTUDANTES,EPT
2026,8,1261,2118,71,0,Investimentos Próprios,180000.0,40960.0,0.0,SECRETARIA DE ESTADO DE EDUCACAO,SEE,SEE,TRILHAS DE FUTURO - ESTUDANTES,EPT
2026,8,1261,2118,10,0,Investimentos Próprios,60188.52,60188.52,0.0,SECRETARIA DE ESTADO DE EDUCACAO,SEE,SEE,TRILHAS DE FUTURO - ESTUDANTES,EPT
2026,8,1261,2118,10,0,Investimentos Próprios,452197.72,0.0,0.0,SECRETARIA DE ESTADO DE EDUCACAO,SEE,SEE,TRILHAS DE FUTURO - ESTUDANTES,EPT
2026,8,1261,2118,71,0,Investimentos Próprios,34000.0,19200.0,0.0,SECRETARIA DE ESTADO DE EDUCACAO,SEE,SEE,TRILHAS DE FUTURO - ESTUDANTES,EPT
2026,8,1261,2118,10,0,Investimentos Próprios,24153.56,0.0,0.0,SECRETARIA DE ESTADO DE EDUCACAO,SEE,SEE,TRILHAS DE FUTURO - ESTUDANTES,EPT
2026,8,1261,2118,10,0,Investimentos Próprios,30287.78,0.0,0.0,SECRETARIA DE ESTADO DE EDUCACAO,SEE,SEE,TRILHAS DE FUTURO - ESTUDANTES,EPT
2026,8,1261,2118,10,0,Investimentos Próprios,28151.31,0.0,0.0,SECRETARIA DE ESTADO DE EDUCACAO,SEE,SEE,TRILHAS DE FUTURO - ESTUDANTES,EPT
2026,8,1261,2118,10,0,Investimentos Próprios,60000.0,0.0,0.0,SECRETARIA DE ESTADO DE EDUCACAO,SEE,SEE,TRILHAS DE FUTURO - ESTUDANTES,EPT
2026,8,2301,4268,33,0,Investimentos Próprios,5247000.0,0.0,0.0,DEPARTAMENTO DE ESTRADAS DE RODAGEM DO ESTADO DE MINAS GERAIS,DER-MG,DER-MG,AMPLIACAO DE CAPACIDADE DA MALHA E RESTAURACAO DO PAVIMENTO,Transportes
2026,8,1261,2118,10,0,Investimentos Próprios,42112.93,0.0,0.0,SECRETARIA DE ESTADO DE EDUCACAO,SEE,SEE,TRILHAS DE FUTURO - ESTUDANTES,EPT
2026,8,1261,2118,10,0,Investimentos Próprios,0.0,0.0,0.0,SECRETARIA DE ESTADO DE EDUCACAO,SEE,SEE,TRILHAS DE FUTURO - ESTUDANTES,EPT
2026,8,1261,2118,71,0,Investimentos Próprios,0.0,0.0,0.0,SECRETARIA DE ESTADO DE EDUCACAO,SEE,SEE,TRILHAS DE FUTURO - ESTUDANTES,EPT
2026,8,1261,2118,10,0,Investimentos Próprios,0.0,9682.08,0.0,SECRETARIA DE ESTADO DE EDUCACAO,SEE,SEE,TRILHAS DE FUTURO - ESTUDANTES,EPT
2026,8,2301,4385,33,0,Investimentos Próprios,0.0,638523.11,0.0,DEPARTAMENTO DE ESTRADAS DE RODAGEM DO ESTADO DE MINAS GERAIS,DER-MG,DER-MG,REABILITACAO DA MALHA VIARIA,Transportes
2026,8,1261,2118,71,0,Investimentos Próprios,15000.0,4400.0,0.0,SECRETARIA DE ESTADO DE EDUCACAO,SEE,SEE,TRILHAS DE FUTURO - ESTUDANTES,EPT
2026,8,2301,4275,10,0,Investimentos Próprios,-92526.8,0.0,0.0,DEPARTAMENTO DE ESTRADAS DE RODAGEM DO ESTADO DE MINAS GERAIS,DER-MG,DER-MG,IMPLANTACAO/PAVIMENTACAO DA MALHA,Transportes
2026,8,1261,2118,71,0,Investimentos Próprios,16000.0,11980.0,0.0,SECRETARIA DE ESTADO DE EDUCACAO,SEE,SEE,TRILHAS DE FUTURO - ESTUDANTES,EPT
2026,8,1261,2118,71,0,Investimentos Próprios,11000.0,0.0,0.0,SECRETARIA DE ESTADO DE EDUCACAO,SEE,SEE,TRILHAS DE FUTURO - ESTUDANTES,EPT
2026,8,1261,2118,10,0,Investimentos Próprios,186830.0,0.0,0.0,SECRETARIA DE ESTADO DE EDUCACAO,SEE,SEE,TRILHAS DE FUTURO - ESTUDANTES,EPT
2026,8,1261,2118,71,0,Investimentos Próprios,-140.0,0.0,0.0,SECRETARIA DE ESTADO DE EDUCACAO,SEE,SEE,TRILHAS DE FUTURO - ESTUDANTES,EPT
2026,8,1261,2118,71,0,Investimentos Próprios,-2260.0,0.0,0.0,SECRETARIA DE ESTADO DE EDUCACAO,SEE,SEE,TRILHAS DE FUTURO - ESTUDANTES,EPT
2026,8,1261,2118,10,0,Investimentos Próprios,0.0,0.0,0.0,SECRETARIA DE ESTADO DE EDUCACAO,SEE,SEE,TRILHAS DE FUTURO - ESTUDANTES,EPT
2026,8,1261,2118,10,0,Investimentos Próprios,18000.0,0.0,0.0,SECRETARIA DE ESTADO DE EDUCACAO,SEE,SEE,TRILHAS DE FUTURO - ESTUDANTES,EPT
2026,8,1261,2118,10,0,Investimentos Próprios,32000.0,0.0,0.0,SECRETARIA DE ESTADO DE EDUCACAO,SEE,SEE,TRILHAS DE FUTURO - ESTUDANTES,EPT
2026,8,2301,4293,32,0,Investimentos Próprios,1446563.0,0.0,0.0,DEPARTAMENTO DE ESTRADAS DE RODAGEM DO ESTADO DE MINAS GERAIS,DER-MG,DER-MG,CONSERVACAO ROTINEIRA DA MALHA VIARIA,Transportes
2026,8,1251,4365,48,0,Investimentos Próprios,0.0,492720.57,0.0,POLICIA MILITAR DO ESTADO DE MINAS GERAIS,PMMG,PMMG,POLICIAMENTO OSTENSIVO GERAL,Segurança Pública
2026,8,2301,4280,10,0,Investimentos Próprios,2205263.28,0.0,0.0,DEPARTAMENTO DE ESTRADAS DE RODAGEM DO ESTADO DE MINAS GERAIS,DER-MG,DER-MG,MITIGACAO DE DANOS PONTUAIS NAS RODOVIAS,Transportes
2026,8,1261,2118,71,0,Investimentos Próprios,9920.0,9920.0,0.0,SECRETARIA DE ESTADO DE EDUCACAO,SEE,SEE,TRILHAS DE FUTURO - ESTUDANTES,EPT
2026,8,1261,2118,71,0,Investimentos Próprios,8200.0,8200.0,0.0,SECRETARIA DE ESTADO DE EDUCACAO,SEE,SEE,TRILHAS DE FUTURO - ESTUDANTES,EPT
2026,8,1261,2118,71,0,Investimentos Próprios,5940.0,5940.0,0.0,SECRETARIA DE ESTADO DE EDUCACAO,SEE,SEE,TRILHAS DE FUTURO - ESTUDANTES,EPT
2026,8,1261,2118,71,0,Investimentos Próprios,5240.0,5240.0,0.0,SECRETARIA DE ESTADO DE EDUCACAO,SEE,SEE,TRILHAS DE FUTURO - ESTUDANTES,EPT
2026,8,1261,2118,71,0,Investimentos Próprios,27500.0,27500.0,0.0,SECRETARIA DE ESTADO DE EDUCACAO,SEE,SEE,TRILHAS DE FUTURO - ESTUDANTES,EPT
2026,8,1261,2118,10,0,Investimentos Próprios,43744.52,0.0,0.0,SECRETARIA DE ESTADO DE EDUCACAO,SEE,SEE,TRILHAS DE FUTURO - ESTUDANTES,EPT
2026,8,1261,2118,10,0,Investimentos Próprios,39102.54,0.0,0.0,SECRETARIA DE ESTADO DE EDUCACAO,SEE,SEE,TRILHAS DE FUTURO - ESTUDANTES,EPT
2026,8,1261,2118,10,0,Investimentos Próprios,29623.29,0.0,0.0,SECRETARIA DE ESTADO DE EDUCACAO,SEE,SEE,TRILHAS DE FUTURO - ESTUDANTES,EPT
2026,8,1261,2118,71,0,Investimentos Próprios,0.0,26500.0,0.0,SECRETARIA DE ESTADO DE EDUCACAO,SEE,SEE,TRILHAS DE FUTURO - ESTUDANTES,EPT
2026,8,1261,2118,10,0,Investimentos Próprios,29582.21,0.0,0.0,SECRETARIA DE ESTADO DE EDUCACAO,SEE,SEE,TRILHAS DE FUTURO - ESTUDANTES,EPT
2026,8,1261,2118,10,0,Investimentos Próprios,56700.0,56596.0,0.0,SECRETARIA DE ESTADO DE EDUCACAO,SEE,SEE,TRILHAS DE FUTURO - ESTUDANTES,EPT
2026,8,1261,2118,10,0,Investimentos Próprios,0.0,31246.15,0.0,SECRETARIA DE ESTADO DE EDUCACAO,SEE,SEE,TRILHAS DE FUTURO - ESTUDANTES,EPT
2026,8,1261,2118,10,0,Investimentos Próprios,13000.0,0.0,0.0,SECRETARIA DE ESTADO DE EDUCACAO,SEE,SEE,TRILHAS DE FUTURO - ESTUDANTES,EPT
2026,8,1261,2118,71,0,Investimentos Próprios,0.0,0.0,0.0,SECRETARIA DE ESTADO DE EDUCACAO,SEE,SEE,TRILHAS DE FUTURO - ESTUDANTES,EPT
2026,8,1261,2118,10,0,Investimentos Próprios,0.0,19068.6,0.0,SECRETARIA DE ESTADO DE EDUCACAO,SEE,SEE,TRILHAS DE FUTURO - ESTUDANTES,EPT
2026,8,1261,2118,10,0,Investimentos Próprios,57049.68,26041.02,0.0,SECRETARIA DE ESTADO DE EDUCACAO,SEE,SEE,TRILHAS DE FUTURO - ESTUDANTES,EPT
2026,8,1261,2118,71,0,Investimentos Próprios,0.0,12520.0,0.0,SECRETARIA DE ESTADO DE EDUCACAO,SEE,SEE,TRILHAS DE FUTURO - ESTUDANTES,EPT
2026,8,1261,2118,71,0,Investimentos Próprios,9509.0,9480.0,0.0,SECRETARIA DE ESTADO DE EDUCACAO,SEE,SEE,TRILHAS DE FUTURO - ESTUDANTES,EPT
2026,8,1261,2118,71,0,Investimentos Próprios,2900.0,2900.0,0.0,SECRETARIA DE ESTADO DE EDUCACAO,SEE,SEE,TRILHAS DE FUTURO - ESTUDANTES,EPT
2026,8,1261,2118,10,0,Investimentos Próprios,0.0,22441.6,0.0,SECRETARIA DE ESTADO DE EDUCACAO,SEE,SEE,TRILHAS DE FUTURO - ESTUDANTES,EPT
2026,8,2301,4385,10,0,Investimentos Próprios,0.0,1670527.11,0.0,DEPARTAMENTO DE ESTRADAS DE RODAGEM DO ESTADO DE MINAS GERAIS,DER-MG,DER-MG,REABILITACAO DA MALHA VIARIA,Transportes
2026,8,1261,2118,71,0,Investimentos Próprios,0.0,4740.0,0.0,SECRETARIA DE ESTADO DE EDUCACAO,SEE,SEE,TRILHAS DE FUTURO - ESTUDANTES,EPT
2026,8,1261,2118,71,0,Investimentos Próprios,127860.0,127860.0,0.0,SECRETARIA DE ESTADO DE EDUCACAO,SEE,SEE,TRILHAS DE FUTURO - ESTUDANTES,EPT
2026,8,1261,2118,10,0,Investimentos Próprios,50000.0,0.0,0.0,SECRETARIA DE ESTADO DE EDUCACAO,SEE,SEE,TRILHAS DE FUTURO - ESTUDANTES,EPT
2026,8,1261,2118,10,0,Investimentos Próprios,124000.0,126855.0,0.0,SECRETARIA DE ESTADO DE EDUCACAO,SEE,SEE,TRILHAS DE FUTURO - ESTUDANTES,EPT
2026,8,1261,2118,71,0,Investimentos Próprios,13000.0,0.0,0.0,SECRETARIA DE ESTADO DE EDUCACAO,SEE,SEE,TRILHAS DE FUTURO - ESTUDANTES,EPT
2026,8,1251,4365,48,0,Investimentos Próprios,0.0,0.0,0.0,POLICIA MILITAR DO ESTADO DE MINAS GERAIS,PMMG,PMMG,POLICIAMENTO OSTENSIVO GERAL,Segurança Pública
2026,8,1261,2118,71,0,Investimentos Próprios,-28700.0,0.0,0.0,SECRETARIA DE ESTADO DE EDUCACAO,SEE,SEE,TRILHAS DE FUTURO - ESTUDANTES,EPT
2026,8,1261,2118,71,0,Investimentos Próprios,0.0,3820.0,0.0,SECRETARIA DE ESTADO DE EDUCACAO,SEE,SEE,TRILHAS DE FUTURO - ESTUDANTES,EPT
2026,8,1261,2118,71,0,Investimentos Próprios,13000.0,0.0,0.0,SECRETARIA DE ESTADO DE EDUCACAO,SEE,SEE,TRILHAS DE FUTURO - ESTUDANTES,EPT
2026,8,1261,2118,71,0,Investimentos Próprios,17000.0,0.0,0.0,SECRETARIA DE ESTADO DE EDUCACAO,SEE,SEE,TRILHAS DE FUTURO - ESTUDANTES,EPT
2026,8,1261,2118,10,0,Investimentos Próprios,16000.0,0.0,0.0,SECRETARIA DE ESTADO DE EDUCACAO,SEE,SEE,TRILHAS DE FUTURO - ESTUDANTES,EPT
2026,8,1261,2118,10,0,Investimentos Próprios,33000.0,0.0,0.0,SECRETARIA DE ESTADO DE EDUCACAO,SEE,SEE,TRILHAS DE FUTURO - ESTUDANTES,EPT
2026,8,1261,2118,10,0,Investimentos Próprios,16700.0,0.0,0.0,SECRETARIA DE ESTADO DE EDUCACAO,SEE,SEE,TRILHAS DE FUTURO - ESTUDANTES,EPT
2026,8,1261,2118,71,0,Investimentos Próprios,-67200.0,0.0,0.0,SECRETARIA DE ESTADO DE EDUCACAO,SEE,SEE,TRILHAS DE FUTURO - ESTUDANTES,EPT
2026,8,1261,2118,71,0,Investimentos Próprios,-37800.0,0.0,0.0,SECRETARIA DE ESTADO DE EDUCACAO,SEE,SEE,TRILHAS DE FUTURO - ESTUDANTES,EPT
2026,8,2301,4293,32,0,Investimentos Próprios,501000.0,0.0,0.0,DEPARTAMENTO DE ESTRADAS DE RODAGEM DO ESTADO DE MINAS GERAIS,DER-MG,DER-MG,CONSERVACAO ROTINEIRA DA MALHA VIARIA,Transportes
2026,8,2301,4293,32,0,Investimentos Próprios,1600000.0,0.0,0.0,DEPARTAMENTO DE ESTRADAS DE RODAGEM DO ESTADO DE MINAS GERAIS,DER-MG,DER-MG,CONSERVACAO ROTINEIRA DA MALHA VIARIA,Transportes
2026,8,1261,2118,10,0,Investimentos Próprios,-32000.0,0.0,0.0,SECRETARIA DE ESTADO DE EDUCACAO,SEE,SEE,TRILHAS DE FUTURO - ESTUDANTES,EPT
2026,8,2301,4385,10,0,Investimentos Próprios,0.0,19238.13,0.0,DEPARTAMENTO DE ESTRADAS DE RODAGEM DO ESTADO DE MINAS GERAIS,DER-MG,DER-MG,REABILITACAO DA MALHA VIARIA,Transportes
2026,8,1261,2118,71,0,Investimentos Próprios,19280.0,5940.0,0.0,SECRETARIA DE ESTADO DE EDUCACAO,SEE,SEE,TRILHAS DE FUTURO - ESTUDANTES,EPT
2026,8,1261,2118,71,0,Investimentos Próprios,23120.0,6000.0,0.0,SECRETARIA DE ESTADO DE EDUCACAO,SEE,SEE,TRILHAS DE FUTURO - ESTUDANTES,EPT
2026,8,1261,2118,71,0,Investimentos Próprios,5000.0,0.0,0.0,SECRETARIA DE ESTADO DE EDUCACAO,SEE,SEE,TRILHAS DE FUTURO - ESTUDANTES,EPT
2026,8,2301,4272,10,0,Investimentos Próprios,1109689.6,0.0,0.0,DEPARTAMENTO DE ESTRADAS DE RODAGEM DO ESTADO DE MINAS GERAIS,DER-MG,DER-MG,IMPLANTACAO E RESTAURACAO DE OBRAS DE ARTES ESPECIAIS,Transportes
2026,8,1261,2118,10,0,Investimentos Próprios,9682.5,4887.6,0.0,SECRETARIA DE ESTADO DE EDUCACAO,SEE,SEE,TRILHAS DE FUTURO - ESTUDANTES,EPT
2026,8,1261,2118,10,0,Investimentos Próprios,0.0,0.0,0.0,SECRETARIA DE ESTADO DE EDUCACAO,SEE,SEE,TRILHAS DE FUTURO - ESTUDANTES,EPT
2026,8,1261,2118,71,0,Investimentos Próprios,0.0,0.0,0.0,SECRETARIA DE ESTADO DE EDUCACAO,SEE,SEE,TRILHAS DE FUTURO - ESTUDANTES,EPT
2026,8,1261,2118,71,0,Investimentos Próprios,0.0,0.0,0.0,SECRETARIA DE ESTADO DE EDUCACAO,SEE,SEE,TRILHAS DE FUTURO - ESTUDANTES,EPT
2026,8,1261,2118,71,0,Investimentos Próprios,0.0,15400.0,0.0,SECRETARIA DE ESTADO DE EDUCACAO,SEE,SEE,TRILHAS DE FUTURO - ESTUDANTES,EPT
2026,8,1261,2118,71,0,Investimentos Próprios,0.0,0.0,0.0,SECRETARIA DE ESTADO DE EDUCACAO,SEE,SEE,TRILHAS DE FUTURO - ESTUDANTES,EPT
2026,8,1261,2118,71,0,Investimentos Próprios,0.0,5060.0,0.0,SECRETARIA DE ESTADO DE EDUCACAO,SEE,SEE,TRILHAS DE FUTURO - ESTUDANTES,EPT
2026,8,1261,2118,71,0,Investimentos Próprios,7580.0,7580.0,0.0,SECRETARIA DE ESTADO DE EDUCACAO,SEE,SEE,TRILHAS DE FUTURO - ESTUDANTES,EPT
2026,8,1261,2118,10,0,Investimentos Próprios,0.0,24194.82,0.0,SECRETARIA DE ESTADO DE EDUCACAO,SEE,SEE,TRILHAS DE FUTURO - ESTUDANTES,EPT
2026,8,2301,4385,10,0,Investimentos Próprios,1993000.0,0.0,0.0,DEPARTAMENTO DE ESTRADAS DE RODAGEM DO ESTADO DE MINAS GERAIS,DER-MG,DER-MG,REABILITACAO DA MALHA VIARIA,Transportes
2026,8,1261,2118,71,0,Investimentos Próprios,-5660.0,113480.0,0.0,SECRETARIA DE ESTADO DE EDUCACAO,SEE,SEE,TRILHAS DE FUTURO - ESTUDANTES,EPT
2026,8,1261,2118,71,0,Investimentos Próprios,10000.0,4060.0,0.0,SECRETARIA DE ESTADO DE EDUCACAO,SEE,SEE,TRILHAS DE FUTURO - ESTUDANTES,EPT
2026,8,1261,2118,71,0,Investimentos Próprios,30000.0,0.0,0.0,SECRETARIA DE ESTADO DE EDUCACAO,SEE,SEE,TRILHAS DE FUTURO - ESTUDANTES,EPT
2026,8,1261,2118,71,0,Investimentos Próprios,10000.0,0.0,0.0,SECRETARIA DE ESTADO DE EDUCACAO,SEE,SEE,TRILHAS DE FUTURO - ESTUDANTES,EPT
2026,8,1261,2118,10,0,Investimentos Próprios,198969.36,198969.36,0.0,SECRETARIA DE ESTADO DE EDUCACAO,SEE,SEE,TRILHAS DE FUTURO - ESTUDANTES,EPT
2026,8,1261,2118,71,0,Investimentos Próprios,-38820.0,0.0,0.0,SECRETARIA DE ESTADO DE EDUCACAO,SEE,SEE,TRILHAS DE FUTURO - ESTUDANTES,EPT
2026,8,1511,4060,48,0,Investimentos Próprios,0.0,19120.0,0.0,POLICIA CIVIL DO ESTADO DE MINAS GERAIS,PCMG,PCMG,GESTAO DAS UNIDADES POLICIAIS,Segurança Pública
2026,8,1261,2118,10,0,Investimentos Próprios,0.0,0.0,0.0,SECRETARIA DE ESTADO DE EDUCACAO,SEE,SEE,TRILHAS DE FUTURO - ESTUDANTES,EPT
2026,8,1261,2118,10,0,Investimentos Próprios,27000.0,0.0,0.0,SECRETARIA DE ESTADO DE EDUCACAO,SEE,SEE,TRILHAS DE FUTURO - ESTUDANTES,EPT
2026,8,1261,2118,10,0,Investimentos Próprios,83567.7,0.0,0.0,SECRETARIA DE ESTADO DE EDUCACAO,SEE,SEE,TRILHAS DE FUTURO - ESTUDANTES,EPT
2026,8,2301,4293,32,0,Investimentos Próprios,0.0,0.0,0.0,DEPARTAMENTO DE ESTRADAS DE RODAGEM DO ESTADO DE MINAS GERAIS,DER-MG,DER-MG,CONSERVACAO ROTINEIRA DA MALHA VIARIA,Transportes
2026,8,2301,4293,32,0,Investimentos Próprios,140000.0,0.0,0.0,DEPARTAMENTO DE ESTRADAS DE RODAGEM DO ESTADO DE MINAS GERAIS,DER-MG,DER-MG,CONSERVACAO ROTINEIRA DA MALHA VIARIA,Transportes
2026,8,1261,2118,71,0,Investimentos Próprios,11680.0,11680.0,0.0,SECRETARIA DE ESTADO DE EDUCACAO,SEE,SEE,TRILHAS DE FUTURO - ESTUDANTES,EPT
2026,8,2301,4275,10,0,Investimentos Próprios,600000.0,0.0,0.0,DEPARTAMENTO DE ESTRADAS DE RODAGEM DO ESTADO DE MINAS GERAIS,DER-MG,DER-MG,IMPLANTACAO/PAVIMENTACAO DA MALHA,Transportes
2026,8,1261,2118,71,0,Investimentos Próprios,40920.0,0.0,0.0,SECRETARIA DE ESTADO DE EDUCACAO,SEE,SEE,TRILHAS DE FUTURO - ESTUDANTES,EPT
2026,8,1261,2118,71,0,Investimentos Próprios,8600.0,0.0,0.0,SECRETARIA DE ESTADO DE EDUCACAO,SEE,SEE,TRILHAS DE FUTURO - ESTUDANTES,EPT
2026,8,1261,2118,71,0,Investimentos Próprios,5140.0,0.0,0.0,SECRETARIA DE ESTADO DE EDUCACAO,SEE,SEE,TRILHAS DE FUTURO - ESTUDANTES,EPT
2026,8,1261,2118,71,0,Investimentos Próprios,6880.0,0.0,0.0,SECRETARIA DE ESTADO DE EDUCACAO,SEE,SEE,TRILHAS DE FUTURO - ESTUDANTES,EPT
2026,8,1261,2118,71,0,Investimentos Próprios,270718.0,0.0,0.0,SECRETARIA DE ESTADO DE EDUCACAO,SEE,SEE,TRILHAS DE FUTURO - ESTUDANTES,EPT
2026,8,1261,2118,10,0,Investimentos Próprios,30545.36,0.0,0.0,SECRETARIA DE ESTADO DE EDUCACAO,SEE,SEE,TRILHAS DE FUTURO - ESTUDANTES,EPT
2026,8,1261,2118,10,0,Investimentos Próprios,0.0,19015.03,0.0,SECRETARIA DE ESTADO DE EDUCACAO,SEE,SEE,TRILHAS DE FUTURO - ESTUDANTES,EPT
2026,8,1261,2118,71,0,Investimentos Próprios,48000.0,16060.0,0.0,SECRETARIA DE ESTADO DE EDUCACAO,SEE,SEE,TRILHAS DE FUTURO - ESTUDANTES,EPT
2026,8,2301,4268,10,0,Investimentos Próprios,15000000.0,0.0,0.0,DEPARTAMENTO DE ESTRADAS DE RODAGEM DO ESTADO DE MINAS GERAIS,DER-MG,DER-MG,AMPLIACAO DE CAPACIDADE DA MALHA E RESTAURACAO DO PAVIMENTO,Transportes
2026,8,1261,2118,10,0,Investimentos Próprios,-51000.0,0.0,0.0,SECRETARIA DE ESTADO DE EDUCACAO,SEE,SEE,TRILHAS DE FUTURO - ESTUDANTES,EPT
2026,8,1261,2118,10,0,Investimentos Próprios,-3000.0,0.0,0.0,SECRETARIA DE ESTADO DE EDUCACAO,SEE,SEE,TRILHAS DE FUTURO - ESTUDANTES,EPT
2026,8,1261,2118,10,0,Investimentos Próprios,44000.0,0.0,0.0,SECRETARIA DE ESTADO DE EDUCACAO,SEE,SEE,TRILHAS DE FUTURO - ESTUDANTES,EPT
2026,8,1261,2118,10,0,Investimentos Próprios,41715.32,0.0,0.0,SECRETARIA DE ESTADO DE EDUCACAO,SEE,SEE,TRILHAS DE FUTURO - ESTUDANTES,EPT
2026,8,2301,4293,32,0,Investimentos Próprios,2752794.14,2752794.14,2752794.14,DEPARTAMENTO DE ESTRADAS DE RODAGEM DO ESTADO DE MINAS GERAIS,DER-MG,DER-MG,CONSERVACAO ROTINEIRA DA MALHA VIARIA,Transportes
2026,8,1261,2118,71,0,Investimentos Próprios,0.0,0.0,0.0,SECRETARIA DE ESTADO DE EDUCACAO,SEE,SEE,TRILHAS DE FUTURO - ESTUDANTES,EPT
2026,8,1261,2118,10,0,Investimentos Próprios,0.0,0.0,0.0,SECRETARIA DE ESTADO DE EDUCACAO,SEE,SEE,TRILHAS DE FUTURO - ESTUDANTES,EPT
2026,8,1261,2118,71,0,Investimentos Próprios,0.0,0.0,0.0,SECRETARIA DE ESTADO DE EDUCACAO,SEE,SEE,TRILHAS DE FUTURO - ESTUDANTES,EPT
2026,8,1261,2118,10,0,Investimentos Próprios,0.0,20605.3,0.0,SECRETARIA DE ESTADO DE EDUCACAO,SEE,SEE,TRILHAS DE FUTURO - ESTUDANTES,EPT
2026,8,1261,2118,10,0,Investimentos Próprios,0.0,17196.9,0.0,SECRETARIA DE ESTADO DE EDUCACAO,SEE,SEE,TRILHAS DE FUTURO - ESTUDANTES,EPT
2026,8,1261,2118,10,0,Investimentos Próprios,0.0,34885.14,0.0,SECRETARIA DE ESTADO DE EDUCACAO,SEE,SEE,TRILHAS DE FUTURO - ESTUDANTES,EPT
2026,8,1261,2118,71,0,Investimentos Próprios,0.0,0.0,0.0,SECRETARIA DE ESTADO DE EDUCACAO,SEE,SEE,TRILHAS DE FUTURO - ESTUDANTES,EPT
2026,8,1261,2118,71,0,Investimentos Próprios,0.0,0.0,0.0,SECRETARIA DE ESTADO DE EDUCACAO,SEE,SEE,TRILHAS DE FUTURO - ESTUDANTES,EPT
2026,8,1261,2118,10,0,Investimentos Próprios,0.0,18259.56,0.0,SECRETARIA DE ESTADO DE EDUCACAO,SEE,SEE,TRILHAS DE FUTURO - ESTUDANTES,EPT
2026,8,1261,2118,10,0,Investimentos Próprios,53000.0,50227.53,0.0,SECRETARIA DE ESTADO DE EDUCACAO,SEE,SEE,TRILHAS DE FUTURO - ESTUDANTES,EPT
2026,8,1261,2118,71,0,Investimentos Próprios,8840.0,8840.0,0.0,SECRETARIA DE ESTADO DE EDUCACAO,SEE,SEE,TRILHAS DE FUTURO - ESTUDANTES,EPT
2026,8,1261,2118,10,0,Investimentos Próprios,0.0,1288185.83,0.0,SECRETARIA DE ESTADO DE EDUCACAO,SEE,SEE,TRILHAS DE FUTURO - ESTUDANTES,EPT
2026,8,1261,2118,10,0,Investimentos Próprios,0.0,65764.11,0.0,SECRETARIA DE ESTADO DE EDUCACAO,SEE,SEE,TRILHAS DE FUTURO - ESTUDANTES,EPT
2026,8,1261,2118,71,0,Investimentos Próprios,21820.0,14020.0,0.0,SECRETARIA DE ESTADO DE EDUCACAO,SEE,SEE,TRILHAS DE FUTURO - ESTUDANTES,EPT
2026,8,1261,2118,71,0,Investimentos Próprios,15160.0,8400.0,0.0,SECRETARIA DE ESTADO DE EDUCACAO,SEE,SEE,TRILHAS DE FUTURO - ESTUDANTES,EPT
2026,8,2301,4293,32,0,Investimentos Próprios,1514000.0,0.0,0.0,DEPARTAMENTO DE ESTRADAS DE RODAGEM DO ESTADO DE MINAS GERAIS,DER-MG,DER-MG,CONSERVACAO ROTINEIRA DA MALHA VIARIA,Transportes
2026,8,1261,2118,71,0,Investimentos Próprios,0.0,5680.0,0.0,SECRETARIA DE ESTADO DE EDUCACAO,SEE,SEE,TRILHAS DE FUTURO - ESTUDANTES,EPT
2026,8,1261,2118,71,0,Investimentos Próprios,20000.0,0.0,0.0,SECRETARIA DE ESTADO DE EDUCACAO,SEE,SEE,TRILHAS DE FUTURO - ESTUDANTES,EPT
2026,8,1261,2118,71,0,Investimentos Próprios,16000.0,0.0,0.0,SECRETARIA DE ESTADO DE EDUCACAO,SEE,SEE,TRILHAS DE FUTURO - ESTUDANTES,EPT
2026,8,2301,4293,32,0,Investimentos Próprios,460000.0,0.0,0.0,DEPARTAMENTO DE ESTRADAS DE RODAGEM DO ESTADO DE MINAS GERAIS,DER-MG,DER-MG,CONSERVACAO ROTINEIRA DA MALHA VIARIA,Transportes
2026,8,2301,4293,32,0,Investimentos Próprios,400000.0,0.0,0.0,DEPARTAMENTO DE ESTRADAS DE RODAGEM DO ESTADO DE MINAS GERAIS,DER-MG,DER-MG,CONSERVACAO ROTINEIRA DA MALHA VIARIA,Transportes
2026,8,1251,4365,48,0,Investimentos Próprios,0.0,456556.0,0.0,POLICIA MILITAR DO ESTADO DE MINAS GERAIS,PMMG,PMMG,POLICIAMENTO OSTENSIVO GERAL,Segurança Pública
2026,8,1261,2118,10,0,Investimentos Próprios,0.0,0.0,0.0,SECRETARIA DE ESTADO DE EDUCACAO,SEE,SEE,TRILHAS DE FUTURO - ESTUDANTES,EPT
2026,8,4381,4382,83,0,Investimentos Próprios,410519.87,0.0,0.0,FUNDO ESTADUAL DE DESENVOLVIMENTO DE TRANSPORTES,FUNTRANS,FUNTRANS,INTERVENCOES DE SEGURANCA VIARIA,Transportes
2026,8,1261,2118,71,0,Investimentos Próprios,0.0,-2220.0,0.0,SECRETARIA DE ESTADO DE EDUCACAO,SEE,SEE,TRILHAS DE FUTURO - ESTUDANTES,EPT
2026,8,1261,2118,71,0,Investimentos Próprios,1680.0,0.0,0.0,SECRETARIA DE ESTADO DE EDUCACAO,SEE,SEE,TRILHAS DE FUTURO - ESTUDANTES,EPT
2026,8,2301,4272,89,1,FEF,0.0,89244.21,0.0,DEPARTAMENTO DE ESTRADAS DE RODAGEM DO ESTADO DE MINAS GERAIS,DER-MG,DER-MG,IMPLANTACAO E RESTAURACAO DE OBRAS DE ARTES ESPECIAIS,Transportes
2026,8,1261,2118,71,0,Investimentos Próprios,178824.0,0.0,0.0,SECRETARIA DE ESTADO DE EDUCACAO,SEE,SEE,TRILHAS DE FUTURO - ESTUDANTES,EPT
2026,8,2301,4268,10,0,Investimentos Próprios,9294803.3,0.0,0.0,DEPARTAMENTO DE ESTRADAS DE RODAGEM DO ESTADO DE MINAS GERAIS,DER-MG,DER-MG,AMPLIACAO DE CAPACIDADE DA MALHA E RESTAURACAO DO PAVIMENTO,Transportes
2026,8,1261,2118,10,0,Investimentos Próprios,53000.0,0.0,0.0,SECRETARIA DE ESTADO DE EDUCACAO,SEE,SEE,TRILHAS DE FUTURO - ESTUDANTES,EPT
2026,8,1261,2118,10,0,Investimentos Próprios,116895.28,0.0,0.0,SECRETARIA DE ESTADO DE EDUCACAO,SEE,SEE,TRILHAS DE FUTURO - ESTUDANTES,EPT
2026,8,1261,2118,10,0,Investimentos Próprios,0.0,93085.49,0.0,SECRETARIA DE ESTADO DE EDUCACAO,SEE,SEE,TRILHAS DE FUTURO - ESTUDANTES,EPT
2026,8,1261,2118,71,0,Investimentos Próprios,0.0,6000.0,0.0,SECRETARIA DE ESTADO DE EDUCACAO,SEE,SEE,TRILHAS DE FUTURO - ESTUDANTES,EPT
2026,8,1261,2118,71,0,Investimentos Próprios,0.0,0.0,0.0,SECRETARIA DE ESTADO DE EDUCACAO,SEE,SEE,TRILHAS DE FUTURO - ESTUDANTES,EPT
2026,8,1261,2118,71,0,Investimentos Próprios,0.0,0.0,0.0,SECRETARIA DE ESTADO DE EDUCACAO,SEE,SEE,TRILHAS DE FUTURO - ESTUDANTES,EPT
2026,8,1261,2118,10,0,Investimentos Próprios,40000.0,37640.47,0.0,SECRETARIA DE ESTADO DE EDUCACAO,SEE,SEE,TRILHAS DE FUTURO - ESTUDANTES,EPT
2026,8,1261,2118,10,0,Investimentos Próprios,0.0,16705.56,0.0,SECRETARIA DE ESTADO DE EDUCACAO,SEE,SEE,TRILHAS DE FUTURO - ESTUDANTES,EPT
2026,8,1261,2118,10,0,Investimentos Próprios,0.0,24075.66,0.0,SECRETARIA DE ESTADO DE EDUCACAO,SEE,SEE,TRILHAS DE FUTURO - ESTUDANTES,EPT
2026,8,1261,2118,10,0,Investimentos Próprios,154500.0,150236.98,0.0,SECRETARIA DE ESTADO DE EDUCACAO,SEE,SEE,TRILHAS DE FUTURO - ESTUDANTES,EPT
2026,8,1261,2118,10,0,Investimentos Próprios,167678.56,173808.91,0.0,SECRETARIA DE ESTADO DE EDUCACAO,SEE,SEE,TRILHAS DE FUTURO - ESTUDANTES,EPT
2026,8,1261,2118,71,0,Investimentos Próprios,20000.0,4180.0,0.0,SECRETARIA DE ESTADO DE EDUCACAO,SEE,SEE,TRILHAS DE FUTURO - ESTUDANTES,EPT
2026,8,2301,4385,10,0,Investimentos Próprios,-30.2,382754.01,0.0,DEPARTAMENTO DE ESTRADAS DE RODAGEM DO ESTADO DE MINAS GERAIS,DER-MG,DER-MG,REABILITACAO DA MALHA VIARIA,Transportes
2026,8,1261,2118,71,0,Investimentos Próprios,0.0,6480.0,0.0,SECRETARIA DE ESTADO DE EDUCACAO,SEE,SEE,TRILHAS DE FUTURO - ESTUDANTES,EPT
2026,8,1261,2118,10,0,Investimentos Próprios,31000.0,30243.2,0.0,SECRETARIA DE ESTADO DE EDUCACAO,SEE,SEE,TRILHAS DE FUTURO - ESTUDANTES,EPT
2026,8,1261,2118,10,0,Investimentos Próprios,25000.0,0.0,0.0,SECRETARIA DE ESTADO DE EDUCACAO,SEE,SEE,TRILHAS DE FUTURO - ESTUDANTES,EPT
2026,8,1261,2118,71,0,Investimentos Próprios,25500.0,18480.0,0.0,SECRETARIA DE ESTADO DE EDUCACAO,SEE,SEE,TRILHAS DE FUTURO - ESTUDANTES,EPT
2026,8,1261,2118,10,0,Investimentos Próprios,108874.26,0.0,0.0,SECRETARIA DE ESTADO DE EDUCACAO,SEE,SEE,TRILHAS DE FUTURO - ESTUDANTES,EPT
2026,8,1511,4060,48,0,Investimentos Próprios,0.0,44306.19,0.0,POLICIA CIVIL DO ESTADO DE MINAS GERAIS,PCMG,PCMG,GESTAO DAS UNIDADES POLICIAIS,Segurança Pública
2026,8,1261,2118,10,0,Investimentos Próprios,-11570.0,0.0,0.0,SECRETARIA DE ESTADO DE EDUCACAO,SEE,SEE,TRILHAS DE FUTURO - ESTUDANTES,EPT
2026,8,1261,2118,71,0,Investimentos Próprios,5160.0,4060.0,0.0,SECRETARIA DE ESTADO DE EDUCACAO,SEE,SEE,TRILHAS DE FUTURO - ESTUDANTES,EPT
2026,8,1261,2118,71,0,Investimentos Próprios,-46220.0,0.0,0.0,SECRETARIA DE ESTADO DE EDUCACAO,SEE,SEE,TRILHAS DE FUTURO - ESTUDANTES,EPT
2026,8,1261,2118,71,0,Investimentos Próprios,0.0,6100.0,0.0,SECRETARIA DE ESTADO DE EDUCACAO,SEE,SEE,TRILHAS DE FUTURO - ESTUDANTES,EPT
2026,8,1261,2118,10,0,Investimentos Próprios,23000.0,0.0,0.0,SECRETARIA DE ESTADO DE EDUCACAO,SEE,SEE,TRILHAS DE FUTURO - ESTUDANTES,EPT
2026,8,1261,2118,10,0,Investimentos Próprios,20000.0,0.0,0.0,SECRETARIA DE ESTADO DE EDUCACAO,SEE,SEE,TRILHAS DE FUTURO - ESTUDANTES,EPT
2026,8,2301,4293,32,0,Investimentos Próprios,8000.0,0.0,0.0,DEPARTAMENTO DE ESTRADAS DE RODAGEM DO ESTADO DE MINAS GERAIS,DER-MG,DER-MG,CONSERVACAO ROTINEIRA DA MALHA VIARIA,Transportes
2026,8,1261,2118,10,0,Investimentos Próprios,-488.54,0.0,0.0,SECRETARIA DE ESTADO DE EDUCACAO,SEE,SEE,TRILHAS DE FUTURO - ESTUDANTES,EPT
2026,8,1261,2118,10,0,Investimentos Próprios,8961.03,8961.03,0.0,SECRETARIA DE ESTADO DE EDUCACAO,SEE,SEE,TRILHAS DE FUTURO - ESTUDANTES,EPT
2026,8,1261,2118,10,0,Investimentos Próprios,100455.3,100455.3,0.0,SECRETARIA DE ESTADO DE EDUCACAO,SEE,SEE,TRILHAS DE FUTURO - ESTUDANTES,EPT
2026,8,1261,2118,71,0,Investimentos Próprios,26000.0,0.0,0.0,SECRETARIA DE ESTADO DE EDUCACAO,SEE,SEE,TRILHAS DE FUTURO - ESTUDANTES,EPT
2026,8,1261,2118,71,0,Investimentos Próprios,14620.0,14620.0,0.0,SECRETARIA DE ESTADO DE EDUCACAO,SEE,SEE,TRILHAS DE FUTURO - ESTUDANTES,EPT
2026,8,1261,2118,10,0,Investimentos Próprios,56968.53,0.0,0.0,SECRETARIA DE ESTADO DE EDUCACAO,SEE,SEE,TRILHAS DE FUTURO - ESTUDANTES,EPT
2026,8,1261,2118,10,0,Investimentos Próprios,0.0,72229.15,0.0,SECRETARIA DE ESTADO DE EDUCACAO,SEE,SEE,TRILHAS DE FUTURO - ESTUDANTES,EPT
2026,8,1261,2118,71,0,Investimentos Próprios,0.0,0.0,0.0,SECRETARIA DE ESTADO DE EDUCACAO,SEE,SEE,TRILHAS DE FUTURO - ESTUDANTES,EPT
2026,8,1261,2118,71,0,Investimentos Próprios,0.0,0.0,0.0,SECRETARIA DE ESTADO DE EDUCACAO,SEE,SEE,TRILHAS DE FUTURO - ESTUDANTES,EPT
2026,8,1261,2118,71,0,Investimentos Próprios,0.0,0.0,0.0,SECRETARIA DE ESTADO DE EDUCACAO,SEE,SEE,TRILHAS DE FUTURO - ESTUDANTES,EPT
2026,8,1261,2118,71,0,Investimentos Próprios,22140.0,8360.0,0.0,SECRETARIA DE ESTADO DE EDUCACAO,SEE,SEE,TRILHAS DE FUTURO - ESTUDANTES,EPT
2026,8,1261,2118,10,0,Investimentos Próprios,98600.0,98121.2,0.0,SECRETARIA DE ESTADO DE EDUCACAO,SEE,SEE,TRILHAS DE FUTURO - ESTUDANTES,EPT
2026,8,2301,4275,10,0,Investimentos Próprios,327.7,327.7,0.0,DEPARTAMENTO DE ESTRADAS DE RODAGEM DO ESTADO DE MINAS GERAIS,DER-MG,DER-MG,IMPLANTACAO/PAVIMENTACAO DA MALHA,Transportes
2026,8,2301,4293,32,0,Investimentos Próprios,-2820.06,3515.66,0.0,DEPARTAMENTO DE ESTRADAS DE RODAGEM DO ESTADO DE MINAS GERAIS,DER-MG,DER-MG,CONSERVACAO ROTINEIRA DA MALHA VIARIA,Transportes
2026,8,1261,2118,71,0,Investimentos Próprios,7200.0,5140.0,0.0,SECRETARIA DE ESTADO DE EDUCACAO,SEE,SEE,TRILHAS DE FUTURO - ESTUDANTES,EPT
2026,8,1261,2118,71,0,Investimentos Próprios,0.0,11380.0,0.0,SECRETARIA DE ESTADO DE EDUCACAO,SEE,SEE,TRILHAS DE FUTURO - ESTUDANTES,EPT
2026,8,1261,2118,71,0,Investimentos Próprios,11000.0,0.0,0.0,SECRETARIA DE ESTADO DE EDUCACAO,SEE,SEE,TRILHAS DE FUTURO - ESTUDANTES,EPT
2026,8,1261,2118,71,0,Investimentos Próprios,39000.0,18340.0,0.0,SECRETARIA DE ESTADO DE EDUCACAO,SEE,SEE,TRILHAS DE FUTURO - ESTUDANTES,EPT
2026,8,1251,4365,48,0,Investimentos Próprios,0.0,91311.2,0.0,POLICIA MILITAR DO ESTADO DE MINAS GERAIS,PMMG,PMMG,POLICIAMENTO OSTENSIVO GERAL,Segurança Pública
2026,8,1261,2118,71,0,Investimentos Próprios,34840.0,19140.0,0.0,SECRETARIA DE ESTADO DE EDUCACAO,SEE,SEE,TRILHAS DE FUTURO - ESTUDANTES,EPT
2026,8,1261,2118,71,0,Investimentos Próprios,52880.0,27040.0,0.0,SECRETARIA DE ESTADO DE EDUCACAO,SEE,SEE,TRILHAS DE FUTURO - ESTUDANTES,EPT
2026,8,1261,2118,71,0,Investimentos Próprios,9680.0,6440.0,0.0,SECRETARIA DE ESTADO DE EDUCACAO,SEE,SEE,TRILHAS DE FUTURO - ESTUDANTES,EPT
2026,8,1261,2118,71,0,Investimentos Próprios,40000.0,0.0,0.0,SECRETARIA DE ESTADO DE EDUCACAO,SEE,SEE,TRILHAS DE FUTURO - ESTUDANTES,EPT
2026,8,1261,2118,71,0,Investimentos Próprios,0.0,3900.0,0.0,SECRETARIA DE ESTADO DE EDUCACAO,SEE,SEE,TRILHAS DE FUTURO - ESTUDANTES,EPT
2026,8,1261,2118,71,0,Investimentos Próprios,15000.0,0.0,0.0,SECRETARIA DE ESTADO DE EDUCACAO,SEE,SEE,TRILHAS DE FUTURO - ESTUDANTES,EPT
2026,8,1261,2118,10,0,Investimentos Próprios,0.0,0.0,0.0,SECRETARIA DE ESTADO DE EDUCACAO,SEE,SEE,TRILHAS DE FUTURO - ESTUDANTES,EPT
2026,8,1261,2118,10,0,Investimentos Próprios,0.0,0.0,0.0,SECRETARIA DE ESTADO DE EDUCACAO,SEE,SEE,TRILHAS DE FUTURO - ESTUDANTES,EPT
2026,8,2301,4293,32,0,Investimentos Próprios,1363000.0,0.0,0.0,DEPARTAMENTO DE ESTRADAS DE RODAGEM DO ESTADO DE MINAS GERAIS,DER-MG,DER-MG,CONSERVACAO ROTINEIRA DA MALHA VIARIA,Transportes
2026,8,2301,4293,32,0,Investimentos Próprios,420000.0,0.0,0.0,DEPARTAMENTO DE ESTRADAS DE RODAGEM DO ESTADO DE MINAS GERAIS,DER-MG,DER-MG,CONSERVACAO ROTINEIRA DA MALHA VIARIA,Transportes
2026,8,2301,4293,32,0,Investimentos Próprios,2000000.0,0.0,0.0,DEPARTAMENTO DE ESTRADAS DE RODAGEM DO ESTADO DE MINAS GERAIS,DER-MG,DER-MG,CONSERVACAO ROTINEIRA DA MALHA VIARIA,Transportes
2026,8,2301,4293,32,0,Investimentos Próprios,200000.0,0.0,0.0,DEPARTAMENTO DE ESTRADAS DE RODAGEM DO ESTADO DE MINAS GERAIS,DER-MG,DER-MG,CONSERVACAO ROTINEIRA DA MALHA VIARIA,Transportes
2026,8,2301,4293,32,0,Investimentos Próprios,310000.0,0.0,0.0,DEPARTAMENTO DE ESTRADAS DE RODAGEM DO ESTADO DE MINAS GERAIS,DER-MG,DER-MG,CONSERVACAO ROTINEIRA DA MALHA VIARIA,Transportes
2026,8,1261,2118,71,0,Investimentos Próprios,0.0,11480.0,0.0,SECRETARIA DE ESTADO DE EDUCACAO,SEE,SEE,TRILHAS DE FUTURO - ESTUDANTES,EPT
2026,8,2301,4272,10,0,Investimentos Próprios,0.0,89727.67,0.0,DEPARTAMENTO DE ESTRADAS DE RODAGEM DO ESTADO DE MINAS GERAIS,DER-MG,DER-MG,IMPLANTACAO E RESTAURACAO DE OBRAS DE ARTES ESPECIAIS,Transportes
2026,8,1261,2118,71,0,Investimentos Próprios,30880.0,12580.0,0.0,SECRETARIA DE ESTADO DE EDUCACAO,SEE,SEE,TRILHAS DE FUTURO - ESTUDANTES,EPT
2026,8,1261,2118,71,0,Investimentos Próprios,33760.0,13820.0,0.0,SECRETARIA DE ESTADO DE EDUCACAO,SEE,SEE,TRILHAS DE FUTURO - ESTUDANTES,EPT
2026,8,1261,2118,71,0,Investimentos Próprios,22000.0,0.0,0.0,SECRETARIA DE ESTADO DE EDUCACAO,SEE,SEE,TRILHAS DE FUTURO - ESTUDANTES,EPT
2026,8,1261,2118,71,0,Investimentos Próprios,6720.0,0.0,0.0,SECRETARIA DE ESTADO DE EDUCACAO,SEE,SEE,TRILHAS DE FUTURO - ESTUDANTES,EPT
2026,8,1261,2118,71,0,Investimentos Próprios,0.0,22320.0,0.0,SECRETARIA DE ESTADO DE EDUCACAO,SEE,SEE,TRILHAS DE FUTURO - ESTUDANTES,EPT
2026,8,1261,2118,10,0,Investimentos Próprios,-20000.0,0.0,0.0,SECRETARIA DE ESTADO DE EDUCACAO,SEE,SEE,TRILHAS DE FUTURO - ESTUDANTES,EPT
2026,8,2301,4385,10,0,Investimentos Próprios,5372000.0,0.0,0.0,DEPARTAMENTO DE ESTRADAS DE RODAGEM DO ESTADO DE MINAS GERAIS,DER-MG,DER-MG,REABILITACAO DA MALHA VIARIA,Transportes
2026,8,1261,2118,10,0,Investimentos Próprios,63685.23,63685.23,0.0,SECRETARIA DE ESTADO DE EDUCACAO,SEE,SEE,TRILHAS DE FUTURO - ESTUDANTES,EPT
2026,8,1261,2118,10,0,Investimentos Próprios,36723.62,0.0,0.0,SECRETARIA DE ESTADO DE EDUCACAO,SEE,SEE,TRILHAS DE FUTURO - ESTUDANTES,EPT
2026,8,1261,2118,71,0,Investimentos Próprios,0.0,16460.0,0.0,SECRETARIA DE ESTADO DE EDUCACAO,SEE,SEE,TRILHAS DE FUTURO - ESTUDANTES,EPT
2026,8,1261,2118,71,0,Investimentos Próprios,0.0,4580.0,0.0,SECRETARIA DE ESTADO DE EDUCACAO,SEE,SEE,TRILHAS DE FUTURO - ESTUDANTES,EPT
2026,8,2301,4272,10,0,Investimentos Próprios,0.0,0.0,0.0,DEPARTAMENTO DE ESTRADAS DE RODAGEM DO ESTADO DE MINAS GERAIS,DER-MG,DER-MG,IMPLANTACAO E RESTAURACAO DE OBRAS DE ARTES ESPECIAIS,Transportes
2026,8,2301,4293,32,0,Investimentos Próprios,-181179.94,348050.81,0.0,DEPARTAMENTO DE ESTRADAS DE RODAGEM DO ESTADO DE MINAS GERAIS,DER-MG,DER-MG,CONSERVACAO ROTINEIRA DA MALHA VIARIA,Transportes
2026,8,1261,2118,71,0,Investimentos Próprios,7080.0,7080.0,0.0,SECRETARIA DE ESTADO DE EDUCACAO,SEE,SEE,TRILHAS DE FUTURO - ESTUDANTES,EPT
2026,8,2301,4293,32,0,Investimentos Próprios,800000.0,815809.7,0.0,DEPARTAMENTO DE ESTRADAS DE RODAGEM DO ESTADO DE MINAS GERAIS,DER-MG,DER-MG,CONSERVACAO ROTINEIRA DA MALHA VIARIA,Transportes
2026,8,2301,4293,32,0,Investimentos Próprios,3279.59,194471.84,0.0,DEPARTAMENTO DE ESTRADAS DE RODAGEM DO ESTADO DE MINAS GERAIS,DER-MG,DER-MG,CONSERVACAO ROTINEIRA DA MALHA VIARIA,Transportes
2026,8,1261,2118,71,0,Investimentos Próprios,-4920.0,0.0,0.0,SECRETARIA DE ESTADO DE EDUCACAO,SEE,SEE,TRILHAS DE FUTURO - ESTUDANTES,EPT
2026,8,2301,4275,33,0,Investimentos Próprios,-660000.0,0.0,0.0,DEPARTAMENTO DE ESTRADAS DE RODAGEM DO ESTADO DE MINAS GERAIS,DER-MG,DER-MG,IMPLANTACAO/PAVIMENTACAO DA MALHA,Transportes
2026,8,1261,2118,71,0,Investimentos Próprios,11000.0,0.0,0.0,SECRETARIA DE ESTADO DE EDUCACAO,SEE,SEE,TRILHAS DE FUTURO - ESTUDANTES,EPT
2026,8,1261,2118,10,0,Investimentos Próprios,103000.0,0.0,0.0,SECRETARIA DE ESTADO DE EDUCACAO,SEE,SEE,TRILHAS DE FUTURO - ESTUDANTES,EPT
2026,8,1261,2118,71,0,Investimentos Próprios,-136560.0,0.0,0.0,SECRETARIA DE ESTADO DE EDUCACAO,SEE,SEE,TRILHAS DE FUTURO - ESTUDANTES,EPT
2026,8,1261,2118,71,0,Investimentos Próprios,-460.0,0.0,0.0,SECRETARIA DE ESTADO DE EDUCACAO,SEE,SEE,TRILHAS DE FUTURO - ESTUDANTES,EPT
2026,8,2301,4162,10,0,Investimentos Próprios,846060.37,0.0,0.0,DEPARTAMENTO DE ESTRADAS DE RODAGEM DO ESTADO DE MINAS GERAIS,DER-MG,DER-MG,SUPORTE A GESTAO DOS ATIVOS RODOVIARIOS,Transportes
2026,8,1261,2118,10,0,Investimentos Próprios,0.0,0.0,0.0,SECRETARIA DE ESTADO DE EDUCACAO,SEE,SEE,TRILHAS DE FUTURO - ESTUDANTES,EPT
2026,8,2301,4280,10,0,Investimentos Próprios,7136249.78,0.0,0.0,DEPARTAMENTO DE ESTRADAS DE RODAGEM DO ESTADO DE MINAS GERAIS,DER-MG,DER-MG,MITIGACAO DE DANOS PONTUAIS NAS RODOVIAS,Transportes
2026,8,2301,4293,32,0,Investimentos Próprios,693332.67,0.0,0.0,DEPARTAMENTO DE ESTRADAS DE RODAGEM DO ESTADO DE MINAS GERAIS,DER-MG,DER-MG,CONSERVACAO ROTINEIRA DA MALHA VIARIA,Transportes
2026,8,2301,4293,32,0,Investimentos Próprios,650000.0,0.0,0.0,DEPARTAMENTO DE ESTRADAS DE RODAGEM DO ESTADO DE MINAS GERAIS,DER-MG,DER-MG,CONSERVACAO ROTINEIRA DA MALHA VIARIA,Transportes
2026,8,1261,2118,10,0,Investimentos Próprios,22638.72,22638.72,0.0,SECRETARIA DE ESTADO DE EDUCACAO,SEE,SEE,TRILHAS DE FUTURO - ESTUDANTES,EPT
2026,8,1261,2118,71,0,Investimentos Próprios,31860.0,14040.0,0.0,SECRETARIA DE ESTADO DE EDUCACAO,SEE,SEE,TRILHAS DE FUTURO - ESTUDANTES,EPT
2026,8,1261,2118,71,0,Investimentos Próprios,4680.0,0.0,0.0,SECRETARIA DE ESTADO DE EDUCACAO,SEE,SEE,TRILHAS DE FUTURO - ESTUDANTES,EPT
2026,8,1261,2118,71,0,Investimentos Próprios,9560.0,9560.0,0.0,SECRETARIA DE ESTADO DE EDUCACAO,SEE,SEE,TRILHAS DE FUTURO - ESTUDANTES,EPT
2026,8,1261,2118,10,0,Investimentos Próprios,-27000.0,0.0,0.0,SECRETARIA DE ESTADO DE EDUCACAO,SEE,SEE,TRILHAS DE FUTURO - ESTUDANTES,EPT
2026,8,1261,2118,10,0,Investimentos Próprios,42146.37,0.0,0.0,SECRETARIA DE ESTADO DE EDUCACAO,SEE,SEE,TRILHAS DE FUTURO - ESTUDANTES,EPT
2026,8,1261,2118,10,0,Investimentos Próprios,0.0,0.0,0.0,SECRETARIA DE ESTADO DE EDUCACAO,SEE,SEE,TRILHAS DE FUTURO - ESTUDANTES,EPT
2026,8,1261,2118,71,0,Investimentos Próprios,0.0,12380.0,0.0,SECRETARIA DE ESTADO DE EDUCACAO,SEE,SEE,TRILHAS DE FUTURO - ESTUDANTES,EPT
2026,8,1261,2118,71,0,Investimentos Próprios,0.0,47540.0,0.0,SECRETARIA DE ESTADO DE EDUCACAO,SEE,SEE,TRILHAS DE FUTURO - ESTUDANTES,EPT
2026,8,1261,2118,71,0,Investimentos Próprios,80000.0,45620.0,0.0,SECRETARIA DE ESTADO DE EDUCACAO,SEE,SEE,TRILHAS DE FUTURO - ESTUDANTES,EPT
2026,8,1261,2118,71,0,Investimentos Próprios,0.0,9360.0,0.0,SECRETARIA DE ESTADO DE EDUCACAO,SEE,SEE,TRILHAS DE FUTURO - ESTUDANTES,EPT
2026,8,1261,2118,71,0,Investimentos Próprios,0.0,6560.0,0.0,SECRETARIA DE ESTADO DE EDUCACAO,SEE,SEE,TRILHAS DE FUTURO - ESTUDANTES,EPT
2026,8,1261,2118,10,0,Investimentos Próprios,66000.0,61091.82,0.0,SECRETARIA DE ESTADO DE EDUCACAO,SEE,SEE,TRILHAS DE FUTURO - ESTUDANTES,EPT
2026,8,1261,2118,71,0,Investimentos Próprios,76000.0,93940.0,0.0,SECRETARIA DE ESTADO DE EDUCACAO,SEE,SEE,TRILHAS DE FUTURO - ESTUDANTES,EPT
2026,8,1261,2118,10,0,Investimentos Próprios,16000.0,21429.3,0.0,SECRETARIA DE ESTADO DE EDUCACAO,SEE,SEE,TRILHAS DE FUTURO - ESTUDANTES,EPT
2026,8,1261,2118,71,0,Investimentos Próprios,10000.0,0.0,0.0,SECRETARIA DE ESTADO DE EDUCACAO,SEE,SEE,TRILHAS DE FUTURO - ESTUDANTES,EPT
2026,8,1251,4365,48,0,Investimentos Próprios,0.0,14400.0,0.0,POLICIA MILITAR DO ESTADO DE MINAS GERAIS,PMMG,PMMG,POLICIAMENTO OSTENSIVO GERAL,Segurança Pública
2026,8,1261,2118,71,0,Investimentos Próprios,26880.0,14460.0,0.0,SECRETARIA DE ESTADO DE EDUCACAO,SEE,SEE,TRILHAS DE FUTURO - ESTUDANTES,EPT
2026,8,1261,2118,10,0,Investimentos Próprios,0.0,0.0,0.0,SECRETARIA DE ESTADO DE EDUCACAO,SEE,SEE,TRILHAS DE FUTURO - ESTUDANTES,EPT
2026,8,1261,2118,71,0,Investimentos Próprios,12000.0,5500.0,0.0,SECRETARIA DE ESTADO DE EDUCACAO,SEE,SEE,TRILHAS DE FUTURO - ESTUDANTES,EPT
2026,8,1261,2118,10,0,Investimentos Próprios,25000.0,0.0,0.0,SECRETARIA DE ESTADO DE EDUCACAO,SEE,SEE,TRILHAS DE FUTURO - ESTUDANTES,EPT
2026,8,1261,2118,71,0,Investimentos Próprios,11500.0,11500.0,0.0,SECRETARIA DE ESTADO DE EDUCACAO,SEE,SEE,TRILHAS DE FUTURO - ESTUDANTES,EPT
2026,8,1261,2118,10,0,Investimentos Próprios,22273.54,0.0,0.0,SECRETARIA DE ESTADO DE EDUCACAO,SEE,SEE,TRILHAS DE FUTURO - ESTUDANTES,EPT
2026,8,1261,2118,10,0,Investimentos Próprios,-24000.0,0.0,0.0,SECRETARIA DE ESTADO DE EDUCACAO,SEE,SEE,TRILHAS DE FUTURO - ESTUDANTES,EPT
2026,8,1261,2118,10,0,Investimentos Próprios,58069.17,45437.39,0.0,SECRETARIA DE ESTADO DE EDUCACAO,SEE,SEE,TRILHAS DE FUTURO - ESTUDANTES,EPT
2026,8,1261,2118,10,0,Investimentos Próprios,35000.0,0.0,0.0,SECRETARIA DE ESTADO DE EDUCACAO,SEE,SEE,TRILHAS DE FUTURO - ESTUDANTES,EPT
2026,8,1261,2118,10,0,Investimentos Próprios,45065.31,0.0,0.0,SECRETARIA DE ESTADO DE EDUCACAO,SEE,SEE,TRILHAS DE FUTURO - ESTUDANTES,EPT
2026,8,1261,2118,71,0,Investimentos Próprios,0.0,3920.0,0.0,SECRETARIA DE ESTADO DE EDUCACAO,SEE,SEE,TRILHAS DE FUTURO - ESTUDANTES,EPT
2026,8,1261,2118,71,0,Investimentos Próprios,0.0,0.0,0.0,SECRETARIA DE ESTADO DE EDUCACAO,SEE,SEE,TRILHAS DE FUTURO - ESTUDANTES,EPT
2026,8,1261,2118,71,0,Investimentos Próprios,0.0,0.0,0.0,SECRETARIA DE ESTADO DE EDUCACAO,SEE,SEE,TRILHAS DE FUTURO - ESTUDANTES,EPT
2026,8,1261,2118,71,0,Investimentos Próprios,0.0,0.0,0.0,SECRETARIA DE ESTADO DE EDUCACAO,SEE,SEE,TRILHAS DE FUTURO - ESTUDANTES,EPT
2026,8,1261,2118,71,0,Investimentos Próprios,0.0,0.0,0.0,SECRETARIA DE ESTADO DE EDUCACAO,SEE,SEE,TRILHAS DE FUTURO - ESTUDANTES,EPT
2026,8,1261,2118,71,0,Investimentos Próprios,0.0,0.0,0.0,SECRETARIA DE ESTADO DE EDUCACAO,SEE,SEE,TRILHAS DE FUTURO - ESTUDANTES,EPT
2026,8,1261,2118,71,0,Investimentos Próprios,68000.0,25860.0,0.0,SECRETARIA DE ESTADO DE EDUCACAO,SEE,SEE,TRILHAS DE FUTURO - ESTUDANTES,EPT
2026,8,1261,2118,10,0,Investimentos Próprios,67455.85,30900.24,0.0,SECRETARIA DE ESTADO DE EDUCACAO,SEE,SEE,TRILHAS DE FUTURO - ESTUDANTES,EPT
2026,8,1261,2118,10,0,Investimentos Próprios,32000.0,32189.32,0.0,SECRETARIA DE ESTADO DE EDUCACAO,SEE,SEE,TRILHAS DE FUTURO - ESTUDANTES,EPT
2026,8,1261,2118,10,0,Investimentos Próprios,0.0,16979.04,0.0,SECRETARIA DE ESTADO DE EDUCACAO,SEE,SEE,TRILHAS DE FUTURO - ESTUDANTES,EPT
2026,8,1261,2118,71,0,Investimentos Próprios,0.0,11900.0,0.0,SECRETARIA DE ESTADO DE EDUCACAO,SEE,SEE,TRILHAS DE FUTURO - ESTUDANTES,EPT
2026,8,1261,2118,10,0,Investimentos Próprios,72289.86,0.0,0.0,SECRETARIA DE ESTADO DE EDUCACAO,SEE,SEE,TRILHAS DE FUTURO - ESTUDANTES,EPT
2026,8,1261,2118,10,0,Investimentos Próprios,71337.24,0.0,0.0,SECRETARIA DE ESTADO DE EDUCACAO,SEE,SEE,TRILHAS DE FUTURO - ESTUDANTES,EPT
2026,8,1261,2118,71,0,Investimentos Próprios,12000.0,0.0,0.0,SECRETARIA DE ESTADO DE EDUCACAO,SEE,SEE,TRILHAS DE FUTURO - ESTUDANTES,EPT
2026,8,1261,2118,71,0,Investimentos Próprios,45563.9,0.0,0.0,SECRETARIA DE ESTADO DE EDUCACAO,SEE,SEE,TRILHAS DE FUTURO - ESTUDANTES,EPT
2026,8,4381,4382,83,0,Investimentos Próprios,1374349.13,0.0,0.0,FUNDO ESTADUAL DE DESENVOLVIMENTO DE TRANSPORTES,FUNTRANS,FUNTRANS,INTERVENCOES DE SEGURANCA VIARIA,Transportes
2026,8,2301,4385,10,0,Investimentos Próprios,9007000.0,0.0,0.0,DEPARTAMENTO DE ESTRADAS DE RODAGEM DO ESTADO DE MINAS GERAIS,DER-MG,DER-MG,REABILITACAO DA MALHA VIARIA,Transportes
2026,8,1261,2118,10,0,Investimentos Próprios,25000.0,0.0,0.0,SECRETARIA DE ESTADO DE EDUCACAO,SEE,SEE,TRILHAS DE FUTURO - ESTUDANTES,EPT
2026,8,1261,2118,10,0,Investimentos Próprios,4000.0,0.0,0.0,SECRETARIA DE ESTADO DE EDUCACAO,SEE,SEE,TRILHAS DE FUTURO - ESTUDANTES,EPT
2026,8,1261,2118,71,0,Investimentos Próprios,27040.0,0.0,0.0,SECRETARIA DE ESTADO DE EDUCACAO,SEE,SEE,TRILHAS DE FUTURO - ESTUDANTES,EPT
2026,8,2301,4272,10,0,Investimentos Próprios,-223539.92,0.0,0.0,DEPARTAMENTO DE ESTRADAS DE RODAGEM DO ESTADO DE MINAS GERAIS,DER-MG,DER-MG,IMPLANTACAO E RESTAURACAO DE OBRAS DE ARTES ESPECIAIS,Transportes
2026,8,1261,2118,71,0,Investimentos Próprios,20000.0,0.0,0.0,SECRETARIA DE ESTADO DE EDUCACAO,SEE,SEE,TRILHAS DE FUTURO - ESTUDANTES,EPT
2026,8,2301,4293,32,0,Investimentos Próprios,100002.0,0.0,0.0,DEPARTAMENTO DE ESTRADAS DE RODAGEM DO ESTADO DE MINAS GERAIS,DER-MG,DER-MG,CONSERVACAO ROTINEIRA DA MALHA VIARIA,Transportes
2026,8,2301,4293,32,0,Investimentos Próprios,4580000.0,0.0,0.0,DEPARTAMENTO DE ESTRADAS DE RODAGEM DO ESTADO DE MINAS GERAIS,DER-MG,DER-MG,CONSERVACAO ROTINEIRA DA MALHA VIARIA,Transportes
2026,8,1261,2118,10,0,Investimentos Próprios,-24000.0,0.0,0.0,SECRETARIA DE ESTADO DE EDUCACAO,SEE,SEE,TRILHAS DE FUTURO - ESTUDANTES,EPT
2026,8,1511,4060,48,0,Investimentos Próprios,0.0,49000.0,0.0,POLICIA CIVIL DO ESTADO DE MINAS GERAIS,PCMG,PCMG,GESTAO DAS UNIDADES POLICIAIS,Segurança Pública
2026,8,1261,2118,10,0,Investimentos Próprios,70456.14,70456.14,0.0,SECRETARIA DE ESTADO DE EDUCACAO,SEE,SEE,TRILHAS DE FUTURO - ESTUDANTES,EPT
2026,8,1261,2118,71,0,Investimentos Próprios,7120.0,0.0,0.0,SECRETARIA DE ESTADO DE EDUCACAO,SEE,SEE,TRILHAS DE FUTURO - ESTUDANTES,EPT
2026,8,1261,2118,71,0,Investimentos Próprios,105080.0,0.0,0.0,SECRETARIA DE ESTADO DE EDUCACAO,SEE,SEE,TRILHAS DE FUTURO - ESTUDANTES,EPT
2026,8,1261,2118,71,0,Investimentos Próprios,90754.0,0.0,0.0,SECRETARIA DE ESTADO DE EDUCACAO,SEE,SEE,TRILHAS DE FUTURO - ESTUDANTES,EPT
2026,8,1261,2118,10,0,Investimentos Próprios,33452.55,0.0,0.0,SECRETARIA DE ESTADO DE EDUCACAO,SEE,SEE,TRILHAS DE FUTURO - ESTUDANTES,EPT
2026,8,1261,2118,10,0,Investimentos Próprios,-48000.0,0.0,0.0,SECRETARIA DE ESTADO DE EDUCACAO,SEE,SEE,TRILHAS DE FUTURO - ESTUDANTES,EPT
2026,8,1261,2118,10,0,Investimentos Próprios,57176.8,0.0,0.0,SECRETARIA DE ESTADO DE EDUCACAO,SEE,SEE,TRILHAS DE FUTURO - ESTUDANTES,EPT
2026,8,1261,2118,10,0,Investimentos Próprios,19206.43,0.0,0.0,SECRETARIA DE ESTADO DE EDUCACAO,SEE,SEE,TRILHAS DE FUTURO - ESTUDANTES,EPT
2026,8,1261,2118,10,0,Investimentos Próprios,266319.49,266319.49,0.0,SECRETARIA DE ESTADO DE EDUCACAO,SEE,SEE,TRILHAS DE FUTURO - ESTUDANTES,EPT
2026,8,1261,2118,71,0,Investimentos Próprios,0.0,0.0,0.0,SECRETARIA DE ESTADO DE EDUCACAO,SEE,SEE,TRILHAS DE FUTURO - ESTUDANTES,EPT
2026,8,1261,2118,10,0,Investimentos Próprios,29000.0,0.0,0.0,SECRETARIA DE ESTADO DE EDUCACAO,SEE,SEE,TRILHAS DE FUTURO - ESTUDANTES,EPT
2026,8,1261,2118,10,0,Investimentos Próprios,41000.0,18833.4,0.0,SECRETARIA DE ESTADO DE EDUCACAO,SEE,SEE,TRILHAS DE FUTURO - ESTUDANTES,EPT
2026,8,1261,2118,71,0,Investimentos Próprios,0.0,10200.0,0.0,SECRETARIA DE ESTADO DE EDUCACAO,SEE,SEE,TRILHAS DE FUTURO - ESTUDANTES,EPT
2026,8,1261,2118,71,0,Investimentos Próprios,0.0,51880.0,0.0,SECRETARIA DE ESTADO DE EDUCACAO,SEE,SEE,TRILHAS DE FUTURO - ESTUDANTES,EPT
2026,8,1261,2118,10,0,Investimentos Próprios,37000.0,0.0,0.0,SECRETARIA DE ESTADO DE EDUCACAO,SEE,SEE,TRILHAS DE FUTURO - ESTUDANTES,EPT
2026,8,2301,4275,10,0,Investimentos Próprios,-400000.0,0.0,0.0,DEPARTAMENTO DE ESTRADAS DE RODAGEM DO ESTADO DE MINAS GERAIS,DER-MG,DER-MG,IMPLANTACAO/PAVIMENTACAO DA MALHA,Transportes
2026,8,1261,2118,71,0,Investimentos Próprios,11000.0,8200.0,0.0,SECRETARIA DE ESTADO DE EDUCACAO,SEE,SEE,TRILHAS DE FUTURO - ESTUDANTES,EPT
2026,8,1261,2118,71,0,Investimentos Próprios,15000.0,0.0,0.0,SECRETARIA DE ESTADO DE EDUCACAO,SEE,SEE,TRILHAS DE FUTURO - ESTUDANTES,EPT
2026,8,2301,4275,10,0,Investimentos Próprios,0.0,0.0,0.0,DEPARTAMENTO DE ESTRADAS DE RODAGEM DO ESTADO DE MINAS GERAIS,DER-MG,DER-MG,IMPLANTACAO/PAVIMENTACAO DA MALHA,Transportes
2026,8,1511,1051,48,0,Investimentos Próprios,0.0,75245.66,0.0,POLICIA CIVIL DO ESTADO DE MINAS GERAIS,PCMG,PCMG,IMPLEMENTACAO DA CADEIA DE CUSTODIA DA PROVA EM MINAS GERAIS,Segurança Pública
2026,8,1261,2118,71,0,Investimentos Próprios,17640.0,11120.0,0.0,SECRETARIA DE ESTADO DE EDUCACAO,SEE,SEE,TRILHAS DE FUTURO - ESTUDANTES,EPT
2026,8,1261,2118,71,0,Investimentos Próprios,8680.0,5020.0,0.0,SECRETARIA DE ESTADO DE EDUCACAO,SEE,SEE,TRILHAS DE FUTURO - ESTUDANTES,EPT
2026,8,1261,2118,71,0,Investimentos Próprios,-2080.0,0.0,0.0,SECRETARIA DE ESTADO DE EDUCACAO,SEE,SEE,TRILHAS DE FUTURO - ESTUDANTES,EPT
2026,8,1261,2118,71,0,Investimentos Próprios,11000.0,5220.0,0.0,SECRETARIA DE ESTADO DE EDUCACAO,SEE,SEE,TRILHAS DE FUTURO - ESTUDANTES,EPT
2026,8,1261,2118,10,0,Investimentos Próprios,24000.0,0.0,0.0,SECRETARIA DE ESTADO DE EDUCACAO,SEE,SEE,TRILHAS DE FUTURO - ESTUDANTES,EPT
2026,8,1261,2118,71,0,Investimentos Próprios,8000.0,4300.0,0.0,SECRETARIA DE ESTADO DE EDUCACAO,SEE,SEE,TRILHAS DE FUTURO - ESTUDANTES,EPT
2026,8,1261,2118,10,0,Investimentos Próprios,0.0,0.0,0.0,SECRETARIA DE ESTADO DE EDUCACAO,SEE,SEE,TRILHAS DE FUTURO - ESTUDANTES,EPT
2026,8,2301,4280,89,1,FEF,-4065687.72,0.0,0.0,DEPARTAMENTO DE ESTRADAS DE RODAGEM DO ESTADO DE MINAS GERAIS,DER-MG,DER-MG,MITIGACAO DE DANOS PONTUAIS NAS RODOVIAS,Transportes
2026,8,1261,2118,71,0,Investimentos Próprios,14600.0,14600.0,0.0,SECRETARIA DE ESTADO DE EDUCACAO,SEE,SEE,TRILHAS DE FUTURO - ESTUDANTES,EPT
2026,8,2301,4385,10,0,Investimentos Próprios,0.0,368363.28,0.0,DEPARTAMENTO DE ESTRADAS DE RODAGEM DO ESTADO DE MINAS GERAIS,DER-MG,DER-MG,REABILITACAO DA MALHA VIARIA,Transportes
2026,8,1261,2118,71,0,Investimentos Próprios,0.0,3000.0,0.0,SECRETARIA DE ESTADO DE EDUCACAO,SEE,SEE,TRILHAS DE FUTURO - ESTUDANTES,EPT
2026,8,1261,2118,71,0,Investimentos Próprios,23240.0,14280.0,0.0,SECRETARIA DE ESTADO DE EDUCACAO,SEE,SEE,TRILHAS DE FUTURO - ESTUDANTES,EPT
2026,8,1261,2118,71,0,Investimentos Próprios,6500.0,6500.0,0.0,SECRETARIA DE ESTADO DE EDUCACAO,SEE,SEE,TRILHAS DE FUTURO - ESTUDANTES,EPT
2026,8,1261,2118,71,0,Investimentos Próprios,385346.0,163380.0,0.0,SECRETARIA DE ESTADO DE EDUCACAO,SEE,SEE,TRILHAS DE FUTURO - ESTUDANTES,EPT
2026,8,1261,2118,71,0,Investimentos Próprios,12280.0,6100.0,0.0,SECRETARIA DE ESTADO DE EDUCACAO,SEE,SEE,TRILHAS DE FUTURO - ESTUDANTES,EPT
2026,8,1261,2118,71,0,Investimentos Próprios,8320.0,0.0,0.0,SECRETARIA DE ESTADO DE EDUCACAO,SEE,SEE,TRILHAS DE FUTURO - ESTUDANTES,EPT
2026,8,1261,2118,71,0,Investimentos Próprios,6600.0,0.0,0.0,SECRETARIA DE ESTADO DE EDUCACAO,SEE,SEE,TRILHAS DE FUTURO - ESTUDANTES,EPT
2026,8,1261,2118,71,0,Investimentos Próprios,4820.0,0.0,0.0,SECRETARIA DE ESTADO DE EDUCACAO,SEE,SEE,TRILHAS DE FUTURO - ESTUDANTES,EPT
2026,8,1261,2118,10,0,Investimentos Próprios,14358.24,0.0,0.0,SECRETARIA DE ESTADO DE EDUCACAO,SEE,SEE,TRILHAS DE FUTURO - ESTUDANTES,EPT
2026,8,1261,2118,10,0,Investimentos Próprios,18432.98,0.0,0.0,SECRETARIA DE ESTADO DE EDUCACAO,SEE,SEE,TRILHAS DE FUTURO - ESTUDANTES,EPT
2026,8,1261,2118,10,0,Investimentos Próprios,94408.84,35867.82,0.0,SECRETARIA DE ESTADO DE EDUCACAO,SEE,SEE,TRILHAS DE FUTURO - ESTUDANTES,EPT
2026,8,1261,2118,10,0,Investimentos Próprios,206067.57,0.0,0.0,SECRETARIA DE ESTADO DE EDUCACAO,SEE,SEE,TRILHAS DE FUTURO - ESTUDANTES,EPT
2026,8,1261,2118,10,0,Investimentos Próprios,37752.77,0.0,0.0,SECRETARIA DE ESTADO DE EDUCACAO,SEE,SEE,TRILHAS DE FUTURO - ESTUDANTES,EPT
2026,8,1261,2118,10,0,Investimentos Próprios,11660.7,0.0,0.0,SECRETARIA DE ESTADO DE EDUCACAO,SEE,SEE,TRILHAS DE FUTURO - ESTUDANTES,EPT
2026,8,2301,4385,10,0,Investimentos Próprios,16000.0,0.0,0.0,DEPARTAMENTO DE ESTRADAS DE RODAGEM DO ESTADO DE MINAS GERAIS,DER-MG,DER-MG,REABILITACAO DA MALHA VIARIA,Transportes
2026,8,1261,2118,71,0,Investimentos Próprios,0.0,0.0,0.0,SECRETARIA DE ESTADO DE EDUCACAO,SEE,SEE,TRILHAS DE FUTURO - ESTUDANTES,EPT
2026,8,2301,4385,33,0,Investimentos Próprios,0.0,32943.41,0.0,DEPARTAMENTO DE ESTRADAS DE RODAGEM DO ESTADO DE MINAS GERAIS,DER-MG,DER-MG,REABILITACAO DA MALHA VIARIA,Transportes
2026,8,1261,2118,71,0,Investimentos Próprios,0.0,88160.0,0.0,SECRETARIA DE ESTADO DE EDUCACAO,SEE,SEE,TRILHAS DE FUTURO - ESTUDANTES,EPT
2026,8,1261,2118,71,0,Investimentos Próprios,10000.0,4460.0,0.0,SECRETARIA DE ESTADO DE EDUCACAO,SEE,SEE,TRILHAS DE FUTURO - ESTUDANTES,EPT
2026,8,1261,2118,71,0,Investimentos Próprios,12000.0,0.0,0.0,SECRETARIA DE ESTADO DE EDUCACAO,SEE,SEE,TRILHAS DE FUTURO - ESTUDANTES,EPT
2026,8,1261,2118,71,0,Investimentos Próprios,28280.0,28280.0,28280.0,SECRETARIA DE ESTADO DE EDUCACAO,SEE,SEE,TRILHAS DE FUTURO - ESTUDANTES,EPT
2026,8,1261,2118,71,0,Investimentos Próprios,0.0,6320.0,0.0,SECRETARIA DE ESTADO DE EDUCACAO,SEE,SEE,TRILHAS DE FUTURO - ESTUDANTES,EPT
2026,8,1261,2118,71,0,Investimentos Próprios,-14560.0,0.0,0.0,SECRETARIA DE ESTADO DE EDUCACAO,SEE,SEE,TRILHAS DE FUTURO - ESTUDANTES,EPT
2026,8,1261,2118,10,0,Investimentos Próprios,24760.8,0.0,0.0,SECRETARIA DE ESTADO DE EDUCACAO,SEE,SEE,TRILHAS DE FUTURO - ESTUDANTES,EPT
2026,8,1261,2118,71,0,Investimentos Próprios,8000.0,0.0,0.0,SECRETARIA DE ESTADO DE EDUCACAO,SEE,SEE,TRILHAS DE FUTURO - ESTUDANTES,EPT
2026,8,1261,2118,71,0,Investimentos Próprios,0.0,70660.0,0.0,SECRETARIA DE ESTADO DE EDUCACAO,SEE,SEE,TRILHAS DE FUTURO - ESTUDANTES,EPT
2026,8,1261,2118,10,0,Investimentos Próprios,14000.0,0.0,0.0,SECRETARIA DE ESTADO DE EDUCACAO,SEE,SEE,TRILHAS DE FUTURO - ESTUDANTES,EPT
2026,8,2301,4385,33,0,Investimentos Próprios,0.0,337923.75,0.0,DEPARTAMENTO DE ESTRADAS DE RODAGEM DO ESTADO DE MINAS GERAIS,DER-MG,DER-MG,REABILITACAO DA MALHA VIARIA,Transportes
2026,8,1261,2118,71,0,Investimentos Próprios,42000.0,0.0,0.0,SECRETARIA DE ESTADO DE EDUCACAO,SEE,SEE,TRILHAS DE FUTURO - ESTUDANTES,EPT
2026,8,1261,2118,71,0,Investimentos Próprios,23340.0,5300.0,0.0,SECRETARIA DE ESTADO DE EDUCACAO,SEE,SEE,TRILHAS DE FUTURO - ESTUDANTES,EPT
2026,8,1261,2118,71,0,Investimentos Próprios,14140.0,0.0,0.0,SECRETARIA DE ESTADO DE EDUCACAO,SEE,SEE,TRILHAS DE FUTURO - ESTUDANTES,EPT
2026,8,1261,2118,71,0,Investimentos Próprios,7940.0,0.0,0.0,SECRETARIA DE ESTADO DE EDUCACAO,SEE,SEE,TRILHAS DE FUTURO - ESTUDANTES,EPT
2026,8,1261,2118,71,0,Investimentos Próprios,19000.0,0.0,0.0,SECRETARIA DE ESTADO DE EDUCACAO,SEE,SEE,TRILHAS DE FUTURO - ESTUDANTES,EPT
2026,8,1261,2118,71,0,Investimentos Próprios,49000.0,0.0,0.0,SECRETARIA DE ESTADO DE EDUCACAO,SEE,SEE,TRILHAS DE FUTURO - ESTUDANTES,EPT
2026,8,1261,2118,10,0,Investimentos Próprios,26353.08,0.0,0.0,SECRETARIA DE ESTADO DE EDUCACAO,SEE,SEE,TRILHAS DE FUTURO - ESTUDANTES,EPT
2026,8,1261,2118,10,0,Investimentos Próprios,0.0,49969.73,0.0,SECRETARIA DE ESTADO DE EDUCACAO,SEE,SEE,TRILHAS DE FUTURO - ESTUDANTES,EPT
2026,8,1261,2118,10,0,Investimentos Próprios,0.0,98718.84,0.0,SECRETARIA DE ESTADO DE EDUCACAO,SEE,SEE,TRILHAS DE FUTURO - ESTUDANTES,EPT
2026,8,1261,2118,71,0,Investimentos Próprios,0.0,0.0,0.0,SECRETARIA DE ESTADO DE EDUCACAO,SEE,SEE,TRILHAS DE FUTURO - ESTUDANTES,EPT
2026,8,2301,4293,32,0,Investimentos Próprios,95200.32,86386.67,0.0,DEPARTAMENTO DE ESTRADAS DE RODAGEM DO ESTADO DE MINAS GERAIS,DER-MG,DER-MG,CONSERVACAO ROTINEIRA DA MALHA VIARIA,Transportes
2026,8,2301,4293,32,0,Investimentos Próprios,110000.0,13329.6,0.0,DEPARTAMENTO DE ESTRADAS DE RODAGEM DO ESTADO DE MINAS GERAIS,DER-MG,DER-MG,CONSERVACAO ROTINEIRA DA MALHA VIARIA,Transportes
2026,8,1261,2118,71,0,Investimentos Próprios,-1860.0,0.0,0.0,SECRETARIA DE ESTADO DE EDUCACAO,SEE,SEE,TRILHAS DE FUTURO - ESTUDANTES,EPT
2026,8,1261,2118,10,0,Investimentos Próprios,130250.0,0.0,0.0,SECRETARIA DE ESTADO DE EDUCACAO,SEE,SEE,TRILHAS DE FUTURO - ESTUDANTES,EPT
2026,8,1261,2118,71,0,Investimentos Próprios,87260.0,42840.0,0.0,SECRETARIA DE ESTADO DE EDUCACAO,SEE,SEE,TRILHAS DE FUTURO - ESTUDANTES,EPT
2026,8,1261,2118,71,0,Investimentos Próprios,-1400.0,0.0,0.0,SECRETARIA DE ESTADO DE EDUCACAO,SEE,SEE,TRILHAS DE FUTURO - ESTUDANTES,EPT
2026,8,1261,2118,71,0,Investimentos Próprios,-520.0,0.0,0.0,SECRETARIA DE ESTADO DE EDUCACAO,SEE,SEE,TRILHAS DE FUTURO - ESTUDANTES,EPT
2026,8,1261,2118,71,0,Investimentos Próprios,-2560.0,0.0,0.0,SECRETARIA DE ESTADO DE EDUCACAO,SEE,SEE,TRILHAS DE FUTURO - ESTUDANTES,EPT
2026,8,1261,2118,71,0,Investimentos Próprios,13000.0,0.0,0.0,SECRETARIA DE ESTADO DE EDUCACAO,SEE,SEE,TRILHAS DE FUTURO - ESTUDANTES,EPT
2026,8,1261,2118,10,0,Investimentos Próprios,28000.0,0.0,0.0,SECRETARIA DE ESTADO DE EDUCACAO,SEE,SEE,TRILHAS DE FUTURO - ESTUDANTES,EPT
2026,8,1261,2118,10,0,Investimentos Próprios,5000.0,0.0,0.0,SECRETARIA DE ESTADO DE EDUCACAO,SEE,SEE,TRILHAS DE FUTURO - ESTUDANTES,EPT
2026,8,1261,2118,10,0,Investimentos Próprios,21000.0,0.0,0.0,SECRETARIA DE ESTADO DE EDUCACAO,SEE,SEE,TRILHAS DE FUTURO - ESTUDANTES,EPT
2026,8,1261,2118,10,0,Investimentos Próprios,0.0,16873.18,0.0,SECRETARIA DE ESTADO DE EDUCACAO,SEE,SEE,TRILHAS DE FUTURO - ESTUDANTES,EPT
2026,8,1261,2118,10,0,Investimentos Próprios,46000.0,0.0,0.0,SECRETARIA DE ESTADO DE EDUCACAO,SEE,SEE,TRILHAS DE FUTURO - ESTUDANTES,EPT
2026,8,2301,4293,32,0,Investimentos Próprios,2000000.0,0.0,0.0,DEPARTAMENTO DE ESTRADAS DE RODAGEM DO ESTADO DE MINAS GERAIS,DER-MG,DER-MG,CONSERVACAO ROTINEIRA DA MALHA VIARIA,Transportes
2026,8,1261,2118,10,0,Investimentos Próprios,-28000.0,0.0,0.0,SECRETARIA DE ESTADO DE EDUCACAO,SEE,SEE,TRILHAS DE FUTURO - ESTUDANTES,EPT
2026,8,1261,2118,71,0,Investimentos Próprios,-7630.0,0.0,0.0,SECRETARIA DE ESTADO DE EDUCACAO,SEE,SEE,TRILHAS DE FUTURO - ESTUDANTES,EPT
2026,8,1261,2118,10,0,Investimentos Próprios,-30439.46,0.0,0.0,SECRETARIA DE ESTADO DE EDUCACAO,SEE,SEE,TRILHAS DE FUTURO - ESTUDANTES,EPT
2026,8,1261,2118,71,0,Investimentos Próprios,12800.0,12800.0,0.0,SECRETARIA DE ESTADO DE EDUCACAO,SEE,SEE,TRILHAS DE FUTURO - ESTUDANTES,EPT
2026,8,1261,2118,71,0,Investimentos Próprios,35800.0,10780.0,0.0,SECRETARIA DE ESTADO DE EDUCACAO,SEE,SEE,TRILHAS DE FUTURO - ESTUDANTES,EPT
2026,8,1261,2118,10,0,Investimentos Próprios,21178.71,0.0,0.0,SECRETARIA DE ESTADO DE EDUCACAO,SEE,SEE,TRILHAS DE FUTURO - ESTUDANTES,EPT
2026,8,2301,4272,10,0,Investimentos Próprios,1500000.0,0.0,0.0,DEPARTAMENTO DE ESTRADAS DE RODAGEM DO ESTADO DE MINAS GERAIS,DER-MG,DER-MG,IMPLANTACAO E RESTAURACAO DE OBRAS DE ARTES ESPECIAIS,Transportes
2026,8,2301,4293,32,0,Investimentos Próprios,800000.0,777480.02,0.0,DEPARTAMENTO DE ESTRADAS DE RODAGEM DO ESTADO DE MINAS GERAIS,DER-MG,DER-MG,CONSERVACAO ROTINEIRA DA MALHA VIARIA,Transportes
2026,8,1261,2118,10,0,Investimentos Próprios,200000.0,404036.35,0.0,SECRETARIA DE ESTADO DE EDUCACAO,SEE,SEE,TRILHAS DE FUTURO - ESTUDANTES,EPT
2026,8,1261,2118,71,0,Investimentos Próprios,80060.0,80060.0,0.0,SECRETARIA DE ESTADO DE EDUCACAO,SEE,SEE,TRILHAS DE FUTURO - ESTUDANTES,EPT
2026,8,1261,2118,71,0,Investimentos Próprios,0.0,0.0,0.0,SECRETARIA DE ESTADO DE EDUCACAO,SEE,SEE,TRILHAS DE FUTURO - ESTUDANTES,EPT
2026,8,1261,2118,71,0,Investimentos Próprios,0.0,0.0,0.0,SECRETARIA DE ESTADO DE EDUCACAO,SEE,SEE,TRILHAS DE FUTURO - ESTUDANTES,EPT
2026,8,1261,2118,71,0,Investimentos Próprios,0.0,10260.0,0.0,SECRETARIA DE ESTADO DE EDUCACAO,SEE,SEE,TRILHAS DE FUTURO - ESTUDANTES,EPT
2026,8,1261,2118,10,0,Investimentos Próprios,0.0,17686.5,0.0,SECRETARIA DE ESTADO DE EDUCACAO,SEE,SEE,TRILHAS DE FUTURO - ESTUDANTES,EPT
2026,8,1261,2118,10,0,Investimentos Próprios,0.0,23523.14,0.0,SECRETARIA DE ESTADO DE EDUCACAO,SEE,SEE,TRILHAS DE FUTURO - ESTUDANTES,EPT
2026,8,1261,2118,10,0,Investimentos Próprios,25000.0,21761.6,0.0,SECRETARIA DE ESTADO DE EDUCACAO,SEE,SEE,TRILHAS DE FUTURO - ESTUDANTES,EPT
2026,8,1261,2118,71,0,Investimentos Próprios,18500.0,14740.0,0.0,SECRETARIA DE ESTADO DE EDUCACAO,SEE,SEE,TRILHAS DE FUTURO - ESTUDANTES,EPT
2026,8,1261,2118,71,0,Investimentos Próprios,11000.0,7760.0,0.0,SECRETARIA DE ESTADO DE EDUCACAO,SEE,SEE,TRILHAS DE FUTURO - ESTUDANTES,EPT
2026,8,1261,2118,71,0,Investimentos Próprios,7000.0,0.0,0.0,SECRETARIA DE ESTADO DE EDUCACAO,SEE,SEE,TRILHAS DE FUTURO - ESTUDANTES,EPT
2026,8,2301,4275,10,0,Investimentos Próprios,0.0,0.0,0.0,DEPARTAMENTO DE ESTRADAS DE RODAGEM DO ESTADO DE MINAS GERAIS,DER-MG,DER-MG,IMPLANTACAO/PAVIMENTACAO DA MALHA,Transportes
2026,8,1261,2118,71,0,Investimentos Próprios,0.0,8440.0,0.0,SECRETARIA DE ESTADO DE EDUCACAO,SEE,SEE,TRILHAS DE FUTURO - ESTUDANTES,EPT
2026,8,1261,2118,71,0,Investimentos Próprios,-20.0,0.0,0.0,SECRETARIA DE ESTADO DE EDUCACAO,SEE,SEE,TRILHAS DE FUTURO - ESTUDANTES,EPT
2026,8,1261,2118,10,0,Investimentos Próprios,0.0,0.0,0.0,SECRETARIA DE ESTADO DE EDUCACAO,SEE,SEE,TRILHAS DE FUTURO - ESTUDANTES,EPT
2026,8,1261,2118,10,0,Investimentos Próprios,0.0,0.0,0.0,SECRETARIA DE ESTADO DE EDUCACAO,SEE,SEE,TRILHAS DE FUTURO - ESTUDANTES,EPT
2026,8,1261,2118,71,0,Investimentos Próprios,17000.0,0.0,0.0,SECRETARIA DE ESTADO DE EDUCACAO,SEE,SEE,TRILHAS DE FUTURO - ESTUDANTES,EPT
2026,8,1261,2118,10,0,Investimentos Próprios,12000.0,0.0,0.0,SECRETARIA DE ESTADO DE EDUCACAO,SEE,SEE,TRILHAS DE FUTURO - ESTUDANTES,EPT
2026,8,1261,2118,10,0,Investimentos Próprios,-16700.0,0.0,0.0,SECRETARIA DE ESTADO DE EDUCACAO,SEE,SEE,TRILHAS DE FUTURO - ESTUDANTES,EPT
2026,8,2301,4293,32,0,Investimentos Próprios,9175432.21,0.0,0.0,DEPARTAMENTO DE ESTRADAS DE RODAGEM DO ESTADO DE MINAS GERAIS,DER-MG,DER-MG,CONSERVACAO ROTINEIRA DA MALHA VIARIA,Transportes
2026,8,1261,2118,71,0,Investimentos Próprios,-8080.0,0.0,0.0,SECRETARIA DE ESTADO DE EDUCACAO,SEE,SEE,TRILHAS DE FUTURO - ESTUDANTES,EPT
2026,8,2301,4293,32,0,Investimentos Próprios,693332.67,0.0,0.0,DEPARTAMENTO DE ESTRADAS DE RODAGEM DO ESTADO DE MINAS GERAIS,DER-MG,DER-MG,CONSERVACAO ROTINEIRA DA MALHA VIARIA,Transportes
2026,8,1261,2118,71,0,Investimentos Próprios,36000.0,0.0,0.0,SECRETARIA DE ESTADO DE EDUCACAO,SEE,SEE,TRILHAS DE FUTURO - ESTUDANTES,EPT
2026,8,1261,2118,10,0,Investimentos Próprios,21048.0,0.0,0.0,SECRETARIA DE ESTADO DE EDUCACAO,SEE,SEE,TRILHAS DE FUTURO - ESTUDANTES,EPT
2026,8,1261,2118,71,0,Investimentos Próprios,0.0,54320.0,0.0,SECRETARIA DE ESTADO DE EDUCACAO,SEE,SEE,TRILHAS DE FUTURO - ESTUDANTES,EPT
2026,8,1261,2118,71,0,Investimentos Próprios,0.0,14920.0,0.0,SECRETARIA DE ESTADO DE EDUCACAO,SEE,SEE,TRILHAS DE FUTURO - ESTUDANTES,EPT
2026,8,2301,4268,10,0,Investimentos Próprios,600000.0,0.0,0.0,DEPARTAMENTO DE ESTRADAS DE RODAGEM DO ESTADO DE MINAS GERAIS,DER-MG,DER-MG,AMPLIACAO DE CAPACIDADE DA MALHA E RESTAURACAO DO PAVIMENTO,Transportes
2026,8,1261,2118,10,0,Investimentos Próprios,48100.0,43870.05,0.0,SECRETARIA DE ESTADO DE EDUCACAO,SEE,SEE,TRILHAS DE FUTURO - ESTUDANTES,EPT
2026,8,1261,2118,71,0,Investimentos Próprios,0.0,0.0,0.0,SECRETARIA DE ESTADO DE EDUCACAO,SEE,SEE,TRILHAS DE FUTURO - ESTUDANTES,EPT
2026,8,1261,2118,10,0,Investimentos Próprios,0.0,20975.46,0.0,SECRETARIA DE ESTADO DE EDUCACAO,SEE,SEE,TRILHAS DE FUTURO - ESTUDANTES,EPT
2026,8,1261,2118,10,0,Investimentos Próprios,0.0,17196.9,0.0,SECRETARIA DE ESTADO DE EDUCACAO,SEE,SEE,TRILHAS DE FUTURO - ESTUDANTES,EPT
2026,8,1261,2118,71,0,Investimentos Próprios,0.0,0.0,0.0,SECRETARIA DE ESTADO DE EDUCACAO,SEE,SEE,TRILHAS DE FUTURO - ESTUDANTES,EPT
2026,8,1261,2118,71,0,Investimentos Próprios,0.0,0.0,0.0,SECRETARIA DE ESTADO DE EDUCACAO,SEE,SEE,TRILHAS DE FUTURO - ESTUDANTES,EPT
2026,8,1261,2118,71,0,Investimentos Próprios,34500.0,34500.0,0.0,SECRETARIA DE ESTADO DE EDUCACAO,SEE,SEE,TRILHAS DE FUTURO - ESTUDANTES,EPT
2026,8,1261,2118,71,0,Investimentos Próprios,20000.0,12300.0,0.0,SECRETARIA DE ESTADO DE EDUCACAO,SEE,SEE,TRILHAS DE FUTURO - ESTUDANTES,EPT
2026,8,1261,2118,10,0,Investimentos Próprios,0.0,27606.12,0.0,SECRETARIA DE ESTADO DE EDUCACAO,SEE,SEE,TRILHAS DE FUTURO - ESTUDANTES,EPT
2026,8,1261,2118,71,0,Investimentos Próprios,0.0,22220.0,0.0,SECRETARIA DE ESTADO DE EDUCACAO,SEE,SEE,TRILHAS DE FUTURO - ESTUDANTES,EPT
2026,8,1261,2118,10,0,Investimentos Próprios,0.0,165726.39,0.0,SECRETARIA DE ESTADO DE EDUCACAO,SEE,SEE,TRILHAS DE FUTURO - ESTUDANTES,EPT
2026,8,1261,2118,10,0,Investimentos Próprios,58613.4,0.0,0.0,SECRETARIA DE ESTADO DE EDUCACAO,SEE,SEE,TRILHAS DE FUTURO - ESTUDANTES,EPT
2026,8,1261,2118,10,0,Investimentos Próprios,38340.0,0.0,0.0,SECRETARIA DE ESTADO DE EDUCACAO,SEE,SEE,TRILHAS DE FUTURO - ESTUDANTES,EPT
2026,8,1261,2118,71,0,Investimentos Próprios,11000.0,4720.0,0.0,SECRETARIA DE ESTADO DE EDUCACAO,SEE,SEE,TRILHAS DE FUTURO - ESTUDANTES,EPT
2026,8,1261,2118,71,0,Investimentos Próprios,14000.0,5260.0,0.0,SECRETARIA DE ESTADO DE EDUCACAO,SEE,SEE,TRILHAS DE FUTURO - ESTUDANTES,EPT
2026,8,1261,2118,71,0,Investimentos Próprios,25300.0,13880.0,0.0,SECRETARIA DE ESTADO DE EDUCACAO,SEE,SEE,TRILHAS DE FUTURO - ESTUDANTES,EPT
2026,8,1261,2118,71,0,Investimentos Próprios,12500.0,9840.0,0.0,SECRETARIA DE ESTADO DE EDUCACAO,SEE,SEE,TRILHAS DE FUTURO - ESTUDANTES,EPT
2026,8,1261,2118,71,0,Investimentos Próprios,-36520.0,0.0,0.0,SECRETARIA DE ESTADO DE EDUCACAO,SEE,SEE,TRILHAS DE FUTURO - ESTUDANTES,EPT
2026,8,1261,2118,71,0,Investimentos Próprios,0.0,7420.0,0.0,SECRETARIA DE ESTADO DE EDUCACAO,SEE,SEE,TRILHAS DE FUTURO - ESTUDANTES,EPT
2026,8,1261,2118,10,0,Investimentos Próprios,29000.0,0.0,0.0,SECRETARIA DE ESTADO DE EDUCACAO,SEE,SEE,TRILHAS DE FUTURO - ESTUDANTES,EPT
2026,8,1261,2118,10,0,Investimentos Próprios,0.0,0.0,0.0,SECRETARIA DE ESTADO DE EDUCACAO,SEE,SEE,TRILHAS DE FUTURO - ESTUDANTES,EPT
2026,8,2301,4293,32,0,Investimentos Próprios,800000.0,0.0,0.0,DEPARTAMENTO DE ESTRADAS DE RODAGEM DO ESTADO DE MINAS GERAIS,DER-MG,DER-MG,CONSERVACAO ROTINEIRA DA MALHA VIARIA,Transportes
2026,8,2301,4293,32,0,Investimentos Próprios,500000.0,0.0,0.0,DEPARTAMENTO DE ESTRADAS DE RODAGEM DO ESTADO DE MINAS GERAIS,DER-MG,DER-MG,CONSERVACAO ROTINEIRA DA MALHA VIARIA,Transportes
2026,8,1261,2118,10,0,Investimentos Próprios,-122377.62,0.0,0.0,SECRETARIA DE ESTADO DE EDUCACAO,SEE,SEE,TRILHAS DE FUTURO - ESTUDANTES,EPT
2026,8,1261,2118,71,0,Investimentos Próprios,-5420.0,0.0,0.0,SECRETARIA DE ESTADO DE EDUCACAO,SEE,SEE,TRILHAS DE FUTURO - ESTUDANTES,EPT
2026,8,1261,2118,10,0,Investimentos Próprios,-1532.45,0.0,0.0,SECRETARIA DE ESTADO DE EDUCACAO,SEE,SEE,TRILHAS DE FUTURO - ESTUDANTES,EPT
2026,8,1261,2118,71,0,Investimentos Próprios,0.0,-4960.0,0.0,SECRETARIA DE ESTADO DE EDUCACAO,SEE,SEE,TRILHAS DE FUTURO - ESTUDANTES,EPT
2026,8,1261,2118,71,0,Investimentos Próprios,0.0,73440.0,0.0,SECRETARIA DE ESTADO DE EDUCACAO,SEE,SEE,TRILHAS DE FUTURO - ESTUDANTES,EPT
2026,8,1261,2118,71,0,Investimentos Próprios,35000.0,19160.0,0.0,SECRETARIA DE ESTADO DE EDUCACAO,SEE,SEE,TRILHAS DE FUTURO - ESTUDANTES,EPT
2026,8,1261,2118,71,0,Investimentos Próprios,22340.0,5400.0,0.0,SECRETARIA DE ESTADO DE EDUCACAO,SEE,SEE,TRILHAS DE FUTURO - ESTUDANTES,EPT
2026,8,1261,2118,71,0,Investimentos Próprios,6000.0,0.0,0.0,SECRETARIA DE ESTADO DE EDUCACAO,SEE,SEE,TRILHAS DE FUTURO - ESTUDANTES,EPT
2026,8,1261,2118,10,0,Investimentos Próprios,-42000.0,0.0,0.0,SECRETARIA DE ESTADO DE EDUCACAO,SEE,SEE,TRILHAS DE FUTURO - ESTUDANTES,EPT
2026,8,2301,4293,32,0,Investimentos Próprios,1000000.0,1705393.86,0.0,DEPARTAMENTO DE ESTRADAS DE RODAGEM DO ESTADO DE MINAS GERAIS,DER-MG,DER-MG,CONSERVACAO ROTINEIRA DA MALHA VIARIA,Transportes
2026,8,1261,2118,71,0,Investimentos Próprios,10500.0,10500.0,0.0,SECRETARIA DE ESTADO DE EDUCACAO,SEE,SEE,TRILHAS DE FUTURO - ESTUDANTES,EPT
2026,8,1261,2118,10,0,Investimentos Próprios,15150.17,0.0,0.0,SECRETARIA DE ESTADO DE EDUCACAO,SEE,SEE,TRILHAS DE FUTURO - ESTUDANTES,EPT
2026,8,1261,2118,71,0,Investimentos Próprios,0.0,0.0,0.0,SECRETARIA DE ESTADO DE EDUCACAO,SEE,SEE,TRILHAS DE FUTURO - ESTUDANTES,EPT
2026,8,1261,2118,71,0,Investimentos Próprios,0.0,0.0,0.0,SECRETARIA DE ESTADO DE EDUCACAO,SEE,SEE,TRILHAS DE FUTURO - ESTUDANTES,EPT
2026,8,1261,2118,10,0,Investimentos Próprios,0.0,0.0,0.0,SECRETARIA DE ESTADO DE EDUCACAO,SEE,SEE,TRILHAS DE FUTURO - ESTUDANTES,EPT
2026,8,1261,2118,71,0,Investimentos Próprios,0.0,0.0,0.0,SECRETARIA DE ESTADO DE EDUCACAO,SEE,SEE,TRILHAS DE FUTURO - ESTUDANTES,EPT
2026,8,1261,2118,71,0,Investimentos Próprios,163000.0,48100.0,0.0,SECRETARIA DE ESTADO DE EDUCACAO,SEE,SEE,TRILHAS DE FUTURO - ESTUDANTES,EPT
2026,8,1261,2118,71,0,Investimentos Próprios,-6420.0,0.0,0.0,SECRETARIA DE ESTADO DE EDUCACAO,SEE,SEE,TRILHAS DE FUTURO - ESTUDANTES,EPT
2026,8,1261,2118,10,0,Investimentos Próprios,20000.0,30009.6,0.0,SECRETARIA DE ESTADO DE EDUCACAO,SEE,SEE,TRILHAS DE FUTURO - ESTUDANTES,EPT
2026,8,1251,4365,48,0,Investimentos Próprios,-2859682.0,0.0,0.0,POLICIA MILITAR DO ESTADO DE MINAS GERAIS,PMMG,PMMG,POLICIAMENTO OSTENSIVO GERAL,Segurança Pública
2026,8,1261,2118,71,0,Investimentos Próprios,32900.0,18820.0,0.0,SECRETARIA DE ESTADO DE EDUCACAO,SEE,SEE,TRILHAS DE FUTURO - ESTUDANTES,EPT
2026,8,1261,2118,71,0,Investimentos Próprios,19580.0,9140.0,0.0,SECRETARIA DE ESTADO DE EDUCACAO,SEE,SEE,TRILHAS DE FUTURO - ESTUDANTES,EPT
2026,8,1261,2118,10,0,Investimentos Próprios,165500.0,0.0,0.0,SECRETARIA DE ESTADO DE EDUCACAO,SEE,SEE,TRILHAS DE FUTURO - ESTUDANTES,EPT
2026,8,1261,2118,10,0,Investimentos Próprios,87828.2,0.0,0.0,SECRETARIA DE ESTADO DE EDUCACAO,SEE,SEE,TRILHAS DE FUTURO - ESTUDANTES,EPT
2026,8,1261,2118,10,0,Investimentos Próprios,14000.0,0.0,0.0,SECRETARIA DE ESTADO DE EDUCACAO,SEE,SEE,TRILHAS DE FUTURO - ESTUDANTES,EPT
2026,8,1261,2118,10,0,Investimentos Próprios,33000.0,0.0,0.0,SECRETARIA DE ESTADO DE EDUCACAO,SEE,SEE,TRILHAS DE FUTURO - ESTUDANTES,EPT
2026,8,1261,2118,10,0,Investimentos Próprios,11000.0,0.0,0.0,SECRETARIA DE ESTADO DE EDUCACAO,SEE,SEE,TRILHAS DE FUTURO - ESTUDANTES,EPT
2026,8,2301,4293,32,0,Investimentos Próprios,20000.0,0.0,0.0,DEPARTAMENTO DE ESTRADAS DE RODAGEM DO ESTADO DE MINAS GERAIS,DER-MG,DER-MG,CONSERVACAO ROTINEIRA DA MALHA VIARIA,Transportes
2026,8,1261,2118,10,0,Investimentos Próprios,-171745.85,0.0,0.0,SECRETARIA DE ESTADO DE EDUCACAO,SEE,SEE,TRILHAS DE FUTURO - ESTUDANTES,EPT
2026,8,1261,2118,71,0,Investimentos Próprios,-21020.0,0.0,0.0,SECRETARIA DE ESTADO DE EDUCACAO,SEE,SEE,TRILHAS DE FUTURO - ESTUDANTES,EPT
2026,8,2301,4268,33,0,Investimentos Próprios,-168209.96,-168209.96,0.0,DEPARTAMENTO DE ESTRADAS DE RODAGEM DO ESTADO DE MINAS GERAIS,DER-MG,DER-MG,AMPLIACAO DE CAPACIDADE DA MALHA E RESTAURACAO DO PAVIMENTO,Transportes
2026,8,2301,4385,10,0,Investimentos Próprios,-21.03,47713.53,0.0,DEPARTAMENTO DE ESTRADAS DE RODAGEM DO ESTADO DE MINAS GERAIS,DER-MG,DER-MG,REABILITACAO DA MALHA VIARIA,Transportes
2026,8,1261,2118,71,0,Investimentos Próprios,0.0,-18400.0,0.0,SECRETARIA DE ESTADO DE EDUCACAO,SEE,SEE,TRILHAS DE FUTURO - ESTUDANTES,EPT
2026,8,1261,2118,71,0,Investimentos Próprios,12120.0,12120.0,0.0,SECRETARIA DE ESTADO DE EDUCACAO,SEE,SEE,TRILHAS DE FUTURO - ESTUDANTES,EPT
2026,8,1261,2118,71,0,Investimentos Próprios,14400.0,14400.0,0.0,SECRETARIA DE ESTADO DE EDUCACAO,SEE,SEE,TRILHAS DE FUTURO - ESTUDANTES,EPT
2026,8,1261,2118,71,0,Investimentos Próprios,95000.0,0.0,0.0,SECRETARIA DE ESTADO DE EDUCACAO,SEE,SEE,TRILHAS DE FUTURO - ESTUDANTES,EPT
2026,8,1261,2118,71,0,Investimentos Próprios,42320.0,0.0,0.0,SECRETARIA DE ESTADO DE EDUCACAO,SEE,SEE,TRILHAS DE FUTURO - ESTUDANTES,EPT
2026,8,1261,2118,71,0,Investimentos Próprios,25440.0,25440.0,0.0,SECRETARIA DE ESTADO DE EDUCACAO,SEE,SEE,TRILHAS DE FUTURO - ESTUDANTES,EPT
2026,8,1261,2118,71,0,Investimentos Próprios,6860.0,0.0,0.0,SECRETARIA DE ESTADO DE EDUCACAO,SEE,SEE,TRILHAS DE FUTURO - ESTUDANTES,EPT
2026,8,1261,2118,10,0,Investimentos Próprios,11441.16,0.0,0.0,SECRETARIA DE ESTADO DE EDUCACAO,SEE,SEE,TRILHAS DE FUTURO - ESTUDANTES,EPT
2026,8,1261,2118,10,0,Investimentos Próprios,-33000.0,0.0,0.0,SECRETARIA DE ESTADO DE EDUCACAO,SEE,SEE,TRILHAS DE FUTURO - ESTUDANTES,EPT
2026,8,1261,2118,10,0,Investimentos Próprios,-6000.0,0.0,0.0,SECRETARIA DE ESTADO DE EDUCACAO,SEE,SEE,TRILHAS DE FUTURO - ESTUDANTES,EPT
2026,8,1261,2118,10,0,Investimentos Próprios,110000.0,0.0,0.0,SECRETARIA DE ESTADO DE EDUCACAO,SEE,SEE,TRILHAS DE FUTURO - ESTUDANTES,EPT
2026,8,1261,2118,10,0,Investimentos Próprios,56163.62,0.0,0.0,SECRETARIA DE ESTADO DE EDUCACAO,SEE,SEE,TRILHAS DE FUTURO - ESTUDANTES,EPT
2026,8,1261,2118,71,0,Investimentos Próprios,0.0,6740.0,0.0,SECRETARIA DE ESTADO DE EDUCACAO,SEE,SEE,TRILHAS DE FUTURO - ESTUDANTES,EPT
2026,8,2301,4385,10,0,Investimentos Próprios,35000.0,16683.17,0.0,DEPARTAMENTO DE ESTRADAS DE RODAGEM DO ESTADO DE MINAS GERAIS,DER-MG,DER-MG,REABILITACAO DA MALHA VIARIA,Transportes
2026,8,1261,2118,10,0,Investimentos Próprios,16000.0,0.0,0.0,SECRETARIA DE ESTADO DE EDUCACAO,SEE,SEE,TRILHAS DE FUTURO - ESTUDANTES,EPT
2026,8,1261,2118,71,0,Investimentos Próprios,0.0,0.0,0.0,SECRETARIA DE ESTADO DE EDUCACAO,SEE,SEE,TRILHAS DE FUTURO - ESTUDANTES,EPT
2026,8,1261,2118,71,0,Investimentos Próprios,0.0,9100.0,0.0,SECRETARIA DE ESTADO DE EDUCACAO,SEE,SEE,TRILHAS DE FUTURO - ESTUDANTES,EPT
2026,8,1261,2118,71,0,Investimentos Próprios,22000.0,22000.0,22000.0,SECRETARIA DE ESTADO DE EDUCACAO,SEE,SEE,TRILHAS DE FUTURO - ESTUDANTES,EPT
2026,8,2301,4293,32,0,Investimentos Próprios,2214202.2,257599.77,0.0,DEPARTAMENTO DE ESTRADAS DE RODAGEM DO ESTADO DE MINAS GERAIS,DER-MG,DER-MG,CONSERVACAO ROTINEIRA DA MALHA VIARIA,Transportes
2026,8,1261,2118,10,0,Investimentos Próprios,-6006.68,141016.78,0.0,SECRETARIA DE ESTADO DE EDUCACAO,SEE,SEE,TRILHAS DE FUTURO - ESTUDANTES,EPT
2026,8,1261,2118,71,0,Investimentos Próprios,-400.0,0.0,0.0,SECRETARIA DE ESTADO DE EDUCACAO,SEE,SEE,TRILHAS DE FUTURO - ESTUDANTES,EPT
2026,8,1261,2118,71,0,Investimentos Próprios,34500.0,34500.0,0.0,SECRETARIA DE ESTADO DE EDUCACAO,SEE,SEE,TRILHAS DE FUTURO - ESTUDANTES,EPT
2026,8,2301,4275,10,0,Investimentos Próprios,-5384551.4,0.0,0.0,DEPARTAMENTO DE ESTRADAS DE RODAGEM DO ESTADO DE MINAS GERAIS,DER-MG,DER-MG,IMPLANTACAO/PAVIMENTACAO DA MALHA,Transportes
2026,8,2301,4275,33,0,Investimentos Próprios,-6630000.0,0.0,0.0,DEPARTAMENTO DE ESTRADAS DE RODAGEM DO ESTADO DE MINAS GERAIS,DER-MG,DER-MG,IMPLANTACAO/PAVIMENTACAO DA MALHA,Transportes
2026,8,1261,2118,71,0,Investimentos Próprios,9000.0,0.0,0.0,SECRETARIA DE ESTADO DE EDUCACAO,SEE,SEE,TRILHAS DE FUTURO - ESTUDANTES,EPT
2026,8,1261,2118,71,0,Investimentos Próprios,17920.0,10880.0,0.0,SECRETARIA DE ESTADO DE EDUCACAO,SEE,SEE,TRILHAS DE FUTURO - ESTUDANTES,EPT
2026,8,1261,2118,10,0,Investimentos Próprios,3070664.51,0.0,0.0,SECRETARIA DE ESTADO DE EDUCACAO,SEE,SEE,TRILHAS DE FUTURO - ESTUDANTES,EPT
2026,8,1261,2118,71,0,Investimentos Próprios,46980.0,0.0,0.0,SECRETARIA DE ESTADO DE EDUCACAO,SEE,SEE,TRILHAS DE FUTURO - ESTUDANTES,EPT
2026,8,1261,2118,71,0,Investimentos Próprios,12000.0,6320.0,0.0,SECRETARIA DE ESTADO DE EDUCACAO,SEE,SEE,TRILHAS DE FUTURO - ESTUDANTES,EPT
2026,8,1261,2118,10,0,Investimentos Próprios,0.0,8932.86,0.0,SECRETARIA DE ESTADO DE EDUCACAO,SEE,SEE,TRILHAS DE FUTURO - ESTUDANTES,EPT
2026,8,1261,2118,71,0,Investimentos Próprios,-16800.0,0.0,0.0,SECRETARIA DE ESTADO DE EDUCACAO,SEE,SEE,TRILHAS DE FUTURO - ESTUDANTES,EPT
2026,8,1251,4365,48,0,Investimentos Próprios,0.0,72000.0,0.0,POLICIA MILITAR DO ESTADO DE MINAS GERAIS,PMMG,PMMG,POLICIAMENTO OSTENSIVO GERAL,Segurança Pública
2026,8,2301,4280,10,0,Investimentos Próprios,4065687.72,0.0,0.0,DEPARTAMENTO DE ESTRADAS DE RODAGEM DO ESTADO DE MINAS GERAIS,DER-MG,DER-MG,MITIGACAO DE DANOS PONTUAIS NAS RODOVIAS,Transportes
2026,8,1261,2118,10,0,Investimentos Próprios,141297.66,141297.66,0.0,SECRETARIA DE ESTADO DE EDUCACAO,SEE,SEE,TRILHAS DE FUTURO - ESTUDANTES,EPT
2026,8,1261,2118,71,0,Investimentos Próprios,18460.0,18460.0,0.0,SECRETARIA DE ESTADO DE EDUCACAO,SEE,SEE,TRILHAS DE FUTURO - ESTUDANTES,EPT
2026,8,1261,2118,10,0,Investimentos Próprios,268465.88,268465.88,0.0,SECRETARIA DE ESTADO DE EDUCACAO,SEE,SEE,TRILHAS DE FUTURO - ESTUDANTES,EPT
2026,8,1261,2118,10,0,Investimentos Próprios,40080.72,0.0,0.0,SECRETARIA DE ESTADO DE EDUCACAO,SEE,SEE,TRILHAS DE FUTURO - ESTUDANTES,EPT
2026,8,1261,2118,10,0,Investimentos Próprios,43093.85,44231.05,0.0,SECRETARIA DE ESTADO DE EDUCACAO,SEE,SEE,TRILHAS DE FUTURO - ESTUDANTES,EPT
2026,8,1261,2118,10,0,Investimentos Próprios,0.0,72092.6,0.0,SECRETARIA DE ESTADO DE EDUCACAO,SEE,SEE,TRILHAS DE FUTURO - ESTUDANTES,EPT
2026,8,1261,2118,71,0,Investimentos Próprios,0.0,0.0,0.0,SECRETARIA DE ESTADO DE EDUCACAO,SEE,SEE,TRILHAS DE FUTURO - ESTUDANTES,EPT
2026,8,1261,2118,71,0,Investimentos Próprios,0.0,0.0,0.0,SECRETARIA DE ESTADO DE EDUCACAO,SEE,SEE,TRILHAS DE FUTURO - ESTUDANTES,EPT
2026,8,1261,2118,10,0,Investimentos Próprios,0.0,24545.64,0.0,SECRETARIA DE ESTADO DE EDUCACAO,SEE,SEE,TRILHAS DE FUTURO - ESTUDANTES,EPT
2026,8,1261,2118,71,0,Investimentos Próprios,0.0,7440.0,0.0,SECRETARIA DE ESTADO DE EDUCACAO,SEE,SEE,TRILHAS DE FUTURO - ESTUDANTES,EPT
2026,8,2301,4275,10,0,Investimentos Próprios,0.0,19875.03,0.0,DEPARTAMENTO DE ESTRADAS DE RODAGEM DO ESTADO DE MINAS GERAIS,DER-MG,DER-MG,IMPLANTACAO/PAVIMENTACAO DA MALHA,Transportes
2026,8,1261,2118,10,0,Investimentos Próprios,0.0,17772.58,0.0,SECRETARIA DE ESTADO DE EDUCACAO,SEE,SEE,TRILHAS DE FUTURO - ESTUDANTES,EPT
2026,8,1261,2118,71,0,Investimentos Próprios,9460.0,9460.0,0.0,SECRETARIA DE ESTADO DE EDUCACAO,SEE,SEE,TRILHAS DE FUTURO - ESTUDANTES,EPT
2026,8,1261,2118,71,0,Investimentos Próprios,0.0,29400.0,0.0,SECRETARIA DE ESTADO DE EDUCACAO,SEE,SEE,TRILHAS DE FUTURO - ESTUDANTES,EPT
2026,8,1261,2118,71,0,Investimentos Próprios,30000.0,0.0,0.0,SECRETARIA DE ESTADO DE EDUCACAO,SEE,SEE,TRILHAS DE FUTURO - ESTUDANTES,EPT
2026,8,2301,4275,10,0,Investimentos Próprios,-522921.8,0.0,0.0,DEPARTAMENTO DE ESTRADAS DE RODAGEM DO ESTADO DE MINAS GERAIS,DER-MG,DER-MG,IMPLANTACAO/PAVIMENTACAO DA MALHA,Transportes
2026,8,1261,2118,71,0,Investimentos Próprios,4000.0,2220.0,0.0,SECRETARIA DE ESTADO DE EDUCACAO,SEE,SEE,TRILHAS DE FUTURO - ESTUDANTES,EPT
2026,8,1261,2118,71,0,Investimentos Próprios,13000.0,0.0,0.0,SECRETARIA DE ESTADO DE EDUCACAO,SEE,SEE,TRILHAS DE FUTURO - ESTUDANTES,EPT
2026,8,1261,2118,71,0,Investimentos Próprios,6000.0,0.0,0.0,SECRETARIA DE ESTADO DE EDUCACAO,SEE,SEE,TRILHAS DE FUTURO - ESTUDANTES,EPT
2026,8,1261,2118,71,0,Investimentos Próprios,14880.0,8340.0,0.0,SECRETARIA DE ESTADO DE EDUCACAO,SEE,SEE,TRILHAS DE FUTURO - ESTUDANTES,EPT
2026,8,1261,2118,10,0,Investimentos Próprios,61771.68,0.0,0.0,SECRETARIA DE ESTADO DE EDUCACAO,SEE,SEE,TRILHAS DE FUTURO - ESTUDANTES,EPT
2026,8,1261,2118,71,0,Investimentos Próprios,160000.0,0.0,0.0,SECRETARIA DE ESTADO DE EDUCACAO,SEE,SEE,TRILHAS DE FUTURO - ESTUDANTES,EPT
2026,8,1261,2118,71,0,Investimentos Próprios,16000.0,7720.0,0.0,SECRETARIA DE ESTADO DE EDUCACAO,SEE,SEE,TRILHAS DE FUTURO - ESTUDANTES,EPT
2026,8,1261,2118,10,0,Investimentos Próprios,0.0,41115.75,0.0,SECRETARIA DE ESTADO DE EDUCACAO,SEE,SEE,TRILHAS DE FUTURO - ESTUDANTES,EPT
2026,8,1261,2118,71,0,Investimentos Próprios,12000.0,0.0,0.0,SECRETARIA DE ESTADO DE EDUCACAO,SEE,SEE,TRILHAS DE FUTURO - ESTUDANTES,EPT
2026,8,2301,4293,32,0,Investimentos Próprios,1900000.0,0.0,0.0,DEPARTAMENTO DE ESTRADAS DE RODAGEM DO ESTADO DE MINAS GERAIS,DER-MG,DER-MG,CONSERVACAO ROTINEIRA DA MALHA VIARIA,Transportes
2026,8,1261,2118,71,0,Investimentos Próprios,0.0,-15100.0,0.0,SECRETARIA DE ESTADO DE EDUCACAO,SEE,SEE,TRILHAS DE FUTURO - ESTUDANTES,EPT
2026,8,1261,2118,71,0,Investimentos Próprios,52000.0,0.0,0.0,SECRETARIA DE ESTADO DE EDUCACAO,SEE,SEE,TRILHAS DE FUTURO - ESTUDANTES,EPT
2026,8,1261,2118,71,0,Investimentos Próprios,87320.0,0.0,0.0,SECRETARIA DE ESTADO DE EDUCACAO,SEE,SEE,TRILHAS DE FUTURO - ESTUDANTES,EPT
2026,8,1261,2118,71,0,Investimentos Próprios,5060.0,0.0,0.0,SECRETARIA DE ESTADO DE EDUCACAO,SEE,SEE,TRILHAS DE FUTURO - ESTUDANTES,EPT
2026,8,1261,2118,10,0,Investimentos Próprios,24336.13,0.0,0.0,SECRETARIA DE ESTADO DE EDUCACAO,SEE,SEE,TRILHAS DE FUTURO - ESTUDANTES,EPT
2026,8,1261,2118,10,0,Investimentos Próprios,16851.3,0.0,0.0,SECRETARIA DE ESTADO DE EDUCACAO,SEE,SEE,TRILHAS DE FUTURO - ESTUDANTES,EPT
2026,8,1261,2118,71,0,Investimentos Próprios,-940.0,0.0,0.0,SECRETARIA DE ESTADO DE EDUCACAO,SEE,SEE,TRILHAS DE FUTURO - ESTUDANTES,EPT
2026,8,1261,2118,71,0,Investimentos Próprios,30000.0,0.0,0.0,SECRETARIA DE ESTADO DE EDUCACAO,SEE,SEE,TRILHAS DE FUTURO - ESTUDANTES,EPT
2026,8,1261,2118,10,0,Investimentos Próprios,37955.5,37955.5,0.0,SECRETARIA DE ESTADO DE EDUCACAO,SEE,SEE,TRILHAS DE FUTURO - ESTUDANTES,EPT
2026,8,1261,2118,71,0,Investimentos Próprios,0.0,0.0,0.0,SECRETARIA DE ESTADO DE EDUCACAO,SEE,SEE,TRILHAS DE FUTURO - ESTUDANTES,EPT
2026,8,1261,2118,10,0,Investimentos Próprios,20374.61,20374.56,0.0,SECRETARIA DE ESTADO DE EDUCACAO,SEE,SEE,TRILHAS DE FUTURO - ESTUDANTES,EPT
2026,8,1261,2118,10,0,Investimentos Próprios,0.0,0.0,0.0,SECRETARIA DE ESTADO DE EDUCACAO,SEE,SEE,TRILHAS DE FUTURO - ESTUDANTES,EPT
2026,8,1261,2118,10,0,Investimentos Próprios,0.0,50779.2,0.0,SECRETARIA DE ESTADO DE EDUCACAO,SEE,SEE,TRILHAS DE FUTURO - ESTUDANTES,EPT
2026,8,1261,2118,71,0,Investimentos Próprios,0.0,0.0,0.0,SECRETARIA DE ESTADO DE EDUCACAO,SEE,SEE,TRILHAS DE FUTURO - ESTUDANTES,EPT
2026,8,1261,2118,71,0,Investimentos Próprios,0.0,9400.0,0.0,SECRETARIA DE ESTADO DE EDUCACAO,SEE,SEE,TRILHAS DE FUTURO - ESTUDANTES,EPT
2026,8,1261,2118,71,0,Investimentos Próprios,-5840.0,0.0,0.0,SECRETARIA DE ESTADO DE EDUCACAO,SEE,SEE,TRILHAS DE FUTURO - ESTUDANTES,EPT
2026,8,1261,2118,10,0,Investimentos Próprios,66828.0,0.0,0.0,SECRETARIA DE ESTADO DE EDUCACAO,SEE,SEE,TRILHAS DE FUTURO - ESTUDANTES,EPT
2026,8,1261,2118,71,0,Investimentos Próprios,26360.0,0.0,0.0,SECRETARIA DE ESTADO DE EDUCACAO,SEE,SEE,TRILHAS DE FUTURO - ESTUDANTES,EPT
2026,8,1261,2118,71,0,Investimentos Próprios,0.0,7000.0,0.0,SECRETARIA DE ESTADO DE EDUCACAO,SEE,SEE,TRILHAS DE FUTURO - ESTUDANTES,EPT
2026,8,1261,2118,10,0,Investimentos Próprios,20000.0,0.0,0.0,SECRETARIA DE ESTADO DE EDUCACAO,SEE,SEE,TRILHAS DE FUTURO - ESTUDANTES,EPT
2026,8,1261,2118,10,0,Investimentos Próprios,13000.0,0.0,0.0,SECRETARIA DE ESTADO DE EDUCACAO,SEE,SEE,TRILHAS DE FUTURO - ESTUDANTES,EPT
2026,8,1251,4365,48,0,Investimentos Próprios,0.0,499366.46,0.0,POLICIA MILITAR DO ESTADO DE MINAS GERAIS,PMMG,PMMG,POLICIAMENTO OSTENSIVO GERAL,Segurança Pública
2026,8,1261,2118,71,0,Investimentos Próprios,-9100.0,0.0,0.0,SECRETARIA DE ESTADO DE EDUCACAO,SEE,SEE,TRILHAS DE FUTURO - ESTUDANTES,EPT
2026,8,1261,2118,71,0,Investimentos Próprios,4580.0,4580.0,0.0,SECRETARIA DE ESTADO DE EDUCACAO,SEE,SEE,TRILHAS DE FUTURO - ESTUDANTES,EPT
2026,8,1261,2118,71,0,Investimentos Próprios,19880.0,19880.0,0.0,SECRETARIA DE ESTADO DE EDUCACAO,SEE,SEE,TRILHAS DE FUTURO - ESTUDANTES,EPT
2026,8,1261,2118,71,0,Investimentos Próprios,0.0,56340.0,0.0,SECRETARIA DE ESTADO DE EDUCACAO,SEE,SEE,TRILHAS DE FUTURO - ESTUDANTES,EPT
2026,8,1261,2118,71,0,Investimentos Próprios,28260.0,0.0,0.0,SECRETARIA DE ESTADO DE EDUCACAO,SEE,SEE,TRILHAS DE FUTURO - ESTUDANTES,EPT
2026,8,1261,2118,71,0,Investimentos Próprios,18040.0,0.0,0.0,SECRETARIA DE ESTADO DE EDUCACAO,SEE,SEE,TRILHAS DE FUTURO - ESTUDANTES,EPT
2026,8,1261,2118,71,0,Investimentos Próprios,6040.0,0.0,0.0,SECRETARIA DE ESTADO DE EDUCACAO,SEE,SEE,TRILHAS DE FUTURO - ESTUDANTES,EPT
2026,8,1261,2118,10,0,Investimentos Próprios,156560.71,65204.16,0.0,SECRETARIA DE ESTADO DE EDUCACAO,SEE,SEE,TRILHAS DE FUTURO - ESTUDANTES,EPT
2026,8,1261,2118,10,0,Investimentos Próprios,42000.0,0.0,0.0,SECRETARIA DE ESTADO DE EDUCACAO,SEE,SEE,TRILHAS DE FUTURO - ESTUDANTES,EPT
2026,8,1261,2118,10,0,Investimentos Próprios,151866.79,0.0,0.0,SECRETARIA DE ESTADO DE EDUCACAO,SEE,SEE,TRILHAS DE FUTURO - ESTUDANTES,EPT
2026,8,1261,2118,71,0,Investimentos Próprios,46000.0,19520.0,0.0,SECRETARIA DE ESTADO DE EDUCACAO,SEE,SEE,TRILHAS DE FUTURO - ESTUDANTES,EPT
2026,8,1261,2118,71,0,Investimentos Próprios,0.0,0.0,0.0,SECRETARIA DE ESTADO DE EDUCACAO,SEE,SEE,TRILHAS DE FUTURO - ESTUDANTES,EPT
2026,8,1261,2118,71,0,Investimentos Próprios,0.0,0.0,0.0,SECRETARIA DE ESTADO DE EDUCACAO,SEE,SEE,TRILHAS DE FUTURO - ESTUDANTES,EPT
2026,8,1261,2118,71,0,Investimentos Próprios,0.0,0.0,0.0,SECRETARIA DE ESTADO DE EDUCACAO,SEE,SEE,TRILHAS DE FUTURO - ESTUDANTES,EPT
2026,8,2301,4293,32,0,Investimentos Próprios,7093.2,0.0,0.0,DEPARTAMENTO DE ESTRADAS DE RODAGEM DO ESTADO DE MINAS GERAIS,DER-MG,DER-MG,CONSERVACAO ROTINEIRA DA MALHA VIARIA,Transportes
2026,8,1261,2118,10,0,Investimentos Próprios,20000.0,14268.97,0.0,SECRETARIA DE ESTADO DE EDUCACAO,SEE,SEE,TRILHAS DE FUTURO - ESTUDANTES,EPT
2026,8,1261,2118,71,0,Investimentos Próprios,0.0,12560.0,0.0,SECRETARIA DE ESTADO DE EDUCACAO,SEE,SEE,TRILHAS DE FUTURO - ESTUDANTES,EPT
2026,8,1261,2118,10,0,Investimentos Próprios,0.0,10754.1,0.0,SECRETARIA DE ESTADO DE EDUCACAO,SEE,SEE,TRILHAS DE FUTURO - ESTUDANTES,EPT
2026,8,1261,2118,10,0,Investimentos Próprios,304807.35,304807.35,0.0,SECRETARIA DE ESTADO DE EDUCACAO,SEE,SEE,TRILHAS DE FUTURO - ESTUDANTES,EPT
2026,8,1261,2118,71,0,Investimentos Próprios,25000.0,0.0,0.0,SECRETARIA DE ESTADO DE EDUCACAO,SEE,SEE,TRILHAS DE FUTURO - ESTUDANTES,EPT
2026,8,1261,2118,71,0,Investimentos Próprios,4000.0,2740.0,0.0,SECRETARIA DE ESTADO DE EDUCACAO,SEE,SEE,TRILHAS DE FUTURO - ESTUDANTES,EPT
2026,8,1261,2118,71,0,Investimentos Próprios,30000.0,0.0,0.0,SECRETARIA DE ESTADO DE EDUCACAO,SEE,SEE,TRILHAS DE FUTURO - ESTUDANTES,EPT
2026,8,1261,2118,71,0,Investimentos Próprios,-1060.0,0.0,0.0,SECRETARIA DE ESTADO DE EDUCACAO,SEE,SEE,TRILHAS DE FUTURO - ESTUDANTES,EPT
2026,8,1261,2118,71,0,Investimentos Próprios,41400.0,0.0,0.0,SECRETARIA DE ESTADO DE EDUCACAO,SEE,SEE,TRILHAS DE FUTURO - ESTUDANTES,EPT
2026,8,1261,2118,10,0,Investimentos Próprios,79728.41,0.0,0.0,SECRETARIA DE ESTADO DE EDUCACAO,SEE,SEE,TRILHAS DE FUTURO - ESTUDANTES,EPT
2026,8,1261,2118,10,0,Investimentos Próprios,14000.0,0.0,0.0,SECRETARIA DE ESTADO DE EDUCACAO,SEE,SEE,TRILHAS DE FUTURO - ESTUDANTES,EPT
2026,8,1261,2118,10,0,Investimentos Próprios,20000.0,0.0,0.0,SECRETARIA DE ESTADO DE EDUCACAO,SEE,SEE,TRILHAS DE FUTURO - ESTUDANTES,EPT
2026,8,2301,4293,32,0,Investimentos Próprios,1140543.87,0.0,0.0,DEPARTAMENTO DE ESTRADAS DE RODAGEM DO ESTADO DE MINAS GERAIS,DER-MG,DER-MG,CONSERVACAO ROTINEIRA DA MALHA VIARIA,Transportes
2026,8,2301,4293,32,0,Investimentos Próprios,750000.0,0.0,0.0,DEPARTAMENTO DE ESTRADAS DE RODAGEM DO ESTADO DE MINAS GERAIS,DER-MG,DER-MG,CONSERVACAO ROTINEIRA DA MALHA VIARIA,Transportes
2026,8,1261,2118,71,0,Investimentos Próprios,-49160.0,0.0,0.0,SECRETARIA DE ESTADO DE EDUCACAO,SEE,SEE,TRILHAS DE FUTURO - ESTUDANTES,EPT
2026,8,1261,2118,71,0,Investimentos Próprios,11660.0,11660.0,0.0,SECRETARIA DE ESTADO DE EDUCACAO,SEE,SEE,TRILHAS DE FUTURO - ESTUDANTES,EPT
2026,8,2301,4385,10,0,Investimentos Próprios,0.0,4422.92,0.0,DEPARTAMENTO DE ESTRADAS DE RODAGEM DO ESTADO DE MINAS GERAIS,DER-MG,DER-MG,REABILITACAO DA MALHA VIARIA,Transportes
2026,8,1261,2118,71,0,Investimentos Próprios,18620.0,18620.0,0.0,SECRETARIA DE ESTADO DE EDUCACAO,SEE,SEE,TRILHAS DE FUTURO - ESTUDANTES,EPT
2026,8,1261,2118,71,0,Investimentos Próprios,12520.0,7420.0,0.0,SECRETARIA DE ESTADO DE EDUCACAO,SEE,SEE,TRILHAS DE FUTURO - ESTUDANTES,EPT
2026,8,1261,2118,71,0,Investimentos Próprios,0.0,0.0,0.0,SECRETARIA DE ESTADO DE EDUCACAO,SEE,SEE,TRILHAS DE FUTURO - ESTUDANTES,EPT
2026,8,1261,2118,10,0,Investimentos Próprios,0.0,17196.9,0.0,SECRETARIA DE ESTADO DE EDUCACAO,SEE,SEE,TRILHAS DE FUTURO - ESTUDANTES,EPT
2026,8,1261,2118,10,0,Investimentos Próprios,0.0,48390.42,0.0,SECRETARIA DE ESTADO DE EDUCACAO,SEE,SEE,TRILHAS DE FUTURO - ESTUDANTES,EPT
2026,8,1261,2118,10,0,Investimentos Próprios,0.0,10751.62,0.0,SECRETARIA DE ESTADO DE EDUCACAO,SEE,SEE,TRILHAS DE FUTURO - ESTUDANTES,EPT
2026,8,1261,2118,71,0,Investimentos Próprios,0.0,30240.0,0.0,SECRETARIA DE ESTADO DE EDUCACAO,SEE,SEE,TRILHAS DE FUTURO - ESTUDANTES,EPT
2026,8,2301,4385,10,0,Investimentos Próprios,0.0,326258.48,0.0,DEPARTAMENTO DE ESTRADAS DE RODAGEM DO ESTADO DE MINAS GERAIS,DER-MG,DER-MG,REABILITACAO DA MALHA VIARIA,Transportes
2026,8,1261,2118,71,0,Investimentos Próprios,0.0,2600.0,0.0,SECRETARIA DE ESTADO DE EDUCACAO,SEE,SEE,TRILHAS DE FUTURO - ESTUDANTES,EPT
2026,8,1261,2118,71,0,Investimentos Próprios,0.0,34780.0,0.0,SECRETARIA DE ESTADO DE EDUCACAO,SEE,SEE,TRILHAS DE FUTURO - ESTUDANTES,EPT
2026,8,1261,2118,71,0,Investimentos Próprios,4000.0,2420.0,0.0,SECRETARIA DE ESTADO DE EDUCACAO,SEE,SEE,TRILHAS DE FUTURO - ESTUDANTES,EPT
2026,8,1261,2118,10,0,Investimentos Próprios,0.0,250054.54,0.0,SECRETARIA DE ESTADO DE EDUCACAO,SEE,SEE,TRILHAS DE FUTURO - ESTUDANTES,EPT
2026,8,2301,4272,10,0,Investimentos Próprios,-1500000.0,0.0,0.0,DEPARTAMENTO DE ESTRADAS DE RODAGEM DO ESTADO DE MINAS GERAIS,DER-MG,DER-MG,IMPLANTACAO E RESTAURACAO DE OBRAS DE ARTES ESPECIAIS,Transportes
2026,8,2301,4293,32,0,Investimentos Próprios,500000.0,0.0,0.0,DEPARTAMENTO DE ESTRADAS DE RODAGEM DO ESTADO DE MINAS GERAIS,DER-MG,DER-MG,CONSERVACAO ROTINEIRA DA MALHA VIARIA,Transportes
2026,8,2301,4293,32,0,Investimentos Próprios,450000.0,0.0,0.0,DEPARTAMENTO DE ESTRADAS DE RODAGEM DO ESTADO DE MINAS GERAIS,DER-MG,DER-MG,CONSERVACAO ROTINEIRA DA MALHA VIARIA,Transportes
2026,8,1511,4060,48,0,Investimentos Próprios,0.0,0.0,0.0,POLICIA CIVIL DO ESTADO DE MINAS GERAIS,PCMG,PCMG,GESTAO DAS UNIDADES POLICIAIS,Segurança Pública
2026,8,1261,2118,71,0,Investimentos Próprios,9200.0,9200.0,0.0,SECRETARIA DE ESTADO DE EDUCACAO,SEE,SEE,TRILHAS DE FUTURO - ESTUDANTES,EPT
2026,8,1261,2118,71,0,Investimentos Próprios,75000.0,0.0,0.0,SECRETARIA DE ESTADO DE EDUCACAO,SEE,SEE,TRILHAS DE FUTURO - ESTUDANTES,EPT
2026,8,1261,2118,71,0,Investimentos Próprios,14520.0,0.0,0.0,SECRETARIA DE ESTADO DE EDUCACAO,SEE,SEE,TRILHAS DE FUTURO - ESTUDANTES,EPT
2026,8,1261,2118,71,0,Investimentos Próprios,10540.0,0.0,0.0,SECRETARIA DE ESTADO DE EDUCACAO,SEE,SEE,TRILHAS DE FUTURO - ESTUDANTES,EPT
2026,8,1261,2118,71,0,Investimentos Próprios,5360.0,0.0,0.0,SECRETARIA DE ESTADO DE EDUCACAO,SEE,SEE,TRILHAS DE FUTURO - ESTUDANTES,EPT
2026,8,1261,2118,10,0,Investimentos Próprios,42991.2,0.0,0.0,SECRETARIA DE ESTADO DE EDUCACAO,SEE,SEE,TRILHAS DE FUTURO - ESTUDANTES,EPT
2026,8,1261,2118,71,0,Investimentos Próprios,20000.0,0.0,0.0,SECRETARIA DE ESTADO DE EDUCACAO,SEE,SEE,TRILHAS DE FUTURO - ESTUDANTES,EPT
2026,8,1261,2118,71,0,Investimentos Próprios,11000.0,0.0,0.0,SECRETARIA DE ESTADO DE EDUCACAO,SEE,SEE,TRILHAS DE FUTURO - ESTUDANTES,EPT
2026,8,2301,4268,10,0,Investimentos Próprios,600774.3,0.0,0.0,DEPARTAMENTO DE ESTRADAS DE RODAGEM DO ESTADO DE MINAS GERAIS,DER-MG,DER-MG,AMPLIACAO DE CAPACIDADE DA MALHA E RESTAURACAO DO PAVIMENTO,Transportes
2026,8,2301,4275,10,0,Investimentos Próprios,200000.0,0.0,0.0,DEPARTAMENTO DE ESTRADAS DE RODAGEM DO ESTADO DE MINAS GERAIS,DER-MG,DER-MG,IMPLANTACAO/PAVIMENTACAO DA MALHA,Transportes
2026,8,1261,2118,10,0,Investimentos Próprios,-45000.0,0.0,0.0,SECRETARIA DE ESTADO DE EDUCACAO,SEE,SEE,TRILHAS DE FUTURO - ESTUDANTES,EPT
2026,8,1261,2118,71,0,Investimentos Próprios,15780.0,15780.0,0.0,SECRETARIA DE ESTADO DE EDUCACAO,SEE,SEE,TRILHAS DE FUTURO - ESTUDANTES,EPT
2026,8,1261,2118,10,0,Investimentos Próprios,41628.08,41628.08,0.0,SECRETARIA DE ESTADO DE EDUCACAO,SEE,SEE,TRILHAS DE FUTURO - ESTUDANTES,EPT
2026,8,1261,2118,71,0,Investimentos Próprios,0.0,3600.0,0.0,SECRETARIA DE ESTADO DE EDUCACAO,SEE,SEE,TRILHAS DE FUTURO - ESTUDANTES,EPT
2026,8,1261,2118,71,0,Investimentos Próprios,0.0,0.0,0.0,SECRETARIA DE ESTADO DE EDUCACAO,SEE,SEE,TRILHAS DE FUTURO - ESTUDANTES,EPT
2026,8,1261,2118,71,0,Investimentos Próprios,0.0,0.0,0.0,SECRETARIA DE ESTADO DE EDUCACAO,SEE,SEE,TRILHAS DE FUTURO - ESTUDANTES,EPT
2026,8,1261,2118,71,0,Investimentos Próprios,24000.0,16140.0,0.0,SECRETARIA DE ESTADO DE EDUCACAO,SEE,SEE,TRILHAS DE FUTURO - ESTUDANTES,EPT
2026,8,1261,2118,10,0,Investimentos Próprios,20513.94,20513.94,0.0,SECRETARIA DE ESTADO DE EDUCACAO,SEE,SEE,TRILHAS DE FUTURO - ESTUDANTES,EPT
2026,8,1261,2118,71,0,Investimentos Próprios,8000.0,5820.0,0.0,SECRETARIA DE ESTADO DE EDUCACAO,SEE,SEE,TRILHAS DE FUTURO - ESTUDANTES,EPT
2026,8,1261,2118,71,0,Investimentos Próprios,3000.0,1600.0,0.0,SECRETARIA DE ESTADO DE EDUCACAO,SEE,SEE,TRILHAS DE FUTURO - ESTUDANTES,EPT
2026,8,1261,2118,10,0,Investimentos Próprios,0.0,56995.44,0.0,SECRETARIA DE ESTADO DE EDUCACAO,SEE,SEE,TRILHAS DE FUTURO - ESTUDANTES,EPT
2026,8,1261,2118,71,0,Investimentos Próprios,14000.0,14000.0,0.0,SECRETARIA DE ESTADO DE EDUCACAO,SEE,SEE,TRILHAS DE FUTURO - ESTUDANTES,EPT
2026,8,1261,2118,71,0,Investimentos Próprios,12000.0,0.0,0.0,SECRETARIA DE ESTADO DE EDUCACAO,SEE,SEE,TRILHAS DE FUTURO - ESTUDANTES,EPT
2026,8,1261,2118,10,0,Investimentos Próprios,20000.0,0.0,0.0,SECRETARIA DE ESTADO DE EDUCACAO,SEE,SEE,TRILHAS DE FUTURO - ESTUDANTES,EPT
2026,8,1261,2118,10,0,Investimentos Próprios,17000.0,0.0,0.0,SECRETARIA DE ESTADO DE EDUCACAO,SEE,SEE,TRILHAS DE FUTURO - ESTUDANTES,EPT
2026,8,2301,4385,10,0,Investimentos Próprios,878000.0,0.0,0.0,DEPARTAMENTO DE ESTRADAS DE RODAGEM DO ESTADO DE MINAS GERAIS,DER-MG,DER-MG,REABILITACAO DA MALHA VIARIA,Transportes
2026,8,1261,2118,71,0,Investimentos Próprios,0.0,-3240.0,0.0,SECRETARIA DE ESTADO DE EDUCACAO,SEE,SEE,TRILHAS DE FUTURO - ESTUDANTES,EPT
2026,8,1261,2118,10,0,Investimentos Próprios,25000.0,21048.12,0.0,SECRETARIA DE ESTADO DE EDUCACAO,SEE,SEE,TRILHAS DE FUTURO - ESTUDANTES,EPT
2026,8,1261,2118,71,0,Investimentos Próprios,8880.0,8880.0,0.0,SECRETARIA DE ESTADO DE EDUCACAO,SEE,SEE,TRILHAS DE FUTURO - ESTUDANTES,EPT
2026,8,1261,2118,71,0,Investimentos Próprios,0.0,14380.0,0.0,SECRETARIA DE ESTADO DE EDUCACAO,SEE,SEE,TRILHAS DE FUTURO - ESTUDANTES,EPT
2026,8,1261,2118,71,0,Investimentos Próprios,0.0,6420.0,0.0,SECRETARIA DE ESTADO DE EDUCACAO,SEE,SEE,TRILHAS DE FUTURO - ESTUDANTES,EPT
2026,8,1261,2118,71,0,Investimentos Próprios,5880.0,5880.0,0.0,SECRETARIA DE ESTADO DE EDUCACAO,SEE,SEE,TRILHAS DE FUTURO - ESTUDANTES,EPT
2026,8,2301,4385,33,0,Investimentos Próprios,0.0,18186.33,0.0,DEPARTAMENTO DE ESTRADAS DE RODAGEM DO ESTADO DE MINAS GERAIS,DER-MG,DER-MG,REABILITACAO DA MALHA VIARIA,Transportes
2026,8,1261,2118,71,0,Investimentos Próprios,21280.0,0.0,0.0,SECRETARIA DE ESTADO DE EDUCACAO,SEE,SEE,TRILHAS DE FUTURO - ESTUDANTES,EPT
2026,8,1261,2118,10,0,Investimentos Próprios,44782.5,0.0,0.0,SECRETARIA DE ESTADO DE EDUCACAO,SEE,SEE,TRILHAS DE FUTURO - ESTUDANTES,EPT
2026,8,1261,2118,71,0,Investimentos Próprios,80000.0,0.0,0.0,SECRETARIA DE ESTADO DE EDUCACAO,SEE,SEE,TRILHAS DE FUTURO - ESTUDANTES,EPT
2026,8,1261,2118,10,0,Investimentos Próprios,-36000.0,0.0,0.0,SECRETARIA DE ESTADO DE EDUCACAO,SEE,SEE,TRILHAS DE FUTURO - ESTUDANTES,EPT
2026,8,1261,2118,10,0,Investimentos Próprios,259061.73,259061.73,0.0,SECRETARIA DE ESTADO DE EDUCACAO,SEE,SEE,TRILHAS DE FUTURO - ESTUDANTES,EPT
2026,8,1261,2118,10,0,Investimentos Próprios,34201.0,0.0,0.0,SECRETARIA DE ESTADO DE EDUCACAO,SEE,SEE,TRILHAS DE FUTURO - ESTUDANTES,EPT
2026,8,2301,4385,10,0,Investimentos Próprios,5038194.74,5038194.74,5038194.74,DEPARTAMENTO DE ESTRADAS DE RODAGEM DO ESTADO DE MINAS GERAIS,DER-MG,DER-MG,REABILITACAO DA MALHA VIARIA,Transportes
2026,8,1261,2118,71,0,Investimentos Próprios,122000.0,45440.0,0.0,SECRETARIA DE ESTADO DE EDUCACAO,SEE,SEE,TRILHAS DE FUTURO - ESTUDANTES,EPT
2026,8,1261,2118,71,0,Investimentos Próprios,0.0,2440.0,0.0,SECRETARIA DE ESTADO DE EDUCACAO,SEE,SEE,TRILHAS DE FUTURO - ESTUDANTES,EPT
2026,8,1261,2118,71,0,Investimentos Próprios,0.0,0.0,0.0,SECRETARIA DE ESTADO DE EDUCACAO,SEE,SEE,TRILHAS DE FUTURO - ESTUDANTES,EPT
2026,8,1261,2118,71,0,Investimentos Próprios,13340.0,13340.0,13340.0,SECRETARIA DE ESTADO DE EDUCACAO,SEE,SEE,TRILHAS DE FUTURO - ESTUDANTES,EPT
2026,8,2301,4385,10,0,Investimentos Próprios,0.0,0.0,0.0,DEPARTAMENTO DE ESTRADAS DE RODAGEM DO ESTADO DE MINAS GERAIS,DER-MG,DER-MG,REABILITACAO DA MALHA VIARIA,Transportes
2026,8,1261,2118,71,0,Investimentos Próprios,-43620.0,-43620.0,0.0,SECRETARIA DE ESTADO DE EDUCACAO,SEE,SEE,TRILHAS DE FUTURO - ESTUDANTES,EPT
2026,8,1261,2118,10,0,Investimentos Próprios,41000.0,0.0,0.0,SECRETARIA DE ESTADO DE EDUCACAO,SEE,SEE,TRILHAS DE FUTURO - ESTUDANTES,EPT
2026,8,1261,2118,10,0,Investimentos Próprios,20000.0,29520.8,0.0,SECRETARIA DE ESTADO DE EDUCACAO,SEE,SEE,TRILHAS DE FUTURO - ESTUDANTES,EPT
2026,8,1261,2118,71,0,Investimentos Próprios,87552.0,0.0,0.0,SECRETARIA DE ESTADO DE EDUCACAO,SEE,SEE,TRILHAS DE FUTURO - ESTUDANTES,EPT
2026,8,1261,2118,71,0,Investimentos Próprios,14060.0,9540.0,0.0,SECRETARIA DE ESTADO DE EDUCACAO,SEE,SEE,TRILHAS DE FUTURO - ESTUDANTES,EPT
2026,8,1261,2118,71,0,Investimentos Próprios,-31900.0,18100.0,0.0,SECRETARIA DE ESTADO DE EDUCACAO,SEE,SEE,TRILHAS DE FUTURO - ESTUDANTES,EPT
2026,8,1261,2118,71,0,Investimentos Próprios,-300.0,0.0,0.0,SECRETARIA DE ESTADO DE EDUCACAO,SEE,SEE,TRILHAS DE FUTURO - ESTUDANTES,EPT
2026,8,1261,2118,10,0,Investimentos Próprios,0.0,0.0,0.0,SECRETARIA DE ESTADO DE EDUCACAO,SEE,SEE,TRILHAS DE FUTURO - ESTUDANTES,EPT
2026,8,1261,2118,10,0,Investimentos Próprios,0.0,0.0,0.0,SECRETARIA DE ESTADO DE EDUCACAO,SEE,SEE,TRILHAS DE FUTURO - ESTUDANTES,EPT
2026,8,2301,4293,32,0,Investimentos Próprios,693332.66,0.0,0.0,DEPARTAMENTO DE ESTRADAS DE RODAGEM DO ESTADO DE MINAS GERAIS,DER-MG,DER-MG,CONSERVACAO ROTINEIRA DA MALHA VIARIA,Transportes
2026,8,1261,2118,10,0,Investimentos Próprios,-28000.0,0.0,0.0,SECRETARIA DE ESTADO DE EDUCACAO,SEE,SEE,TRILHAS DE FUTURO - ESTUDANTES,EPT
2026,8,1261,2118,71,0,Investimentos Próprios,-45800.0,-17420.0,0.0,SECRETARIA DE ESTADO DE EDUCACAO,SEE,SEE,TRILHAS DE FUTURO - ESTUDANTES,EPT
2026,8,1261,2118,71,0,Investimentos Próprios,13840.0,13840.0,0.0,SECRETARIA DE ESTADO DE EDUCACAO,SEE,SEE,TRILHAS DE FUTURO - ESTUDANTES,EPT
2026,8,1261,2118,71,0,Investimentos Próprios,15160.0,15160.0,0.0,SECRETARIA DE ESTADO DE EDUCACAO,SEE,SEE,TRILHAS DE FUTURO - ESTUDANTES,EPT
2026,8,1261,2118,71,0,Investimentos Próprios,13860.0,13860.0,0.0,SECRETARIA DE ESTADO DE EDUCACAO,SEE,SEE,TRILHAS DE FUTURO - ESTUDANTES,EPT
2026,8,1261,2118,71,0,Investimentos Próprios,34480.0,13480.0,0.0,SECRETARIA DE ESTADO DE EDUCACAO,SEE,SEE,TRILHAS DE FUTURO - ESTUDANTES,EPT
2026,8,1261,2118,71,0,Investimentos Próprios,14480.0,6340.0,0.0,SECRETARIA DE ESTADO DE EDUCACAO,SEE,SEE,TRILHAS DE FUTURO - ESTUDANTES,EPT
2026,8,1261,2118,10,0,Investimentos Próprios,51997.68,0.0,0.0,SECRETARIA DE ESTADO DE EDUCACAO,SEE,SEE,TRILHAS DE FUTURO - ESTUDANTES,EPT
2026,8,1261,2118,10,0,Investimentos Próprios,13220.48,0.0,0.0,SECRETARIA DE ESTADO DE EDUCACAO,SEE,SEE,TRILHAS DE FUTURO - ESTUDANTES,EPT
2026,8,1261,2118,71,0,Investimentos Próprios,-1220.0,0.0,0.0,SECRETARIA DE ESTADO DE EDUCACAO,SEE,SEE,TRILHAS DE FUTURO - ESTUDANTES,EPT
2026,8,1261,2118,71,0,Investimentos Próprios,9000.0,0.0,0.0,SECRETARIA DE ESTADO DE EDUCACAO,SEE,SEE,TRILHAS DE FUTURO - ESTUDANTES,EPT
2026,8,2301,4268,33,0,Investimentos Próprios,53000.0,0.0,0.0,DEPARTAMENTO DE ESTRADAS DE RODAGEM DO ESTADO DE MINAS GERAIS,DER-MG,DER-MG,AMPLIACAO DE CAPACIDADE DA MALHA E RESTAURACAO DO PAVIMENTO,Transportes
2026,8,1261,2118,71,0,Investimentos Próprios,14580.0,14580.0,0.0,SECRETARIA DE ESTADO DE EDUCACAO,SEE,SEE,TRILHAS DE FUTURO - ESTUDANTES,EPT
2026,8,1261,2118,10,0,Investimentos Próprios,33493.85,0.0,0.0,SECRETARIA DE ESTADO DE EDUCACAO,SEE,SEE,TRILHAS DE FUTURO - ESTUDANTES,EPT
2026,8,1261,2118,71,0,Investimentos Próprios,0.0,4600.0,0.0,SECRETARIA DE ESTADO DE EDUCACAO,SEE,SEE,TRILHAS DE FUTURO - ESTUDANTES,EPT
2026,8,1261,2118,71,0,Investimentos Próprios,0.0,0.0,0.0,SECRETARIA DE ESTADO DE EDUCACAO,SEE,SEE,TRILHAS DE FUTURO - ESTUDANTES,EPT
2026,8,1261,2118,71,0,Investimentos Próprios,0.0,0.0,0.0,SECRETARIA DE ESTADO DE EDUCACAO,SEE,SEE,TRILHAS DE FUTURO - ESTUDANTES,EPT
2026,8,1261,2118,71,0,Investimentos Próprios,0.0,0.0,0.0,SECRETARIA DE ESTADO DE EDUCACAO,SEE,SEE,TRILHAS DE FUTURO - ESTUDANTES,EPT
2026,8,1261,2118,10,0,Investimentos Próprios,0.0,29238.52,0.0,SECRETARIA DE ESTADO DE EDUCACAO,SEE,SEE,TRILHAS DE FUTURO - ESTUDANTES,EPT
2026,8,1261,2118,71,0,Investimentos Próprios,23720.0,15560.0,0.0,SECRETARIA DE ESTADO DE EDUCACAO,SEE,SEE,TRILHAS DE FUTURO - ESTUDANTES,EPT
2026,8,1261,2118,71,0,Investimentos Próprios,0.0,9400.0,0.0,SECRETARIA DE ESTADO DE EDUCACAO,SEE,SEE,TRILHAS DE FUTURO - ESTUDANTES,EPT
2026,8,1261,2118,10,0,Investimentos Próprios,30000.0,29107.6,0.0,SECRETARIA DE ESTADO DE EDUCACAO,SEE,SEE,TRILHAS DE FUTURO - ESTUDANTES,EPT
2026,8,2301,4275,10,0,Investimentos Próprios,-108227.74,0.0,0.0,DEPARTAMENTO DE ESTRADAS DE RODAGEM DO ESTADO DE MINAS GERAIS,DER-MG,DER-MG,IMPLANTACAO/PAVIMENTACAO DA MALHA,Transportes
2026,8,1261,2118,71,0,Investimentos Próprios,7500.0,4280.0,0.0,SECRETARIA DE ESTADO DE EDUCACAO,SEE,SEE,TRILHAS DE FUTURO - ESTUDANTES,EPT
2026,8,1261,2118,71,0,Investimentos Próprios,13000.0,0.0,0.0,SECRETARIA DE ESTADO DE EDUCACAO,SEE,SEE,TRILHAS DE FUTURO - ESTUDANTES,EPT
2026,8,1261,2118,71,0,Investimentos Próprios,-22380.0,0.0,0.0,SECRETARIA DE ESTADO DE EDUCACAO,SEE,SEE,TRILHAS DE FUTURO - ESTUDANTES,EPT
2026,8,1261,2118,71,0,Investimentos Próprios,-42620.0,0.0,0.0,SECRETARIA DE ESTADO DE EDUCACAO,SEE,SEE,TRILHAS DE FUTURO - ESTUDANTES,EPT
2026,8,1261,2118,71,0,Investimentos Próprios,-30.0,0.0,0.0,SECRETARIA DE ESTADO DE EDUCACAO,SEE,SEE,TRILHAS DE FUTURO - ESTUDANTES,EPT
2026,8,1261,2118,10,0,Investimentos Próprios,21000.0,0.0,0.0,SECRETARIA DE ESTADO DE EDUCACAO,SEE,SEE,TRILHAS DE FUTURO - ESTUDANTES,EPT
2026,8,1261,2118,10,0,Investimentos Próprios,27000.0,0.0,0.0,SECRETARIA DE ESTADO DE EDUCACAO,SEE,SEE,TRILHAS DE FUTURO - ESTUDANTES,EPT
2026,8,1261,2118,10,0,Investimentos Próprios,-28000.0,0.0,0.0,SECRETARIA DE ESTADO DE EDUCACAO,SEE,SEE,TRILHAS DE FUTURO - ESTUDANTES,EPT
2026,8,1261,2118,10,0,Investimentos Próprios,-24474.97,0.0,0.0,SECRETARIA DE ESTADO DE EDUCACAO,SEE,SEE,TRILHAS DE FUTURO - ESTUDANTES,EPT
2026,8,1261,2118,10,0,Investimentos Próprios,56707.4,56707.4,0.0,SECRETARIA DE ESTADO DE EDUCACAO,SEE,SEE,TRILHAS DE FUTURO - ESTUDANTES,EPT
2026,8,1261,2118,71,0,Investimentos Próprios,10000.0,0.0,0.0,SECRETARIA DE ESTADO DE EDUCACAO,SEE,SEE,TRILHAS DE FUTURO - ESTUDANTES,EPT
2026,8,1261,2118,71,0,Investimentos Próprios,8100.0,0.0,0.0,SECRETARIA DE ESTADO DE EDUCACAO,SEE,SEE,TRILHAS DE FUTURO - ESTUDANTES,EPT
2026,8,1261,2118,10,0,Investimentos Próprios,45822.3,0.0,0.0,SECRETARIA DE ESTADO DE EDUCACAO,SEE,SEE,TRILHAS DE FUTURO - ESTUDANTES,EPT
2026,8,1261,2118,71,0,Investimentos Próprios,20000.0,0.0,0.0,SECRETARIA DE ESTADO DE EDUCACAO,SEE,SEE,TRILHAS DE FUTURO - ESTUDANTES,EPT
2026,8,1261,2118,10,0,Investimentos Próprios,200000.0,0.0,0.0,SECRETARIA DE ESTADO DE EDUCACAO,SEE,SEE,TRILHAS DE FUTURO - ESTUDANTES,EPT
2026,8,1261,2118,10,0,Investimentos Próprios,-40000.0,0.0,0.0,SECRETARIA DE ESTADO DE EDUCACAO,SEE,SEE,TRILHAS DE FUTURO - ESTUDANTES,EPT
2026,8,1261,2118,10,0,Investimentos Próprios,103651.74,0.0,0.0,SECRETARIA DE ESTADO DE EDUCACAO,SEE,SEE,TRILHAS DE FUTURO - ESTUDANTES,EPT
2026,8,1261,2118,10,0,Investimentos Próprios,36000.0,0.0,0.0,SECRETARIA DE ESTADO DE EDUCACAO,SEE,SEE,TRILHAS DE FUTURO - ESTUDANTES,EPT
2026,8,2301,4385,33,0,Investimentos Próprios,0.0,30659.25,0.0,DEPARTAMENTO DE ESTRADAS DE RODAGEM DO ESTADO DE MINAS GERAIS,DER-MG,DER-MG,REABILITACAO DA MALHA VIARIA,Transportes
2026,8,1261,2118,71,0,Investimentos Próprios,0.0,5100.0,0.0,SECRETARIA DE ESTADO DE EDUCACAO,SEE,SEE,TRILHAS DE FUTURO - ESTUDANTES,EPT
2026,8,2301,4385,10,0,Investimentos Próprios,79341.87,0.0,0.0,DEPARTAMENTO DE ESTRADAS DE RODAGEM DO ESTADO DE MINAS GERAIS,DER-MG,DER-MG,REABILITACAO DA MALHA VIARIA,Transportes
2026,8,1261,2118,71,0,Investimentos Próprios,0.0,0.0,0.0,SECRETARIA DE ESTADO DE EDUCACAO,SEE,SEE,TRILHAS DE FUTURO - ESTUDANTES,EPT
2026,8,1261,2118,71,0,Investimentos Próprios,0.0,0.0,0.0,SECRETARIA DE ESTADO DE EDUCACAO,SEE,SEE,TRILHAS DE FUTURO - ESTUDANTES,EPT
2026,8,1261,2118,10,0,Investimentos Próprios,0.0,28693.08,0.0,SECRETARIA DE ESTADO DE EDUCACAO,SEE,SEE,TRILHAS DE FUTURO - ESTUDANTES,EPT
2026,8,1261,2118,71,0,Investimentos Próprios,0.0,0.0,0.0,SECRETARIA DE ESTADO DE EDUCACAO,SEE,SEE,TRILHAS DE FUTURO - ESTUDANTES,EPT
2026,8,1261,2118,71,0,Investimentos Próprios,0.0,0.0,0.0,SECRETARIA DE ESTADO DE EDUCACAO,SEE,SEE,TRILHAS DE FUTURO - ESTUDANTES,EPT
2026,8,1261,2118,71,0,Investimentos Próprios,0.0,0.0,0.0,SECRETARIA DE ESTADO DE EDUCACAO,SEE,SEE,TRILHAS DE FUTURO - ESTUDANTES,EPT
2026,8,1261,2118,71,0,Investimentos Próprios,-16880.0,46980.0,0.0,SECRETARIA DE ESTADO DE EDUCACAO,SEE,SEE,TRILHAS DE FUTURO - ESTUDANTES,EPT
2026,8,1261,2118,10,0,Investimentos Próprios,0.0,361382.15,0.0,SECRETARIA DE ESTADO DE EDUCACAO,SEE,SEE,TRILHAS DE FUTURO - ESTUDANTES,EPT
2026,8,1261,2118,71,0,Investimentos Próprios,25000.0,9440.0,0.0,SECRETARIA DE ESTADO DE EDUCACAO,SEE,SEE,TRILHAS DE FUTURO - ESTUDANTES,EPT
2026,8,1261,2118,71,0,Investimentos Próprios,3200.0,3200.0,0.0,SECRETARIA DE ESTADO DE EDUCACAO,SEE,SEE,TRILHAS DE FUTURO - ESTUDANTES,EPT
2026,8,2301,4385,10,0,Investimentos Próprios,0.0,39307.83,0.0,DEPARTAMENTO DE ESTRADAS DE RODAGEM DO ESTADO DE MINAS GERAIS,DER-MG,DER-MG,REABILITACAO DA MALHA VIARIA,Transportes
2026,8,1261,2118,71,0,Investimentos Próprios,20000.0,6440.0,0.0,SECRETARIA DE ESTADO DE EDUCACAO,SEE,SEE,TRILHAS DE FUTURO - ESTUDANTES,EPT
2026,8,1261,2118,71,0,Investimentos Próprios,0.0,20880.0,0.0,SECRETARIA DE ESTADO DE EDUCACAO,SEE,SEE,TRILHAS DE FUTURO - ESTUDANTES,EPT
2026,8,1261,2118,71,0,Investimentos Próprios,10000.0,4240.0,0.0,SECRETARIA DE ESTADO DE EDUCACAO,SEE,SEE,TRILHAS DE FUTURO - ESTUDANTES,EPT
2026,8,2301,4162,10,0,Investimentos Próprios,0.0,0.0,0.0,DEPARTAMENTO DE ESTRADAS DE RODAGEM DO ESTADO DE MINAS GERAIS,DER-MG,DER-MG,SUPORTE A GESTAO DOS ATIVOS RODOVIARIOS,Transportes
2026,8,1511,1051,48,0,Investimentos Próprios,1549.0,0.0,0.0,POLICIA CIVIL DO ESTADO DE MINAS GERAIS,PCMG,PCMG,IMPLEMENTACAO DA CADEIA DE CUSTODIA DA PROVA EM MINAS GERAIS,Segurança Pública
2026,8,1261,2118,71,0,Investimentos Próprios,32100.0,16740.0,0.0,SECRETARIA DE ESTADO DE EDUCACAO,SEE,SEE,TRILHAS DE FUTURO - ESTUDANTES,EPT
2026,8,1261,2118,71,0,Investimentos Próprios,-54800.0,0.0,0.0,SECRETARIA DE ESTADO DE EDUCACAO,SEE,SEE,TRILHAS DE FUTURO - ESTUDANTES,EPT
2026,8,1261,2118,10,0,Investimentos Próprios,147467.42,0.0,0.0,SECRETARIA DE ESTADO DE EDUCACAO,SEE,SEE,TRILHAS DE FUTURO - ESTUDANTES,EPT
2026,8,1261,2118,10,0,Investimentos Próprios,35000.0,0.0,0.0,SECRETARIA DE ESTADO DE EDUCACAO,SEE,SEE,TRILHAS DE FUTURO - ESTUDANTES,EPT
2026,8,1261,2118,10,0,Investimentos Próprios,0.0,0.0,0.0,SECRETARIA DE ESTADO DE EDUCACAO,SEE,SEE,TRILHAS DE FUTURO - ESTUDANTES,EPT
2026,8,2301,4293,32,0,Investimentos Próprios,720000.0,0.0,0.0,DEPARTAMENTO DE ESTRADAS DE RODAGEM DO ESTADO DE MINAS GERAIS,DER-MG,DER-MG,CONSERVACAO ROTINEIRA DA MALHA VIARIA,Transportes
2026,8,1261,2118,10,0,Investimentos Próprios,-367.26,0.0,0.0,SECRETARIA DE ESTADO DE EDUCACAO,SEE,SEE,TRILHAS DE FUTURO - ESTUDANTES,EPT
2026,8,2301,4280,89,1,FEF,-2205263.28,0.0,0.0,DEPARTAMENTO DE ESTRADAS DE RODAGEM DO ESTADO DE MINAS GERAIS,DER-MG,DER-MG,MITIGACAO DE DANOS PONTUAIS NAS RODOVIAS,Transportes
2026,8,1261,2118,71,0,Investimentos Próprios,5020.0,5020.0,0.0,SECRETARIA DE ESTADO DE EDUCACAO,SEE,SEE,TRILHAS DE FUTURO - ESTUDANTES,EPT
2026,8,1261,2118,71,0,Investimentos Próprios,5220.0,5220.0,0.0,SECRETARIA DE ESTADO DE EDUCACAO,SEE,SEE,TRILHAS DE FUTURO - ESTUDANTES,EPT
2026,8,1261,2118,71,0,Investimentos Próprios,10360.0,10360.0,0.0,SECRETARIA DE ESTADO DE EDUCACAO,SEE,SEE,TRILHAS DE FUTURO - ESTUDANTES,EPT
2026,8,1261,2118,71,0,Investimentos Próprios,2660.0,2660.0,0.0,SECRETARIA DE ESTADO DE EDUCACAO,SEE,SEE,TRILHAS DE FUTURO - ESTUDANTES,EPT
2026,8,1261,2118,10,0,Investimentos Próprios,45379.6,0.0,0.0,SECRETARIA DE ESTADO DE EDUCACAO,SEE,SEE,TRILHAS DE FUTURO - ESTUDANTES,EPT
2026,8,1261,2118,71,0,Investimentos Próprios,9000.0,0.0,0.0,SECRETARIA DE ESTADO DE EDUCACAO,SEE,SEE,TRILHAS DE FUTURO - ESTUDANTES,EPT
2026,8,2301,4268,10,0,Investimentos Próprios,55000.0,0.0,0.0,DEPARTAMENTO DE ESTRADAS DE RODAGEM DO ESTADO DE MINAS GERAIS,DER-MG,DER-MG,AMPLIACAO DE CAPACIDADE DA MALHA E RESTAURACAO DO PAVIMENTO,Transportes
2026,8,1261,2118,10,0,Investimentos Próprios,0.0,163404.32,0.0,SECRETARIA DE ESTADO DE EDUCACAO,SEE,SEE,TRILHAS DE FUTURO - ESTUDANTES,EPT
2026,8,1261,2118,10,0,Investimentos Próprios,28240.15,0.0,0.0,SECRETARIA DE ESTADO DE EDUCACAO,SEE,SEE,TRILHAS DE FUTURO - ESTUDANTES,EPT
2026,8,2301,4385,10,0,Investimentos Próprios,0.0,7702536.35,0.0,DEPARTAMENTO DE ESTRADAS DE RODAGEM DO ESTADO DE MINAS GERAIS,DER-MG,DER-MG,REABILITACAO DA MALHA VIARIA,Transportes
2026,8,2301,4385,10,0,Investimentos Próprios,619574.4,0.0,0.0,DEPARTAMENTO DE ESTRADAS DE RODAGEM DO ESTADO DE MINAS GERAIS,DER-MG,DER-MG,REABILITACAO DA MALHA VIARIA,Transportes
2026,8,1261,2118,10,0,Investimentos Próprios,0.0,54132.12,0.0,SECRETARIA DE ESTADO DE EDUCACAO,SEE,SEE,TRILHAS DE FUTURO - ESTUDANTES,EPT
2026,8,1261,2118,10,0,Investimentos Próprios,0.0,24761.2,0.0,SECRETARIA DE ESTADO DE EDUCACAO,SEE,SEE,TRILHAS DE FUTURO - ESTUDANTES,EPT
2026,8,1261,2118,10,0,Investimentos Próprios,0.0,25389.6,0.0,SECRETARIA DE ESTADO DE EDUCACAO,SEE,SEE,TRILHAS DE FUTURO - ESTUDANTES,EPT
2026,8,1261,2118,71,0,Investimentos Próprios,0.0,0.0,0.0,SECRETARIA DE ESTADO DE EDUCACAO,SEE,SEE,TRILHAS DE FUTURO - ESTUDANTES,EPT
2026,8,1261,2118,71,0,Investimentos Próprios,94200.0,26720.0,0.0,SECRETARIA DE ESTADO DE EDUCACAO,SEE,SEE,TRILHAS DE FUTURO - ESTUDANTES,EPT
2026,8,2301,4293,32,0,Investimentos Próprios,920000.0,31047.33,0.0,DEPARTAMENTO DE ESTRADAS DE RODAGEM DO ESTADO DE MINAS GERAIS,DER-MG,DER-MG,CONSERVACAO ROTINEIRA DA MALHA VIARIA,Transportes
2026,8,1261,2118,71,0,Investimentos Próprios,-50.0,15660.0,0.0,SECRETARIA DE ESTADO DE EDUCACAO,SEE,SEE,TRILHAS DE FUTURO - ESTUDANTES,EPT
2026,8,1261,2118,10,0,Investimentos Próprios,0.0,279023.21,0.0,SECRETARIA DE ESTADO DE EDUCACAO,SEE,SEE,TRILHAS DE FUTURO - ESTUDANTES,EPT
2026,8,1261,2118,10,0,Investimentos Próprios,53037.27,0.0,0.0,SECRETARIA DE ESTADO DE EDUCACAO,SEE,SEE,TRILHAS DE FUTURO - ESTUDANTES,EPT
2026,8,1261,2118,71,0,Investimentos Próprios,25000.0,0.0,0.0,SECRETARIA DE ESTADO DE EDUCACAO,SEE,SEE,TRILHAS DE FUTURO - ESTUDANTES,EPT
2026,8,1261,2118,10,0,Investimentos Próprios,35000.0,0.0,0.0,SECRETARIA DE ESTADO DE EDUCACAO,SEE,SEE,TRILHAS DE FUTURO - ESTUDANTES,EPT
2026,8,1261,2118,71,0,Investimentos Próprios,10000.0,7560.0,0.0,SECRETARIA DE ESTADO DE EDUCACAO,SEE,SEE,TRILHAS DE FUTURO - ESTUDANTES,EPT
2026,8,1261,2118,10,0,Investimentos Próprios,62936.62,62936.62,0.0,SECRETARIA DE ESTADO DE EDUCACAO,SEE,SEE,TRILHAS DE FUTURO - ESTUDANTES,EPT
2026,8,1261,2118,71,0,Investimentos Próprios,-440.0,0.0,0.0,SECRETARIA DE ESTADO DE EDUCACAO,SEE,SEE,TRILHAS DE FUTURO - ESTUDANTES,EPT
2026,8,1261,2118,71,0,Investimentos Próprios,-100.0,0.0,0.0,SECRETARIA DE ESTADO DE EDUCACAO,SEE,SEE,TRILHAS DE FUTURO - ESTUDANTES,EPT
2026,8,1261,2118,71,0,Investimentos Próprios,-180.0,0.0,0.0,SECRETARIA DE ESTADO DE EDUCACAO,SEE,SEE,TRILHAS DE FUTURO - ESTUDANTES,EPT
2026,8,1261,2118,71,0,Investimentos Próprios,0.0,0.0,0.0,SECRETARIA DE ESTADO DE EDUCACAO,SEE,SEE,TRILHAS DE FUTURO - ESTUDANTES,EPT
2026,8,1261,2118,71,0,Investimentos Próprios,17000.0,0.0,0.0,SECRETARIA DE ESTADO DE EDUCACAO,SEE,SEE,TRILHAS DE FUTURO - ESTUDANTES,EPT
2026,8,1261,2118,10,0,Investimentos Próprios,6000.0,0.0,0.0,SECRETARIA DE ESTADO DE EDUCACAO,SEE,SEE,TRILHAS DE FUTURO - ESTUDANTES,EPT
2026,8,1261,2118,71,0,Investimentos Próprios,0.0,-12920.0,0.0,SECRETARIA DE ESTADO DE EDUCACAO,SEE,SEE,TRILHAS DE FUTURO - ESTUDANTES,EPT
2026,8,1261,2118,71,0,Investimentos Próprios,0.0,-12000.0,0.0,SECRETARIA DE ESTADO DE EDUCACAO,SEE,SEE,TRILHAS DE FUTURO - ESTUDANTES,EPT
2026,8,1261,2118,71,0,Investimentos Próprios,17740.0,17740.0,0.0,SECRETARIA DE ESTADO DE EDUCACAO,SEE,SEE,TRILHAS DE FUTURO - ESTUDANTES,EPT
2026,8,1261,2118,71,0,Investimentos Próprios,2900.0,0.0,0.0,SECRETARIA DE ESTADO DE EDUCACAO,SEE,SEE,TRILHAS DE FUTURO - ESTUDANTES,EPT
2026,8,1261,2118,10,0,Investimentos Próprios,0.0,74566.11,0.0,SECRETARIA DE ESTADO DE EDUCACAO,SEE,SEE,TRILHAS DE FUTURO - ESTUDANTES,EPT
2026,8,2301,4275,10,0,Investimentos Próprios,313267.2,0.0,0.0,DEPARTAMENTO DE ESTRADAS DE RODAGEM DO ESTADO DE MINAS GERAIS,DER-MG,DER-MG,IMPLANTACAO/PAVIMENTACAO DA MALHA,Transportes
2026,8,1261,2118,10,0,Investimentos Próprios,-48000.0,0.0,0.0,SECRETARIA DE ESTADO DE EDUCACAO,SEE,SEE,TRILHAS DE FUTURO - ESTUDANTES,EPT
2026,8,1261,2118,71,0,Investimentos Próprios,14000.0,14000.0,0.0,SECRETARIA DE ESTADO DE EDUCACAO,SEE,SEE,TRILHAS DE FUTURO - ESTUDANTES,EPT
2026,8,1261,2118,71,0,Investimentos Próprios,12480.0,12480.0,0.0,SECRETARIA DE ESTADO DE EDUCACAO,SEE,SEE,TRILHAS DE FUTURO - ESTUDANTES,EPT
2026,8,1261,2118,10,0,Investimentos Próprios,48330.62,23863.24,0.0,SECRETARIA DE ESTADO DE EDUCACAO,SEE,SEE,TRILHAS DE FUTURO - ESTUDANTES,EPT
2026,8,1261,2118,10,0,Investimentos Próprios,67207.27,0.0,0.0,SECRETARIA DE ESTADO DE EDUCACAO,SEE,SEE,TRILHAS DE FUTURO - ESTUDANTES,EPT
2026,8,1261,2118,71,0,Investimentos Próprios,0.0,7160.0,0.0,SECRETARIA DE ESTADO DE EDUCACAO,SEE,SEE,TRILHAS DE FUTURO - ESTUDANTES,EPT
2026,8,1261,2118,71,0,Investimentos Próprios,0.0,0.0,0.0,SECRETARIA DE ESTADO DE EDUCACAO,SEE,SEE,TRILHAS DE FUTURO - ESTUDANTES,EPT
2026,8,1261,2118,71,0,Investimentos Próprios,0.0,0.0,0.0,SECRETARIA DE ESTADO DE EDUCACAO,SEE,SEE,TRILHAS DE FUTURO - ESTUDANTES,EPT
2026,8,1261,2118,71,0,Investimentos Próprios,0.0,0.0,0.0,SECRETARIA DE ESTADO DE EDUCACAO,SEE,SEE,TRILHAS DE FUTURO - ESTUDANTES,EPT
2026,8,1261,2118,71,0,Investimentos Próprios,0.0,0.0,0.0,SECRETARIA DE ESTADO DE EDUCACAO,SEE,SEE,TRILHAS DE FUTURO - ESTUDANTES,EPT
2026,8,1261,2118,71,0,Investimentos Próprios,0.0,5560.0,0.0,SECRETARIA DE ESTADO DE EDUCACAO,SEE,SEE,TRILHAS DE FUTURO - ESTUDANTES,EPT
2026,8,1261,2118,71,0,Investimentos Próprios,74660.0,80260.0,0.0,SECRETARIA DE ESTADO DE EDUCACAO,SEE,SEE,TRILHAS DE FUTURO - ESTUDANTES,EPT
2026,8,1261,2118,71,0,Investimentos Próprios,0.0,2200.0,0.0,SECRETARIA DE ESTADO DE EDUCACAO,SEE,SEE,TRILHAS DE FUTURO - ESTUDANTES,EPT
2026,8,1261,2118,71,0,Investimentos Próprios,3880.0,3880.0,0.0,SECRETARIA DE ESTADO DE EDUCACAO,SEE,SEE,TRILHAS DE FUTURO - ESTUDANTES,EPT
2026,8,1261,2118,71,0,Investimentos Próprios,8580.0,4560.0,4560.0,SECRETARIA DE ESTADO DE EDUCACAO,SEE,SEE,TRILHAS DE FUTURO - ESTUDANTES,EPT
2026,8,1261,2118,71,0,Investimentos Próprios,-680.0,0.0,0.0,SECRETARIA DE ESTADO DE EDUCACAO,SEE,SEE,TRILHAS DE FUTURO - ESTUDANTES,EPT
2026,8,1261,2118,10,0,Investimentos Próprios,58533.12,0.0,0.0,SECRETARIA DE ESTADO DE EDUCACAO,SEE,SEE,TRILHAS DE FUTURO - ESTUDANTES,EPT
2026,8,1261,2118,10,0,Investimentos Próprios,37000.0,0.0,0.0,SECRETARIA DE ESTADO DE EDUCACAO,SEE,SEE,TRILHAS DE FUTURO - ESTUDANTES,EPT
2026,8,1261,2118,71,0,Investimentos Próprios,8500.0,5480.0,0.0,SECRETARIA DE ESTADO DE EDUCACAO,SEE,SEE,TRILHAS DE FUTURO - ESTUDANTES,EPT
2026,8,1261,2118,71,0,Investimentos Próprios,9000.0,0.0,0.0,SECRETARIA DE ESTADO DE EDUCACAO,SEE,SEE,TRILHAS DE FUTURO - ESTUDANTES,EPT
2026,8,1261,2118,10,0,Investimentos Próprios,27917.4,0.0,0.0,SECRETARIA DE ESTADO DE EDUCACAO,SEE,SEE,TRILHAS DE FUTURO - ESTUDANTES,EPT
2026,8,1261,2118,10,0,Investimentos Próprios,23000.0,0.0,0.0,SECRETARIA DE ESTADO DE EDUCACAO,SEE,SEE,TRILHAS DE FUTURO - ESTUDANTES,EPT
2026,8,1261,2118,10,0,Investimentos Próprios,5000.0,0.0,0.0,SECRETARIA DE ESTADO DE EDUCACAO,SEE,SEE,TRILHAS DE FUTURO - ESTUDANTES,EPT
2026,8,1261,2118,10,0,Investimentos Próprios,0.0,25309.77,0.0,SECRETARIA DE ESTADO DE EDUCACAO,SEE,SEE,TRILHAS DE FUTURO - ESTUDANTES,EPT
2026,8,1261,2118,10,0,Investimentos Próprios,39134.96,0.0,0.0,SECRETARIA DE ESTADO DE EDUCACAO,SEE,SEE,TRILHAS DE FUTURO - ESTUDANTES,EPT
2026,8,1261,2118,71,0,Investimentos Próprios,22000.0,0.0,0.0,SECRETARIA DE ESTADO DE EDUCACAO,SEE,SEE,TRILHAS DE FUTURO - ESTUDANTES,EPT
2026,8,1261,2118,10,0,Investimentos Próprios,41050.8,41050.8,0.0,SECRETARIA DE ESTADO DE EDUCACAO,SEE,SEE,TRILHAS DE FUTURO - ESTUDANTES,EPT
2026,8,1261,2118,10,0,Investimentos Próprios,53676.0,0.0,0.0,SECRETARIA DE ESTADO DE EDUCACAO,SEE,SEE,TRILHAS DE FUTURO - ESTUDANTES,EPT
2026,8,1261,2118,10,0,Investimentos Próprios,42340.36,0.0,0.0,SECRETARIA DE ESTADO DE EDUCACAO,SEE,SEE,TRILHAS DE FUTURO - ESTUDANTES,EPT
2026,8,1261,2118,71,0,Investimentos Próprios,92740.0,92740.0,0.0,SECRETARIA DE ESTADO DE EDUCACAO,SEE,SEE,TRILHAS DE FUTURO - ESTUDANTES,EPT
2026,8,1261,2118,71,0,Investimentos Próprios,0.0,0.0,0.0,SECRETARIA DE ESTADO DE EDUCACAO,SEE,SEE,TRILHAS DE FUTURO - ESTUDANTES,EPT
2026,8,1261,2118,10,0,Investimentos Próprios,0.0,0.0,0.0,SECRETARIA DE ESTADO DE EDUCACAO,SEE,SEE,TRILHAS DE FUTURO - ESTUDANTES,EPT
2026,8,1261,2118,71,0,Investimentos Próprios,0.0,0.0,0.0,SECRETARIA DE ESTADO DE EDUCACAO,SEE,SEE,TRILHAS DE FUTURO - ESTUDANTES,EPT
2026,8,1261,2118,10,0,Investimentos Próprios,0.0,115074.0,0.0,SECRETARIA DE ESTADO DE EDUCACAO,SEE,SEE,TRILHAS DE FUTURO - ESTUDANTES,EPT
2026,8,1261,2118,71,0,Investimentos Próprios,0.0,25560.0,0.0,SECRETARIA DE ESTADO DE EDUCACAO,SEE,SEE,TRILHAS DE FUTURO - ESTUDANTES,EPT
2026,8,1261,2118,10,0,Investimentos Próprios,105600.24,105600.24,0.0,SECRETARIA DE ESTADO DE EDUCACAO,SEE,SEE,TRILHAS DE FUTURO - ESTUDANTES,EPT
2026,8,1261,2118,10,0,Investimentos Próprios,0.0,20951.97,0.0,SECRETARIA DE ESTADO DE EDUCACAO,SEE,SEE,TRILHAS DE FUTURO - ESTUDANTES,EPT
2026,8,2301,4275,10,0,Investimentos Próprios,1686731.8,0.0,0.0,DEPARTAMENTO DE ESTRADAS DE RODAGEM DO ESTADO DE MINAS GERAIS,DER-MG,DER-MG,IMPLANTACAO/PAVIMENTACAO DA MALHA,Transportes
2026,8,1261,2118,10,0,Investimentos Próprios,0.0,19693.94,0.0,SECRETARIA DE ESTADO DE EDUCACAO,SEE,SEE,TRILHAS DE FUTURO - ESTUDANTES,EPT
2026,8,1261,2118,10,0,Investimentos Próprios,86825.68,0.0,0.0,SECRETARIA DE ESTADO DE EDUCACAO,SEE,SEE,TRILHAS DE FUTURO - ESTUDANTES,EPT
2026,8,1261,2118,10,0,Investimentos Próprios,31000.0,31126.4,0.0,SECRETARIA DE ESTADO DE EDUCACAO,SEE,SEE,TRILHAS DE FUTURO - ESTUDANTES,EPT
2026,8,1261,2118,71,0,Investimentos Próprios,6000.0,4300.0,0.0,SECRETARIA DE ESTADO DE EDUCACAO,SEE,SEE,TRILHAS DE FUTURO - ESTUDANTES,EPT
2026,8,1261,2118,10,0,Investimentos Próprios,-981.68,0.0,0.0,SECRETARIA DE ESTADO DE EDUCACAO,SEE,SEE,TRILHAS DE FUTURO - ESTUDANTES,EPT
2026,8,1261,2118,71,0,Investimentos Próprios,-60.0,0.0,0.0,SECRETARIA DE ESTADO DE EDUCACAO,SEE,SEE,TRILHAS DE FUTURO - ESTUDANTES,EPT
2026,8,1261,2118,10,0,Investimentos Próprios,0.0,0.0,0.0,SECRETARIA DE ESTADO DE EDUCACAO,SEE,SEE,TRILHAS DE FUTURO - ESTUDANTES,EPT
2026,8,1261,2118,10,0,Investimentos Próprios,0.0,0.0,0.0,SECRETARIA DE ESTADO DE EDUCACAO,SEE,SEE,TRILHAS DE FUTURO - ESTUDANTES,EPT
2026,8,1251,4365,48,0,Investimentos Próprios,3065383.76,0.0,0.0,POLICIA MILITAR DO ESTADO DE MINAS GERAIS,PMMG,PMMG,POLICIAMENTO OSTENSIVO GERAL,Segurança Pública
2026,8,1261,2118,10,0,Investimentos Próprios,39000.0,0.0,0.0,SECRETARIA DE ESTADO DE EDUCACAO,SEE,SEE,TRILHAS DE FUTURO - ESTUDANTES,EPT
2026,8,1261,2118,10,0,Investimentos Próprios,21000.0,0.0,0.0,SECRETARIA DE ESTADO DE EDUCACAO,SEE,SEE,TRILHAS DE FUTURO - ESTUDANTES,EPT
2026,8,1261,2118,71,0,Investimentos Próprios,-120120.0,0.0,0.0,SECRETARIA DE ESTADO DE EDUCACAO,SEE,SEE,TRILHAS DE FUTURO - ESTUDANTES,EPT
2026,8,2301,4293,32,0,Investimentos Próprios,1500000.0,0.0,0.0,DEPARTAMENTO DE ESTRADAS DE RODAGEM DO ESTADO DE MINAS GERAIS,DER-MG,DER-MG,CONSERVACAO ROTINEIRA DA MALHA VIARIA,Transportes
2026,8,1511,4060,48,0,Investimentos Próprios,0.0,135000.0,0.0,POLICIA CIVIL DO ESTADO DE MINAS GERAIS,PCMG,PCMG,GESTAO DAS UNIDADES POLICIAIS,Segurança Pública
2026,8,1261,2118,71,0,Investimentos Próprios,2660.0,0.0,0.0,SECRETARIA DE ESTADO DE EDUCACAO,SEE,SEE,TRILHAS DE FUTURO - ESTUDANTES,EPT
2026,8,1261,2118,71,0,Investimentos Próprios,10700.0,10700.0,0.0,SECRETARIA DE ESTADO DE EDUCACAO,SEE,SEE,TRILHAS DE FUTURO - ESTUDANTES,EPT
2026,8,1261,2118,71,0,Investimentos Próprios,-680.0,0.0,0.0,SECRETARIA DE ESTADO DE EDUCACAO,SEE,SEE,TRILHAS DE FUTURO - ESTUDANTES,EPT
2026,8,1261,2118,71,0,Investimentos Próprios,14000.0,0.0,0.0,SECRETARIA DE ESTADO DE EDUCACAO,SEE,SEE,TRILHAS DE FUTURO - ESTUDANTES,EPT
2026,8,1261,2118,10,0,Investimentos Próprios,37757.23,0.0,0.0,SECRETARIA DE ESTADO DE EDUCACAO,SEE,SEE,TRILHAS DE FUTURO - ESTUDANTES,EPT
2026,8,1261,2118,10,0,Investimentos Próprios,0.0,46327.23,0.0,SECRETARIA DE ESTADO DE EDUCACAO,SEE,SEE,TRILHAS DE FUTURO - ESTUDANTES,EPT
2026,8,2301,4268,10,0,Investimentos Próprios,104422.4,0.0,0.0,DEPARTAMENTO DE ESTRADAS DE RODAGEM DO ESTADO DE MINAS GERAIS,DER-MG,DER-MG,AMPLIACAO DE CAPACIDADE DA MALHA E RESTAURACAO DO PAVIMENTO,Transportes
